Contact_ID|Party_ID|Contact_Type|Contact_Information|Contact_Update_Date|Main_Contact_Indicator|Reference_Date
cntc1001|prty1001|cnty1001|UfOuPBtL|2013-01-15|0|2022-03-24
cntc1002|prty1002|cnty1002|VmgCCLNE|2005-12-02|0|2022-03-24
cntc1003|prty1003|cnty1003|mYjIjAum|2016-08-13|0|2022-03-24
cntc1004|prty1004|cnty1004|femtrEUd|2010-09-20|1|2022-03-24
cntc1005|prty1005|cnty1005|foaEfjxJ|2021-11-01|0|2022-03-24
cntc1006|prty1006|cnty1006|uEzmCFhw|2020-06-01|1|2022-03-24
cntc1007|prty1007|cnty1007|kpGcAtRh|2005-01-04|0|2022-03-24
cntc1008|prty1008|cnty1008|CGXgywnV|2010-03-14|0|2022-03-24
cntc1009|prty1009|cnty1009|blJmgysu|2011-10-10|1|2022-03-24
cntc1010|prty1010|cnty1010|FJNIQDkg|2006-04-02|0|2022-03-24
cntc1011|prty1011|cnty1011|tyhsCGCA|2016-07-24|0|2022-03-24
cntc1012|prty1012|cnty1012|YMYNEvwg|2017-10-29|1|2022-03-24
cntc1013|prty1013|cnty1013|lpjMBPjl|2005-02-28|0|2022-03-24
cntc1014|prty1014|cnty1014|DDTYdRFM|2001-05-09|0|2022-03-24
cntc1015|prty1015|cnty1015|jKLuWQei|2019-01-22|1|2022-03-24
cntc1016|prty1016|cnty1016|OxjfQStv|2008-12-04|1|2022-03-24
cntc1017|prty1017|cnty1017|qEAjCEku|2016-11-30|0|2022-03-24
cntc1018|prty1018|cnty1018|buJIzwGu|2009-06-22|0|2022-03-24
cntc1019|prty1019|cnty1019|tEyQOHRD|2015-03-07|0|2022-03-24
cntc1020|prty1020|cnty1020|NiwlQMgD|2005-12-10|0|2022-03-24
cntc1021|prty1021|cnty1021|QfYXPNJm|2020-10-23|0|2022-03-24
cntc1022|prty1022|cnty1022|ygDvDaKn|2002-02-09|0|2022-03-24
cntc1023|prty1023|cnty1023|tyBWifQK|2020-03-19|1|2022-03-24
cntc1024|prty1024|cnty1024|mucutcph|2014-02-26|1|2022-03-24
cntc1025|prty1025|cnty1025|YZFzDOor|2011-09-29|0|2022-03-24
cntc1026|prty1026|cnty1026|JgwPSuwE|2012-09-02|0|2022-03-24
cntc1027|prty1027|cnty1027|TJPXkqok|2018-08-28|0|2022-03-24
cntc1028|prty1028|cnty1028|GoRIGDkQ|2004-09-11|1|2022-03-24
cntc1029|prty1029|cnty1029|uUHIVTRg|2019-01-30|1|2022-03-24
cntc1030|prty1030|cnty1030|irdJJfDE|2014-05-11|0|2022-03-24
cntc1031|prty1031|cnty1031|sEjLQszw|2021-05-29|0|2022-03-24
cntc1032|prty1032|cnty1032|bRNWCVmA|2012-12-15|0|2022-03-24
cntc1033|prty1033|cnty1033|yyQKlHIc|2019-07-28|0|2022-03-24
cntc1034|prty1034|cnty1034|CKmYZvOI|2004-07-30|1|2022-03-24
cntc1035|prty1035|cnty1035|stODbHHp|2020-12-03|1|2022-03-24
cntc1036|prty1036|cnty1036|ZwLOgiMD|2008-02-23|1|2022-03-24
cntc1037|prty1037|cnty1037|fxnZkKOQ|2011-11-17|0|2022-03-24
cntc1038|prty1038|cnty1038|sakYvJfV|2020-05-09|0|2022-03-24
cntc1039|prty1039|cnty1039|vitAjyNh|2021-01-02|1|2022-03-24
cntc1040|prty1040|cnty1040|TpBnImYT|2009-01-14|1|2022-03-24
cntc1041|prty1041|cnty1041|bqeGFDxt|2014-03-26|0|2022-03-24
cntc1042|prty1042|cnty1042|UOmssSXJ|2012-08-12|0|2022-03-24
cntc1043|prty1043|cnty1043|MuppHjFz|2015-07-30|1|2022-03-24
cntc1044|prty1044|cnty1044|OYfWkaIi|2002-08-10|0|2022-03-24
cntc1045|prty1045|cnty1045|LxNRVvJd|2016-04-02|1|2022-03-24
cntc1046|prty1046|cnty1046|rdyFZzXx|2018-09-19|1|2022-03-24
cntc1047|prty1047|cnty1047|oyGzRrLt|2016-02-27|0|2022-03-24
cntc1048|prty1048|cnty1048|BbiniKSP|2019-09-16|1|2022-03-24
cntc1049|prty1049|cnty1049|dOoEpPlb|2009-06-02|0|2022-03-24
cntc1050|prty1050|cnty1050|nfRiaBzA|2000-03-05|0|2022-03-24
cntc1051|prty1051|cnty1051|jtADjZNV|2013-05-16|1|2022-03-24
cntc1052|prty1052|cnty1052|MzUcQNBh|2001-06-05|1|2022-03-24
cntc1053|prty1053|cnty1053|bRljOvwx|2006-04-11|1|2022-03-24
cntc1054|prty1054|cnty1054|atndnPHX|2015-12-06|0|2022-03-24
cntc1055|prty1055|cnty1055|lfAzCkgb|2005-03-17|0|2022-03-24
cntc1056|prty1056|cnty1056|fcyMtbGa|2019-04-04|0|2022-03-24
cntc1057|prty1057|cnty1057|lqJRJKan|2007-11-02|1|2022-03-24
cntc1058|prty1058|cnty1058|ozVqIzjI|2021-02-03|1|2022-03-24
cntc1059|prty1059|cnty1059|XghAjCCL|2010-04-30|1|2022-03-24
cntc1060|prty1060|cnty1060|BLVCOlQN|2009-10-01|1|2022-03-24
cntc1061|prty1061|cnty1061|xphRuzll|2016-03-30|1|2022-03-24
cntc1062|prty1062|cnty1062|alBuvoWz|2016-07-21|0|2022-03-24
cntc1063|prty1063|cnty1063|Kslqvcbk|2012-03-20|0|2022-03-24
cntc1064|prty1064|cnty1064|QmGGOGxw|2015-10-24|0|2022-03-24
cntc1065|prty1065|cnty1065|ceAYyDFh|2019-03-17|0|2022-03-24
cntc1066|prty1066|cnty1066|PFdbycVz|2004-05-05|0|2022-03-24
cntc1067|prty1067|cnty1067|wuZEOslJ|2005-05-26|0|2022-03-24
cntc1068|prty1068|cnty1068|CyXZvKAr|2018-03-24|0|2022-03-24
cntc1069|prty1069|cnty1069|ZCAtiLVq|2010-03-21|1|2022-03-24
cntc1070|prty1070|cnty1070|AlVBSvoU|2001-02-24|1|2022-03-24
cntc1071|prty1071|cnty1071|KNqexyoD|2012-07-21|1|2022-03-24
cntc1072|prty1072|cnty1072|NCkmLoNG|2008-08-29|1|2022-03-24
cntc1073|prty1073|cnty1073|aaOakhyO|2004-02-08|1|2022-03-24
cntc1074|prty1074|cnty1074|jWsOGrYa|2015-12-03|0|2022-03-24
cntc1075|prty1075|cnty1075|gyzPbVlP|2012-09-26|0|2022-03-24
cntc1076|prty1076|cnty1076|heSKeBJR|2014-09-06|1|2022-03-24
cntc1077|prty1077|cnty1077|nvgpQbvq|2012-11-25|1|2022-03-24
cntc1078|prty1078|cnty1078|QUbhKcQI|2012-11-22|0|2022-03-24
cntc1079|prty1079|cnty1079|tjHiqKls|2012-07-25|1|2022-03-24
cntc1080|prty1080|cnty1080|zhXzxJmC|2013-01-10|1|2022-03-24
cntc1081|prty1081|cnty1081|vxtDdgQV|2018-08-14|1|2022-03-24
cntc1082|prty1082|cnty1082|pidZdRyO|2018-12-25|0|2022-03-24
cntc1083|prty1083|cnty1083|enzNrmVX|2013-07-15|1|2022-03-24
cntc1084|prty1084|cnty1084|TYUvEbiM|2002-09-27|1|2022-03-24
cntc1085|prty1085|cnty1085|EintyDAb|2006-11-10|1|2022-03-24
cntc1086|prty1086|cnty1086|wiczgqjm|2011-12-10|1|2022-03-24
cntc1087|prty1087|cnty1087|sxMOmaZX|2008-05-10|0|2022-03-24
cntc1088|prty1088|cnty1088|gqpORkRJ|2009-04-19|1|2022-03-24
cntc1089|prty1089|cnty1089|eWPZclDf|2020-11-15|0|2022-03-24
cntc1090|prty1090|cnty1090|OwGhSthy|2001-02-22|1|2022-03-24
cntc1091|prty1091|cnty1091|VgYJJkxv|2012-06-22|0|2022-03-24
cntc1092|prty1092|cnty1092|LoHTuwzR|2016-06-07|0|2022-03-24
cntc1093|prty1093|cnty1093|inUVsiiR|2003-01-22|1|2022-03-24
cntc1094|prty1094|cnty1094|QlHXTqFU|2014-06-17|1|2022-03-24
cntc1095|prty1095|cnty1095|KyQMPvFK|2010-08-22|1|2022-03-24
cntc1096|prty1096|cnty1096|SrhjQkcz|2003-09-29|1|2022-03-24
cntc1097|prty1097|cnty1097|blxHFKWj|2010-05-15|1|2022-03-24
cntc1098|prty1098|cnty1098|yTirIUwM|2018-01-09|1|2022-03-24
cntc1099|prty1099|cnty1099|YBesiIuQ|2011-09-26|0|2022-03-24
cntc1100|prty1100|cnty1100|lqoiPIQS|2009-10-04|1|2022-03-24
cntc1101|prty1101|cnty1101|lLrPSfYa|2009-10-07|0|2022-03-24
cntc1102|prty1102|cnty1102|EhUVSmCR|2021-05-28|1|2022-03-24
cntc1103|prty1103|cnty1103|pgofJNku|2014-09-02|0|2022-03-24
cntc1104|prty1104|cnty1104|duafleOB|2013-08-27|1|2022-03-24
cntc1105|prty1105|cnty1105|SkXfbfED|2005-02-21|0|2022-03-24
cntc1106|prty1106|cnty1106|pNfPYPRa|2009-12-26|0|2022-03-24
cntc1107|prty1107|cnty1107|qhyfYbbj|2001-08-09|1|2022-03-24
cntc1108|prty1108|cnty1108|rVLcKSWk|2006-03-05|1|2022-03-24
cntc1109|prty1109|cnty1109|FnTfHqJw|2020-10-06|0|2022-03-24
cntc1110|prty1110|cnty1110|tMWNEkin|2011-12-30|1|2022-03-24
cntc1111|prty1111|cnty1111|JSoshauv|2014-04-09|0|2022-03-24
cntc1112|prty1112|cnty1112|nGLdJsIY|2009-12-26|1|2022-03-24
cntc1113|prty1113|cnty1113|ruQYNAbY|2021-10-21|0|2022-03-24
cntc1114|prty1114|cnty1114|drpsrRUy|2019-02-04|1|2022-03-24
cntc1115|prty1115|cnty1115|hHOiRQTv|2000-09-04|0|2022-03-24
cntc1116|prty1116|cnty1116|MufwTbZD|2013-02-02|0|2022-03-24
cntc1117|prty1117|cnty1117|ECpeNJWZ|2011-11-28|1|2022-03-24
cntc1118|prty1118|cnty1118|sMrCvMWo|2012-11-21|0|2022-03-24
cntc1119|prty1119|cnty1119|rlziEBUb|2004-12-12|0|2022-03-24
cntc1120|prty1120|cnty1120|LoHDxIwP|2004-06-04|0|2022-03-24
cntc1121|prty1121|cnty1121|BYIPiDNd|2003-05-22|0|2022-03-24
cntc1122|prty1122|cnty1122|UNaIoLQv|2003-04-16|0|2022-03-24
cntc1123|prty1123|cnty1123|IGHTTFUu|2002-08-14|0|2022-03-24
cntc1124|prty1124|cnty1124|AfEcGBMD|2020-04-23|0|2022-03-24
cntc1125|prty1125|cnty1125|GGkqSthW|2001-01-07|1|2022-03-24
cntc1126|prty1126|cnty1126|tFixxyDT|2012-02-05|1|2022-03-24
cntc1127|prty1127|cnty1127|gnmkPJmO|2009-01-29|1|2022-03-24
cntc1128|prty1128|cnty1128|obftwnTD|2005-12-06|0|2022-03-24
cntc1129|prty1129|cnty1129|JeQpyuAZ|2014-01-04|0|2022-03-24
cntc1130|prty1130|cnty1130|RuViyKGJ|2006-09-29|0|2022-03-24
cntc1131|prty1131|cnty1131|CCtlRaVF|2016-07-17|0|2022-03-24
cntc1132|prty1132|cnty1132|aNBQlgID|2005-06-01|0|2022-03-24
cntc1133|prty1133|cnty1133|cOaFVRoU|2006-02-11|1|2022-03-24
cntc1134|prty1134|cnty1134|cMTjTkry|2014-07-24|1|2022-03-24
cntc1135|prty1135|cnty1135|tTcglDis|2002-03-17|1|2022-03-24
cntc1136|prty1136|cnty1136|PUAPqnML|2011-10-04|1|2022-03-24
cntc1137|prty1137|cnty1137|eDpyKIKU|2007-06-09|1|2022-03-24
cntc1138|prty1138|cnty1138|KnCwDrmL|2015-06-20|0|2022-03-24
cntc1139|prty1139|cnty1139|EsmhvWHm|2013-12-18|0|2022-03-24
cntc1140|prty1140|cnty1140|LKvmiBBF|2001-02-20|0|2022-03-24
cntc1141|prty1141|cnty1141|rqtLZKdQ|2000-12-24|1|2022-03-24
cntc1142|prty1142|cnty1142|zmjtwpzS|2008-07-05|0|2022-03-24
cntc1143|prty1143|cnty1143|HsqzqEKb|2015-05-24|0|2022-03-24
cntc1144|prty1144|cnty1144|utsAEXJD|2021-11-23|0|2022-03-24
cntc1145|prty1145|cnty1145|kZAubpvj|2016-05-26|1|2022-03-24
cntc1146|prty1146|cnty1146|fqDTpxUo|2015-02-08|1|2022-03-24
cntc1147|prty1147|cnty1147|TbwWTajs|2013-04-26|0|2022-03-24
cntc1148|prty1148|cnty1148|EETRpOEl|2015-09-04|0|2022-03-24
cntc1149|prty1149|cnty1149|HjwMRiGH|2011-01-22|1|2022-03-24
cntc1150|prty1150|cnty1150|NLvgHgMh|2007-06-17|0|2022-03-24
cntc1151|prty1151|cnty1151|IQbticYz|2006-09-09|1|2022-03-24
cntc1152|prty1152|cnty1152|XMCmRTmx|2000-01-08|0|2022-03-24
cntc1153|prty1153|cnty1153|YggvQYhJ|2003-10-27|1|2022-03-24
cntc1154|prty1154|cnty1154|BhAwmlRP|2019-12-10|1|2022-03-24
cntc1155|prty1155|cnty1155|PMrobpJm|2005-02-04|0|2022-03-24
cntc1156|prty1156|cnty1156|qlOngcIa|2014-12-20|1|2022-03-24
cntc1157|prty1157|cnty1157|SfshAJqt|2008-09-12|1|2022-03-24
cntc1158|prty1158|cnty1158|efFsDmNw|2002-12-19|0|2022-03-24
cntc1159|prty1159|cnty1159|xQRZhHyP|2018-08-28|1|2022-03-24
cntc1160|prty1160|cnty1160|DBYZXhZH|2011-11-10|0|2022-03-24
cntc1161|prty1161|cnty1161|YnxzCMgF|2002-10-27|0|2022-03-24
cntc1162|prty1162|cnty1162|sHTVbZdp|2018-02-13|1|2022-03-24
cntc1163|prty1163|cnty1163|UYFHLTiE|2014-07-22|0|2022-03-24
cntc1164|prty1164|cnty1164|sLGtDgQl|2021-12-13|1|2022-03-24
cntc1165|prty1165|cnty1165|AViRDzDP|2014-09-23|1|2022-03-24
cntc1166|prty1166|cnty1166|LnjBuSXl|2015-01-28|0|2022-03-24
cntc1167|prty1167|cnty1167|WRxvQXjV|2017-01-07|1|2022-03-24
cntc1168|prty1168|cnty1168|lhKBUasi|2002-01-19|1|2022-03-24
cntc1169|prty1169|cnty1169|YOtcZknW|2006-08-08|0|2022-03-24
cntc1170|prty1170|cnty1170|zKzwAltv|2020-01-30|1|2022-03-24
cntc1171|prty1171|cnty1171|KPvhduLU|2005-01-02|0|2022-03-24
cntc1172|prty1172|cnty1172|LIbFNepk|2013-10-01|0|2022-03-24
cntc1173|prty1173|cnty1173|wTYdUrRq|2021-05-08|1|2022-03-24
cntc1174|prty1174|cnty1174|iGiqPLai|2009-06-28|1|2022-03-24
cntc1175|prty1175|cnty1175|ITzJSxAJ|2015-05-08|0|2022-03-24
cntc1176|prty1176|cnty1176|PNFeWdrW|2012-06-15|1|2022-03-24
cntc1177|prty1177|cnty1177|ryniDrZk|2015-02-22|1|2022-03-24
cntc1178|prty1178|cnty1178|eXxThDHg|2001-03-16|0|2022-03-24
cntc1179|prty1179|cnty1179|ItyAXyZj|2006-09-09|1|2022-03-24
cntc1180|prty1180|cnty1180|JJkuRVoI|2001-11-05|0|2022-03-24
cntc1181|prty1181|cnty1181|LccWdyfg|2011-05-28|1|2022-03-24
cntc1182|prty1182|cnty1182|EkwbrfOr|2000-06-06|1|2022-03-24
cntc1183|prty1183|cnty1183|AuKmiJgg|2012-11-18|0|2022-03-24
cntc1184|prty1184|cnty1184|QlJIWHnJ|2016-11-29|0|2022-03-24
cntc1185|prty1185|cnty1185|vSpuLGsp|2007-09-30|1|2022-03-24
cntc1186|prty1186|cnty1186|NtJtfFys|2013-08-27|0|2022-03-24
cntc1187|prty1187|cnty1187|qZLYnVdF|2020-04-02|0|2022-03-24
cntc1188|prty1188|cnty1188|FYQHaZIF|2020-03-17|0|2022-03-24
cntc1189|prty1189|cnty1189|yFVrzaLE|2018-12-09|0|2022-03-24
cntc1190|prty1190|cnty1190|rtFtJuJw|2020-03-24|0|2022-03-24
cntc1191|prty1191|cnty1191|wsGxgCge|2020-05-23|0|2022-03-24
cntc1192|prty1192|cnty1192|FdYrAkrw|2021-06-28|0|2022-03-24
cntc1193|prty1193|cnty1193|hmLQqRkS|2006-05-22|0|2022-03-24
cntc1194|prty1194|cnty1194|RbAvDFLi|2016-06-16|1|2022-03-24
cntc1195|prty1195|cnty1195|pmumXhgK|2013-10-19|0|2022-03-24
cntc1196|prty1196|cnty1196|kZtSgVpl|2010-05-16|1|2022-03-24
cntc1197|prty1197|cnty1197|nuOuFqKP|2000-02-19|0|2022-03-24
cntc1198|prty1198|cnty1198|FuxeNbmW|2010-08-15|0|2022-03-24
cntc1199|prty1199|cnty1199|umobWcWL|2009-03-02|0|2022-03-24
cntc1200|prty1200|cnty1200|aKfvbqBC|2001-02-26|0|2022-03-24
cntc1201|prty1201|cnty1201|nRMChYcN|2020-12-15|0|2022-03-24
cntc1202|prty1202|cnty1202|MoBmipWy|2006-10-08|1|2022-03-24
cntc1203|prty1203|cnty1203|BasYdxDd|2002-07-09|0|2022-03-24
cntc1204|prty1204|cnty1204|NEYRSsNX|2010-06-25|1|2022-03-24
cntc1205|prty1205|cnty1205|TbTGvTAn|2009-07-18|0|2022-03-24
cntc1206|prty1206|cnty1206|QuQuytnT|2020-10-02|1|2022-03-24
cntc1207|prty1207|cnty1207|CcmImbyF|2014-01-21|1|2022-03-24
cntc1208|prty1208|cnty1208|obecLpSy|2013-12-10|0|2022-03-24
cntc1209|prty1209|cnty1209|lfLcwYLF|2019-04-15|1|2022-03-24
cntc1210|prty1210|cnty1210|QHyYAkWh|2001-05-10|1|2022-03-24
cntc1211|prty1211|cnty1211|HibCVcxP|2001-12-01|0|2022-03-24
cntc1212|prty1212|cnty1212|pAfdEyAs|2021-04-24|1|2022-03-24
cntc1213|prty1213|cnty1213|UoWzPCXd|2010-09-14|1|2022-03-24
cntc1214|prty1214|cnty1214|zoDexieP|2018-11-25|0|2022-03-24
cntc1215|prty1215|cnty1215|tTgScRPY|2005-08-19|1|2022-03-24
cntc1216|prty1216|cnty1216|bDwwCFpG|2019-07-23|1|2022-03-24
cntc1217|prty1217|cnty1217|ycQKuaMc|2021-01-13|0|2022-03-24
cntc1218|prty1218|cnty1218|JVOMviim|2011-04-22|1|2022-03-24
cntc1219|prty1219|cnty1219|ivbZhETo|2019-08-16|0|2022-03-24
cntc1220|prty1220|cnty1220|rVVNGAhe|2000-03-27|0|2022-03-24
cntc1221|prty1221|cnty1221|cNFScFJf|2014-01-12|1|2022-03-24
cntc1222|prty1222|cnty1222|jWHIXsvZ|2010-11-23|1|2022-03-24
cntc1223|prty1223|cnty1223|ZuWaLdXD|2004-05-23|1|2022-03-24
cntc1224|prty1224|cnty1224|QAzsHjZY|2007-06-20|0|2022-03-24
cntc1225|prty1225|cnty1225|gjXCZPyU|2018-05-31|1|2022-03-24
cntc1226|prty1226|cnty1226|oJxGAoHV|2020-12-06|1|2022-03-24
cntc1227|prty1227|cnty1227|DabhCmpD|2008-10-16|0|2022-03-24
cntc1228|prty1228|cnty1228|JAxlDoYG|2016-02-18|1|2022-03-24
cntc1229|prty1229|cnty1229|sZGpmiJH|2003-02-11|0|2022-03-24
cntc1230|prty1230|cnty1230|SpXZuNjI|2014-04-03|0|2022-03-24
cntc1231|prty1231|cnty1231|myPpxsSh|2008-02-01|0|2022-03-24
cntc1232|prty1232|cnty1232|ggUbptUJ|2005-05-28|0|2022-03-24
cntc1233|prty1233|cnty1233|CHwExgpR|2020-09-22|1|2022-03-24
cntc1234|prty1234|cnty1234|eAGTaCol|2003-11-20|0|2022-03-24
cntc1235|prty1235|cnty1235|SBkASqcy|2014-01-29|0|2022-03-24
cntc1236|prty1236|cnty1236|TeYTpNFU|2004-04-22|1|2022-03-24
cntc1237|prty1237|cnty1237|frbbZsPI|2012-04-12|0|2022-03-24
cntc1238|prty1238|cnty1238|sOkCgJAm|2009-01-19|1|2022-03-24
cntc1239|prty1239|cnty1239|YVuIBBAN|2007-02-12|1|2022-03-24
cntc1240|prty1240|cnty1240|vTDrWPup|2001-05-28|1|2022-03-24
cntc1241|prty1241|cnty1241|NSrLorMQ|2013-10-08|1|2022-03-24
cntc1242|prty1242|cnty1242|qOqIWGCC|2009-06-28|0|2022-03-24
cntc1243|prty1243|cnty1243|msRwXoIv|2015-03-16|1|2022-03-24
cntc1244|prty1244|cnty1244|xsRlBfMR|2012-04-29|0|2022-03-24
cntc1245|prty1245|cnty1245|TYYYhydM|2014-07-21|1|2022-03-24
cntc1246|prty1246|cnty1246|zHBEIrWU|2008-06-15|0|2022-03-24
cntc1247|prty1247|cnty1247|qkiVdwlQ|2011-01-08|0|2022-03-24
cntc1248|prty1248|cnty1248|rHDpoEfA|2010-03-23|1|2022-03-24
cntc1249|prty1249|cnty1249|LzipatdP|2021-01-21|1|2022-03-24
cntc1250|prty1250|cnty1250|HFJCDnNM|2000-04-15|1|2022-03-24
cntc1251|prty1251|cnty1251|LxasWFef|2007-02-12|1|2022-03-24
cntc1252|prty1252|cnty1252|JwxbYgQs|2001-10-31|1|2022-03-24
cntc1253|prty1253|cnty1253|wXJvxkXd|2004-11-27|1|2022-03-24
cntc1254|prty1254|cnty1254|NoMVdGez|2018-01-04|1|2022-03-24
cntc1255|prty1255|cnty1255|uDjvIhRQ|2009-01-16|0|2022-03-24
cntc1256|prty1256|cnty1256|FtAnUngz|2009-04-14|1|2022-03-24
cntc1257|prty1257|cnty1257|CMqQlCfC|2013-11-19|1|2022-03-24
cntc1258|prty1258|cnty1258|oGJLKOeY|2001-10-12|1|2022-03-24
cntc1259|prty1259|cnty1259|TrlfPfDf|2019-09-22|0|2022-03-24
cntc1260|prty1260|cnty1260|KfIbYqpN|2009-04-28|1|2022-03-24
cntc1261|prty1261|cnty1261|DbXkdxCh|2003-11-17|1|2022-03-24
cntc1262|prty1262|cnty1262|IuPcwdAq|2004-08-18|0|2022-03-24
cntc1263|prty1263|cnty1263|gqXXgXOM|2007-10-18|1|2022-03-24
cntc1264|prty1264|cnty1264|YDzseefS|2019-01-18|1|2022-03-24
cntc1265|prty1265|cnty1265|OXVggjsr|2011-03-19|0|2022-03-24
cntc1266|prty1266|cnty1266|RMGLDgKf|2003-05-29|0|2022-03-24
cntc1267|prty1267|cnty1267|AFawqZlW|2000-03-25|0|2022-03-24
cntc1268|prty1268|cnty1268|HLIclton|2016-11-16|0|2022-03-24
cntc1269|prty1269|cnty1269|nYbdVvpY|2014-07-01|0|2022-03-24
cntc1270|prty1270|cnty1270|KsrivqyL|2018-04-09|1|2022-03-24
cntc1271|prty1271|cnty1271|bZAJIsLx|2002-12-29|1|2022-03-24
cntc1272|prty1272|cnty1272|TxHopMdX|2008-11-03|0|2022-03-24
cntc1273|prty1273|cnty1273|PPWuUrwL|2006-06-02|1|2022-03-24
cntc1274|prty1274|cnty1274|RJqBPSom|2017-09-12|0|2022-03-24
cntc1275|prty1275|cnty1275|KscVyJEF|2009-01-09|0|2022-03-24
cntc1276|prty1276|cnty1276|NRLbhqRh|2005-11-10|1|2022-03-24
cntc1277|prty1277|cnty1277|uEWdOJun|2009-07-31|0|2022-03-24
cntc1278|prty1278|cnty1278|Jfwpdhnr|2015-05-07|1|2022-03-24
cntc1279|prty1279|cnty1279|UfqJiGqS|2006-04-17|0|2022-03-24
cntc1280|prty1280|cnty1280|oNMxeeSZ|2013-03-05|0|2022-03-24
cntc1281|prty1281|cnty1281|etOonGdf|2017-11-08|0|2022-03-24
cntc1282|prty1282|cnty1282|gQOLjJJj|2000-09-09|0|2022-03-24
cntc1283|prty1283|cnty1283|RLDKeRom|2014-03-17|0|2022-03-24
cntc1284|prty1284|cnty1284|aUfCCVIp|2006-07-27|1|2022-03-24
cntc1285|prty1285|cnty1285|jGPYJFzC|2004-04-28|1|2022-03-24
cntc1286|prty1286|cnty1286|dMlguMXx|2010-11-06|1|2022-03-24
cntc1287|prty1287|cnty1287|sfVvnarN|2006-03-14|0|2022-03-24
cntc1288|prty1288|cnty1288|EEFobKxH|2007-07-02|1|2022-03-24
cntc1289|prty1289|cnty1289|gtdylQzB|2010-04-06|1|2022-03-24
cntc1290|prty1290|cnty1290|BFLOOuHO|2018-06-26|1|2022-03-24
cntc1291|prty1291|cnty1291|fdzzrraj|2021-08-26|0|2022-03-24
cntc1292|prty1292|cnty1292|KEIeAjsU|2000-11-09|0|2022-03-24
cntc1293|prty1293|cnty1293|rAXlQeiO|2005-04-08|1|2022-03-24
cntc1294|prty1294|cnty1294|STNDlUdk|2020-02-29|0|2022-03-24
cntc1295|prty1295|cnty1295|FmTSqJDm|2006-01-27|0|2022-03-24
cntc1296|prty1296|cnty1296|kEUAySGX|2016-06-03|1|2022-03-24
cntc1297|prty1297|cnty1297|biWpKOPb|2005-12-30|0|2022-03-24
cntc1298|prty1298|cnty1298|sucNxbfe|2011-02-01|1|2022-03-24
cntc1299|prty1299|cnty1299|hFoxIVpd|2001-09-05|1|2022-03-24
cntc1300|prty1300|cnty1300|ECXhbuxN|2018-09-19|0|2022-03-24
cntc1301|prty1301|cnty1301|iORiheef|2000-07-27|0|2022-03-24
cntc1302|prty1302|cnty1302|ZOwrXUWJ|2021-08-11|0|2022-03-24
cntc1303|prty1303|cnty1303|kuIpRLcj|2018-03-21|1|2022-03-24
cntc1304|prty1304|cnty1304|EJpCLLLX|2003-05-26|0|2022-03-24
cntc1305|prty1305|cnty1305|ormXvDWr|2001-02-16|0|2022-03-24
cntc1306|prty1306|cnty1306|ESMusKqy|2000-05-29|0|2022-03-24
cntc1307|prty1307|cnty1307|zjwkDDjH|2019-04-25|0|2022-03-24
cntc1308|prty1308|cnty1308|VbUFaXSH|2021-10-22|1|2022-03-24
cntc1309|prty1309|cnty1309|yyjRhjPf|2002-08-19|1|2022-03-24
cntc1310|prty1310|cnty1310|BfmHOINL|2016-09-14|0|2022-03-24
cntc1311|prty1311|cnty1311|QmRbCuPB|2003-01-19|1|2022-03-24
cntc1312|prty1312|cnty1312|cBUhspqM|2014-11-15|0|2022-03-24
cntc1313|prty1313|cnty1313|rKzAUlYi|2005-05-03|0|2022-03-24
cntc1314|prty1314|cnty1314|hOcsdnzE|2005-06-29|0|2022-03-24
cntc1315|prty1315|cnty1315|KVrSQfFl|2007-02-18|0|2022-03-24
cntc1316|prty1316|cnty1316|QGnNkKKE|2002-12-19|0|2022-03-24
cntc1317|prty1317|cnty1317|ZnLhuGhN|2000-01-22|0|2022-03-24
cntc1318|prty1318|cnty1318|QvebsJpQ|2001-02-01|1|2022-03-24
cntc1319|prty1319|cnty1319|QSQnKouS|2006-05-11|1|2022-03-24
cntc1320|prty1320|cnty1320|YCjFRgSo|2017-11-21|0|2022-03-24
cntc1321|prty1321|cnty1321|fqhaRmzs|2018-09-01|1|2022-03-24
cntc1322|prty1322|cnty1322|zGvPPTrg|2005-12-18|1|2022-03-24
cntc1323|prty1323|cnty1323|KYzhFAas|2005-09-05|1|2022-03-24
cntc1324|prty1324|cnty1324|MTNDWaIO|2004-08-27|0|2022-03-24
cntc1325|prty1325|cnty1325|BBAVAsjJ|2005-12-07|1|2022-03-24
cntc1326|prty1326|cnty1326|qgIWnQia|2011-03-25|0|2022-03-24
cntc1327|prty1327|cnty1327|egYTwspf|2021-08-23|1|2022-03-24
cntc1328|prty1328|cnty1328|ROnMXame|2014-02-24|1|2022-03-24
cntc1329|prty1329|cnty1329|dgBmSAgf|2000-02-13|0|2022-03-24
cntc1330|prty1330|cnty1330|jWdraSRC|2008-09-04|1|2022-03-24
cntc1331|prty1331|cnty1331|wWNGbRVC|2002-06-24|1|2022-03-24
cntc1332|prty1332|cnty1332|ensORejY|2001-05-27|1|2022-03-24
cntc1333|prty1333|cnty1333|wTouIFzt|2015-06-21|0|2022-03-24
cntc1334|prty1334|cnty1334|dMEZSXiB|2015-10-14|0|2022-03-24
cntc1335|prty1335|cnty1335|tXbuUyiF|2006-07-26|1|2022-03-24
cntc1336|prty1336|cnty1336|wEfHZXbM|2001-07-19|0|2022-03-24
cntc1337|prty1337|cnty1337|EWGRtftg|2015-01-20|0|2022-03-24
cntc1338|prty1338|cnty1338|SliigquF|2008-07-27|0|2022-03-24
cntc1339|prty1339|cnty1339|RZKBBvuZ|2018-08-23|1|2022-03-24
cntc1340|prty1340|cnty1340|eaWAZQGe|2009-03-02|0|2022-03-24
cntc1341|prty1341|cnty1341|pJBjKvQN|2015-12-18|1|2022-03-24
cntc1342|prty1342|cnty1342|YwrWedXL|2014-09-13|1|2022-03-24
cntc1343|prty1343|cnty1343|AjyCNJqR|2020-06-10|0|2022-03-24
cntc1344|prty1344|cnty1344|pSgWdsXH|2014-02-24|1|2022-03-24
cntc1345|prty1345|cnty1345|LVGZekQg|2000-06-20|1|2022-03-24
cntc1346|prty1346|cnty1346|JcmFhdKn|2008-09-30|0|2022-03-24
cntc1347|prty1347|cnty1347|iSwRkzZc|2014-01-22|0|2022-03-24
cntc1348|prty1348|cnty1348|qIrjQsqW|2014-09-13|1|2022-03-24
cntc1349|prty1349|cnty1349|hivOQMWt|2016-01-31|1|2022-03-24
cntc1350|prty1350|cnty1350|fGwzZgfl|2005-01-04|0|2022-03-24
cntc1351|prty1351|cnty1351|TPMkNAqZ|2009-11-11|1|2022-03-24
cntc1352|prty1352|cnty1352|buZlJyVM|2009-08-31|0|2022-03-24
cntc1353|prty1353|cnty1353|EsplIJBG|2017-01-30|0|2022-03-24
cntc1354|prty1354|cnty1354|dOYNyGcd|2000-10-04|0|2022-03-24
cntc1355|prty1355|cnty1355|RFOXOFNH|2018-02-22|1|2022-03-24
cntc1356|prty1356|cnty1356|QeKlMnAc|2021-10-31|0|2022-03-24
cntc1357|prty1357|cnty1357|HIDDJrIL|2017-07-11|0|2022-03-24
cntc1358|prty1358|cnty1358|MlxYcqiu|2000-05-09|0|2022-03-24
cntc1359|prty1359|cnty1359|ByqooqcR|2001-05-15|0|2022-03-24
cntc1360|prty1360|cnty1360|XLPfPRLV|2011-04-29|1|2022-03-24
cntc1361|prty1361|cnty1361|vIfhIXzR|2009-04-05|0|2022-03-24
cntc1362|prty1362|cnty1362|ZWBTUUxB|2004-02-01|1|2022-03-24
cntc1363|prty1363|cnty1363|CihhGITS|2013-03-19|0|2022-03-24
cntc1364|prty1364|cnty1364|VsksHUjQ|2005-10-01|0|2022-03-24
cntc1365|prty1365|cnty1365|dnnylMge|2005-12-22|0|2022-03-24
cntc1366|prty1366|cnty1366|nqgrWTgC|2005-03-11|1|2022-03-24
cntc1367|prty1367|cnty1367|ewQajSoB|2008-03-28|1|2022-03-24
cntc1368|prty1368|cnty1368|uvynVJbI|2009-04-10|0|2022-03-24
cntc1369|prty1369|cnty1369|SFwUgKvO|2007-10-15|0|2022-03-24
cntc1370|prty1370|cnty1370|BPiYBBMz|2021-11-11|0|2022-03-24
cntc1371|prty1371|cnty1371|lbGviYjm|2021-06-03|1|2022-03-24
cntc1372|prty1372|cnty1372|RZJBSjUy|2006-03-23|0|2022-03-24
cntc1373|prty1373|cnty1373|FDXTmBIj|2016-05-31|1|2022-03-24
cntc1374|prty1374|cnty1374|wvCXKhyM|2020-10-02|1|2022-03-24
cntc1375|prty1375|cnty1375|YVmmdNIl|2014-05-04|1|2022-03-24
cntc1376|prty1376|cnty1376|cmNxGrNI|2006-05-29|0|2022-03-24
cntc1377|prty1377|cnty1377|cfYBfhOE|2016-06-15|0|2022-03-24
cntc1378|prty1378|cnty1378|jMoTvAqY|2011-10-13|0|2022-03-24
cntc1379|prty1379|cnty1379|vvhTiZNX|2010-04-16|0|2022-03-24
cntc1380|prty1380|cnty1380|ZHrznfLl|2018-10-14|0|2022-03-24
cntc1381|prty1381|cnty1381|tHAhNFgL|2019-10-08|1|2022-03-24
cntc1382|prty1382|cnty1382|VCfilybB|2005-09-07|0|2022-03-24
cntc1383|prty1383|cnty1383|nvzyDvoz|2002-01-29|1|2022-03-24
cntc1384|prty1384|cnty1384|VWaxzGOk|2021-08-22|1|2022-03-24
cntc1385|prty1385|cnty1385|zHZCnZjo|2011-07-09|0|2022-03-24
cntc1386|prty1386|cnty1386|dZlduxfR|2015-03-22|0|2022-03-24
cntc1387|prty1387|cnty1387|ngIfPYPv|2001-10-26|0|2022-03-24
cntc1388|prty1388|cnty1388|AWjZDAfL|2002-11-22|0|2022-03-24
cntc1389|prty1389|cnty1389|GBwSUtzf|2015-11-19|0|2022-03-24
cntc1390|prty1390|cnty1390|VhwRtnNx|2000-05-22|1|2022-03-24
cntc1391|prty1391|cnty1391|jTBRLflV|2013-06-07|1|2022-03-24
cntc1392|prty1392|cnty1392|HEqEcnoa|2017-09-10|1|2022-03-24
cntc1393|prty1393|cnty1393|cviHbxEc|2020-12-12|1|2022-03-24
cntc1394|prty1394|cnty1394|GccqsPth|2015-08-03|1|2022-03-24
cntc1395|prty1395|cnty1395|hccmwtuu|2000-03-12|0|2022-03-24
cntc1396|prty1396|cnty1396|sXqoqZJL|2018-01-06|1|2022-03-24
cntc1397|prty1397|cnty1397|aLcLJKTh|2013-11-03|0|2022-03-24
cntc1398|prty1398|cnty1398|EMrhlImO|2008-02-09|1|2022-03-24
cntc1399|prty1399|cnty1399|HbcgFPsm|2013-01-24|0|2022-03-24
cntc1400|prty1400|cnty1400|fvgWyfpk|2006-04-12|0|2022-03-24
cntc1401|prty1401|cnty1401|SKGkAeXL|2008-07-23|1|2022-03-24
cntc1402|prty1402|cnty1402|dIBmeDRL|2020-11-09|1|2022-03-24
cntc1403|prty1403|cnty1403|mDoAEILa|2013-01-26|1|2022-03-24
cntc1404|prty1404|cnty1404|AzrfioCf|2014-09-27|1|2022-03-24
cntc1405|prty1405|cnty1405|bdinKItq|2020-08-12|1|2022-03-24
cntc1406|prty1406|cnty1406|wIxLvemr|2017-09-15|0|2022-03-24
cntc1407|prty1407|cnty1407|HaboDNvt|2004-07-15|1|2022-03-24
cntc1408|prty1408|cnty1408|VrgvuuHR|2011-10-15|1|2022-03-24
cntc1409|prty1409|cnty1409|oFvXTkhw|2013-12-06|1|2022-03-24
cntc1410|prty1410|cnty1410|EDpIVRsS|2007-05-11|0|2022-03-24
cntc1411|prty1411|cnty1411|DyiPEwCH|2001-06-08|0|2022-03-24
cntc1412|prty1412|cnty1412|TZOJshnm|2017-10-04|1|2022-03-24
cntc1413|prty1413|cnty1413|hGiiVbSo|2005-01-21|1|2022-03-24
cntc1414|prty1414|cnty1414|wSMgaiqt|2003-02-25|1|2022-03-24
cntc1415|prty1415|cnty1415|MjzoBuiA|2014-08-05|0|2022-03-24
cntc1416|prty1416|cnty1416|wXHlzsgv|2014-06-09|1|2022-03-24
cntc1417|prty1417|cnty1417|LqIFRTET|2009-03-20|1|2022-03-24
cntc1418|prty1418|cnty1418|OzFzUjHe|2021-09-11|1|2022-03-24
cntc1419|prty1419|cnty1419|cZAPWfNN|2011-01-31|1|2022-03-24
cntc1420|prty1420|cnty1420|FtvWdFSn|2007-11-27|0|2022-03-24
cntc1421|prty1421|cnty1421|VKAfNrly|2002-03-20|1|2022-03-24
cntc1422|prty1422|cnty1422|DkGZcoAZ|2020-09-17|0|2022-03-24
cntc1423|prty1423|cnty1423|VkxuzlIZ|2000-07-13|0|2022-03-24
cntc1424|prty1424|cnty1424|GlDsmOkA|2015-11-09|0|2022-03-24
cntc1425|prty1425|cnty1425|SywbPfeX|2011-09-24|1|2022-03-24
cntc1426|prty1426|cnty1426|BKFhDqsF|2011-12-28|0|2022-03-24
cntc1427|prty1427|cnty1427|CaFRQQjr|2012-08-23|0|2022-03-24
cntc1428|prty1428|cnty1428|HRJjebfV|2020-01-26|0|2022-03-24
cntc1429|prty1429|cnty1429|GVsoHfzc|2016-12-29|1|2022-03-24
cntc1430|prty1430|cnty1430|PJvJoKzj|2018-11-21|1|2022-03-24
cntc1431|prty1431|cnty1431|KxyOWFeI|2021-09-05|1|2022-03-24
cntc1432|prty1432|cnty1432|vzwEHwWt|2018-02-20|0|2022-03-24
cntc1433|prty1433|cnty1433|AMSjGXSu|2001-06-03|0|2022-03-24
cntc1434|prty1434|cnty1434|GDhkOxVa|2015-03-25|0|2022-03-24
cntc1435|prty1435|cnty1435|FRaDPNxl|2011-03-23|1|2022-03-24
cntc1436|prty1436|cnty1436|bDGTmLKQ|2006-02-22|0|2022-03-24
cntc1437|prty1437|cnty1437|rOshGuzZ|2002-02-28|0|2022-03-24
cntc1438|prty1438|cnty1438|yALTbhtD|2010-01-06|1|2022-03-24
cntc1439|prty1439|cnty1439|lPsJjJeM|2003-12-07|1|2022-03-24
cntc1440|prty1440|cnty1440|txYQgKzZ|2015-05-21|1|2022-03-24
cntc1441|prty1441|cnty1441|IgLjzEiy|2006-02-25|0|2022-03-24
cntc1442|prty1442|cnty1442|KtfgRHoY|2007-11-18|1|2022-03-24
cntc1443|prty1443|cnty1443|vtGMTFbA|2018-08-14|0|2022-03-24
cntc1444|prty1444|cnty1444|jHeVUqZl|2001-11-15|0|2022-03-24
cntc1445|prty1445|cnty1445|sZRPCrtF|2009-08-29|1|2022-03-24
cntc1446|prty1446|cnty1446|UiYgwLBe|2020-08-11|1|2022-03-24
cntc1447|prty1447|cnty1447|VyMLqXgC|2010-05-21|1|2022-03-24
cntc1448|prty1448|cnty1448|mPKDGJDa|2008-08-28|1|2022-03-24
cntc1449|prty1449|cnty1449|CicVGXXt|2013-10-30|1|2022-03-24
cntc1450|prty1450|cnty1450|psexyXJw|2002-09-21|1|2022-03-24
cntc1451|prty1451|cnty1451|hNaITQeE|2009-02-11|0|2022-03-24
cntc1452|prty1452|cnty1452|YMaLnYew|2014-09-15|0|2022-03-24
cntc1453|prty1453|cnty1453|WxXXKsCo|2020-04-17|0|2022-03-24
cntc1454|prty1454|cnty1454|ccPLFBhy|2007-05-31|1|2022-03-24
cntc1455|prty1455|cnty1455|rJioLoWA|2017-01-23|1|2022-03-24
cntc1456|prty1456|cnty1456|ivAhvOPA|2011-06-09|0|2022-03-24
cntc1457|prty1457|cnty1457|MKfWLCvh|2008-05-09|0|2022-03-24
cntc1458|prty1458|cnty1458|ESFlcIUP|2006-11-05|1|2022-03-24
cntc1459|prty1459|cnty1459|NcFWOsUH|2001-11-14|0|2022-03-24
cntc1460|prty1460|cnty1460|XUIWnDmm|2017-08-02|0|2022-03-24
cntc1461|prty1461|cnty1461|UypzdnxV|2012-09-21|0|2022-03-24
cntc1462|prty1462|cnty1462|rGkvmMSQ|2014-02-18|0|2022-03-24
cntc1463|prty1463|cnty1463|rnhnRomb|2018-09-18|1|2022-03-24
cntc1464|prty1464|cnty1464|NLTcsFtm|2012-07-12|1|2022-03-24
cntc1465|prty1465|cnty1465|iFMaRjyU|2008-06-04|1|2022-03-24
cntc1466|prty1466|cnty1466|NjwaleeF|2005-11-30|0|2022-03-24
cntc1467|prty1467|cnty1467|qyJboGPX|2016-11-27|0|2022-03-24
cntc1468|prty1468|cnty1468|DuvNqPKK|2015-09-20|0|2022-03-24
cntc1469|prty1469|cnty1469|mafFqdTT|2018-10-18|1|2022-03-24
cntc1470|prty1470|cnty1470|RFVOpXxE|2007-12-10|0|2022-03-24
cntc1471|prty1471|cnty1471|MXXRIMUh|2013-09-18|0|2022-03-24
cntc1472|prty1472|cnty1472|wpoJuzlZ|2017-05-30|1|2022-03-24
cntc1473|prty1473|cnty1473|aDxvswJh|2010-03-03|1|2022-03-24
cntc1474|prty1474|cnty1474|zWOwAJQg|2007-08-03|1|2022-03-24
cntc1475|prty1475|cnty1475|qFHOVAmw|2003-08-26|0|2022-03-24
cntc1476|prty1476|cnty1476|ECVZnUVw|2021-04-09|0|2022-03-24
cntc1477|prty1477|cnty1477|URfnSjZa|2000-03-28|1|2022-03-24
cntc1478|prty1478|cnty1478|VFPeNxnA|2000-08-14|0|2022-03-24
cntc1479|prty1479|cnty1479|baPVfUvj|2011-01-12|1|2022-03-24
cntc1480|prty1480|cnty1480|ZhITQvnP|2003-01-26|1|2022-03-24
cntc1481|prty1481|cnty1481|nZQCAfIb|2020-08-12|1|2022-03-24
cntc1482|prty1482|cnty1482|OjmhNpyk|2001-03-14|1|2022-03-24
cntc1483|prty1483|cnty1483|YMBeMoSY|2017-01-30|1|2022-03-24
cntc1484|prty1484|cnty1484|YLcBMHpD|2013-01-26|0|2022-03-24
cntc1485|prty1485|cnty1485|fsJkGsag|2019-08-25|0|2022-03-24
cntc1486|prty1486|cnty1486|uKTfiJmC|2003-06-20|1|2022-03-24
cntc1487|prty1487|cnty1487|xcENJxKk|2004-04-22|0|2022-03-24
cntc1488|prty1488|cnty1488|DgdzpFOw|2017-04-15|1|2022-03-24
cntc1489|prty1489|cnty1489|lltTHiOo|2016-12-23|0|2022-03-24
cntc1490|prty1490|cnty1490|tYZriNGY|2020-08-13|1|2022-03-24
cntc1491|prty1491|cnty1491|CwmREdlQ|2014-06-25|1|2022-03-24
cntc1492|prty1492|cnty1492|xNGYOfil|2002-03-29|0|2022-03-24
cntc1493|prty1493|cnty1493|ghAMlfys|2012-11-10|0|2022-03-24
cntc1494|prty1494|cnty1494|oZcGDPRl|2002-11-22|0|2022-03-24
cntc1495|prty1495|cnty1495|kkbqNBJm|2011-12-24|0|2022-03-24
cntc1496|prty1496|cnty1496|OKfpIqku|2015-05-17|1|2022-03-24
cntc1497|prty1497|cnty1497|OGZHrtGy|2018-10-28|0|2022-03-24
cntc1498|prty1498|cnty1498|paAvUEox|2013-04-30|0|2022-03-24
cntc1499|prty1499|cnty1499|FBvPqNWD|2009-09-23|0|2022-03-24
cntc1500|prty1500|cnty1500|oJpekFfo|2016-10-15|1|2022-03-24
cntc1501|prty1501|cnty1501|ABFAqMwV|2009-08-14|1|2022-03-24
cntc1502|prty1502|cnty1502|wunJSrnn|2011-09-25|0|2022-03-24
cntc1503|prty1503|cnty1503|ZTiESqof|2018-07-20|0|2022-03-24
cntc1504|prty1504|cnty1504|zKjBVMRv|2017-05-24|1|2022-03-24
cntc1505|prty1505|cnty1505|cfLOiZte|2020-01-13|1|2022-03-24
cntc1506|prty1506|cnty1506|bGOhBiBb|2010-09-21|0|2022-03-24
cntc1507|prty1507|cnty1507|zRpIebVS|2002-03-19|1|2022-03-24
cntc1508|prty1508|cnty1508|kLJVGNpC|2016-03-12|0|2022-03-24
cntc1509|prty1509|cnty1509|YjIOlsCu|2021-08-03|1|2022-03-24
cntc1510|prty1510|cnty1510|OIurqPvG|2009-04-06|0|2022-03-24
cntc1511|prty1511|cnty1511|YPmDevOp|2003-11-19|1|2022-03-24
cntc1512|prty1512|cnty1512|jpuvCEob|2002-10-26|0|2022-03-24
cntc1513|prty1513|cnty1513|dzTXPwBH|2011-08-12|1|2022-03-24
cntc1514|prty1514|cnty1514|TlJqrXKz|2016-08-06|0|2022-03-24
cntc1515|prty1515|cnty1515|eXuhTPHU|2021-04-30|0|2022-03-24
cntc1516|prty1516|cnty1516|jXcTwQfW|2010-12-01|0|2022-03-24
cntc1517|prty1517|cnty1517|PzQLSbmc|2004-09-25|0|2022-03-24
cntc1518|prty1518|cnty1518|fpfcNdWO|2000-12-09|1|2022-03-24
cntc1519|prty1519|cnty1519|bfEqGYMP|2005-08-13|1|2022-03-24
cntc1520|prty1520|cnty1520|cDubOMAl|2015-08-29|1|2022-03-24
cntc1521|prty1521|cnty1521|CQBjcOgY|2018-05-04|0|2022-03-24
cntc1522|prty1522|cnty1522|DsdWTRgx|2020-11-17|0|2022-03-24
cntc1523|prty1523|cnty1523|gRCYzSRE|2011-07-18|1|2022-03-24
cntc1524|prty1524|cnty1524|GILrcZLy|2001-11-15|1|2022-03-24
cntc1525|prty1525|cnty1525|LbSOXjaV|2016-12-22|0|2022-03-24
cntc1526|prty1526|cnty1526|tPnZipvo|2010-11-03|0|2022-03-24
cntc1527|prty1527|cnty1527|bNgxKUSR|2005-08-30|0|2022-03-24
cntc1528|prty1528|cnty1528|SxfYqUJW|2007-01-24|1|2022-03-24
cntc1529|prty1529|cnty1529|RRCFFBka|2006-04-02|1|2022-03-24
cntc1530|prty1530|cnty1530|HLHmWxpu|2017-07-16|1|2022-03-24
cntc1531|prty1531|cnty1531|eTpDpqvU|2009-01-22|1|2022-03-24
cntc1532|prty1532|cnty1532|MsBrNGsX|2014-11-26|1|2022-03-24
cntc1533|prty1533|cnty1533|aCxOMvOo|2010-04-01|1|2022-03-24
cntc1534|prty1534|cnty1534|RWVjMHuy|2017-10-24|0|2022-03-24
cntc1535|prty1535|cnty1535|qXSePSvC|2003-10-13|0|2022-03-24
cntc1536|prty1536|cnty1536|JTaaoqzf|2020-05-13|0|2022-03-24
cntc1537|prty1537|cnty1537|QuAOSxiR|2001-12-21|1|2022-03-24
cntc1538|prty1538|cnty1538|MMPRBhBj|2015-09-24|1|2022-03-24
cntc1539|prty1539|cnty1539|DwIAvqlh|2005-01-24|1|2022-03-24
cntc1540|prty1540|cnty1540|qyMpOJdt|2021-02-26|1|2022-03-24
cntc1541|prty1541|cnty1541|CHejszFG|2015-11-07|1|2022-03-24
cntc1542|prty1542|cnty1542|yontiXNR|2000-05-09|0|2022-03-24
cntc1543|prty1543|cnty1543|rEowIfus|2003-04-01|1|2022-03-24
cntc1544|prty1544|cnty1544|OgshqFVz|2003-08-01|1|2022-03-24
cntc1545|prty1545|cnty1545|dGKpGVsd|2016-11-04|0|2022-03-24
cntc1546|prty1546|cnty1546|YFPZWvRm|2011-02-16|0|2022-03-24
cntc1547|prty1547|cnty1547|fwRrabuf|2012-07-24|0|2022-03-24
cntc1548|prty1548|cnty1548|plssuFxs|2018-06-23|1|2022-03-24
cntc1549|prty1549|cnty1549|nhAeTpAN|2008-02-19|0|2022-03-24
cntc1550|prty1550|cnty1550|ZMHUUOpm|2013-03-03|1|2022-03-24
cntc1551|prty1551|cnty1551|LUcUBgom|2007-08-10|1|2022-03-24
cntc1552|prty1552|cnty1552|WtoTKHtN|2008-05-27|0|2022-03-24
cntc1553|prty1553|cnty1553|RTbiiZty|2006-12-13|0|2022-03-24
cntc1554|prty1554|cnty1554|DeEEjmjR|2016-06-30|0|2022-03-24
cntc1555|prty1555|cnty1555|IiROJWBo|2017-10-16|1|2022-03-24
cntc1556|prty1556|cnty1556|TYXOVjaf|2020-09-17|0|2022-03-24
cntc1557|prty1557|cnty1557|NYrQKQyA|2007-07-22|0|2022-03-24
cntc1558|prty1558|cnty1558|MDiYBNPm|2020-06-21|0|2022-03-24
cntc1559|prty1559|cnty1559|bvclNSbD|2017-07-01|0|2022-03-24
cntc1560|prty1560|cnty1560|MyOSDfuD|2016-08-17|0|2022-03-24
cntc1561|prty1561|cnty1561|xTEuUAmq|2011-11-29|1|2022-03-24
cntc1562|prty1562|cnty1562|UnJlFmvU|2008-06-14|1|2022-03-24
cntc1563|prty1563|cnty1563|BJrMSEsq|2003-03-28|1|2022-03-24
cntc1564|prty1564|cnty1564|fKcIscAB|2010-01-10|1|2022-03-24
cntc1565|prty1565|cnty1565|cilGfdRa|2016-01-12|1|2022-03-24
cntc1566|prty1566|cnty1566|XjVagxGC|2002-12-24|0|2022-03-24
cntc1567|prty1567|cnty1567|lgPZoLuy|2016-08-05|1|2022-03-24
cntc1568|prty1568|cnty1568|kYyWTDUB|2021-01-14|1|2022-03-24
cntc1569|prty1569|cnty1569|DDwmITXV|2021-07-28|0|2022-03-24
cntc1570|prty1570|cnty1570|IVTHfmBj|2021-06-11|0|2022-03-24
cntc1571|prty1571|cnty1571|JiMZOiba|2009-03-18|0|2022-03-24
cntc1572|prty1572|cnty1572|yYRtrwJV|2017-02-15|1|2022-03-24
cntc1573|prty1573|cnty1573|gkuZIOxy|2015-08-29|0|2022-03-24
cntc1574|prty1574|cnty1574|ecUhRggt|2019-08-14|0|2022-03-24
cntc1575|prty1575|cnty1575|NfNUHUQv|2001-08-07|1|2022-03-24
cntc1576|prty1576|cnty1576|yVbJAaMJ|2019-10-12|1|2022-03-24
cntc1577|prty1577|cnty1577|euFsxRVV|2021-06-29|1|2022-03-24
cntc1578|prty1578|cnty1578|yJKgwwNX|2003-12-09|0|2022-03-24
cntc1579|prty1579|cnty1579|fRCAYCjt|2003-01-13|0|2022-03-24
cntc1580|prty1580|cnty1580|bFZDtAvX|2010-06-29|0|2022-03-24
cntc1581|prty1581|cnty1581|mJchnKuu|2019-09-30|0|2022-03-24
cntc1582|prty1582|cnty1582|IwoFRqFd|2014-12-12|0|2022-03-24
cntc1583|prty1583|cnty1583|JknURJSq|2001-05-06|1|2022-03-24
cntc1584|prty1584|cnty1584|xYyqAhfH|2001-02-26|0|2022-03-24
cntc1585|prty1585|cnty1585|AZryryus|2008-04-12|0|2022-03-24
cntc1586|prty1586|cnty1586|qbofFhud|2019-10-26|0|2022-03-24
cntc1587|prty1587|cnty1587|YMiKdbMi|2006-10-21|0|2022-03-24
cntc1588|prty1588|cnty1588|OUQXGsKs|2001-07-13|1|2022-03-24
cntc1589|prty1589|cnty1589|qlLjzXdU|2011-03-12|1|2022-03-24
cntc1590|prty1590|cnty1590|lgIAdWIA|2021-04-15|1|2022-03-24
cntc1591|prty1591|cnty1591|rRxtmlKx|2007-12-24|1|2022-03-24
cntc1592|prty1592|cnty1592|UgIEAGsy|2017-12-03|0|2022-03-24
cntc1593|prty1593|cnty1593|KOFFoLQy|2007-10-04|0|2022-03-24
cntc1594|prty1594|cnty1594|vBTGAEGd|2014-01-02|0|2022-03-24
cntc1595|prty1595|cnty1595|jQDpMsGl|2010-09-26|1|2022-03-24
cntc1596|prty1596|cnty1596|ZqiQYdsC|2002-09-24|0|2022-03-24
cntc1597|prty1597|cnty1597|BQpFoIUW|2021-03-18|1|2022-03-24
cntc1598|prty1598|cnty1598|rQJzBAhq|2018-07-27|1|2022-03-24
cntc1599|prty1599|cnty1599|czsCCGhI|2007-03-24|1|2022-03-24
cntc1600|prty1600|cnty1600|sLFgfluU|2010-01-06|1|2022-03-24
cntc1601|prty1601|cnty1601|JVGNRKRo|2018-12-26|0|2022-03-24
cntc1602|prty1602|cnty1602|XvkmkeQQ|2011-04-12|1|2022-03-24
cntc1603|prty1603|cnty1603|tnviiKeW|2013-02-05|0|2022-03-24
cntc1604|prty1604|cnty1604|uBrthqkF|2003-09-25|0|2022-03-24
cntc1605|prty1605|cnty1605|XTDmpRPd|2007-05-14|0|2022-03-24
cntc1606|prty1606|cnty1606|AShTDyrd|2012-11-16|0|2022-03-24
cntc1607|prty1607|cnty1607|LolBJllH|2008-09-25|1|2022-03-24
cntc1608|prty1608|cnty1608|oBZwCQQL|2002-10-05|0|2022-03-24
cntc1609|prty1609|cnty1609|BVIgXbmP|2005-02-02|0|2022-03-24
cntc1610|prty1610|cnty1610|brSLmzHE|2011-04-19|1|2022-03-24
cntc1611|prty1611|cnty1611|AKKjXvcW|2021-09-28|1|2022-03-24
cntc1612|prty1612|cnty1612|powoabbx|2020-05-28|0|2022-03-24
cntc1613|prty1613|cnty1613|GUmXVUOM|2003-12-19|1|2022-03-24
cntc1614|prty1614|cnty1614|lJoVqFtv|2014-09-18|0|2022-03-24
cntc1615|prty1615|cnty1615|AyEWknmY|2021-07-12|1|2022-03-24
cntc1616|prty1616|cnty1616|WBfjDjiD|2009-07-08|1|2022-03-24
cntc1617|prty1617|cnty1617|TsuAQVXE|2007-12-13|1|2022-03-24
cntc1618|prty1618|cnty1618|axXrpkjv|2008-11-09|0|2022-03-24
cntc1619|prty1619|cnty1619|lQjIiTWA|2006-03-13|0|2022-03-24
cntc1620|prty1620|cnty1620|aZitkFea|2007-11-06|1|2022-03-24
cntc1621|prty1621|cnty1621|skAyqOtn|2005-10-15|1|2022-03-24
cntc1622|prty1622|cnty1622|BCdDSUiW|2015-12-25|0|2022-03-24
cntc1623|prty1623|cnty1623|NMHwJoaq|2007-07-11|1|2022-03-24
cntc1624|prty1624|cnty1624|FFSnOlui|2001-10-28|0|2022-03-24
cntc1625|prty1625|cnty1625|KwjbuTYy|2001-09-13|1|2022-03-24
cntc1626|prty1626|cnty1626|meUniYBZ|2018-05-07|0|2022-03-24
cntc1627|prty1627|cnty1627|SUNrsQqf|2009-05-13|0|2022-03-24
cntc1628|prty1628|cnty1628|MZHCYQrp|2000-05-15|0|2022-03-24
cntc1629|prty1629|cnty1629|udhZTsrQ|2014-02-16|0|2022-03-24
cntc1630|prty1630|cnty1630|vIVUcETR|2020-09-01|1|2022-03-24
cntc1631|prty1631|cnty1631|zaxFFoHl|2000-02-21|1|2022-03-24
cntc1632|prty1632|cnty1632|bNrSAcfp|2001-12-14|1|2022-03-24
cntc1633|prty1633|cnty1633|FhYWYIFi|2002-02-07|0|2022-03-24
cntc1634|prty1634|cnty1634|yFxbvIMv|2003-05-27|1|2022-03-24
cntc1635|prty1635|cnty1635|jKSGGRmc|2011-10-22|0|2022-03-24
cntc1636|prty1636|cnty1636|USsnszQL|2005-06-07|0|2022-03-24
cntc1637|prty1637|cnty1637|XuFOciaB|2014-03-16|1|2022-03-24
cntc1638|prty1638|cnty1638|FkfZBebg|2008-03-28|0|2022-03-24
cntc1639|prty1639|cnty1639|GdnserSq|2002-12-29|0|2022-03-24
cntc1640|prty1640|cnty1640|TEDNIKpT|2000-12-21|1|2022-03-24
cntc1641|prty1641|cnty1641|XpTmwjnb|2002-09-17|0|2022-03-24
cntc1642|prty1642|cnty1642|LgFVkgaX|2008-10-15|0|2022-03-24
cntc1643|prty1643|cnty1643|qveQcrjO|2021-08-08|0|2022-03-24
cntc1644|prty1644|cnty1644|kGtjZYvT|2014-07-17|1|2022-03-24
cntc1645|prty1645|cnty1645|kObbQQHZ|2004-11-16|1|2022-03-24
cntc1646|prty1646|cnty1646|YaBESfaW|2016-09-27|0|2022-03-24
cntc1647|prty1647|cnty1647|yAcRyted|2009-09-08|0|2022-03-24
cntc1648|prty1648|cnty1648|oIyKchUO|2021-04-01|1|2022-03-24
cntc1649|prty1649|cnty1649|UUKgCWuc|2012-11-29|1|2022-03-24
cntc1650|prty1650|cnty1650|dXDJmkTh|2021-06-30|0|2022-03-24
cntc1651|prty1651|cnty1651|xqeMrVom|2004-10-19|1|2022-03-24
cntc1652|prty1652|cnty1652|facNwoJy|2010-02-10|0|2022-03-24
cntc1653|prty1653|cnty1653|VamczkDC|2003-09-19|1|2022-03-24
cntc1654|prty1654|cnty1654|fmXkUfPU|2004-08-17|1|2022-03-24
cntc1655|prty1655|cnty1655|FXFYyJcm|2001-09-04|1|2022-03-24
cntc1656|prty1656|cnty1656|JXxELvCe|2004-05-29|0|2022-03-24
cntc1657|prty1657|cnty1657|QwXIrxXw|2010-10-10|1|2022-03-24
cntc1658|prty1658|cnty1658|JMlgrFWA|2012-01-14|0|2022-03-24
cntc1659|prty1659|cnty1659|jAxTxAWM|2019-06-13|1|2022-03-24
cntc1660|prty1660|cnty1660|qorbTVUr|2001-04-15|1|2022-03-24
cntc1661|prty1661|cnty1661|OBDXfzRv|2016-05-28|0|2022-03-24
cntc1662|prty1662|cnty1662|ACrCOctT|2008-04-15|1|2022-03-24
cntc1663|prty1663|cnty1663|gXIxTORT|2001-03-20|1|2022-03-24
cntc1664|prty1664|cnty1664|SObcdWvU|2019-10-03|1|2022-03-24
cntc1665|prty1665|cnty1665|lUvlJmNU|2019-09-26|0|2022-03-24
cntc1666|prty1666|cnty1666|QyBVjoZk|2012-12-08|0|2022-03-24
cntc1667|prty1667|cnty1667|jeUMisKm|2014-03-23|0|2022-03-24
cntc1668|prty1668|cnty1668|iXZeMuQX|2011-09-18|1|2022-03-24
cntc1669|prty1669|cnty1669|auFfPRqO|2003-06-30|0|2022-03-24
cntc1670|prty1670|cnty1670|Wgjewvfs|2012-04-15|1|2022-03-24
cntc1671|prty1671|cnty1671|hxmTzZsE|2014-06-01|0|2022-03-24
cntc1672|prty1672|cnty1672|BQwZoYSW|2012-03-03|1|2022-03-24
cntc1673|prty1673|cnty1673|SkJPIcoS|2012-02-26|1|2022-03-24
cntc1674|prty1674|cnty1674|lgJuenvQ|2003-06-28|0|2022-03-24
cntc1675|prty1675|cnty1675|QCKMEfUw|2006-08-25|1|2022-03-24
cntc1676|prty1676|cnty1676|BeppOeHS|2008-04-18|0|2022-03-24
cntc1677|prty1677|cnty1677|rRwKcaYN|2009-06-07|1|2022-03-24
cntc1678|prty1678|cnty1678|OpShSvcQ|2005-04-27|0|2022-03-24
cntc1679|prty1679|cnty1679|aTEYiIbT|2007-05-08|0|2022-03-24
cntc1680|prty1680|cnty1680|ddYFMaKD|2002-06-17|0|2022-03-24
cntc1681|prty1681|cnty1681|hrthfqGz|2002-08-26|1|2022-03-24
cntc1682|prty1682|cnty1682|dLFeWiQp|2007-08-26|1|2022-03-24
cntc1683|prty1683|cnty1683|CqhxJqez|2013-11-11|1|2022-03-24
cntc1684|prty1684|cnty1684|UDBgcADs|2001-11-23|1|2022-03-24
cntc1685|prty1685|cnty1685|PTTDhqce|2003-01-08|0|2022-03-24
cntc1686|prty1686|cnty1686|DlXPyrxE|2012-11-10|1|2022-03-24
cntc1687|prty1687|cnty1687|zBdPRKDQ|2014-04-11|1|2022-03-24
cntc1688|prty1688|cnty1688|WKNNNNzW|2003-02-25|0|2022-03-24
cntc1689|prty1689|cnty1689|HEnWqlSG|2012-05-02|1|2022-03-24
cntc1690|prty1690|cnty1690|bXxxDmEv|2020-03-19|0|2022-03-24
cntc1691|prty1691|cnty1691|DHNikOCr|2011-01-07|0|2022-03-24
cntc1692|prty1692|cnty1692|JbEPxMiX|2000-12-24|1|2022-03-24
cntc1693|prty1693|cnty1693|TEdPvbHo|2012-02-19|0|2022-03-24
cntc1694|prty1694|cnty1694|TuHYpeej|2007-07-20|0|2022-03-24
cntc1695|prty1695|cnty1695|hMJwasmE|2014-12-10|1|2022-03-24
cntc1696|prty1696|cnty1696|VbfsMQNY|2012-10-10|1|2022-03-24
cntc1697|prty1697|cnty1697|FMUlAiJG|2002-10-28|0|2022-03-24
cntc1698|prty1698|cnty1698|WacKxTrc|2014-02-24|0|2022-03-24
cntc1699|prty1699|cnty1699|ktQVxJhY|2016-03-31|0|2022-03-24
cntc1700|prty1700|cnty1700|rcagkUlH|2005-04-10|1|2022-03-24
cntc1701|prty1701|cnty1701|OsbhdwYv|2013-10-22|1|2022-03-24
cntc1702|prty1702|cnty1702|WoWDCcEK|2016-04-09|0|2022-03-24
cntc1703|prty1703|cnty1703|hWoaUhAQ|2009-12-14|1|2022-03-24
cntc1704|prty1704|cnty1704|LeaTxUYz|2011-08-05|0|2022-03-24
cntc1705|prty1705|cnty1705|BOLPJpaC|2011-02-16|1|2022-03-24
cntc1706|prty1706|cnty1706|mecKSOJX|2018-02-27|0|2022-03-24
cntc1707|prty1707|cnty1707|nYLTGUZV|2005-03-18|0|2022-03-24
cntc1708|prty1708|cnty1708|FFYSJdlJ|2006-04-30|0|2022-03-24
cntc1709|prty1709|cnty1709|ReBnjHId|2008-08-26|1|2022-03-24
cntc1710|prty1710|cnty1710|jBxuOZAd|2016-12-16|1|2022-03-24
cntc1711|prty1711|cnty1711|olmgsbAS|2019-04-02|1|2022-03-24
cntc1712|prty1712|cnty1712|qxJFYNLD|2013-10-13|1|2022-03-24
cntc1713|prty1713|cnty1713|PRGCgxDg|2012-05-07|0|2022-03-24
cntc1714|prty1714|cnty1714|gekEGRut|2011-06-21|0|2022-03-24
cntc1715|prty1715|cnty1715|UuusoBXY|2018-03-23|0|2022-03-24
cntc1716|prty1716|cnty1716|ABcPUzlp|2006-01-25|1|2022-03-24
cntc1717|prty1717|cnty1717|NVyQUzps|2004-08-12|0|2022-03-24
cntc1718|prty1718|cnty1718|vCHkgLWv|2010-01-30|0|2022-03-24
cntc1719|prty1719|cnty1719|RbDGwQXE|2014-09-04|0|2022-03-24
cntc1720|prty1720|cnty1720|GIJvTANT|2011-02-07|0|2022-03-24
cntc1721|prty1721|cnty1721|KDqabGeX|2005-04-01|0|2022-03-24
cntc1722|prty1722|cnty1722|RpjpRUAl|2020-10-24|0|2022-03-24
cntc1723|prty1723|cnty1723|yiiOKQLr|2009-01-02|0|2022-03-24
cntc1724|prty1724|cnty1724|IIwoUlxb|2020-04-21|1|2022-03-24
cntc1725|prty1725|cnty1725|CygdATwh|2009-01-20|1|2022-03-24
cntc1726|prty1726|cnty1726|aVeFweUW|2011-11-17|1|2022-03-24
cntc1727|prty1727|cnty1727|BeSLjNZJ|2017-08-06|0|2022-03-24
cntc1728|prty1728|cnty1728|ylqnlyKp|2016-12-27|0|2022-03-24
cntc1729|prty1729|cnty1729|MWtuyPCn|2001-08-09|0|2022-03-24
cntc1730|prty1730|cnty1730|RZcIvfWw|2012-08-15|0|2022-03-24
cntc1731|prty1731|cnty1731|fYSDMwYq|2017-12-18|0|2022-03-24
cntc1732|prty1732|cnty1732|QlRbQXTd|2012-03-18|0|2022-03-24
cntc1733|prty1733|cnty1733|vGJdbBtK|2018-03-07|1|2022-03-24
cntc1734|prty1734|cnty1734|YHIdDWxg|2002-04-13|1|2022-03-24
cntc1735|prty1735|cnty1735|BvgrTomk|2020-08-22|1|2022-03-24
cntc1736|prty1736|cnty1736|HsakDpib|2002-02-24|1|2022-03-24
cntc1737|prty1737|cnty1737|sixvriWS|2018-06-11|0|2022-03-24
cntc1738|prty1738|cnty1738|HpKRriuD|2009-06-08|1|2022-03-24
cntc1739|prty1739|cnty1739|AdkSfpOr|2021-02-07|1|2022-03-24
cntc1740|prty1740|cnty1740|lMkPYcSF|2008-09-25|1|2022-03-24
cntc1741|prty1741|cnty1741|nfreJTsI|2014-10-22|0|2022-03-24
cntc1742|prty1742|cnty1742|WTyYgzZW|2014-07-20|0|2022-03-24
cntc1743|prty1743|cnty1743|cSVzHmDB|2008-07-07|0|2022-03-24
cntc1744|prty1744|cnty1744|TZnJhNtz|2018-08-01|0|2022-03-24
cntc1745|prty1745|cnty1745|gpKzHyiV|2018-02-03|1|2022-03-24
cntc1746|prty1746|cnty1746|JHlamfzN|2001-07-11|1|2022-03-24
cntc1747|prty1747|cnty1747|wUBnODiN|2015-07-07|0|2022-03-24
cntc1748|prty1748|cnty1748|BXAALLGB|2014-12-31|0|2022-03-24
cntc1749|prty1749|cnty1749|nggOBzcs|2007-06-14|0|2022-03-24
cntc1750|prty1750|cnty1750|DakLcpxv|2003-08-18|0|2022-03-24
cntc1751|prty1751|cnty1751|CKTECIxT|2000-11-25|1|2022-03-24
cntc1752|prty1752|cnty1752|ilYGYKTS|2017-01-29|1|2022-03-24
cntc1753|prty1753|cnty1753|JXtNzDqQ|2005-01-26|0|2022-03-24
cntc1754|prty1754|cnty1754|XrrbgxLS|2016-09-21|1|2022-03-24
cntc1755|prty1755|cnty1755|GQOmGduD|2000-06-01|0|2022-03-24
cntc1756|prty1756|cnty1756|nTqBSpid|2001-08-29|1|2022-03-24
cntc1757|prty1757|cnty1757|OymqYanp|2011-10-04|1|2022-03-24
cntc1758|prty1758|cnty1758|ClVMbVJL|2010-03-12|1|2022-03-24
cntc1759|prty1759|cnty1759|NqGlvpAm|2018-06-08|0|2022-03-24
cntc1760|prty1760|cnty1760|rAaysHWk|2007-03-10|1|2022-03-24
cntc1761|prty1761|cnty1761|QituFxne|2004-10-21|0|2022-03-24
cntc1762|prty1762|cnty1762|fyTDFDfj|2007-06-17|0|2022-03-24
cntc1763|prty1763|cnty1763|QrCeimZC|2018-11-01|0|2022-03-24
cntc1764|prty1764|cnty1764|hYyTHcxP|2020-03-17|1|2022-03-24
cntc1765|prty1765|cnty1765|SSGGCAKv|2007-04-15|1|2022-03-24
cntc1766|prty1766|cnty1766|KxaDaxjL|2015-06-13|1|2022-03-24
cntc1767|prty1767|cnty1767|WSqucJGm|2004-10-17|0|2022-03-24
cntc1768|prty1768|cnty1768|YigvAIML|2020-08-12|1|2022-03-24
cntc1769|prty1769|cnty1769|UgAbmhTn|2001-03-17|0|2022-03-24
cntc1770|prty1770|cnty1770|wQSIPJFO|2006-01-06|1|2022-03-24
cntc1771|prty1771|cnty1771|ZhHfyiIj|2006-10-31|0|2022-03-24
cntc1772|prty1772|cnty1772|ZcpazeRb|2017-04-02|1|2022-03-24
cntc1773|prty1773|cnty1773|rklRqOnD|2012-08-07|1|2022-03-24
cntc1774|prty1774|cnty1774|tYuRJwqb|2003-07-31|0|2022-03-24
cntc1775|prty1775|cnty1775|lRUefGYL|2001-10-31|0|2022-03-24
cntc1776|prty1776|cnty1776|AZqrUCVg|2021-02-13|1|2022-03-24
cntc1777|prty1777|cnty1777|DqQFOWcL|2020-01-21|1|2022-03-24
cntc1778|prty1778|cnty1778|AoSBrVhU|2008-12-29|0|2022-03-24
cntc1779|prty1779|cnty1779|wVtjMTuz|2011-05-01|1|2022-03-24
cntc1780|prty1780|cnty1780|lUxwpGUK|2018-09-27|1|2022-03-24
cntc1781|prty1781|cnty1781|OhTwHAWi|2003-09-18|0|2022-03-24
cntc1782|prty1782|cnty1782|pKCioMel|2000-12-20|0|2022-03-24
cntc1783|prty1783|cnty1783|PoHFHluh|2016-11-04|0|2022-03-24
cntc1784|prty1784|cnty1784|EYzfnsFs|2013-11-09|1|2022-03-24
cntc1785|prty1785|cnty1785|nejzbgZF|2017-03-30|1|2022-03-24
cntc1786|prty1786|cnty1786|LvRijRmK|2019-12-26|1|2022-03-24
cntc1787|prty1787|cnty1787|lSUmZAKr|2017-07-12|1|2022-03-24
cntc1788|prty1788|cnty1788|JiHOCzww|2013-03-02|1|2022-03-24
cntc1789|prty1789|cnty1789|llqaHvQh|2016-11-10|0|2022-03-24
cntc1790|prty1790|cnty1790|zJsnlLJT|2015-02-02|1|2022-03-24
cntc1791|prty1791|cnty1791|ItIuUlYb|2010-11-20|1|2022-03-24
cntc1792|prty1792|cnty1792|XkMbUXmR|2013-02-25|1|2022-03-24
cntc1793|prty1793|cnty1793|movNGvzZ|2000-11-02|1|2022-03-24
cntc1794|prty1794|cnty1794|zAgTnCRO|2019-06-15|1|2022-03-24
cntc1795|prty1795|cnty1795|XAlhMJqj|2012-11-21|1|2022-03-24
cntc1796|prty1796|cnty1796|wFFrcxkQ|2006-09-24|1|2022-03-24
cntc1797|prty1797|cnty1797|fbnMJiyG|2006-08-15|1|2022-03-24
cntc1798|prty1798|cnty1798|zTJqiASe|2016-02-16|1|2022-03-24
cntc1799|prty1799|cnty1799|EzkjtGLa|2019-03-10|0|2022-03-24
cntc1800|prty1800|cnty1800|YuxykZha|2011-10-21|0|2022-03-24
cntc1801|prty1801|cnty1801|kVdBYDsy|2001-12-28|1|2022-03-24
cntc1802|prty1802|cnty1802|NRMCntGy|2004-11-02|0|2022-03-24
cntc1803|prty1803|cnty1803|jzAXpeKi|2012-09-29|1|2022-03-24
cntc1804|prty1804|cnty1804|SzbRrtoF|2019-06-10|1|2022-03-24
cntc1805|prty1805|cnty1805|pzOZJZJM|2020-05-11|1|2022-03-24
cntc1806|prty1806|cnty1806|GRUnSGbE|2016-04-18|0|2022-03-24
cntc1807|prty1807|cnty1807|NSUqTgxg|2018-08-28|1|2022-03-24
cntc1808|prty1808|cnty1808|mquTELJD|2006-10-05|1|2022-03-24
cntc1809|prty1809|cnty1809|JtjPyEte|2015-09-05|1|2022-03-24
cntc1810|prty1810|cnty1810|SvvxYBoL|2001-11-05|0|2022-03-24
cntc1811|prty1811|cnty1811|ZQTaSBkP|2014-06-06|0|2022-03-24
cntc1812|prty1812|cnty1812|UEuMqZMW|2011-03-16|0|2022-03-24
cntc1813|prty1813|cnty1813|FGMZnPeC|2018-01-04|1|2022-03-24
cntc1814|prty1814|cnty1814|idRcTHXi|2015-11-22|1|2022-03-24
cntc1815|prty1815|cnty1815|tuydeyiQ|2015-06-20|0|2022-03-24
cntc1816|prty1816|cnty1816|pnEiRKuB|2004-05-06|1|2022-03-24
cntc1817|prty1817|cnty1817|kTKHqMgI|2010-04-11|1|2022-03-24
cntc1818|prty1818|cnty1818|HcspMxHi|2013-12-28|0|2022-03-24
cntc1819|prty1819|cnty1819|uoLifcGz|2001-01-27|0|2022-03-24
cntc1820|prty1820|cnty1820|TRofwWne|2012-11-12|1|2022-03-24
cntc1821|prty1821|cnty1821|fnVNtEKh|2008-03-14|1|2022-03-24
cntc1822|prty1822|cnty1822|gGULGqkg|2003-01-09|1|2022-03-24
cntc1823|prty1823|cnty1823|UBCNfSSD|2011-09-25|0|2022-03-24
cntc1824|prty1824|cnty1824|uoAROFjJ|2015-11-16|0|2022-03-24
cntc1825|prty1825|cnty1825|DDGGEqLv|2016-12-23|0|2022-03-24
cntc1826|prty1826|cnty1826|ZocGEErU|2009-04-21|0|2022-03-24
cntc1827|prty1827|cnty1827|tCXNICcF|2005-12-01|0|2022-03-24
cntc1828|prty1828|cnty1828|KTmfUSnl|2011-03-13|1|2022-03-24
cntc1829|prty1829|cnty1829|NeMUKdgH|2005-09-13|0|2022-03-24
cntc1830|prty1830|cnty1830|SVfoBtGe|2018-01-30|0|2022-03-24
cntc1831|prty1831|cnty1831|pFYlCFut|2016-04-03|1|2022-03-24
cntc1832|prty1832|cnty1832|KwNajVhi|2010-10-10|0|2022-03-24
cntc1833|prty1833|cnty1833|OyqLPJhJ|2002-01-15|0|2022-03-24
cntc1834|prty1834|cnty1834|HkgiqkGs|2021-04-12|0|2022-03-24
cntc1835|prty1835|cnty1835|WizbpBjR|2006-04-02|1|2022-03-24
cntc1836|prty1836|cnty1836|uLIEICVa|2016-11-12|0|2022-03-24
cntc1837|prty1837|cnty1837|XiNDklek|2019-03-25|1|2022-03-24
cntc1838|prty1838|cnty1838|ghyZEsnH|2007-11-30|0|2022-03-24
cntc1839|prty1839|cnty1839|MshprrKV|2000-05-24|1|2022-03-24
cntc1840|prty1840|cnty1840|mMCFpFPE|2014-02-22|1|2022-03-24
cntc1841|prty1841|cnty1841|ErFxEQaN|2016-11-12|0|2022-03-24
cntc1842|prty1842|cnty1842|JDAWTTzA|2001-01-13|1|2022-03-24
cntc1843|prty1843|cnty1843|KEYkATBj|2009-12-02|0|2022-03-24
cntc1844|prty1844|cnty1844|ljiRzNio|2018-05-16|1|2022-03-24
cntc1845|prty1845|cnty1845|cNFvYKxC|2014-07-25|1|2022-03-24
cntc1846|prty1846|cnty1846|HmWgnwEI|2008-09-07|0|2022-03-24
cntc1847|prty1847|cnty1847|mjwtdLIT|2007-12-20|1|2022-03-24
cntc1848|prty1848|cnty1848|yuoNcZIh|2007-10-16|0|2022-03-24
cntc1849|prty1849|cnty1849|fEQNUZWg|2020-12-08|0|2022-03-24
cntc1850|prty1850|cnty1850|CgmstLGS|2003-08-27|0|2022-03-24
cntc1851|prty1851|cnty1851|SsjWegxB|2015-06-08|0|2022-03-24
cntc1852|prty1852|cnty1852|OHkqObrV|2008-11-23|0|2022-03-24
cntc1853|prty1853|cnty1853|pTRHvKOT|2018-01-07|1|2022-03-24
cntc1854|prty1854|cnty1854|BjFTVfQl|2008-07-02|1|2022-03-24
cntc1855|prty1855|cnty1855|eLKuOhub|2012-04-16|0|2022-03-24
cntc1856|prty1856|cnty1856|skXJoMDB|2019-09-13|0|2022-03-24
cntc1857|prty1857|cnty1857|ViagnzUF|2004-07-21|0|2022-03-24
cntc1858|prty1858|cnty1858|HDyifMGY|2015-10-07|0|2022-03-24
cntc1859|prty1859|cnty1859|CIqseGeY|2010-08-21|1|2022-03-24
cntc1860|prty1860|cnty1860|DkOfNGci|2009-03-05|0|2022-03-24
cntc1861|prty1861|cnty1861|qSzKHAjY|2019-03-30|1|2022-03-24
cntc1862|prty1862|cnty1862|ZgLjQFEO|2006-09-05|0|2022-03-24
cntc1863|prty1863|cnty1863|tdZemKCa|2015-04-07|0|2022-03-24
cntc1864|prty1864|cnty1864|QxzWfeCL|2017-01-02|1|2022-03-24
cntc1865|prty1865|cnty1865|nCEmWVpF|2004-06-10|1|2022-03-24
cntc1866|prty1866|cnty1866|yaWJHLvC|2007-05-07|0|2022-03-24
cntc1867|prty1867|cnty1867|CzIpWBnS|2020-12-29|1|2022-03-24
cntc1868|prty1868|cnty1868|uliZsLdS|2009-04-18|1|2022-03-24
cntc1869|prty1869|cnty1869|bFmibtFa|2014-05-07|0|2022-03-24
cntc1870|prty1870|cnty1870|YSVCughb|2016-10-13|0|2022-03-24
cntc1871|prty1871|cnty1871|plVXzcBN|2003-08-01|1|2022-03-24
cntc1872|prty1872|cnty1872|vtnwAwJj|2009-05-23|1|2022-03-24
cntc1873|prty1873|cnty1873|JdQovQzH|2001-03-05|0|2022-03-24
cntc1874|prty1874|cnty1874|dDazAJko|2020-09-06|1|2022-03-24
cntc1875|prty1875|cnty1875|DnxZIoAo|2020-06-09|1|2022-03-24
cntc1876|prty1876|cnty1876|irRXOrrq|2016-06-15|0|2022-03-24
cntc1877|prty1877|cnty1877|APlCYbCd|2002-05-21|1|2022-03-24
cntc1878|prty1878|cnty1878|pVmupJuH|2002-05-04|0|2022-03-24
cntc1879|prty1879|cnty1879|RccFhKLl|2014-12-24|0|2022-03-24
cntc1880|prty1880|cnty1880|fqHpsiiO|2021-12-14|1|2022-03-24
cntc1881|prty1881|cnty1881|oDyRoeWJ|2017-06-09|0|2022-03-24
cntc1882|prty1882|cnty1882|gkAjDWiN|2021-08-07|0|2022-03-24
cntc1883|prty1883|cnty1883|EmnpiCPR|2001-10-24|0|2022-03-24
cntc1884|prty1884|cnty1884|pHqapHZZ|2021-09-10|0|2022-03-24
cntc1885|prty1885|cnty1885|DkPGRpFU|2012-02-26|0|2022-03-24
cntc1886|prty1886|cnty1886|NzZhUqOL|2020-04-11|1|2022-03-24
cntc1887|prty1887|cnty1887|hnQRShzy|2017-08-13|1|2022-03-24
cntc1888|prty1888|cnty1888|ugGRzItv|2014-07-21|0|2022-03-24
cntc1889|prty1889|cnty1889|ccdScpwZ|2010-02-20|0|2022-03-24
cntc1890|prty1890|cnty1890|LxvPivFI|2007-11-15|1|2022-03-24
cntc1891|prty1891|cnty1891|URcXNimg|2019-11-26|0|2022-03-24
cntc1892|prty1892|cnty1892|mWCtlpFI|2006-08-01|1|2022-03-24
cntc1893|prty1893|cnty1893|MGPkSYax|2016-05-09|1|2022-03-24
cntc1894|prty1894|cnty1894|LMMyYMdn|2011-01-26|1|2022-03-24
cntc1895|prty1895|cnty1895|QjYHCHiB|2009-07-06|0|2022-03-24
cntc1896|prty1896|cnty1896|qpaaLdBR|2000-08-03|0|2022-03-24
cntc1897|prty1897|cnty1897|ZGDLGQpR|2007-04-30|1|2022-03-24
cntc1898|prty1898|cnty1898|tFulpFpr|2011-11-04|1|2022-03-24
cntc1899|prty1899|cnty1899|QYLzrBoc|2020-01-19|0|2022-03-24
cntc1900|prty1900|cnty1900|XrnUUWIH|2000-11-15|0|2022-03-24
cntc1901|prty1901|cnty1901|iMKZEKso|2008-01-16|0|2022-03-24
cntc1902|prty1902|cnty1902|PaeiUJFv|2016-08-06|0|2022-03-24
cntc1903|prty1903|cnty1903|GVDBkcSt|2019-01-31|0|2022-03-24
cntc1904|prty1904|cnty1904|sNsHwzpP|2002-04-07|0|2022-03-24
cntc1905|prty1905|cnty1905|vDXIaPYq|2016-12-26|0|2022-03-24
cntc1906|prty1906|cnty1906|AkNROGco|2008-04-08|1|2022-03-24
cntc1907|prty1907|cnty1907|tImiknss|2013-05-08|0|2022-03-24
cntc1908|prty1908|cnty1908|JbexbmUU|2004-02-07|0|2022-03-24
cntc1909|prty1909|cnty1909|JJkEOcav|2008-06-20|0|2022-03-24
cntc1910|prty1910|cnty1910|BMHHdQHB|2000-09-18|0|2022-03-24
cntc1911|prty1911|cnty1911|lWEsyNJR|2017-10-03|1|2022-03-24
cntc1912|prty1912|cnty1912|sgSbpPMS|2007-04-20|1|2022-03-24
cntc1913|prty1913|cnty1913|sixOLZMk|2004-08-16|1|2022-03-24
cntc1914|prty1914|cnty1914|MPlfmFxV|2002-05-17|1|2022-03-24
cntc1915|prty1915|cnty1915|dqeAYdWY|2015-06-11|1|2022-03-24
cntc1916|prty1916|cnty1916|CWgYheMP|2002-03-02|0|2022-03-24
cntc1917|prty1917|cnty1917|eiudosrv|2017-03-22|0|2022-03-24
cntc1918|prty1918|cnty1918|WsnRPayL|2009-07-11|1|2022-03-24
cntc1919|prty1919|cnty1919|IYxwvqJp|2019-09-06|1|2022-03-24
cntc1920|prty1920|cnty1920|OwbgriTG|2004-02-07|0|2022-03-24
cntc1921|prty1921|cnty1921|uLgFuokj|2016-09-24|1|2022-03-24
cntc1922|prty1922|cnty1922|azjMWrOn|2001-02-05|0|2022-03-24
cntc1923|prty1923|cnty1923|NXHPvlaF|2001-11-18|0|2022-03-24
cntc1924|prty1924|cnty1924|gNvLDauA|2001-11-06|0|2022-03-24
cntc1925|prty1925|cnty1925|QmYlcDeo|2003-09-19|1|2022-03-24
cntc1926|prty1926|cnty1926|MsSabMSU|2000-05-19|0|2022-03-24
cntc1927|prty1927|cnty1927|lmXwBJkY|2005-07-04|0|2022-03-24
cntc1928|prty1928|cnty1928|FFSzSnLL|2018-05-30|1|2022-03-24
cntc1929|prty1929|cnty1929|LYBalpXd|2021-01-19|0|2022-03-24
cntc1930|prty1930|cnty1930|vNrYgZAR|2010-07-30|1|2022-03-24
cntc1931|prty1931|cnty1931|wEKFvrxn|2001-02-04|1|2022-03-24
cntc1932|prty1932|cnty1932|UsNqpSsi|2006-04-27|0|2022-03-24
cntc1933|prty1933|cnty1933|kmDiQitw|2017-01-05|0|2022-03-24
cntc1934|prty1934|cnty1934|nsnvCYqq|2010-07-28|1|2022-03-24
cntc1935|prty1935|cnty1935|AHGHvolX|2011-04-10|0|2022-03-24
cntc1936|prty1936|cnty1936|GrAJOWgM|2008-05-22|1|2022-03-24
cntc1937|prty1937|cnty1937|XZzDjOKK|2002-09-18|1|2022-03-24
cntc1938|prty1938|cnty1938|VPzToMig|2004-10-25|0|2022-03-24
cntc1939|prty1939|cnty1939|PtNvYHOz|2005-12-03|1|2022-03-24
cntc1940|prty1940|cnty1940|xkGuQCRC|2008-08-01|0|2022-03-24
cntc1941|prty1941|cnty1941|HkTpANJo|2006-12-26|0|2022-03-24
cntc1942|prty1942|cnty1942|bwVMGmtr|2016-09-30|1|2022-03-24
cntc1943|prty1943|cnty1943|GRSnBSfI|2019-05-13|1|2022-03-24
cntc1944|prty1944|cnty1944|fprctoFY|2003-03-10|0|2022-03-24
cntc1945|prty1945|cnty1945|MdbqNPJv|2019-02-27|0|2022-03-24
cntc1946|prty1946|cnty1946|quyUVDQy|2008-08-06|1|2022-03-24
cntc1947|prty1947|cnty1947|BchocGUV|2000-10-03|0|2022-03-24
cntc1948|prty1948|cnty1948|jGeZXNWA|2013-11-21|0|2022-03-24
cntc1949|prty1949|cnty1949|fLPbFYsR|2005-10-21|1|2022-03-24
cntc1950|prty1950|cnty1950|BlghcdLH|2002-01-16|0|2022-03-24
cntc1951|prty1951|cnty1951|FgCyxnQR|2014-07-22|1|2022-03-24
cntc1952|prty1952|cnty1952|YZHWqWry|2011-12-16|1|2022-03-24
cntc1953|prty1953|cnty1953|jHGBDtXa|2004-12-12|1|2022-03-24
cntc1954|prty1954|cnty1954|sJXekoaF|2019-07-24|1|2022-03-24
cntc1955|prty1955|cnty1955|SvgFNAEw|2005-04-01|1|2022-03-24
cntc1956|prty1956|cnty1956|fhnsuDeB|2014-02-13|1|2022-03-24
cntc1957|prty1957|cnty1957|BIspjnRg|2020-10-12|0|2022-03-24
cntc1958|prty1958|cnty1958|mTWQzire|2021-11-23|0|2022-03-24
cntc1959|prty1959|cnty1959|dlHDUbyr|2018-02-27|0|2022-03-24
cntc1960|prty1960|cnty1960|qbhTKVin|2000-05-05|0|2022-03-24
cntc1961|prty1961|cnty1961|bORNYfQY|2019-05-22|1|2022-03-24
cntc1962|prty1962|cnty1962|TebkZIpk|2000-07-17|0|2022-03-24
cntc1963|prty1963|cnty1963|fIYzadxN|2013-08-12|0|2022-03-24
cntc1964|prty1964|cnty1964|TCbQGWVW|2013-02-11|1|2022-03-24
cntc1965|prty1965|cnty1965|ozgJnEnh|2001-07-12|0|2022-03-24
cntc1966|prty1966|cnty1966|HHdlabsJ|2015-08-14|1|2022-03-24
cntc1967|prty1967|cnty1967|uhWahXfr|2001-03-22|1|2022-03-24
cntc1968|prty1968|cnty1968|lHzZtPuA|2011-05-30|1|2022-03-24
cntc1969|prty1969|cnty1969|ZtpdagiK|2001-12-23|0|2022-03-24
cntc1970|prty1970|cnty1970|YfmqhFMJ|2019-01-30|1|2022-03-24
cntc1971|prty1971|cnty1971|FkTiOdZC|2016-07-11|1|2022-03-24
cntc1972|prty1972|cnty1972|SlqHnEUD|2003-12-20|0|2022-03-24
cntc1973|prty1973|cnty1973|SPnWcfBC|2002-06-18|1|2022-03-24
cntc1974|prty1974|cnty1974|NmPBLDbx|2012-08-15|0|2022-03-24
cntc1975|prty1975|cnty1975|SYHdQGgC|2017-11-08|1|2022-03-24
cntc1976|prty1976|cnty1976|aCWYgmWF|2002-01-18|1|2022-03-24
cntc1977|prty1977|cnty1977|DdDywjul|2014-09-17|1|2022-03-24
cntc1978|prty1978|cnty1978|ZbDvTjPy|2017-03-04|1|2022-03-24
cntc1979|prty1979|cnty1979|uxTCTRNj|2006-08-01|0|2022-03-24
cntc1980|prty1980|cnty1980|uVTFVWBD|2019-04-18|1|2022-03-24
cntc1981|prty1981|cnty1981|WUdowfKy|2001-08-23|1|2022-03-24
cntc1982|prty1982|cnty1982|RQHGabGx|2018-06-01|1|2022-03-24
cntc1983|prty1983|cnty1983|dKrcuZVy|2019-08-12|0|2022-03-24
cntc1984|prty1984|cnty1984|IQBUtTHV|2021-11-08|0|2022-03-24
cntc1985|prty1985|cnty1985|kBQqDwup|2014-03-19|1|2022-03-24
cntc1986|prty1986|cnty1986|kyVmolIz|2014-03-14|0|2022-03-24
cntc1987|prty1987|cnty1987|zgXVdaSP|2000-05-12|0|2022-03-24
cntc1988|prty1988|cnty1988|kTJlMTEJ|2001-06-12|1|2022-03-24
cntc1989|prty1989|cnty1989|kCKIpMwA|2002-12-14|1|2022-03-24
cntc1990|prty1990|cnty1990|BrkEWqcV|2009-04-03|1|2022-03-24
cntc1991|prty1991|cnty1991|jKXwLJQn|2021-12-20|0|2022-03-24
cntc1992|prty1992|cnty1992|LTsLvesQ|2019-06-08|1|2022-03-24
cntc1993|prty1993|cnty1993|cNDeDgEH|2000-09-13|1|2022-03-24
cntc1994|prty1994|cnty1994|zckAEwzL|2006-02-06|0|2022-03-24
cntc1995|prty1995|cnty1995|seyBCfOH|2000-01-30|1|2022-03-24
cntc1996|prty1996|cnty1996|GFEXVRss|2009-09-06|1|2022-03-24
cntc1997|prty1997|cnty1997|DQHLIrkd|2014-08-07|1|2022-03-24
cntc1998|prty1998|cnty1998|BbyYUOzT|2002-07-22|0|2022-03-24
cntc1999|prty1999|cnty1999|UpXcoAvo|2017-11-21|0|2022-03-24
cntc2000|prty2000|cnty2000|RrwYqaJp|2013-03-12|1|2022-03-24
