Party_ID|Connected_PEP_ID|Relation|Reference_Date
prty1001|ppid11|Family bonds|2022-03-24
prty1002|ppid12|Family bonds|2022-03-24
prty1003|ppid13|Associates|2022-03-24
prty1004|ppid14|Family bonds|2022-03-24
prty1005|ppid15|Associates|2022-03-24
prty1006|ppid16|Family bonds|2022-03-24
prty1007|ppid17|Associates|2022-03-24
prty1008|ppid18|Associates|2022-03-24
prty1009|ppid19|Family bonds|2022-03-24
prty1010|ppid20|Family bonds|2022-03-24
prty1011|ppid21|Family bonds|2022-03-24
prty1012|ppid22|Associates|2022-03-24
prty1013|ppid23|Associates|2022-03-24
prty1014|ppid24|Associates|2022-03-24
prty1015|ppid25|Associates|2022-03-24
prty1016|ppid26|Associates|2022-03-24
prty1017|ppid27|Associates|2022-03-24
prty1018|ppid28|Family bonds|2022-03-24
prty1019|ppid29|Associates|2022-03-24
prty1020|ppid30|Family bonds|2022-03-24
prty1021|ppid31|Family bonds|2022-03-24
prty1022|ppid32|Family bonds|2022-03-24
prty1023|ppid33|Family bonds|2022-03-24
prty1024|ppid34|Associates|2022-03-24
prty1025|ppid35|Associates|2022-03-24
prty1026|ppid36|Family bonds|2022-03-24
prty1027|ppid37|Associates|2022-03-24
prty1028|ppid38|Associates|2022-03-24
prty1029|ppid39|Associates|2022-03-24
prty1030|ppid40|Family bonds|2022-03-24
prty1031|ppid41|Family bonds|2022-03-24
prty1032|ppid42|Associates|2022-03-24
prty1033|ppid43|Family bonds|2022-03-24
prty1034|ppid44|Family bonds|2022-03-24
prty1035|ppid45|Associates|2022-03-24
prty1036|ppid46|Associates|2022-03-24
prty1037|ppid47|Family bonds|2022-03-24
prty1038|ppid48|Associates|2022-03-24
prty1039|ppid49|Family bonds|2022-03-24
prty1040|ppid50|Associates|2022-03-24
prty1041|ppid51|Family bonds|2022-03-24
prty1042|ppid52|Family bonds|2022-03-24
prty1043|ppid53|Associates|2022-03-24
prty1044|ppid54|Associates|2022-03-24
prty1045|ppid55|Associates|2022-03-24
prty1046|ppid56|Family bonds|2022-03-24
prty1047|ppid57|Associates|2022-03-24
prty1048|ppid58|Family bonds|2022-03-24
prty1049|ppid59|Associates|2022-03-24
prty1050|ppid60|Family bonds|2022-03-24
prty1051|ppid61|Family bonds|2022-03-24
prty1052|ppid62|Associates|2022-03-24
prty1053|ppid63|Associates|2022-03-24
prty1054|ppid64|Family bonds|2022-03-24
prty1055|ppid65|Associates|2022-03-24
prty1056|ppid66|Associates|2022-03-24
prty1057|ppid67|Family bonds|2022-03-24
prty1058|ppid68|Associates|2022-03-24
prty1059|ppid69|Family bonds|2022-03-24
prty1060|ppid70|Associates|2022-03-24
prty1061|ppid71|Associates|2022-03-24
prty1062|ppid72|Family bonds|2022-03-24
prty1063|ppid73|Associates|2022-03-24
prty1064|ppid74|Family bonds|2022-03-24
prty1065|ppid75|Family bonds|2022-03-24
prty1066|ppid76|Family bonds|2022-03-24
prty1067|ppid77|Associates|2022-03-24
prty1068|ppid78|Family bonds|2022-03-24
prty1069|ppid79|Associates|2022-03-24
prty1070|ppid80|Family bonds|2022-03-24
prty1071|ppid81|Associates|2022-03-24
prty1072|ppid82|Family bonds|2022-03-24
prty1073|ppid83|Associates|2022-03-24
prty1074|ppid84|Associates|2022-03-24
prty1075|ppid85|Associates|2022-03-24
prty1076|ppid86|Family bonds|2022-03-24
prty1077|ppid87|Family bonds|2022-03-24
prty1078|ppid88|Family bonds|2022-03-24
prty1079|ppid89|Associates|2022-03-24
prty1080|ppid90|Associates|2022-03-24
prty1081|ppid91|Family bonds|2022-03-24
prty1082|ppid92|Family bonds|2022-03-24
prty1083|ppid93|Associates|2022-03-24
prty1084|ppid94|Associates|2022-03-24
prty1085|ppid95|Associates|2022-03-24
prty1086|ppid96|Associates|2022-03-24
prty1087|ppid97|Associates|2022-03-24
prty1088|ppid98|Associates|2022-03-24
prty1089|ppid99|Associates|2022-03-24
prty1090|ppid1|Associates|2022-03-24
prty1091|ppid2|Associates|2022-03-24
prty1092|ppid3|Associates|2022-03-24
prty1093|ppid4|Associates|2022-03-24
prty1094|ppid5|Family bonds|2022-03-24
prty1095|ppid6|Associates|2022-03-24
prty1096|ppid7|Associates|2022-03-24
prty1097|ppid8|Associates|2022-03-24
prty1098|ppid9|Family bonds|2022-03-24
prty1099|ppid10|Associates|2022-03-24
prty1100|ppid11|Family bonds|2022-03-24
prty1101|ppid12|Associates|2022-03-24
prty1102|ppid13|Family bonds|2022-03-24
prty1103|ppid14|Family bonds|2022-03-24
prty1104|ppid15|Associates|2022-03-24
prty1105|ppid16|Family bonds|2022-03-24
prty1106|ppid17|Family bonds|2022-03-24
prty1107|ppid18|Associates|2022-03-24
prty1108|ppid19|Family bonds|2022-03-24
prty1109|ppid20|Associates|2022-03-24
prty1110|ppid21|Family bonds|2022-03-24
prty1111|ppid22|Family bonds|2022-03-24
prty1112|ppid23|Family bonds|2022-03-24
prty1113|ppid24|Family bonds|2022-03-24
prty1114|ppid25|Family bonds|2022-03-24
prty1115|ppid26|Family bonds|2022-03-24
prty1116|ppid27|Family bonds|2022-03-24
prty1117|ppid28|Family bonds|2022-03-24
prty1118|ppid29|Associates|2022-03-24
prty1119|ppid30|Family bonds|2022-03-24
prty1120|ppid31|Family bonds|2022-03-24
prty1121|ppid32|Associates|2022-03-24
prty1122|ppid33|Associates|2022-03-24
prty1123|ppid34|Associates|2022-03-24
prty1124|ppid35|Associates|2022-03-24
prty1125|ppid36|Associates|2022-03-24
prty1126|ppid37|Family bonds|2022-03-24
prty1127|ppid38|Associates|2022-03-24
prty1128|ppid39|Associates|2022-03-24
prty1129|ppid40|Family bonds|2022-03-24
prty1130|ppid41|Associates|2022-03-24
prty1131|ppid42|Family bonds|2022-03-24
prty1132|ppid43|Associates|2022-03-24
prty1133|ppid44|Associates|2022-03-24
prty1134|ppid45|Associates|2022-03-24
prty1135|ppid46|Associates|2022-03-24
prty1136|ppid47|Associates|2022-03-24
prty1137|ppid48|Family bonds|2022-03-24
prty1138|ppid49|Family bonds|2022-03-24
prty1139|ppid50|Family bonds|2022-03-24
prty1140|ppid51|Associates|2022-03-24
prty1141|ppid52|Family bonds|2022-03-24
prty1142|ppid53|Associates|2022-03-24
prty1143|ppid54|Family bonds|2022-03-24
prty1144|ppid55|Associates|2022-03-24
prty1145|ppid56|Family bonds|2022-03-24
prty1146|ppid57|Associates|2022-03-24
prty1147|ppid58|Associates|2022-03-24
prty1148|ppid59|Family bonds|2022-03-24
prty1149|ppid60|Family bonds|2022-03-24
prty1150|ppid61|Family bonds|2022-03-24
prty1151|ppid62|Associates|2022-03-24
prty1152|ppid63|Associates|2022-03-24
prty1153|ppid64|Associates|2022-03-24
prty1154|ppid65|Associates|2022-03-24
prty1155|ppid66|Family bonds|2022-03-24
prty1156|ppid67|Associates|2022-03-24
prty1157|ppid68|Associates|2022-03-24
prty1158|ppid69|Associates|2022-03-24
prty1159|ppid70|Associates|2022-03-24
prty1160|ppid71|Family bonds|2022-03-24
prty1161|ppid72|Family bonds|2022-03-24
prty1162|ppid73|Associates|2022-03-24
prty1163|ppid74|Associates|2022-03-24
prty1164|ppid75|Associates|2022-03-24
prty1165|ppid76|Associates|2022-03-24
prty1166|ppid77|Associates|2022-03-24
prty1167|ppid78|Family bonds|2022-03-24
prty1168|ppid79|Family bonds|2022-03-24
prty1169|ppid80|Associates|2022-03-24
prty1170|ppid81|Associates|2022-03-24
prty1171|ppid82|Family bonds|2022-03-24
prty1172|ppid83|Family bonds|2022-03-24
prty1173|ppid84|Associates|2022-03-24
prty1174|ppid85|Associates|2022-03-24
prty1175|ppid86|Associates|2022-03-24
prty1176|ppid87|Family bonds|2022-03-24
prty1177|ppid88|Family bonds|2022-03-24
prty1178|ppid89|Family bonds|2022-03-24
prty1179|ppid90|Associates|2022-03-24
prty1180|ppid91|Associates|2022-03-24
prty1181|ppid92|Associates|2022-03-24
prty1182|ppid93|Associates|2022-03-24
prty1183|ppid94|Family bonds|2022-03-24
prty1184|ppid95|Family bonds|2022-03-24
prty1185|ppid96|Associates|2022-03-24
prty1186|ppid97|Family bonds|2022-03-24
prty1187|ppid98|Associates|2022-03-24
prty1188|ppid99|Family bonds|2022-03-24
prty1189|ppid1|Family bonds|2022-03-24
prty1190|ppid2|Family bonds|2022-03-24
prty1191|ppid3|Family bonds|2022-03-24
prty1192|ppid4|Associates|2022-03-24
prty1193|ppid5|Family bonds|2022-03-24
prty1194|ppid6|Family bonds|2022-03-24
prty1195|ppid7|Family bonds|2022-03-24
prty1196|ppid8|Associates|2022-03-24
prty1197|ppid9|Family bonds|2022-03-24
prty1198|ppid10|Family bonds|2022-03-24
prty1199|ppid11|Associates|2022-03-24
prty1200|ppid12|Family bonds|2022-03-24
prty1201|ppid13|Associates|2022-03-24
prty1202|ppid14|Family bonds|2022-03-24
prty1203|ppid15|Associates|2022-03-24
prty1204|ppid16|Family bonds|2022-03-24
prty1205|ppid17|Associates|2022-03-24
prty1206|ppid18|Associates|2022-03-24
prty1207|ppid19|Family bonds|2022-03-24
prty1208|ppid20|Associates|2022-03-24
prty1209|ppid21|Family bonds|2022-03-24
prty1210|ppid22|Family bonds|2022-03-24
prty1211|ppid23|Family bonds|2022-03-24
prty1212|ppid24|Family bonds|2022-03-24
prty1213|ppid25|Family bonds|2022-03-24
prty1214|ppid26|Associates|2022-03-24
prty1215|ppid27|Family bonds|2022-03-24
prty1216|ppid28|Associates|2022-03-24
prty1217|ppid29|Family bonds|2022-03-24
prty1218|ppid30|Family bonds|2022-03-24
prty1219|ppid31|Associates|2022-03-24
prty1220|ppid32|Associates|2022-03-24
prty1221|ppid33|Family bonds|2022-03-24
prty1222|ppid34|Associates|2022-03-24
prty1223|ppid35|Family bonds|2022-03-24
prty1224|ppid36|Family bonds|2022-03-24
prty1225|ppid37|Associates|2022-03-24
prty1226|ppid38|Family bonds|2022-03-24
prty1227|ppid39|Family bonds|2022-03-24
prty1228|ppid40|Family bonds|2022-03-24
prty1229|ppid41|Family bonds|2022-03-24
prty1230|ppid42|Associates|2022-03-24
prty1231|ppid43|Associates|2022-03-24
prty1232|ppid44|Associates|2022-03-24
prty1233|ppid45|Associates|2022-03-24
prty1234|ppid46|Family bonds|2022-03-24
prty1235|ppid47|Family bonds|2022-03-24
prty1236|ppid48|Associates|2022-03-24
prty1237|ppid49|Family bonds|2022-03-24
prty1238|ppid50|Associates|2022-03-24
prty1239|ppid51|Family bonds|2022-03-24
prty1240|ppid52|Family bonds|2022-03-24
prty1241|ppid53|Associates|2022-03-24
prty1242|ppid54|Associates|2022-03-24
prty1243|ppid55|Family bonds|2022-03-24
prty1244|ppid56|Associates|2022-03-24
prty1245|ppid57|Family bonds|2022-03-24
prty1246|ppid58|Associates|2022-03-24
prty1247|ppid59|Family bonds|2022-03-24
prty1248|ppid60|Family bonds|2022-03-24
prty1249|ppid61|Associates|2022-03-24
prty1250|ppid62|Family bonds|2022-03-24
prty1251|ppid63|Associates|2022-03-24
prty1252|ppid64|Family bonds|2022-03-24
prty1253|ppid65|Family bonds|2022-03-24
prty1254|ppid66|Family bonds|2022-03-24
prty1255|ppid67|Associates|2022-03-24
prty1256|ppid68|Associates|2022-03-24
prty1257|ppid69|Associates|2022-03-24
prty1258|ppid70|Associates|2022-03-24
prty1259|ppid71|Associates|2022-03-24
prty1260|ppid72|Family bonds|2022-03-24
prty1261|ppid73|Associates|2022-03-24
prty1262|ppid74|Family bonds|2022-03-24
prty1263|ppid75|Family bonds|2022-03-24
prty1264|ppid76|Associates|2022-03-24
prty1265|ppid77|Family bonds|2022-03-24
prty1266|ppid78|Associates|2022-03-24
prty1267|ppid79|Associates|2022-03-24
prty1268|ppid80|Family bonds|2022-03-24
prty1269|ppid81|Family bonds|2022-03-24
prty1270|ppid82|Family bonds|2022-03-24
prty1271|ppid83|Associates|2022-03-24
prty1272|ppid84|Associates|2022-03-24
prty1273|ppid85|Family bonds|2022-03-24
prty1274|ppid86|Associates|2022-03-24
prty1275|ppid87|Family bonds|2022-03-24
prty1276|ppid88|Family bonds|2022-03-24
prty1277|ppid89|Family bonds|2022-03-24
prty1278|ppid90|Associates|2022-03-24
prty1279|ppid91|Associates|2022-03-24
prty1280|ppid92|Associates|2022-03-24
prty1281|ppid93|Family bonds|2022-03-24
prty1282|ppid94|Associates|2022-03-24
prty1283|ppid95|Family bonds|2022-03-24
prty1284|ppid96|Associates|2022-03-24
prty1285|ppid97|Associates|2022-03-24
prty1286|ppid98|Associates|2022-03-24
prty1287|ppid99|Associates|2022-03-24
prty1288|ppid1|Associates|2022-03-24
prty1289|ppid2|Family bonds|2022-03-24
prty1290|ppid3|Family bonds|2022-03-24
prty1291|ppid4|Family bonds|2022-03-24
prty1292|ppid5|Associates|2022-03-24
prty1293|ppid6|Family bonds|2022-03-24
prty1294|ppid7|Family bonds|2022-03-24
prty1295|ppid8|Associates|2022-03-24
prty1296|ppid9|Family bonds|2022-03-24
prty1297|ppid10|Associates|2022-03-24
prty1298|ppid11|Family bonds|2022-03-24
prty1299|ppid12|Associates|2022-03-24
prty1300|ppid13|Associates|2022-03-24
prty1301|ppid14|Family bonds|2022-03-24
prty1302|ppid15|Family bonds|2022-03-24
prty1303|ppid16|Associates|2022-03-24
prty1304|ppid17|Associates|2022-03-24
prty1305|ppid18|Family bonds|2022-03-24
prty1306|ppid19|Family bonds|2022-03-24
prty1307|ppid20|Family bonds|2022-03-24
prty1308|ppid21|Associates|2022-03-24
prty1309|ppid22|Family bonds|2022-03-24
prty1310|ppid23|Associates|2022-03-24
prty1311|ppid24|Family bonds|2022-03-24
prty1312|ppid25|Family bonds|2022-03-24
prty1313|ppid26|Associates|2022-03-24
prty1314|ppid27|Associates|2022-03-24
prty1315|ppid28|Family bonds|2022-03-24
prty1316|ppid29|Associates|2022-03-24
prty1317|ppid30|Family bonds|2022-03-24
prty1318|ppid31|Associates|2022-03-24
prty1319|ppid32|Associates|2022-03-24
prty1320|ppid33|Family bonds|2022-03-24
prty1321|ppid34|Family bonds|2022-03-24
prty1322|ppid35|Associates|2022-03-24
prty1323|ppid36|Family bonds|2022-03-24
prty1324|ppid37|Family bonds|2022-03-24
prty1325|ppid38|Associates|2022-03-24
prty1326|ppid39|Family bonds|2022-03-24
prty1327|ppid40|Family bonds|2022-03-24
prty1328|ppid41|Associates|2022-03-24
prty1329|ppid42|Associates|2022-03-24
prty1330|ppid43|Family bonds|2022-03-24
prty1331|ppid44|Associates|2022-03-24
prty1332|ppid45|Associates|2022-03-24
prty1333|ppid46|Associates|2022-03-24
prty1334|ppid47|Associates|2022-03-24
prty1335|ppid48|Family bonds|2022-03-24
prty1336|ppid49|Family bonds|2022-03-24
prty1337|ppid50|Associates|2022-03-24
prty1338|ppid51|Associates|2022-03-24
prty1339|ppid52|Family bonds|2022-03-24
prty1340|ppid53|Associates|2022-03-24
prty1341|ppid54|Associates|2022-03-24
prty1342|ppid55|Family bonds|2022-03-24
prty1343|ppid56|Family bonds|2022-03-24
prty1344|ppid57|Associates|2022-03-24
prty1345|ppid58|Associates|2022-03-24
prty1346|ppid59|Family bonds|2022-03-24
prty1347|ppid60|Associates|2022-03-24
prty1348|ppid61|Family bonds|2022-03-24
prty1349|ppid62|Associates|2022-03-24
prty1350|ppid63|Associates|2022-03-24
prty1351|ppid64|Associates|2022-03-24
prty1352|ppid65|Family bonds|2022-03-24
prty1353|ppid66|Family bonds|2022-03-24
prty1354|ppid67|Associates|2022-03-24
prty1355|ppid68|Associates|2022-03-24
prty1356|ppid69|Associates|2022-03-24
prty1357|ppid70|Family bonds|2022-03-24
prty1358|ppid71|Associates|2022-03-24
prty1359|ppid72|Associates|2022-03-24
prty1360|ppid73|Family bonds|2022-03-24
prty1361|ppid74|Family bonds|2022-03-24
prty1362|ppid75|Family bonds|2022-03-24
prty1363|ppid76|Associates|2022-03-24
prty1364|ppid77|Family bonds|2022-03-24
prty1365|ppid78|Associates|2022-03-24
prty1366|ppid79|Family bonds|2022-03-24
prty1367|ppid80|Associates|2022-03-24
prty1368|ppid81|Associates|2022-03-24
prty1369|ppid82|Associates|2022-03-24
prty1370|ppid83|Family bonds|2022-03-24
prty1371|ppid84|Family bonds|2022-03-24
prty1372|ppid85|Associates|2022-03-24
prty1373|ppid86|Family bonds|2022-03-24
prty1374|ppid87|Family bonds|2022-03-24
prty1375|ppid88|Associates|2022-03-24
prty1376|ppid89|Associates|2022-03-24
prty1377|ppid90|Associates|2022-03-24
prty1378|ppid91|Family bonds|2022-03-24
prty1379|ppid92|Associates|2022-03-24
prty1380|ppid93|Associates|2022-03-24
prty1381|ppid94|Associates|2022-03-24
prty1382|ppid95|Associates|2022-03-24
prty1383|ppid96|Family bonds|2022-03-24
prty1384|ppid97|Associates|2022-03-24
prty1385|ppid98|Family bonds|2022-03-24
prty1386|ppid99|Associates|2022-03-24
prty1387|ppid1|Associates|2022-03-24
prty1388|ppid2|Family bonds|2022-03-24
prty1389|ppid3|Associates|2022-03-24
prty1390|ppid4|Associates|2022-03-24
prty1391|ppid5|Associates|2022-03-24
prty1392|ppid6|Family bonds|2022-03-24
prty1393|ppid7|Family bonds|2022-03-24
prty1394|ppid8|Associates|2022-03-24
prty1395|ppid9|Associates|2022-03-24
prty1396|ppid10|Associates|2022-03-24
prty1397|ppid11|Family bonds|2022-03-24
prty1398|ppid12|Family bonds|2022-03-24
prty1399|ppid13|Associates|2022-03-24
prty1400|ppid14|Associates|2022-03-24
prty1401|ppid15|Family bonds|2022-03-24
prty1402|ppid16|Family bonds|2022-03-24
prty1403|ppid17|Associates|2022-03-24
prty1404|ppid18|Family bonds|2022-03-24
prty1405|ppid19|Associates|2022-03-24
prty1406|ppid20|Family bonds|2022-03-24
prty1407|ppid21|Associates|2022-03-24
prty1408|ppid22|Associates|2022-03-24
prty1409|ppid23|Family bonds|2022-03-24
prty1410|ppid24|Family bonds|2022-03-24
prty1411|ppid25|Family bonds|2022-03-24
prty1412|ppid26|Family bonds|2022-03-24
prty1413|ppid27|Family bonds|2022-03-24
prty1414|ppid28|Associates|2022-03-24
prty1415|ppid29|Family bonds|2022-03-24
prty1416|ppid30|Family bonds|2022-03-24
prty1417|ppid31|Family bonds|2022-03-24
prty1418|ppid32|Family bonds|2022-03-24
prty1419|ppid33|Associates|2022-03-24
prty1420|ppid34|Associates|2022-03-24
prty1421|ppid35|Associates|2022-03-24
prty1422|ppid36|Associates|2022-03-24
prty1423|ppid37|Family bonds|2022-03-24
prty1424|ppid38|Associates|2022-03-24
prty1425|ppid39|Associates|2022-03-24
prty1426|ppid40|Family bonds|2022-03-24
prty1427|ppid41|Family bonds|2022-03-24
prty1428|ppid42|Associates|2022-03-24
prty1429|ppid43|Associates|2022-03-24
prty1430|ppid44|Family bonds|2022-03-24
prty1431|ppid45|Associates|2022-03-24
prty1432|ppid46|Family bonds|2022-03-24
prty1433|ppid47|Family bonds|2022-03-24
prty1434|ppid48|Associates|2022-03-24
prty1435|ppid49|Associates|2022-03-24
prty1436|ppid50|Family bonds|2022-03-24
prty1437|ppid51|Associates|2022-03-24
prty1438|ppid52|Family bonds|2022-03-24
prty1439|ppid53|Family bonds|2022-03-24
prty1440|ppid54|Associates|2022-03-24
prty1441|ppid55|Family bonds|2022-03-24
prty1442|ppid56|Family bonds|2022-03-24
prty1443|ppid57|Family bonds|2022-03-24
prty1444|ppid58|Associates|2022-03-24
prty1445|ppid59|Associates|2022-03-24
prty1446|ppid60|Associates|2022-03-24
prty1447|ppid61|Associates|2022-03-24
prty1448|ppid62|Associates|2022-03-24
prty1449|ppid63|Associates|2022-03-24
prty1450|ppid64|Family bonds|2022-03-24
prty1451|ppid65|Family bonds|2022-03-24
prty1452|ppid66|Family bonds|2022-03-24
prty1453|ppid67|Family bonds|2022-03-24
prty1454|ppid68|Associates|2022-03-24
prty1455|ppid69|Associates|2022-03-24
prty1456|ppid70|Associates|2022-03-24
prty1457|ppid71|Family bonds|2022-03-24
prty1458|ppid72|Family bonds|2022-03-24
prty1459|ppid73|Associates|2022-03-24
prty1460|ppid74|Associates|2022-03-24
prty1461|ppid75|Associates|2022-03-24
prty1462|ppid76|Associates|2022-03-24
prty1463|ppid77|Associates|2022-03-24
prty1464|ppid78|Family bonds|2022-03-24
prty1465|ppid79|Associates|2022-03-24
prty1466|ppid80|Associates|2022-03-24
prty1467|ppid81|Associates|2022-03-24
prty1468|ppid82|Associates|2022-03-24
prty1469|ppid83|Associates|2022-03-24
prty1470|ppid84|Family bonds|2022-03-24
prty1471|ppid85|Associates|2022-03-24
prty1472|ppid86|Associates|2022-03-24
prty1473|ppid87|Associates|2022-03-24
prty1474|ppid88|Associates|2022-03-24
prty1475|ppid89|Associates|2022-03-24
prty1476|ppid90|Family bonds|2022-03-24
prty1477|ppid91|Associates|2022-03-24
prty1478|ppid92|Family bonds|2022-03-24
prty1479|ppid93|Family bonds|2022-03-24
prty1480|ppid94|Family bonds|2022-03-24
prty1481|ppid95|Family bonds|2022-03-24
prty1482|ppid96|Associates|2022-03-24
prty1483|ppid97|Family bonds|2022-03-24
prty1484|ppid98|Associates|2022-03-24
prty1485|ppid99|Associates|2022-03-24
prty1486|ppid1|Associates|2022-03-24
prty1487|ppid2|Family bonds|2022-03-24
prty1488|ppid3|Associates|2022-03-24
prty1489|ppid4|Family bonds|2022-03-24
prty1490|ppid5|Family bonds|2022-03-24
prty1491|ppid6|Associates|2022-03-24
prty1492|ppid7|Family bonds|2022-03-24
prty1493|ppid8|Family bonds|2022-03-24
prty1494|ppid9|Associates|2022-03-24
prty1495|ppid10|Family bonds|2022-03-24
prty1496|ppid11|Associates|2022-03-24
prty1497|ppid12|Family bonds|2022-03-24
prty1498|ppid13|Associates|2022-03-24
prty1499|ppid14|Associates|2022-03-24
prty1500|ppid15|Family bonds|2022-03-24
prty1501|ppid16|Family bonds|2022-03-24
prty1502|ppid17|Associates|2022-03-24
prty1503|ppid18|Associates|2022-03-24
prty1504|ppid19|Associates|2022-03-24
prty1505|ppid20|Associates|2022-03-24
prty1506|ppid21|Family bonds|2022-03-24
prty1507|ppid22|Associates|2022-03-24
prty1508|ppid23|Family bonds|2022-03-24
prty1509|ppid24|Family bonds|2022-03-24
prty1510|ppid25|Family bonds|2022-03-24
prty1511|ppid26|Family bonds|2022-03-24
prty1512|ppid27|Associates|2022-03-24
prty1513|ppid28|Family bonds|2022-03-24
prty1514|ppid29|Family bonds|2022-03-24
prty1515|ppid30|Family bonds|2022-03-24
prty1516|ppid31|Family bonds|2022-03-24
prty1517|ppid32|Associates|2022-03-24
prty1518|ppid33|Family bonds|2022-03-24
prty1519|ppid34|Associates|2022-03-24
prty1520|ppid35|Associates|2022-03-24
prty1521|ppid36|Family bonds|2022-03-24
prty1522|ppid37|Associates|2022-03-24
prty1523|ppid38|Family bonds|2022-03-24
prty1524|ppid39|Family bonds|2022-03-24
prty1525|ppid40|Family bonds|2022-03-24
prty1526|ppid41|Associates|2022-03-24
prty1527|ppid42|Associates|2022-03-24
prty1528|ppid43|Family bonds|2022-03-24
prty1529|ppid44|Family bonds|2022-03-24
prty1530|ppid45|Associates|2022-03-24
prty1531|ppid46|Associates|2022-03-24
prty1532|ppid47|Associates|2022-03-24
prty1533|ppid48|Associates|2022-03-24
prty1534|ppid49|Associates|2022-03-24
prty1535|ppid50|Family bonds|2022-03-24
prty1536|ppid51|Associates|2022-03-24
prty1537|ppid52|Family bonds|2022-03-24
prty1538|ppid53|Associates|2022-03-24
prty1539|ppid54|Associates|2022-03-24
prty1540|ppid55|Associates|2022-03-24
prty1541|ppid56|Associates|2022-03-24
prty1542|ppid57|Family bonds|2022-03-24
prty1543|ppid58|Associates|2022-03-24
prty1544|ppid59|Family bonds|2022-03-24
prty1545|ppid60|Associates|2022-03-24
prty1546|ppid61|Family bonds|2022-03-24
prty1547|ppid62|Family bonds|2022-03-24
prty1548|ppid63|Associates|2022-03-24
prty1549|ppid64|Family bonds|2022-03-24
prty1550|ppid65|Associates|2022-03-24
prty1551|ppid66|Associates|2022-03-24
prty1552|ppid67|Family bonds|2022-03-24
prty1553|ppid68|Associates|2022-03-24
prty1554|ppid69|Family bonds|2022-03-24
prty1555|ppid70|Associates|2022-03-24
prty1556|ppid71|Associates|2022-03-24
prty1557|ppid72|Associates|2022-03-24
prty1558|ppid73|Associates|2022-03-24
prty1559|ppid74|Family bonds|2022-03-24
prty1560|ppid75|Associates|2022-03-24
prty1561|ppid76|Family bonds|2022-03-24
prty1562|ppid77|Associates|2022-03-24
prty1563|ppid78|Family bonds|2022-03-24
prty1564|ppid79|Associates|2022-03-24
prty1565|ppid80|Associates|2022-03-24
prty1566|ppid81|Associates|2022-03-24
prty1567|ppid82|Family bonds|2022-03-24
prty1568|ppid83|Associates|2022-03-24
prty1569|ppid84|Associates|2022-03-24
prty1570|ppid85|Associates|2022-03-24
prty1571|ppid86|Family bonds|2022-03-24
prty1572|ppid87|Family bonds|2022-03-24
prty1573|ppid88|Associates|2022-03-24
prty1574|ppid89|Associates|2022-03-24
prty1575|ppid90|Associates|2022-03-24
prty1576|ppid91|Family bonds|2022-03-24
prty1577|ppid92|Associates|2022-03-24
prty1578|ppid93|Family bonds|2022-03-24
prty1579|ppid94|Associates|2022-03-24
prty1580|ppid95|Associates|2022-03-24
prty1581|ppid96|Associates|2022-03-24
prty1582|ppid97|Family bonds|2022-03-24
prty1583|ppid98|Family bonds|2022-03-24
prty1584|ppid99|Family bonds|2022-03-24
prty1585|ppid1|Family bonds|2022-03-24
prty1586|ppid2|Family bonds|2022-03-24
prty1587|ppid3|Associates|2022-03-24
prty1588|ppid4|Associates|2022-03-24
prty1589|ppid5|Associates|2022-03-24
prty1590|ppid6|Family bonds|2022-03-24
prty1591|ppid7|Associates|2022-03-24
prty1592|ppid8|Family bonds|2022-03-24
prty1593|ppid9|Associates|2022-03-24
prty1594|ppid10|Family bonds|2022-03-24
prty1595|ppid11|Family bonds|2022-03-24
prty1596|ppid12|Associates|2022-03-24
prty1597|ppid13|Associates|2022-03-24
prty1598|ppid14|Associates|2022-03-24
prty1599|ppid15|Family bonds|2022-03-24
prty1600|ppid16|Associates|2022-03-24
prty1601|ppid17|Family bonds|2022-03-24
prty1602|ppid18|Family bonds|2022-03-24
prty1603|ppid19|Family bonds|2022-03-24
prty1604|ppid20|Associates|2022-03-24
prty1605|ppid21|Associates|2022-03-24
prty1606|ppid22|Associates|2022-03-24
prty1607|ppid23|Family bonds|2022-03-24
prty1608|ppid24|Associates|2022-03-24
prty1609|ppid25|Associates|2022-03-24
prty1610|ppid26|Family bonds|2022-03-24
prty1611|ppid27|Associates|2022-03-24
prty1612|ppid28|Associates|2022-03-24
prty1613|ppid29|Family bonds|2022-03-24
prty1614|ppid30|Associates|2022-03-24
prty1615|ppid31|Family bonds|2022-03-24
prty1616|ppid32|Associates|2022-03-24
prty1617|ppid33|Family bonds|2022-03-24
prty1618|ppid34|Family bonds|2022-03-24
prty1619|ppid35|Family bonds|2022-03-24
prty1620|ppid36|Associates|2022-03-24
prty1621|ppid37|Associates|2022-03-24
prty1622|ppid38|Associates|2022-03-24
prty1623|ppid39|Associates|2022-03-24
prty1624|ppid40|Family bonds|2022-03-24
prty1625|ppid41|Family bonds|2022-03-24
prty1626|ppid42|Associates|2022-03-24
prty1627|ppid43|Associates|2022-03-24
prty1628|ppid44|Family bonds|2022-03-24
prty1629|ppid45|Family bonds|2022-03-24
prty1630|ppid46|Family bonds|2022-03-24
prty1631|ppid47|Associates|2022-03-24
prty1632|ppid48|Family bonds|2022-03-24
prty1633|ppid49|Family bonds|2022-03-24
prty1634|ppid50|Associates|2022-03-24
prty1635|ppid51|Associates|2022-03-24
prty1636|ppid52|Family bonds|2022-03-24
prty1637|ppid53|Family bonds|2022-03-24
prty1638|ppid54|Associates|2022-03-24
prty1639|ppid55|Associates|2022-03-24
prty1640|ppid56|Family bonds|2022-03-24
prty1641|ppid57|Associates|2022-03-24
prty1642|ppid58|Associates|2022-03-24
prty1643|ppid59|Associates|2022-03-24
prty1644|ppid60|Family bonds|2022-03-24
prty1645|ppid61|Family bonds|2022-03-24
prty1646|ppid62|Family bonds|2022-03-24
prty1647|ppid63|Associates|2022-03-24
prty1648|ppid64|Family bonds|2022-03-24
prty1649|ppid65|Associates|2022-03-24
prty1650|ppid66|Family bonds|2022-03-24
prty1651|ppid67|Family bonds|2022-03-24
prty1652|ppid68|Associates|2022-03-24
prty1653|ppid69|Associates|2022-03-24
prty1654|ppid70|Associates|2022-03-24
prty1655|ppid71|Family bonds|2022-03-24
prty1656|ppid72|Associates|2022-03-24
prty1657|ppid73|Family bonds|2022-03-24
prty1658|ppid74|Associates|2022-03-24
prty1659|ppid75|Associates|2022-03-24
prty1660|ppid76|Family bonds|2022-03-24
prty1661|ppid77|Associates|2022-03-24
prty1662|ppid78|Family bonds|2022-03-24
prty1663|ppid79|Associates|2022-03-24
prty1664|ppid80|Family bonds|2022-03-24
prty1665|ppid81|Associates|2022-03-24
prty1666|ppid82|Family bonds|2022-03-24
prty1667|ppid83|Associates|2022-03-24
prty1668|ppid84|Family bonds|2022-03-24
prty1669|ppid85|Associates|2022-03-24
prty1670|ppid86|Associates|2022-03-24
prty1671|ppid87|Family bonds|2022-03-24
prty1672|ppid88|Associates|2022-03-24
prty1673|ppid89|Family bonds|2022-03-24
prty1674|ppid90|Associates|2022-03-24
prty1675|ppid91|Associates|2022-03-24
prty1676|ppid92|Associates|2022-03-24
prty1677|ppid93|Associates|2022-03-24
prty1678|ppid94|Associates|2022-03-24
prty1679|ppid95|Associates|2022-03-24
prty1680|ppid96|Associates|2022-03-24
prty1681|ppid97|Family bonds|2022-03-24
prty1682|ppid98|Associates|2022-03-24
prty1683|ppid99|Family bonds|2022-03-24
prty1684|ppid1|Associates|2022-03-24
prty1685|ppid2|Family bonds|2022-03-24
prty1686|ppid3|Associates|2022-03-24
prty1687|ppid4|Family bonds|2022-03-24
prty1688|ppid5|Associates|2022-03-24
prty1689|ppid6|Associates|2022-03-24
prty1690|ppid7|Associates|2022-03-24
prty1691|ppid8|Associates|2022-03-24
prty1692|ppid9|Family bonds|2022-03-24
prty1693|ppid10|Associates|2022-03-24
prty1694|ppid11|Associates|2022-03-24
prty1695|ppid12|Associates|2022-03-24
prty1696|ppid13|Family bonds|2022-03-24
prty1697|ppid14|Family bonds|2022-03-24
prty1698|ppid15|Family bonds|2022-03-24
prty1699|ppid16|Family bonds|2022-03-24
prty1700|ppid17|Associates|2022-03-24
prty1701|ppid18|Associates|2022-03-24
prty1702|ppid19|Family bonds|2022-03-24
prty1703|ppid20|Family bonds|2022-03-24
prty1704|ppid21|Family bonds|2022-03-24
prty1705|ppid22|Associates|2022-03-24
prty1706|ppid23|Associates|2022-03-24
prty1707|ppid24|Family bonds|2022-03-24
prty1708|ppid25|Associates|2022-03-24
prty1709|ppid26|Associates|2022-03-24
prty1710|ppid27|Family bonds|2022-03-24
prty1711|ppid28|Associates|2022-03-24
prty1712|ppid29|Associates|2022-03-24
prty1713|ppid30|Associates|2022-03-24
prty1714|ppid31|Family bonds|2022-03-24
prty1715|ppid32|Associates|2022-03-24
prty1716|ppid33|Associates|2022-03-24
prty1717|ppid34|Family bonds|2022-03-24
prty1718|ppid35|Associates|2022-03-24
prty1719|ppid36|Family bonds|2022-03-24
prty1720|ppid37|Family bonds|2022-03-24
prty1721|ppid38|Associates|2022-03-24
prty1722|ppid39|Family bonds|2022-03-24
prty1723|ppid40|Family bonds|2022-03-24
prty1724|ppid41|Associates|2022-03-24
prty1725|ppid42|Family bonds|2022-03-24
prty1726|ppid43|Associates|2022-03-24
prty1727|ppid44|Family bonds|2022-03-24
prty1728|ppid45|Family bonds|2022-03-24
prty1729|ppid46|Associates|2022-03-24
prty1730|ppid47|Family bonds|2022-03-24
prty1731|ppid48|Associates|2022-03-24
prty1732|ppid49|Associates|2022-03-24
prty1733|ppid50|Family bonds|2022-03-24
prty1734|ppid51|Associates|2022-03-24
prty1735|ppid52|Associates|2022-03-24
prty1736|ppid53|Associates|2022-03-24
prty1737|ppid54|Family bonds|2022-03-24
prty1738|ppid55|Family bonds|2022-03-24
prty1739|ppid56|Family bonds|2022-03-24
prty1740|ppid57|Family bonds|2022-03-24
prty1741|ppid58|Family bonds|2022-03-24
prty1742|ppid59|Associates|2022-03-24
prty1743|ppid60|Associates|2022-03-24
prty1744|ppid61|Family bonds|2022-03-24
prty1745|ppid62|Associates|2022-03-24
prty1746|ppid63|Family bonds|2022-03-24
prty1747|ppid64|Associates|2022-03-24
prty1748|ppid65|Family bonds|2022-03-24
prty1749|ppid66|Associates|2022-03-24
prty1750|ppid67|Family bonds|2022-03-24
prty1751|ppid68|Associates|2022-03-24
prty1752|ppid69|Family bonds|2022-03-24
prty1753|ppid70|Family bonds|2022-03-24
prty1754|ppid71|Associates|2022-03-24
prty1755|ppid72|Associates|2022-03-24
prty1756|ppid73|Associates|2022-03-24
prty1757|ppid74|Associates|2022-03-24
prty1758|ppid75|Family bonds|2022-03-24
prty1759|ppid76|Family bonds|2022-03-24
prty1760|ppid77|Family bonds|2022-03-24
prty1761|ppid78|Associates|2022-03-24
prty1762|ppid79|Associates|2022-03-24
prty1763|ppid80|Associates|2022-03-24
prty1764|ppid81|Family bonds|2022-03-24
prty1765|ppid82|Family bonds|2022-03-24
prty1766|ppid83|Associates|2022-03-24
prty1767|ppid84|Family bonds|2022-03-24
prty1768|ppid85|Family bonds|2022-03-24
prty1769|ppid86|Associates|2022-03-24
prty1770|ppid87|Associates|2022-03-24
prty1771|ppid88|Associates|2022-03-24
prty1772|ppid89|Family bonds|2022-03-24
prty1773|ppid90|Family bonds|2022-03-24
prty1774|ppid91|Associates|2022-03-24
prty1775|ppid92|Family bonds|2022-03-24
prty1776|ppid93|Family bonds|2022-03-24
prty1777|ppid94|Associates|2022-03-24
prty1778|ppid95|Family bonds|2022-03-24
prty1779|ppid96|Family bonds|2022-03-24
prty1780|ppid97|Family bonds|2022-03-24
prty1781|ppid98|Associates|2022-03-24
prty1782|ppid99|Associates|2022-03-24
prty1783|ppid1|Associates|2022-03-24
prty1784|ppid2|Family bonds|2022-03-24
prty1785|ppid3|Associates|2022-03-24
prty1786|ppid4|Associates|2022-03-24
prty1787|ppid5|Associates|2022-03-24
prty1788|ppid6|Family bonds|2022-03-24
prty1789|ppid7|Family bonds|2022-03-24
prty1790|ppid8|Family bonds|2022-03-24
prty1791|ppid9|Associates|2022-03-24
prty1792|ppid10|Associates|2022-03-24
prty1793|ppid11|Family bonds|2022-03-24
prty1794|ppid12|Family bonds|2022-03-24
prty1795|ppid13|Associates|2022-03-24
prty1796|ppid14|Family bonds|2022-03-24
prty1797|ppid15|Family bonds|2022-03-24
prty1798|ppid16|Associates|2022-03-24
prty1799|ppid17|Family bonds|2022-03-24
prty1800|ppid18|Family bonds|2022-03-24
prty1801|ppid19|Associates|2022-03-24
prty1802|ppid20|Family bonds|2022-03-24
prty1803|ppid21|Associates|2022-03-24
prty1804|ppid22|Associates|2022-03-24
prty1805|ppid23|Associates|2022-03-24
prty1806|ppid24|Family bonds|2022-03-24
prty1807|ppid25|Associates|2022-03-24
prty1808|ppid26|Family bonds|2022-03-24
prty1809|ppid27|Family bonds|2022-03-24
prty1810|ppid28|Family bonds|2022-03-24
prty1811|ppid29|Associates|2022-03-24
prty1812|ppid30|Associates|2022-03-24
prty1813|ppid31|Associates|2022-03-24
prty1814|ppid32|Associates|2022-03-24
prty1815|ppid33|Associates|2022-03-24
prty1816|ppid34|Family bonds|2022-03-24
prty1817|ppid35|Associates|2022-03-24
prty1818|ppid36|Family bonds|2022-03-24
prty1819|ppid37|Family bonds|2022-03-24
prty1820|ppid38|Associates|2022-03-24
prty1821|ppid39|Family bonds|2022-03-24
prty1822|ppid40|Family bonds|2022-03-24
prty1823|ppid41|Associates|2022-03-24
prty1824|ppid42|Family bonds|2022-03-24
prty1825|ppid43|Associates|2022-03-24
prty1826|ppid44|Associates|2022-03-24
prty1827|ppid45|Associates|2022-03-24
prty1828|ppid46|Family bonds|2022-03-24
prty1829|ppid47|Family bonds|2022-03-24
prty1830|ppid48|Associates|2022-03-24
prty1831|ppid49|Family bonds|2022-03-24
prty1832|ppid50|Family bonds|2022-03-24
prty1833|ppid51|Associates|2022-03-24
prty1834|ppid52|Associates|2022-03-24
prty1835|ppid53|Associates|2022-03-24
prty1836|ppid54|Family bonds|2022-03-24
prty1837|ppid55|Associates|2022-03-24
prty1838|ppid56|Associates|2022-03-24
prty1839|ppid57|Family bonds|2022-03-24
prty1840|ppid58|Family bonds|2022-03-24
prty1841|ppid59|Family bonds|2022-03-24
prty1842|ppid60|Family bonds|2022-03-24
prty1843|ppid61|Associates|2022-03-24
prty1844|ppid62|Associates|2022-03-24
prty1845|ppid63|Associates|2022-03-24
prty1846|ppid64|Associates|2022-03-24
prty1847|ppid65|Associates|2022-03-24
prty1848|ppid66|Family bonds|2022-03-24
prty1849|ppid67|Associates|2022-03-24
prty1850|ppid68|Associates|2022-03-24
prty1851|ppid69|Family bonds|2022-03-24
prty1852|ppid70|Associates|2022-03-24
prty1853|ppid71|Associates|2022-03-24
prty1854|ppid72|Family bonds|2022-03-24
prty1855|ppid73|Associates|2022-03-24
prty1856|ppid74|Family bonds|2022-03-24
prty1857|ppid75|Associates|2022-03-24
prty1858|ppid76|Family bonds|2022-03-24
prty1859|ppid77|Associates|2022-03-24
prty1860|ppid78|Associates|2022-03-24
prty1861|ppid79|Family bonds|2022-03-24
prty1862|ppid80|Family bonds|2022-03-24
prty1863|ppid81|Family bonds|2022-03-24
prty1864|ppid82|Associates|2022-03-24
prty1865|ppid83|Associates|2022-03-24
prty1866|ppid84|Associates|2022-03-24
prty1867|ppid85|Family bonds|2022-03-24
prty1868|ppid86|Associates|2022-03-24
prty1869|ppid87|Family bonds|2022-03-24
prty1870|ppid88|Family bonds|2022-03-24
prty1871|ppid89|Family bonds|2022-03-24
prty1872|ppid90|Associates|2022-03-24
prty1873|ppid91|Family bonds|2022-03-24
prty1874|ppid92|Family bonds|2022-03-24
prty1875|ppid93|Associates|2022-03-24
prty1876|ppid94|Associates|2022-03-24
prty1877|ppid95|Family bonds|2022-03-24
prty1878|ppid96|Family bonds|2022-03-24
prty1879|ppid97|Family bonds|2022-03-24
prty1880|ppid98|Family bonds|2022-03-24
prty1881|ppid99|Associates|2022-03-24
prty1882|ppid1|Associates|2022-03-24
prty1883|ppid2|Family bonds|2022-03-24
prty1884|ppid3|Family bonds|2022-03-24
prty1885|ppid4|Associates|2022-03-24
prty1886|ppid5|Associates|2022-03-24
prty1887|ppid6|Family bonds|2022-03-24
prty1888|ppid7|Family bonds|2022-03-24
prty1889|ppid8|Family bonds|2022-03-24
prty1890|ppid9|Family bonds|2022-03-24
prty1891|ppid10|Family bonds|2022-03-24
prty1892|ppid11|Family bonds|2022-03-24
prty1893|ppid12|Family bonds|2022-03-24
prty1894|ppid13|Associates|2022-03-24
prty1895|ppid14|Associates|2022-03-24
prty1896|ppid15|Family bonds|2022-03-24
prty1897|ppid16|Associates|2022-03-24
prty1898|ppid17|Family bonds|2022-03-24
prty1899|ppid18|Family bonds|2022-03-24
prty1900|ppid19|Family bonds|2022-03-24
prty1901|ppid20|Associates|2022-03-24
prty1902|ppid21|Family bonds|2022-03-24
prty1903|ppid22|Family bonds|2022-03-24
prty1904|ppid23|Associates|2022-03-24
prty1905|ppid24|Family bonds|2022-03-24
prty1906|ppid25|Family bonds|2022-03-24
prty1907|ppid26|Family bonds|2022-03-24
prty1908|ppid27|Family bonds|2022-03-24
prty1909|ppid28|Associates|2022-03-24
prty1910|ppid29|Family bonds|2022-03-24
prty1911|ppid30|Associates|2022-03-24
prty1912|ppid31|Family bonds|2022-03-24
prty1913|ppid32|Associates|2022-03-24
prty1914|ppid33|Family bonds|2022-03-24
prty1915|ppid34|Associates|2022-03-24
prty1916|ppid35|Associates|2022-03-24
prty1917|ppid36|Family bonds|2022-03-24
prty1918|ppid37|Family bonds|2022-03-24
prty1919|ppid38|Associates|2022-03-24
prty1920|ppid39|Associates|2022-03-24
prty1921|ppid40|Family bonds|2022-03-24
prty1922|ppid41|Associates|2022-03-24
prty1923|ppid42|Associates|2022-03-24
prty1924|ppid43|Associates|2022-03-24
prty1925|ppid44|Associates|2022-03-24
prty1926|ppid45|Associates|2022-03-24
prty1927|ppid46|Family bonds|2022-03-24
prty1928|ppid47|Associates|2022-03-24
prty1929|ppid48|Family bonds|2022-03-24
prty1930|ppid49|Associates|2022-03-24
prty1931|ppid50|Family bonds|2022-03-24
prty1932|ppid51|Associates|2022-03-24
prty1933|ppid52|Associates|2022-03-24
prty1934|ppid53|Family bonds|2022-03-24
prty1935|ppid54|Family bonds|2022-03-24
prty1936|ppid55|Family bonds|2022-03-24
prty1937|ppid56|Family bonds|2022-03-24
prty1938|ppid57|Associates|2022-03-24
prty1939|ppid58|Associates|2022-03-24
prty1940|ppid59|Family bonds|2022-03-24
prty1941|ppid60|Associates|2022-03-24
prty1942|ppid61|Family bonds|2022-03-24
prty1943|ppid62|Family bonds|2022-03-24
prty1944|ppid63|Family bonds|2022-03-24
prty1945|ppid64|Associates|2022-03-24
prty1946|ppid65|Associates|2022-03-24
prty1947|ppid66|Associates|2022-03-24
prty1948|ppid67|Family bonds|2022-03-24
prty1949|ppid68|Associates|2022-03-24
prty1950|ppid69|Family bonds|2022-03-24
prty1951|ppid70|Associates|2022-03-24
prty1952|ppid71|Associates|2022-03-24
prty1953|ppid72|Family bonds|2022-03-24
prty1954|ppid73|Associates|2022-03-24
prty1955|ppid74|Family bonds|2022-03-24
prty1956|ppid75|Family bonds|2022-03-24
prty1957|ppid76|Family bonds|2022-03-24
prty1958|ppid77|Associates|2022-03-24
prty1959|ppid78|Family bonds|2022-03-24
prty1960|ppid79|Associates|2022-03-24
prty1961|ppid80|Associates|2022-03-24
prty1962|ppid81|Family bonds|2022-03-24
prty1963|ppid82|Family bonds|2022-03-24
prty1964|ppid83|Family bonds|2022-03-24
prty1965|ppid84|Family bonds|2022-03-24
prty1966|ppid85|Associates|2022-03-24
prty1967|ppid86|Associates|2022-03-24
prty1968|ppid87|Family bonds|2022-03-24
prty1969|ppid88|Family bonds|2022-03-24
prty1970|ppid89|Family bonds|2022-03-24
prty1971|ppid90|Family bonds|2022-03-24
prty1972|ppid91|Family bonds|2022-03-24
prty1973|ppid92|Associates|2022-03-24
prty1974|ppid93|Associates|2022-03-24
prty1975|ppid94|Associates|2022-03-24
prty1976|ppid95|Associates|2022-03-24
prty1977|ppid96|Associates|2022-03-24
prty1978|ppid97|Family bonds|2022-03-24
prty1979|ppid98|Associates|2022-03-24
prty1980|ppid99|Family bonds|2022-03-24
prty1981|ppid1|Family bonds|2022-03-24
prty1982|ppid2|Associates|2022-03-24
prty1983|ppid3|Associates|2022-03-24
prty1984|ppid4|Family bonds|2022-03-24
prty1985|ppid5|Associates|2022-03-24
prty1986|ppid6|Family bonds|2022-03-24
prty1987|ppid7|Family bonds|2022-03-24
prty1988|ppid8|Family bonds|2022-03-24
prty1989|ppid9|Family bonds|2022-03-24
prty1990|ppid10|Family bonds|2022-03-24
prty1991|ppid11|Family bonds|2022-03-24
prty1992|ppid12|Associates|2022-03-24
prty1993|ppid13|Family bonds|2022-03-24
prty1994|ppid14|Family bonds|2022-03-24
prty1995|ppid15|Family bonds|2022-03-24
prty1996|ppid16|Associates|2022-03-24
prty1997|ppid17|Family bonds|2022-03-24
prty1998|ppid18|Family bonds|2022-03-24
prty1999|ppid19|Family bonds|2022-03-24
prty2000|ppid20|Associates|2022-03-24
