Party_ID|PEP_ID|PEP_Type|Start_Date|End_Date|Region|PEP_Status|Inactivity_Date|Reference_Date
prty1001|ppid11|vECaJNsv|2009-08-29|2023-10-02|DQBlcTsX|1|2018-08-22|2022-03-24
prty1002|ppid12|FRONlgwR|2001-06-21|2030-03-11|eOAmromp|0|2018-07-20|2022-03-24
prty1003|ppid13|LtjJiNEc|2000-12-07|2015-10-08|GxYPleeH|1|2012-12-15|2022-03-24
prty1004|ppid14|DTgUDoCX|2001-11-09|2031-08-10|FnpexUmj|1|2016-11-22|2022-03-24
prty1005|ppid15|TfLRVqsZ|2003-05-21|2030-05-07|NdzCEvpW|0|2021-05-29|2022-03-24
prty1006|ppid16|rKVFxPcP|2005-01-04|2017-03-14|hvenQkeF|0|2013-10-19|2022-03-24
prty1007|ppid17|TZcAprhw|2009-10-10|2021-09-19|RCYieoHy|1|2012-01-25|2022-03-24
prty1008|ppid18|uvZBWGTw|2009-08-20|2022-04-29|RrQIWPqg|0|2011-04-26|2022-03-24
prty1009|ppid19|MFnJcwah|2000-06-13|2021-09-10|JEKeBcbF|1|2010-06-18|2022-03-24
prty1010|ppid20|tRpCPmAv|2007-06-10|2023-06-04|kRBxSchA|0|2008-06-13|2022-03-24
prty1011|ppid21|qnCzrcYz|2005-08-19|2021-12-14|QQFOpcbO|1|2021-02-05|2022-03-24
prty1012|ppid22|kcRmffcl|2010-06-09|2028-02-27|QTGoRRqG|0|2002-01-19|2022-03-24
prty1013|ppid23|ftRHNYqn|2006-05-05|2011-11-27|pcwQnzNc|0|2000-06-23|2022-03-24
prty1014|ppid24|xnGQrIdQ|2009-06-22|2016-10-01|UjLtqrgf|0|2017-12-10|2022-03-24
prty1015|ppid25|CDlPgXnW|2002-11-23|2016-01-22|mBANhlBF|1|2005-06-20|2022-03-24
prty1016|ppid26|SQhyljsT|2007-05-22|2021-12-16|tEsevLmL|1|2012-11-08|2022-03-24
prty1017|ppid27|aOPwFQmF|2010-10-08|2022-02-05|CoZKfOca|0|2008-05-12|2022-03-24
prty1018|ppid28|sGXypfof|2008-12-16|2031-07-18|RybQJzNI|1|2021-04-21|2022-03-24
prty1019|ppid29|MuTLdKdf|2010-05-07|2031-12-27|NznpXtVZ|0|2019-06-10|2022-03-24
prty1020|ppid30|jgHcHrFz|2006-07-08|2011-03-17|npmFNIlQ|0|2002-12-12|2022-03-24
prty1021|ppid31|KHqQfQTE|2000-10-17|2011-10-13|fPhgxwgv|0|2019-05-26|2022-03-24
prty1022|ppid32|yShFcKBC|2002-11-01|2015-03-28|jsNpTTKq|0|2017-07-10|2022-03-24
prty1023|ppid33|rLHHWVCp|2003-01-26|2025-01-14|oQtKbfSC|0|2001-06-17|2022-03-24
prty1024|ppid34|cnFFxHNv|2005-09-17|2021-06-25|uHimwfQq|0|2017-12-24|2022-03-24
prty1025|ppid35|hwcRjrQx|2002-11-15|2020-12-26|LjKNUkbo|0|2010-07-07|2022-03-24
prty1026|ppid36|KZfmbnVK|2008-05-21|2014-04-18|ggUZGUWA|0|2009-11-03|2022-03-24
prty1027|ppid37|IOuGVtUQ|2002-12-27|2013-10-19|wpJypiWl|0|2006-02-15|2022-03-24
prty1028|ppid38|sAzewzeC|2005-08-27|2025-07-24|CmPghFWU|1|2010-05-29|2022-03-24
prty1029|ppid39|KvXxHljh|2005-04-26|2029-08-30|pHAMsTbm|1|2019-09-20|2022-03-24
prty1030|ppid40|ontfRgGL|2010-04-24|2017-01-19|kdAMaqUB|0|2016-12-04|2022-03-24
prty1031|ppid41|MBsjNNht|2009-08-13|2022-07-24|PaCsAHPr|0|2003-10-28|2022-03-24
prty1032|ppid42|nnHRNWJm|2004-05-09|2017-08-07|iOcqxIUh|1|2000-03-22|2022-03-24
prty1033|ppid43|XsSCJgKT|2008-09-03|2027-10-15|JIRuyAfU|0|2008-08-31|2022-03-24
prty1034|ppid44|EFQiuPOP|2004-01-13|2030-11-26|BbjTmgCu|0|2011-12-19|2022-03-24
prty1035|ppid45|iROJbWwr|2006-06-19|2029-10-09|hawAcjzM|0|2006-12-28|2022-03-24
prty1036|ppid46|dYXDSCNO|2002-09-02|2011-12-16|NdpychXL|0|2015-02-13|2022-03-24
prty1037|ppid47|SLICgzmH|2000-07-10|2012-09-16|cuyUPYMa|1|2013-05-23|2022-03-24
prty1038|ppid48|FBpSXPHI|2008-11-09|2026-05-11|DFBjYxqM|0|2020-08-22|2022-03-24
prty1039|ppid49|aHTaPqBs|2004-08-01|2016-12-09|oYcTfkYT|1|2006-01-19|2022-03-24
prty1040|ppid50|JlXQSFvl|2004-06-10|2019-02-06|oWNIzKEI|0|2019-01-24|2022-03-24
prty1041|ppid51|oGYKlxhR|2003-03-09|2029-04-06|fYzgevLb|0|2000-03-05|2022-03-24
prty1042|ppid52|cANApVZo|2001-05-28|2031-06-15|wqIaKSgS|0|2015-01-04|2022-03-24
prty1043|ppid53|UkCUezPA|2007-10-28|2023-07-07|WnJQhwIR|0|2011-12-25|2022-03-24
prty1044|ppid54|ilEgCaeE|2005-08-03|2030-03-02|oElIsyhD|0|2016-03-24|2022-03-24
prty1045|ppid55|JoDWFMTh|2001-11-09|2011-02-02|tzmPssuw|1|2009-07-29|2022-03-24
prty1046|ppid56|VcgxJvqL|2005-10-22|2030-01-17|EVyHBijC|1|2010-04-09|2022-03-24
prty1047|ppid57|Rojpuwin|2004-03-22|2029-04-18|uqKAXQOb|1|2018-07-14|2022-03-24
prty1048|ppid58|grcszTSh|2010-10-26|2020-08-09|XMXZJUvo|1|2011-05-05|2022-03-24
prty1049|ppid59|lQIbgWHM|2000-09-01|2021-09-12|TBmrXBpu|1|2005-07-31|2022-03-24
prty1050|ppid60|eZQwyaCC|2005-03-31|2031-06-11|BVSAdtLa|1|2001-06-15|2022-03-24
prty1051|ppid61|MYfLkxZW|2000-02-02|2031-10-21|soLZmRCV|0|2005-02-05|2022-03-24
prty1052|ppid62|QILUunCg|2006-05-05|2025-06-06|dhFkyZfA|0|2013-06-14|2022-03-24
prty1053|ppid63|jVREAmbo|2003-02-21|2023-10-18|QZvpRghx|0|2012-12-09|2022-03-24
prty1054|ppid64|XbKhxOHE|2010-04-02|2027-12-06|vBUoZVnH|0|2014-12-28|2022-03-24
prty1055|ppid65|fDrJytlE|2003-03-28|2014-02-24|NPiPTmlE|0|2013-03-25|2022-03-24
prty1056|ppid66|dwFHLEOE|2004-02-18|2023-08-14|IOTfJVbH|1|2006-01-25|2022-03-24
prty1057|ppid67|mLQpJghP|2010-08-01|2027-04-25|eQoRLWre|0|2003-08-19|2022-03-24
prty1058|ppid68|fjZSAgzk|2003-04-20|2018-08-17|pCxLscSb|1|2000-03-07|2022-03-24
prty1059|ppid69|DgZdayGl|2004-11-21|2023-11-13|GQmXixks|0|2021-10-21|2022-03-24
prty1060|ppid70|CHCBfrkU|2009-03-29|2020-01-28|rXXbuAue|0|2004-09-15|2022-03-24
prty1061|ppid71|RfTpkGLx|2010-11-20|2017-09-14|HUmkRHbT|0|2005-06-21|2022-03-24
prty1062|ppid72|hIArPtUS|2007-03-16|2026-03-22|keoBdnfE|1|2011-07-29|2022-03-24
prty1063|ppid73|ujaaJogv|2009-10-07|2016-04-14|ZKXzyxyl|0|2005-11-05|2022-03-24
prty1064|ppid74|vfcxZDNx|2003-08-27|2020-10-07|zNfjXDPz|0|2014-11-01|2022-03-24
prty1065|ppid75|xkEBnsxq|2007-04-02|2031-12-14|GulKsqHz|1|2003-11-14|2022-03-24
prty1066|ppid76|YpfBGWlW|2007-10-25|2012-02-03|tUsMNWmX|1|2011-03-21|2022-03-24
prty1067|ppid77|FfATxfhu|2009-10-25|2018-11-01|kHZDsvFE|0|2013-12-20|2022-03-24
prty1068|ppid78|kOzStDMD|2007-03-02|2016-06-02|ABTSnpic|1|2011-03-21|2022-03-24
prty1069|ppid79|yutDwzPb|2004-04-30|2014-11-10|imJFXmTd|1|2021-10-06|2022-03-24
prty1070|ppid80|bsTsqIDC|2000-06-25|2015-03-25|wIbchnEj|0|2005-11-08|2022-03-24
prty1071|ppid81|UNSFmaPT|2006-02-17|2017-11-17|GGLCDZbK|1|2011-07-07|2022-03-24
prty1072|ppid82|sdnSWCTP|2000-11-09|2027-05-08|hBSPpLGs|0|2015-08-29|2022-03-24
prty1073|ppid83|uIPNwdrH|2001-04-12|2012-01-03|XKsMPlRQ|1|2014-08-28|2022-03-24
prty1074|ppid84|dOnqemwM|2000-11-01|2021-08-07|GnNTfGso|1|2001-12-19|2022-03-24
prty1075|ppid85|uEQvnIWP|2007-07-12|2019-07-06|pfAYIxYm|1|2006-04-14|2022-03-24
prty1076|ppid86|yvGOadlv|2004-07-12|2030-12-01|GqDDSgKp|1|2020-02-19|2022-03-24
prty1077|ppid87|DzdhSdpc|2008-03-29|2017-01-10|crnInwwV|0|2009-11-03|2022-03-24
prty1078|ppid88|hOcKnVBl|2003-05-09|2015-04-25|wbPNoRdz|1|2009-09-27|2022-03-24
prty1079|ppid89|TJovgUaG|2000-04-20|2021-11-08|AEZRggnf|0|2005-12-20|2022-03-24
prty1080|ppid90|yfvLbEXA|2005-10-07|2013-01-31|oYvJykQG|0|2008-05-06|2022-03-24
prty1081|ppid91|sEIzHxZF|2003-09-27|2029-07-28|IlmqWiUQ|0|2016-09-28|2022-03-24
prty1082|ppid92|zIcNtXdP|2003-03-15|2012-03-04|WlgTStSu|1|2018-12-11|2022-03-24
prty1083|ppid93|AleGUzio|2004-08-17|2014-05-06|dFzXVSVM|0|2016-03-12|2022-03-24
prty1084|ppid94|sEoVaWUX|2009-12-23|2028-07-25|tQaxlsPI|0|2020-08-22|2022-03-24
prty1085|ppid95|wULjArIR|2003-06-24|2019-07-09|ZFqhViXV|1|2005-06-10|2022-03-24
prty1086|ppid96|eXPfZAFK|2009-12-02|2023-02-06|aFQdnOLf|1|2001-09-05|2022-03-24
prty1087|ppid97|YMVXACTV|2003-02-26|2014-07-01|DXiboNgv|0|2002-03-26|2022-03-24
prty1088|ppid98|GYnNLnBI|2008-01-09|2028-02-20|PAqNagaA|1|2009-05-14|2022-03-24
prty1089|ppid99|WwIOgHVG|2004-02-01|2017-12-03|XmgGkSpr|0|2008-04-22|2022-03-24
prty1090|ppid1|dwXWvkgu|2003-05-01|2020-11-27|CGcTuEpG|0|2019-01-14|2022-03-24
prty1091|ppid2|htfuPlEp|2000-04-04|2026-09-01|XlUdLcnV|0|2001-05-04|2022-03-24
prty1092|ppid3|WZcnZclF|2009-11-09|2030-07-10|bmJcbGBc|1|2001-08-01|2022-03-24
prty1093|ppid4|BogpRxVc|2005-04-07|2030-03-18|zssASDuM|0|2003-10-29|2022-03-24
prty1094|ppid5|amLzVZtm|2002-04-15|2025-12-10|mGZJAIuO|1|2002-09-01|2022-03-24
prty1095|ppid6|hdpBUWEN|2008-06-12|2017-04-24|RcLdoyGs|0|2000-10-11|2022-03-24
prty1096|ppid7|IVIHdAlD|2006-09-22|2019-05-27|ceAROXjZ|1|2008-03-18|2022-03-24
prty1097|ppid8|hNichNSX|2005-11-04|2013-02-17|uJMEYGIz|1|2011-07-10|2022-03-24
prty1098|ppid9|flJnEOFi|2009-09-19|2027-01-30|rrjxscem|1|2014-03-23|2022-03-24
prty1099|ppid10|JtvUZIru|2000-06-23|2022-03-14|kzSpBHxH|1|2010-06-15|2022-03-24
prty1100|ppid11|ltHnMrTx|2010-05-28|2017-01-13|GUYsrRKr|0|2020-07-25|2022-03-24
prty1101|ppid12|KkbCQYkf|2001-04-09|2030-11-16|xfDPAjlg|1|2013-01-31|2022-03-24
prty1102|ppid13|eurfPKoU|2004-06-06|2021-08-14|wQDsXxru|0|2003-09-26|2022-03-24
prty1103|ppid14|gfZYFkFQ|2008-07-26|2018-02-27|Uxxucgvk|1|2011-03-23|2022-03-24
prty1104|ppid15|PmPJsiTN|2009-12-29|2030-01-01|gQjpMnNe|0|2017-04-08|2022-03-24
prty1105|ppid16|TcSXYmiy|2010-01-06|2013-01-13|TluJGzej|0|2018-08-07|2022-03-24
prty1106|ppid17|LmAxGpuN|2007-03-27|2016-06-22|wgjEwEJJ|1|2001-10-31|2022-03-24
prty1107|ppid18|IOnbKGuy|2002-05-13|2031-10-08|MJMpuTdq|0|2009-10-28|2022-03-24
prty1108|ppid19|QOEINAcu|2005-09-22|2024-07-23|OFUXcltc|0|2014-08-03|2022-03-24
prty1109|ppid20|IJdoHepM|2002-05-22|2027-09-16|tSyBuKAa|1|2002-12-12|2022-03-24
prty1110|ppid21|bXrILWIH|2006-11-06|2022-04-19|ZCMAVGfR|0|2008-12-06|2022-03-24
prty1111|ppid22|KsamlFsx|2002-01-02|2012-08-02|IuQzrzKA|1|2013-06-30|2022-03-24
prty1112|ppid23|LFioRHVo|2004-04-30|2026-01-31|pdLhdouf|0|2017-03-03|2022-03-24
prty1113|ppid24|PEquQpmG|2001-04-11|2030-05-27|kPCMaSxQ|0|2009-05-06|2022-03-24
prty1114|ppid25|HTNIQcFZ|2004-02-11|2029-12-09|YXNycYwx|0|2010-04-06|2022-03-24
prty1115|ppid26|eMGqdIZf|2002-11-20|2027-04-24|AKQIYPLs|0|2001-03-13|2022-03-24
prty1116|ppid27|TZvnFJvv|2003-06-21|2017-03-05|QeQJjAGL|1|2012-02-24|2022-03-24
prty1117|ppid28|TQznEZTw|2008-04-17|2023-02-23|jvlzaytL|1|2013-01-20|2022-03-24
prty1118|ppid29|UQREjkTK|2003-12-19|2021-09-30|BQzXwoBu|1|2017-10-28|2022-03-24
prty1119|ppid30|JUzeMKhh|2003-08-07|2029-06-23|svmqqVWi|0|2012-07-07|2022-03-24
prty1120|ppid31|dvDmitzY|2003-09-01|2022-10-25|YJAWJfvw|0|2017-09-04|2022-03-24
prty1121|ppid32|ulvfxjYL|2002-11-16|2025-05-09|DCxPcGjz|0|2018-03-17|2022-03-24
prty1122|ppid33|BPXiRuVU|2004-09-27|2028-04-06|gOHHbKFT|1|2018-03-27|2022-03-24
prty1123|ppid34|KJAhgccQ|2010-07-04|2013-02-11|UzzJHOWR|1|2013-03-17|2022-03-24
prty1124|ppid35|UjGheZwH|2009-04-25|2015-03-18|xipRxudu|0|2020-11-07|2022-03-24
prty1125|ppid36|fXjmQilc|2008-09-28|2013-12-01|ckFwxksH|1|2002-10-20|2022-03-24
prty1126|ppid37|ilUnjvec|2001-04-03|2030-10-12|VxUqianN|0|2013-06-23|2022-03-24
prty1127|ppid38|GzfxiphP|2002-07-12|2014-11-23|cOkOjzYV|1|2010-05-18|2022-03-24
prty1128|ppid39|avJeEFrs|2002-03-21|2026-09-01|xwrnxlPc|1|2014-01-12|2022-03-24
prty1129|ppid40|MNXPHzDp|2002-05-03|2011-01-17|yrTaKYXI|1|2008-11-02|2022-03-24
prty1130|ppid41|rbPhSsmK|2007-03-02|2014-03-26|todQgZRR|0|2011-07-16|2022-03-24
prty1131|ppid42|HPfvLJHF|2004-07-19|2017-04-16|ygRaxtiF|0|2010-04-29|2022-03-24
prty1132|ppid43|oULAfRpB|2003-03-02|2019-02-27|nrILYyEc|0|2008-07-19|2022-03-24
prty1133|ppid44|nwphvDTf|2009-08-14|2015-05-02|tVWQhvzf|0|2014-08-12|2022-03-24
prty1134|ppid45|jtZktHfO|2003-02-26|2012-12-24|YxjpOQCK|0|2021-12-15|2022-03-24
prty1135|ppid46|RfTmvDWW|2000-01-15|2015-03-11|HsbrDapw|0|2006-01-08|2022-03-24
prty1136|ppid47|IWeaqqOL|2007-01-22|2024-12-07|ehXIwRqb|0|2014-10-29|2022-03-24
prty1137|ppid48|IqSoUMvz|2000-11-09|2017-08-01|lkhZBqbE|1|2018-02-21|2022-03-24
prty1138|ppid49|quzBsMmu|2003-05-16|2012-12-16|NszanUNy|0|2001-04-05|2022-03-24
prty1139|ppid50|zqTuwhBH|2007-04-22|2025-07-12|DIVudjmE|0|2005-04-03|2022-03-24
prty1140|ppid51|mbZMJJvv|2006-02-04|2022-10-23|hqhvWHWn|1|2021-11-30|2022-03-24
prty1141|ppid52|RFgUzkNJ|2006-09-28|2027-11-06|CuPYIFIb|0|2012-10-02|2022-03-24
prty1142|ppid53|WuFZPMEY|2003-09-13|2014-08-26|lkdabwHx|0|2001-04-22|2022-03-24
prty1143|ppid54|jkDyFaVC|2005-12-09|2029-05-22|zSOpiLxN|1|2000-05-29|2022-03-24
prty1144|ppid55|DzNAdKeg|2007-06-15|2022-07-04|aevVlmoY|1|2009-05-17|2022-03-24
prty1145|ppid56|CrivLybF|2010-07-03|2019-03-22|edjSlNbO|0|2019-10-27|2022-03-24
prty1146|ppid57|cnfPVsQP|2004-04-16|2015-06-25|sqUHkyCf|0|2003-07-10|2022-03-24
prty1147|ppid58|YXLGlQIM|2004-11-28|2025-02-02|CdtxiciZ|1|2000-11-21|2022-03-24
prty1148|ppid59|lqsDCYnX|2007-01-26|2031-08-27|iuwaOMfE|1|2002-08-10|2022-03-24
prty1149|ppid60|VtaAMjzl|2006-05-27|2029-11-11|aDWTAARN|0|2013-08-20|2022-03-24
prty1150|ppid61|miKwxvhd|2001-11-29|2027-01-06|EpqTNmVl|0|2000-01-17|2022-03-24
prty1151|ppid62|mcWjSnkQ|2004-11-01|2013-10-15|FXzwaaEP|0|2007-03-18|2022-03-24
prty1152|ppid63|buiBHAvx|2001-12-05|2020-11-17|pWeYJyTx|0|2006-07-25|2022-03-24
prty1153|ppid64|nuAebdtT|2010-02-17|2013-10-09|TwBajVZs|0|2013-06-10|2022-03-24
prty1154|ppid65|LpZhlcKv|2001-07-28|2011-08-02|ZavVcgRX|1|2002-09-27|2022-03-24
prty1155|ppid66|ZmCHeKyr|2002-12-07|2012-01-12|mZJuFEbs|0|2003-09-21|2022-03-24
prty1156|ppid67|nuoqbYIo|2002-05-26|2023-07-09|HxfRayqJ|1|2004-11-05|2022-03-24
prty1157|ppid68|AUbawlop|2004-09-03|2017-10-10|lnJWIdSA|1|2001-08-12|2022-03-24
prty1158|ppid69|iMJHMQVh|2008-12-13|2021-09-12|JxeTGziD|1|2013-02-25|2022-03-24
prty1159|ppid70|LmDZDtrR|2002-02-11|2017-10-28|CdrZnFyB|0|2002-12-23|2022-03-24
prty1160|ppid71|lVUGVuhY|2006-02-13|2023-06-09|WrCZrmEi|0|2013-03-25|2022-03-24
prty1161|ppid72|OmPsiReD|2003-01-18|2023-04-14|gnStonve|1|2008-12-22|2022-03-24
prty1162|ppid73|lhnCCbfE|2009-02-09|2027-11-22|JNefwvft|0|2008-05-04|2022-03-24
prty1163|ppid74|kiJVeqaB|2007-10-06|2024-09-09|QPZNOeFV|1|2020-10-09|2022-03-24
prty1164|ppid75|NkQiTDSu|2004-12-06|2019-06-22|WKCMsxdu|0|2000-07-20|2022-03-24
prty1165|ppid76|XkeuTakk|2002-06-20|2030-04-08|RJNZOInq|1|2004-04-15|2022-03-24
prty1166|ppid77|yjZKmruF|2003-01-04|2012-05-27|yrmhQoYx|0|2019-07-31|2022-03-24
prty1167|ppid78|bcNnzCss|2006-09-07|2031-03-11|mEXxJXqO|1|2014-10-25|2022-03-24
prty1168|ppid79|oXyQvieu|2008-05-04|2024-12-20|yLuAGCyo|0|2018-01-08|2022-03-24
prty1169|ppid80|OqKNKSkW|2000-06-12|2015-12-24|MCeRykYO|0|2016-11-10|2022-03-24
prty1170|ppid81|UmXZnmDK|2008-04-20|2024-03-12|aYIlTabQ|0|2007-01-08|2022-03-24
prty1171|ppid82|OCzhRChZ|2010-09-15|2014-06-17|oaOnHtMf|0|2018-01-13|2022-03-24
prty1172|ppid83|oTlgIgFX|2001-01-11|2012-12-18|BDfZpixG|1|2019-12-09|2022-03-24
prty1173|ppid84|YyedNKZX|2001-04-22|2030-11-21|VFfCiIgu|0|2019-04-28|2022-03-24
prty1174|ppid85|AUeABspY|2007-12-12|2016-11-22|UWqEOzTF|0|2003-03-14|2022-03-24
prty1175|ppid86|OJIkFmqd|2005-06-20|2025-03-15|gmWHklAw|1|2015-07-28|2022-03-24
prty1176|ppid87|MIbwLyCA|2004-11-30|2027-06-09|YRodgiPB|0|2002-10-08|2022-03-24
prty1177|ppid88|oSqTJVng|2007-08-04|2022-06-02|TdGvWfxY|0|2021-07-19|2022-03-24
prty1178|ppid89|voZQohZC|2006-01-27|2026-01-10|LTfqZCiT|1|2008-06-22|2022-03-24
prty1179|ppid90|NryupjfR|2007-11-09|2015-09-24|UgmJhLDE|0|2016-05-18|2022-03-24
prty1180|ppid91|HEDqOVNK|2009-04-03|2030-03-22|CaLcEJcf|1|2011-08-30|2022-03-24
prty1181|ppid92|IPOPZoby|2001-11-29|2026-10-30|hbSOHdHq|0|2012-09-21|2022-03-24
prty1182|ppid93|iFiZCHeu|2009-09-08|2024-03-10|DfTEWQvd|0|2001-05-02|2022-03-24
prty1183|ppid94|jgwEnSfz|2006-08-17|2020-05-28|MpxmJCDR|1|2000-07-04|2022-03-24
prty1184|ppid95|cokcAjqc|2005-04-09|2018-12-31|YLgzxtEw|0|2003-05-03|2022-03-24
prty1185|ppid96|hzRAGbXC|2001-09-19|2025-12-06|MXtiKQii|0|2004-07-23|2022-03-24
prty1186|ppid97|wbrdOunr|2007-08-21|2031-07-07|pjHJkAAF|0|2008-08-22|2022-03-24
prty1187|ppid98|HwjHfQjr|2000-09-10|2027-02-28|fryqpZll|0|2016-12-30|2022-03-24
prty1188|ppid99|pPrdGbHc|2009-11-05|2027-11-27|HsjNJfYI|1|2016-05-23|2022-03-24
prty1189|ppid1|QKUmBXtS|2005-06-20|2024-12-21|PXSPIOxb|1|2010-08-29|2022-03-24
prty1190|ppid2|HaSHoyMr|2007-05-18|2030-01-14|ZAGpPJIf|1|2004-09-23|2022-03-24
prty1191|ppid3|sIUHDulO|2008-07-24|2012-06-10|pKYHyHVn|0|2003-06-21|2022-03-24
prty1192|ppid4|QbbfDkDp|2006-10-02|2021-04-11|TXupirVj|1|2021-12-29|2022-03-24
prty1193|ppid5|YoINJQhb|2000-09-24|2026-04-18|lzRSGkcD|1|2017-01-12|2022-03-24
prty1194|ppid6|UNWaFrZs|2003-01-11|2028-06-09|aWcsXsgw|1|2002-06-11|2022-03-24
prty1195|ppid7|lunLMhkf|2010-06-19|2024-03-01|NGEDemqe|0|2020-04-26|2022-03-24
prty1196|ppid8|JhSMiswm|2008-11-28|2026-12-25|VtQcLbfZ|0|2015-12-21|2022-03-24
prty1197|ppid9|eFZRjcwY|2006-09-12|2014-03-22|BjxiuvGd|0|2020-10-03|2022-03-24
prty1198|ppid10|vHXhIDBP|2001-03-31|2014-08-10|cItXnplb|0|2017-01-15|2022-03-24
prty1199|ppid11|zyVTkrKa|2004-08-22|2029-03-02|cHfaYYvK|1|2008-08-01|2022-03-24
prty1200|ppid12|flTqLNzq|2005-03-18|2015-11-18|kpYeTgQW|1|2011-04-19|2022-03-24
prty1201|ppid13|tzLfjZXP|2002-08-13|2024-08-31|ltZTWqOW|1|2015-10-13|2022-03-24
prty1202|ppid14|LZkSofyE|2000-05-10|2016-08-05|FsIpdOtP|1|2002-01-09|2022-03-24
prty1203|ppid15|gChtPfKA|2007-04-16|2018-08-20|YlNtVGwP|0|2006-06-14|2022-03-24
prty1204|ppid16|waRvIjKz|2006-05-17|2020-11-21|sPLODwEv|1|2007-12-31|2022-03-24
prty1205|ppid17|hnVVIpAZ|2000-08-24|2016-01-09|KgqQSByY|1|2002-11-27|2022-03-24
prty1206|ppid18|wIGUMHzi|2005-04-15|2030-06-10|vSXInTqI|1|2009-11-02|2022-03-24
prty1207|ppid19|eYueaUpD|2001-09-10|2025-01-05|ykyvnHMg|1|2021-06-01|2022-03-24
prty1208|ppid20|GGKcRsfU|2008-05-04|2023-03-05|afGTfzHI|0|2017-06-04|2022-03-24
prty1209|ppid21|qifDhKjV|2004-08-15|2013-09-29|zHyljrtb|0|2012-11-07|2022-03-24
prty1210|ppid22|HXfdBhHo|2006-10-30|2014-05-06|hNIPVufU|0|2016-06-29|2022-03-24
prty1211|ppid23|jeAhRzrV|2007-01-03|2018-12-10|JLMsDToH|0|2009-02-03|2022-03-24
prty1212|ppid24|WMbEKMso|2010-09-16|2014-12-07|gtqONgbs|0|2019-12-15|2022-03-24
prty1213|ppid25|tpziMbpC|2003-03-30|2014-03-10|xLSMvleK|1|2021-07-23|2022-03-24
prty1214|ppid26|guzGlkFK|2007-08-18|2022-09-09|qYFmhrCd|1|2015-01-29|2022-03-24
prty1215|ppid27|XleXaLRG|2008-03-26|2011-08-12|kQprZDDh|1|2013-08-30|2022-03-24
prty1216|ppid28|LVedTGZZ|2007-09-29|2018-04-21|UOVJHAuR|1|2021-01-24|2022-03-24
prty1217|ppid29|KeixmHou|2003-03-06|2015-03-16|XfrqDvve|0|2010-07-23|2022-03-24
prty1218|ppid30|iXVsoDpG|2001-07-13|2028-06-20|fvJTmPmm|0|2015-03-01|2022-03-24
prty1219|ppid31|goQEiRwD|2005-10-26|2016-03-06|xejZsnpT|1|2018-12-24|2022-03-24
prty1220|ppid32|eSySdWlN|2001-05-17|2028-11-26|odOxhjMV|0|2018-10-29|2022-03-24
prty1221|ppid33|PJsoCqSN|2008-08-02|2015-12-08|nlLuSVuy|1|2007-07-17|2022-03-24
prty1222|ppid34|jvXAECAb|2010-09-04|2011-07-19|wbXvZViu|0|2003-02-10|2022-03-24
prty1223|ppid35|DDQGnIcI|2003-06-23|2025-08-17|edBuHflc|0|2005-04-27|2022-03-24
prty1224|ppid36|KMpmKxoV|2008-10-13|2020-06-16|AesLImSq|0|2003-10-12|2022-03-24
prty1225|ppid37|MdkBVjLX|2007-07-27|2017-05-20|aODoGqKf|0|2008-01-21|2022-03-24
prty1226|ppid38|QMbbBkOI|2009-12-03|2029-04-05|nWIIlhhm|0|2006-04-15|2022-03-24
prty1227|ppid39|pbewSjaJ|2005-08-16|2017-08-20|fUEPYxyP|0|2002-10-17|2022-03-24
prty1228|ppid40|SkWyDhRb|2004-01-08|2021-01-09|WdrIsCOj|1|2002-03-18|2022-03-24
prty1229|ppid41|zwiLLZnT|2004-01-05|2013-03-12|JAFcGQDL|1|2009-05-07|2022-03-24
prty1230|ppid42|tjromUxL|2008-01-09|2027-12-16|ehFWRfsJ|0|2008-02-29|2022-03-24
prty1231|ppid43|TTaWOgjg|2008-01-15|2017-11-30|kqCFIXzm|1|2020-05-14|2022-03-24
prty1232|ppid44|tHgzlpyx|2008-02-23|2019-05-24|SdwMrouK|0|2019-11-06|2022-03-24
prty1233|ppid45|dTmohGof|2001-05-17|2023-03-11|VPEOJfPq|1|2013-05-17|2022-03-24
prty1234|ppid46|BvpjYsOZ|2005-02-17|2014-10-28|JnanuSrV|0|2011-04-23|2022-03-24
prty1235|ppid47|fQxaPhDi|2009-02-19|2022-07-23|OeXEBnKN|1|2015-08-07|2022-03-24
prty1236|ppid48|YzLgLzDs|2003-06-14|2027-01-14|NlQNhxtB|1|2006-12-05|2022-03-24
prty1237|ppid49|ASfzhAmY|2009-11-16|2012-02-25|yGfAqywM|0|2009-12-10|2022-03-24
prty1238|ppid50|TjmGEuMT|2008-01-28|2012-08-08|PqFRFlDr|0|2017-04-26|2022-03-24
prty1239|ppid51|YODZMvhz|2003-06-16|2020-11-08|notkHBfB|1|2003-12-10|2022-03-24
prty1240|ppid52|RCJFaUCF|2007-03-08|2012-03-18|wzDahTHg|1|2009-08-31|2022-03-24
prty1241|ppid53|amdBUWal|2005-08-16|2019-04-20|CnQzrdrn|1|2016-12-29|2022-03-24
prty1242|ppid54|YdeLnqiy|2009-12-12|2017-09-09|fGiijRiF|1|2000-08-03|2022-03-24
prty1243|ppid55|JBNebnST|2006-10-08|2024-02-12|DbFtApcG|0|2010-10-09|2022-03-24
prty1244|ppid56|COmoKGym|2002-05-03|2031-08-23|sCijuPxl|0|2013-02-22|2022-03-24
prty1245|ppid57|TaBraveg|2001-02-14|2026-01-24|HXTXkzoR|0|2013-01-25|2022-03-24
prty1246|ppid58|UfKAlAid|2005-06-17|2014-01-25|NELptiEs|1|2019-01-12|2022-03-24
prty1247|ppid59|TAydGhHh|2008-05-28|2026-12-21|KoGEJbjV|1|2009-01-04|2022-03-24
prty1248|ppid60|gBJOGIKd|2005-12-25|2024-05-13|FoXbCMWl|0|2014-08-01|2022-03-24
prty1249|ppid61|yeqzhsyY|2001-09-26|2013-07-25|CfGFMQMm|1|2014-11-17|2022-03-24
prty1250|ppid62|wYZPoVpg|2003-08-13|2011-08-19|EvHvrpSl|0|2010-08-29|2022-03-24
prty1251|ppid63|dWieffwI|2010-03-19|2016-08-29|NMsTgbhb|0|2007-06-06|2022-03-24
prty1252|ppid64|MBeojOZQ|2005-08-24|2013-02-16|jykBMSnH|0|2007-12-30|2022-03-24
prty1253|ppid65|xHJFEzte|2007-07-22|2031-04-24|xoJAynWl|1|2003-01-19|2022-03-24
prty1254|ppid66|NZpmVasE|2010-02-25|2014-05-02|accDQXhI|0|2013-02-03|2022-03-24
prty1255|ppid67|dINkaBiX|2003-09-12|2019-10-23|DPMoVaeu|1|2014-07-26|2022-03-24
prty1256|ppid68|brHkZgRN|2000-03-19|2030-12-11|VsjoWrQf|0|2001-04-12|2022-03-24
prty1257|ppid69|PcdXnXBe|2000-03-07|2014-09-12|ScByFRNJ|1|2015-01-11|2022-03-24
prty1258|ppid70|USNWIpGZ|2007-04-29|2012-10-01|njkRKnWp|1|2002-12-14|2022-03-24
prty1259|ppid71|zruthPWD|2000-10-27|2029-03-13|vtONBdma|0|2021-05-06|2022-03-24
prty1260|ppid72|svexpwpD|2007-11-21|2014-04-04|yQxhjWXk|0|2010-09-03|2022-03-24
prty1261|ppid73|FmjvbQoy|2007-12-02|2012-09-04|rOZivEBK|1|2020-02-02|2022-03-24
prty1262|ppid74|kkLWCZKO|2002-05-25|2011-06-18|IQxaWmUC|0|2004-02-21|2022-03-24
prty1263|ppid75|wPowMedq|2003-01-01|2031-01-11|khXsUEud|0|2013-04-14|2022-03-24
prty1264|ppid76|jjsPBhbt|2002-09-12|2030-03-08|zxAwhsTd|0|2021-08-18|2022-03-24
prty1265|ppid77|QNTLlpzw|2001-12-01|2017-03-16|oeDYwUHR|0|2005-07-19|2022-03-24
prty1266|ppid78|EeXpCatT|2007-07-06|2017-10-25|EyOapUcS|1|2014-01-17|2022-03-24
prty1267|ppid79|twutUCbv|2001-09-21|2017-02-23|BFqhkgSX|0|2001-05-25|2022-03-24
prty1268|ppid80|lkuewBFf|2005-01-12|2029-06-04|nCZgdvJZ|1|2015-01-28|2022-03-24
prty1269|ppid81|pbPVeZsL|2002-09-06|2013-12-02|njXBnpGk|0|2021-01-27|2022-03-24
prty1270|ppid82|FvoVLOUK|2000-04-23|2023-07-26|IRCGkJkB|1|2000-08-17|2022-03-24
prty1271|ppid83|gUzZheJs|2005-05-11|2013-10-17|xIARpUqP|1|2016-09-18|2022-03-24
prty1272|ppid84|LwMvWHqi|2001-09-27|2017-03-29|BsuSxpZr|1|2004-01-27|2022-03-24
prty1273|ppid85|ylXLwYys|2006-07-23|2012-07-20|lzegnsFj|1|2016-03-09|2022-03-24
prty1274|ppid86|wDYLQLbf|2002-11-07|2031-11-04|pDYegbZD|1|2003-05-28|2022-03-24
prty1275|ppid87|FsRrlzyy|2009-08-30|2011-04-24|vrEOcucU|1|2013-06-22|2022-03-24
prty1276|ppid88|UdfsneyB|2009-03-28|2023-01-23|CMLfOVpF|0|2003-11-23|2022-03-24
prty1277|ppid89|yqdOOxQz|2001-08-03|2025-07-27|BbmqNHrE|1|2009-11-18|2022-03-24
prty1278|ppid90|gumLImDZ|2009-04-25|2014-01-09|dcmyETfG|1|2019-05-03|2022-03-24
prty1279|ppid91|yJOVNMLo|2005-05-24|2015-05-11|cMhhOqQY|0|2021-12-12|2022-03-24
prty1280|ppid92|wUdvhnWZ|2010-03-18|2026-03-19|AmSIwiwl|0|2012-06-19|2022-03-24
prty1281|ppid93|QYcfJxAu|2001-04-22|2026-08-04|nhbjPdme|1|2009-05-26|2022-03-24
prty1282|ppid94|uHgRhAHA|2010-01-12|2016-12-04|JmPUSkHR|1|2014-08-13|2022-03-24
prty1283|ppid95|tdIFRNsR|2006-08-23|2020-02-12|HKqGsjPu|1|2011-12-03|2022-03-24
prty1284|ppid96|LORyRWUq|2000-04-21|2016-04-02|yZiZvtYf|0|2012-03-29|2022-03-24
prty1285|ppid97|OBkxygEe|2002-12-15|2024-12-26|ojrsSULX|0|2019-03-04|2022-03-24
prty1286|ppid98|SHYhtaQC|2007-04-06|2031-11-29|MTqOjmqf|1|2007-05-09|2022-03-24
prty1287|ppid99|JhrRLQFK|2006-04-26|2018-12-15|fGMWgQSS|0|2005-10-23|2022-03-24
prty1288|ppid1|icuJaoPS|2007-05-22|2030-05-30|TDYClxrN|1|2004-06-16|2022-03-24
prty1289|ppid2|eePoWEop|2007-08-12|2015-04-05|oVjIHOPF|0|2018-11-19|2022-03-24
prty1290|ppid3|JnjMWCTb|2006-04-16|2014-04-26|fSrVngnz|0|2012-02-21|2022-03-24
prty1291|ppid4|GjaMlOet|2007-04-09|2021-02-14|eokWiPMR|0|2012-06-13|2022-03-24
prty1292|ppid5|QwDTrKEe|2000-11-12|2031-08-29|YpQCAloN|0|2020-10-10|2022-03-24
prty1293|ppid6|kJEtIFBD|2008-09-24|2021-08-23|DwiVPdgd|1|2009-09-15|2022-03-24
prty1294|ppid7|cPddOpoc|2009-04-28|2021-09-30|UhAEdyCL|1|2011-07-23|2022-03-24
prty1295|ppid8|aFuhSZkE|2002-08-26|2021-11-24|RMtiWsjY|0|2012-07-07|2022-03-24
prty1296|ppid9|LZCUNWML|2004-07-06|2015-11-17|sTXjfCwC|1|2013-05-09|2022-03-24
prty1297|ppid10|fAIuKKfQ|2009-08-13|2017-06-19|TKrGfxRy|1|2007-08-28|2022-03-24
prty1298|ppid11|xPVZbslb|2006-08-27|2019-10-07|oyBeUuHj|1|2009-07-14|2022-03-24
prty1299|ppid12|GfcrNbej|2009-11-11|2020-09-29|UzTpqyPr|0|2006-08-03|2022-03-24
prty1300|ppid13|icdjQerZ|2000-05-14|2022-08-25|cYitrKrB|1|2008-04-17|2022-03-24
prty1301|ppid14|NHeyKKXL|2009-04-16|2023-09-13|DGktGqZU|0|2017-02-18|2022-03-24
prty1302|ppid15|cgBpgHDd|2003-08-24|2016-05-30|mJMGSiNo|1|2001-08-17|2022-03-24
prty1303|ppid16|KefRvNSM|2009-09-25|2013-12-12|YVCVGhVb|1|2004-11-15|2022-03-24
prty1304|ppid17|qAnmKYiB|2003-02-24|2018-02-27|CqwqBWFG|1|2005-06-25|2022-03-24
prty1305|ppid18|nBpgmGEC|2006-04-24|2019-04-23|nhDmITiR|1|2017-08-01|2022-03-24
prty1306|ppid19|JdqjIkfx|2000-12-23|2011-02-07|MrgkZBRH|0|2005-03-16|2022-03-24
prty1307|ppid20|SHIuZitf|2005-04-29|2014-03-30|ErDGFgUY|1|2013-08-01|2022-03-24
prty1308|ppid21|CsgwmOwc|2002-10-03|2017-09-13|IkButBVR|0|2009-11-10|2022-03-24
prty1309|ppid22|uKxLvgln|2003-12-25|2030-10-15|kFWQyOer|0|2018-04-23|2022-03-24
prty1310|ppid23|BJbzLVbE|2010-09-24|2020-05-20|eIzaGqTd|0|2006-07-07|2022-03-24
prty1311|ppid24|sXCFLneX|2007-12-09|2023-12-04|LKfTCylZ|0|2006-12-10|2022-03-24
prty1312|ppid25|BuvRMVDB|2000-04-01|2017-04-27|eDBtioCw|0|2007-01-20|2022-03-24
prty1313|ppid26|fjWQHnnj|2000-06-24|2012-06-23|oMktNnwU|0|2016-06-12|2022-03-24
prty1314|ppid27|vPrbRBEA|2003-09-17|2023-01-23|PtlahHHE|0|2011-08-26|2022-03-24
prty1315|ppid28|AnjBMySj|2010-10-02|2013-12-18|ZvyNKztH|1|2005-11-07|2022-03-24
prty1316|ppid29|dqezUNCU|2010-12-10|2018-01-15|grTqHyYP|0|2004-06-05|2022-03-24
prty1317|ppid30|TCQhoRXa|2002-06-05|2011-01-28|YNjiyekn|1|2001-01-30|2022-03-24
prty1318|ppid31|YnbBJxfn|2002-08-07|2024-03-08|DsqhiOuB|1|2014-06-08|2022-03-24
prty1319|ppid32|xmcgntbu|2010-09-02|2024-07-31|mfPqJOjR|0|2010-03-21|2022-03-24
prty1320|ppid33|PbKvBewc|2006-12-25|2027-03-23|kUIpIHOG|0|2016-07-12|2022-03-24
prty1321|ppid34|PjwSAfAG|2001-05-07|2015-12-07|dTuZSpoj|1|2014-07-01|2022-03-24
prty1322|ppid35|tqYzqcfG|2007-05-27|2017-05-21|cemMWORP|0|2002-03-10|2022-03-24
prty1323|ppid36|qqNBYUld|2006-10-18|2019-11-02|FWgjKMbP|1|2015-11-23|2022-03-24
prty1324|ppid37|gEefnqVL|2003-01-03|2026-07-17|qwUagzfT|0|2005-12-07|2022-03-24
prty1325|ppid38|jjxnLRbw|2006-07-28|2030-07-20|ZXRWuYXu|1|2017-08-09|2022-03-24
prty1326|ppid39|EiqsZsyV|2000-08-30|2024-02-04|KuMMKJfs|1|2010-05-18|2022-03-24
prty1327|ppid40|aSlLgMkb|2003-02-08|2031-09-13|mrRfclOo|1|2017-04-23|2022-03-24
prty1328|ppid41|oXwUoEsg|2004-04-29|2022-01-19|fiaFsBlc|0|2010-06-27|2022-03-24
prty1329|ppid42|ZNmGgpcT|2008-01-13|2018-11-04|fLnInvHQ|1|2010-06-30|2022-03-24
prty1330|ppid43|qtjPUHhN|2004-12-28|2031-02-16|JfevtmWK|0|2017-03-15|2022-03-24
prty1331|ppid44|VHGxXWky|2009-10-08|2016-02-08|yRyVrTIi|1|2006-09-21|2022-03-24
prty1332|ppid45|aneaYjAv|2010-02-25|2018-11-18|NcQYdRTP|1|2005-12-09|2022-03-24
prty1333|ppid46|DaqcdEFn|2006-07-02|2030-08-07|gyPtlvZU|0|2001-02-22|2022-03-24
prty1334|ppid47|VOxEwfcO|2000-05-18|2026-02-07|YfmDACad|1|2019-01-23|2022-03-24
prty1335|ppid48|XWRaHKIB|2004-09-01|2019-06-25|hBlVUNhf|1|2003-02-14|2022-03-24
prty1336|ppid49|hcOiuANP|2000-05-22|2015-01-22|CEqGCXCU|1|2020-12-26|2022-03-24
prty1337|ppid50|cIdyPIDd|2006-09-17|2012-10-01|JJpzBAlH|1|2009-04-11|2022-03-24
prty1338|ppid51|ZhcpHVkS|2003-10-21|2015-04-07|TUZsWbCL|1|2011-11-24|2022-03-24
prty1339|ppid52|SjItdHnz|2003-07-12|2015-04-24|wzMNbZab|1|2011-10-18|2022-03-24
prty1340|ppid53|vvquYhGS|2010-06-02|2024-11-28|yOtxWFLn|0|2009-09-20|2022-03-24
prty1341|ppid54|BjxYyMCk|2000-12-14|2030-10-15|EYzkCiaq|0|2006-05-14|2022-03-24
prty1342|ppid55|IFMMixAp|2008-08-21|2013-02-14|xlxfXTDQ|0|2021-06-19|2022-03-24
prty1343|ppid56|RDLBZczh|2002-04-13|2030-02-16|yhvmFpxm|0|2013-07-10|2022-03-24
prty1344|ppid57|RilqJxZI|2002-07-01|2016-08-11|mlQTImUK|0|2020-06-09|2022-03-24
prty1345|ppid58|htenzCvh|2003-07-13|2029-01-03|XmWZrpOV|1|2000-10-17|2022-03-24
prty1346|ppid59|bOBsHlDp|2009-05-03|2014-07-04|lGcokBqG|1|2017-07-03|2022-03-24
prty1347|ppid60|iuYcPHTH|2006-01-20|2023-07-20|FMnSQIec|0|2016-06-09|2022-03-24
prty1348|ppid61|OfoHzLKr|2001-02-15|2026-04-28|vgsMeHHF|0|2011-11-27|2022-03-24
prty1349|ppid62|QiEEYMHO|2009-08-29|2021-12-02|SWwoTusS|1|2015-02-25|2022-03-24
prty1350|ppid63|ALloqdTA|2006-12-03|2022-06-08|NWCQLaOn|0|2008-10-13|2022-03-24
prty1351|ppid64|FCbOPrwD|2007-05-05|2015-09-29|fbXvgyya|1|2005-07-13|2022-03-24
prty1352|ppid65|DjaFBTDe|2003-01-08|2018-06-16|TsIZafJm|0|2009-12-17|2022-03-24
prty1353|ppid66|iBlhEcaV|2005-04-20|2013-06-12|rxChcQaA|0|2010-09-07|2022-03-24
prty1354|ppid67|GhtlyqOd|2000-10-09|2016-05-23|IKUtsmjz|1|2000-01-23|2022-03-24
prty1355|ppid68|JGtYZgfv|2006-11-05|2031-12-11|ooTapAjI|0|2020-10-12|2022-03-24
prty1356|ppid69|NtvEepMl|2008-02-01|2027-07-17|gblrwXuV|1|2021-07-28|2022-03-24
prty1357|ppid70|ObrLymwy|2000-05-16|2011-05-02|jaMeMukN|1|2011-11-25|2022-03-24
prty1358|ppid71|nidSTXzg|2005-03-06|2018-06-03|splpnytM|0|2019-12-09|2022-03-24
prty1359|ppid72|HdZVGIgs|2005-06-21|2021-05-31|GUgxIYQX|0|2000-12-26|2022-03-24
prty1360|ppid73|xDSFYOyF|2000-12-16|2025-03-24|wdTIuzSc|0|2003-04-01|2022-03-24
prty1361|ppid74|bCYpovAy|2002-11-30|2021-04-21|uDEuBcqN|0|2002-04-23|2022-03-24
prty1362|ppid75|CKZJkoBY|2008-03-26|2015-08-17|URRqWfLM|0|2010-08-15|2022-03-24
prty1363|ppid76|vWUIYDgZ|2006-01-05|2013-05-27|NBQheUnu|0|2020-03-05|2022-03-24
prty1364|ppid77|lzQdMLpi|2009-07-26|2026-11-12|WLnZsYCK|0|2004-11-15|2022-03-24
prty1365|ppid78|ehZbWMTl|2005-08-28|2031-06-17|XbPRTqlo|1|2020-04-27|2022-03-24
prty1366|ppid79|ugusikbn|2010-06-21|2022-07-02|OuArrCnS|0|2008-07-23|2022-03-24
prty1367|ppid80|EvdYXmNR|2007-12-27|2016-08-06|UysImoci|0|2003-09-25|2022-03-24
prty1368|ppid81|HdtqpPby|2004-04-08|2028-03-26|QacOlRwI|0|2015-12-09|2022-03-24
prty1369|ppid82|waiEfirI|2001-07-06|2018-05-29|pTlrxclN|1|2004-04-21|2022-03-24
prty1370|ppid83|VamlUOtc|2005-10-29|2020-08-24|QxsNbBbY|0|2011-01-04|2022-03-24
prty1371|ppid84|JDHmembb|2001-02-22|2029-07-28|DWQmxANa|0|2013-02-14|2022-03-24
prty1372|ppid85|lhiMvTEC|2005-12-27|2013-11-11|kZtgOCQd|0|2009-02-24|2022-03-24
prty1373|ppid86|XLQRiCuC|2000-06-19|2027-08-17|MgIaYwiH|1|2013-10-02|2022-03-24
prty1374|ppid87|hbymHJwb|2009-05-18|2017-05-06|hqYumKsK|1|2001-06-23|2022-03-24
prty1375|ppid88|jHrcgnvh|2007-02-25|2025-09-19|CgemwedW|0|2010-04-18|2022-03-24
prty1376|ppid89|wYihlBJS|2001-12-12|2026-06-19|kMGOpKbK|1|2016-06-23|2022-03-24
prty1377|ppid90|TxxZXjRz|2009-06-02|2023-08-04|XQPKOELJ|1|2001-08-25|2022-03-24
prty1378|ppid91|wDMPkfBx|2005-05-23|2023-06-23|vHcZRtvt|0|2013-01-22|2022-03-24
prty1379|ppid92|xBIfBOgE|2009-12-03|2028-02-17|HRqRxsbM|1|2014-09-18|2022-03-24
prty1380|ppid93|jOxBMotH|2004-05-19|2014-01-05|ScCWLIHW|1|2006-07-19|2022-03-24
prty1381|ppid94|FEdRrdwE|2002-06-02|2024-02-07|uQwKwTYD|0|2006-12-12|2022-03-24
prty1382|ppid95|DZslnORa|2008-02-20|2024-05-02|IuMKcqTe|1|2020-09-16|2022-03-24
prty1383|ppid96|EpeAARhe|2000-02-27|2012-01-18|DhGqiXts|0|2004-01-21|2022-03-24
prty1384|ppid97|mUsMYGHw|2004-11-09|2031-11-15|CBWtrCVI|1|2014-06-26|2022-03-24
prty1385|ppid98|zuJZQsyI|2007-10-27|2025-05-20|PuuqyVIg|0|2008-03-16|2022-03-24
prty1386|ppid99|WzoSKSbJ|2010-01-11|2016-10-14|rgoFFWbC|0|2003-05-12|2022-03-24
prty1387|ppid1|hDGkVxgK|2007-06-27|2023-03-22|wOEGBZoK|0|2009-07-17|2022-03-24
prty1388|ppid2|efICWIrT|2005-08-04|2012-08-13|JAZdwQjj|1|2007-02-14|2022-03-24
prty1389|ppid3|fxCGEPZi|2009-11-11|2022-05-28|OEFnUPDb|1|2021-05-21|2022-03-24
prty1390|ppid4|TdTYVQle|2009-07-12|2018-04-11|VpXdHyBQ|0|2010-12-20|2022-03-24
prty1391|ppid5|jcNhcuAO|2004-11-09|2018-10-22|RpVjIGNb|1|2020-12-05|2022-03-24
prty1392|ppid6|KgYckmZp|2001-04-29|2016-11-20|fqqhWrUA|0|2000-08-13|2022-03-24
prty1393|ppid7|goJHXTWU|2000-03-05|2029-12-05|GZReoUep|1|2012-10-10|2022-03-24
prty1394|ppid8|OjOEosbW|2003-05-14|2016-03-29|awumrxiJ|1|2005-06-22|2022-03-24
prty1395|ppid9|BsCIkBFp|2009-07-12|2029-03-25|XLdiBrbc|1|2020-02-21|2022-03-24
prty1396|ppid10|vHSDSkLS|2005-03-30|2030-12-04|XxKTCDuO|1|2001-06-21|2022-03-24
prty1397|ppid11|PWmbjPXD|2008-09-01|2030-11-03|KKGgvqWi|1|2012-01-30|2022-03-24
prty1398|ppid12|iSjFpqWH|2003-07-12|2015-05-06|CsSCdVyX|0|2014-08-15|2022-03-24
prty1399|ppid13|oEClzagp|2001-04-07|2021-07-17|jCGxtDKX|0|2000-07-19|2022-03-24
prty1400|ppid14|dEISuism|2003-06-11|2014-03-08|LtXQwnOT|0|2001-12-08|2022-03-24
prty1401|ppid15|mjMvkkzG|2009-05-25|2030-02-27|JQPOZJGd|1|2018-08-26|2022-03-24
prty1402|ppid16|WhNpSyKi|2007-07-27|2025-01-31|ggRRiNdG|1|2015-09-15|2022-03-24
prty1403|ppid17|dDqfJwWj|2004-03-08|2020-10-07|IXVGaJkN|1|2004-11-27|2022-03-24
prty1404|ppid18|lJBowrYK|2008-06-07|2018-07-20|IGyKIalE|0|2018-11-01|2022-03-24
prty1405|ppid19|rYhAloWD|2003-10-12|2015-05-02|ceufXkfc|0|2019-11-13|2022-03-24
prty1406|ppid20|tQmMANWj|2004-09-08|2019-04-20|HfqpvSMl|1|2000-03-17|2022-03-24
prty1407|ppid21|UjanYCxj|2007-10-12|2016-09-23|SbJeYafM|1|2016-12-06|2022-03-24
prty1408|ppid22|VMuZfJAi|2008-03-06|2011-09-16|QdWjauXT|0|2010-10-08|2022-03-24
prty1409|ppid23|sWpPyFYX|2000-10-13|2022-03-25|baYaomzf|0|2000-09-01|2022-03-24
prty1410|ppid24|XbrTWNGv|2001-02-14|2024-12-19|TutwpCPU|0|2010-04-29|2022-03-24
prty1411|ppid25|QUgCsUFr|2007-08-14|2023-11-20|wLFFDSFf|1|2003-07-13|2022-03-24
prty1412|ppid26|XxCBBkRs|2003-03-15|2024-02-02|gBweTFrp|0|2014-09-21|2022-03-24
prty1413|ppid27|fcwpeOvt|2009-07-04|2023-06-07|svOTSGqb|1|2021-03-23|2022-03-24
prty1414|ppid28|aoOyxCYT|2004-04-21|2014-12-13|HKghXGiF|1|2004-05-31|2022-03-24
prty1415|ppid29|ToDoZerZ|2006-03-08|2031-08-19|SadLYQBv|0|2008-09-01|2022-03-24
prty1416|ppid30|bFlNQzZi|2005-03-12|2020-12-12|vcaDfVGq|1|2007-01-29|2022-03-24
prty1417|ppid31|JUiZaKwJ|2005-09-07|2027-03-10|PcvhyxrK|0|2021-10-07|2022-03-24
prty1418|ppid32|LSTOxHUf|2004-05-05|2014-01-10|mbAfesqt|0|2002-04-24|2022-03-24
prty1419|ppid33|ruPGCiDP|2001-05-28|2023-08-08|WMitjiCe|0|2001-12-01|2022-03-24
prty1420|ppid34|eExrQOUr|2002-09-22|2014-01-17|PAcsShLB|1|2006-01-07|2022-03-24
prty1421|ppid35|ZhyaDehO|2009-08-05|2019-09-01|zCvjYGql|1|2003-07-24|2022-03-24
prty1422|ppid36|ITnEEiCO|2002-04-14|2029-11-05|einSmRXK|0|2015-07-28|2022-03-24
prty1423|ppid37|svGEScEU|2001-05-13|2013-06-11|fAQrCMFh|0|2020-08-06|2022-03-24
prty1424|ppid38|TnaFGand|2009-06-03|2024-06-14|lgetCuYH|1|2008-04-29|2022-03-24
prty1425|ppid39|XjRxIbad|2005-12-04|2012-11-28|nQgmlzXN|0|2003-01-11|2022-03-24
prty1426|ppid40|ybUNbZaM|2002-08-26|2029-03-20|kIeZSQOT|1|2015-08-04|2022-03-24
prty1427|ppid41|KAULeOXb|2004-08-19|2023-08-11|oWlEhoit|1|2000-08-17|2022-03-24
prty1428|ppid42|PTebrNsc|2002-04-11|2011-12-16|ybFwhkdY|0|2013-08-07|2022-03-24
prty1429|ppid43|ZQXCHjvY|2008-01-02|2020-01-19|KMGVHYjc|0|2002-01-09|2022-03-24
prty1430|ppid44|ZjmFbOBM|2008-10-20|2012-04-05|AWgldhHJ|0|2016-08-21|2022-03-24
prty1431|ppid45|qrlfdIMy|2006-10-27|2017-08-13|evRhQkzz|0|2010-12-23|2022-03-24
prty1432|ppid46|JPSZlZNj|2008-05-27|2012-08-06|oleFnJIx|1|2014-11-03|2022-03-24
prty1433|ppid47|NVjwfFGv|2007-12-29|2031-04-04|kwSKxqzb|1|2005-03-30|2022-03-24
prty1434|ppid48|GIrxuApB|2004-07-30|2026-12-01|wxpyHMak|0|2020-10-13|2022-03-24
prty1435|ppid49|aFTgPAlq|2005-10-06|2027-04-14|RBVfKRmf|1|2000-10-17|2022-03-24
prty1436|ppid50|uKRKlsed|2004-12-07|2011-10-18|gtWSctzJ|1|2010-06-17|2022-03-24
prty1437|ppid51|SXURwyuF|2005-06-21|2021-11-30|ynntKYVJ|0|2009-10-20|2022-03-24
prty1438|ppid52|AQuMhzLU|2004-09-14|2029-05-13|JmGwpFzK|0|2011-09-16|2022-03-24
prty1439|ppid53|xcIkXaED|2010-11-21|2023-07-02|jXUzcqQv|0|2016-03-02|2022-03-24
prty1440|ppid54|qoYuVUPJ|2000-05-15|2025-08-11|rDRxlLqp|0|2004-09-04|2022-03-24
prty1441|ppid55|ZKXGxRit|2009-12-12|2024-07-16|raoTiNdn|1|2009-12-14|2022-03-24
prty1442|ppid56|okXtPBlw|2003-07-21|2020-09-24|hAQqHLeh|1|2008-06-09|2022-03-24
prty1443|ppid57|viTFzLDO|2007-04-04|2023-12-01|XAgrqxsj|0|2017-07-20|2022-03-24
prty1444|ppid58|iERityJz|2006-01-15|2022-08-12|GrjKdhHC|0|2007-04-24|2022-03-24
prty1445|ppid59|CqakIGkz|2000-10-19|2022-12-13|vNGiJUhE|0|2003-12-09|2022-03-24
prty1446|ppid60|eRUePRtZ|2003-08-17|2029-09-20|IgRJfjzX|1|2013-12-20|2022-03-24
prty1447|ppid61|yNFUVjyw|2000-09-26|2028-03-12|TLWuNRrp|0|2012-10-24|2022-03-24
prty1448|ppid62|dfJDaXJg|2002-01-25|2011-11-07|GwQqZjeb|0|2021-12-24|2022-03-24
prty1449|ppid63|WBairDHU|2004-02-08|2015-02-25|gEiYjZkQ|1|2014-01-05|2022-03-24
prty1450|ppid64|MrTSkRTN|2008-05-25|2014-08-03|NGePTVfh|0|2001-10-10|2022-03-24
prty1451|ppid65|qLWBLVvN|2006-11-29|2022-03-14|BWsiSHlF|0|2010-12-19|2022-03-24
prty1452|ppid66|hROnCISs|2002-05-25|2013-06-11|eVhnjuLE|1|2011-09-14|2022-03-24
prty1453|ppid67|RckIjcCa|2005-12-02|2024-06-29|yVNkOILp|0|2020-08-10|2022-03-24
prty1454|ppid68|EQPJabSj|2006-11-25|2030-12-17|TKkrnMsb|1|2017-03-24|2022-03-24
prty1455|ppid69|IDKRoRCQ|2000-02-02|2019-09-06|HfUslOuH|0|2005-07-07|2022-03-24
prty1456|ppid70|DpQgGajQ|2004-05-06|2027-04-20|kwpizlfQ|0|2006-11-13|2022-03-24
prty1457|ppid71|UMHupmPr|2004-06-16|2027-07-11|fnZDmEkP|0|2019-08-20|2022-03-24
prty1458|ppid72|YvKtihEY|2010-08-17|2025-01-25|kkXlVYHB|1|2008-12-03|2022-03-24
prty1459|ppid73|lCnhKOMZ|2004-01-03|2025-12-20|ZaqCwIbJ|1|2020-06-18|2022-03-24
prty1460|ppid74|xKTFZBjk|2004-03-24|2031-06-07|ZEEzqlLW|1|2014-08-24|2022-03-24
prty1461|ppid75|kJyPdHBo|2008-09-07|2019-02-11|gJbMuVqO|0|2015-12-12|2022-03-24
prty1462|ppid76|biwGKGCS|2005-03-19|2018-10-08|aRoMlaNd|1|2016-11-17|2022-03-24
prty1463|ppid77|DTVilcvC|2010-09-20|2018-02-24|lVKTdKdI|0|2009-12-31|2022-03-24
prty1464|ppid78|vKVPIWep|2007-06-26|2020-05-17|zChmChJf|1|2004-10-08|2022-03-24
prty1465|ppid79|IvOXeGhH|2010-11-08|2015-04-20|LrjaCAaz|1|2007-12-13|2022-03-24
prty1466|ppid80|APFhyVVj|2009-06-07|2024-12-31|KkGLePVN|0|2002-08-31|2022-03-24
prty1467|ppid81|PAgNrztc|2008-02-18|2015-03-15|fttktSFl|0|2018-10-04|2022-03-24
prty1468|ppid82|kpbRGpta|2005-11-20|2031-04-01|fYyJFmIq|1|2004-09-21|2022-03-24
prty1469|ppid83|JflGAlnU|2004-06-02|2025-05-18|GkFhIaah|1|2018-05-05|2022-03-24
prty1470|ppid84|QqCpJuNl|2004-12-20|2019-01-25|LfODyFcs|0|2014-05-26|2022-03-24
prty1471|ppid85|wvenhkKZ|2000-09-14|2017-08-29|MsaAkkFu|1|2019-10-25|2022-03-24
prty1472|ppid86|qpqvHost|2004-04-10|2020-11-28|TLDAEsYo|1|2007-04-26|2022-03-24
prty1473|ppid87|ZMhtcVEQ|2008-12-01|2024-09-27|jQogHALd|1|2006-01-16|2022-03-24
prty1474|ppid88|AupDvTzE|2006-06-25|2018-04-13|QYsUOPqc|1|2015-09-02|2022-03-24
prty1475|ppid89|vJvjjweL|2006-10-30|2016-03-28|zOfBgKsR|0|2013-04-09|2022-03-24
prty1476|ppid90|Zutrxivx|2003-04-26|2024-09-20|mnXBlbGq|1|2009-09-10|2022-03-24
prty1477|ppid91|SihLacDR|2008-03-20|2022-12-03|ksTpZjbs|0|2000-03-25|2022-03-24
prty1478|ppid92|okuYOjSZ|2002-06-19|2028-06-27|GjQYILFR|0|2005-05-03|2022-03-24
prty1479|ppid93|SnCQzhKm|2005-05-20|2016-12-20|aKqXzVnE|1|2000-07-03|2022-03-24
prty1480|ppid94|NBbSTSuT|2009-11-06|2019-06-13|hNdusafM|1|2018-09-08|2022-03-24
prty1481|ppid95|BAaqHhsd|2005-09-23|2027-06-06|VMiXnxdV|1|2005-07-15|2022-03-24
prty1482|ppid96|IsdKFOIq|2003-05-30|2014-12-15|KcfxoWQR|0|2021-03-29|2022-03-24
prty1483|ppid97|wJKrmSZN|2001-12-07|2030-04-16|wvfMMoQs|1|2021-01-26|2022-03-24
prty1484|ppid98|JJHivBJj|2003-03-28|2025-09-28|YUKdGVeU|1|2011-08-16|2022-03-24
prty1485|ppid99|aATpwDOX|2003-12-30|2018-10-03|EnGONfKn|0|2019-05-31|2022-03-24
prty1486|ppid1|KcvJpXmb|2004-10-01|2013-02-01|TEZXffMu|1|2016-10-23|2022-03-24
prty1487|ppid2|tmPFkmLj|2000-02-13|2013-08-31|CYECbduN|0|2021-04-07|2022-03-24
prty1488|ppid3|APiDTgbB|2006-04-09|2019-10-06|fOqVBblT|1|2017-06-26|2022-03-24
prty1489|ppid4|RHXwiqXe|2002-03-29|2031-03-08|gXzONBPc|0|2018-08-11|2022-03-24
prty1490|ppid5|SDnKkWZU|2002-02-09|2011-07-24|BclnguNK|0|2017-07-23|2022-03-24
prty1491|ppid6|XgCkcUnS|2004-09-12|2030-02-27|SWSzWfOc|1|2005-04-20|2022-03-24
prty1492|ppid7|yWEallbH|2002-02-15|2021-05-25|gWhmBYkB|0|2021-06-30|2022-03-24
prty1493|ppid8|WjwLdtzZ|2006-04-17|2013-10-19|NdEUjDJp|1|2013-11-05|2022-03-24
prty1494|ppid9|wUaQprqT|2009-04-24|2017-04-11|DFgrGbTw|0|2018-06-28|2022-03-24
prty1495|ppid10|osCoMbRm|2006-10-08|2024-07-10|uGwskZuU|0|2018-02-27|2022-03-24
prty1496|ppid11|WtLbwayV|2010-11-06|2012-08-11|nbReCUCS|0|2012-02-05|2022-03-24
prty1497|ppid12|GNXUSrKF|2001-06-18|2028-03-26|vDTjWxzX|0|2007-07-31|2022-03-24
prty1498|ppid13|ObtcuFhC|2007-09-27|2018-09-14|ftwYVIxV|1|2007-05-28|2022-03-24
prty1499|ppid14|KKyGoSdg|2000-08-25|2025-04-02|XEcNwTAJ|0|2015-02-01|2022-03-24
prty1500|ppid15|docIMPTW|2000-11-27|2011-05-20|iCIsMGVn|0|2005-04-28|2022-03-24
prty1501|ppid16|mPBKwYsD|2003-10-26|2016-09-10|Puxgqhsj|0|2019-12-17|2022-03-24
prty1502|ppid17|rpUlRiqB|2008-06-04|2026-01-22|JRBhyxHk|0|2015-02-02|2022-03-24
prty1503|ppid18|PmNSUcfz|2004-12-05|2027-02-16|BtQMzUcF|1|2002-10-01|2022-03-24
prty1504|ppid19|zGeZYlGL|2004-03-28|2017-10-10|ltseuvLP|1|2013-07-26|2022-03-24
prty1505|ppid20|TLDmAJnb|2008-05-19|2011-08-28|nuMnbnQW|0|2017-12-04|2022-03-24
prty1506|ppid21|UOgWydLL|2001-06-29|2030-11-22|zvYOMmml|1|2005-06-02|2022-03-24
prty1507|ppid22|XbpGgGAE|2005-03-14|2026-10-15|pCSHpykH|1|2000-12-29|2022-03-24
prty1508|ppid23|OtlufTPZ|2000-05-30|2031-08-15|QsMHaviV|0|2013-10-05|2022-03-24
prty1509|ppid24|TFzdpehY|2004-10-01|2020-11-10|NZdmrGKW|1|2000-06-09|2022-03-24
prty1510|ppid25|ZNlWJzuL|2007-05-01|2021-06-24|BLmSBcTZ|1|2012-05-09|2022-03-24
prty1511|ppid26|BRZQOECh|2010-12-04|2011-09-23|GqZnntms|1|2012-04-26|2022-03-24
prty1512|ppid27|MEiMclIN|2004-04-03|2026-04-25|ZOpzRtzr|1|2013-12-12|2022-03-24
prty1513|ppid28|BfIlnzfP|2010-08-19|2018-01-10|VVGjSRsG|0|2008-11-14|2022-03-24
prty1514|ppid29|LlvPUihX|2004-02-13|2022-08-18|ETXCCyof|0|2006-11-01|2022-03-24
prty1515|ppid30|DUPRfMQR|2001-01-07|2018-04-28|mXmqHQKq|1|2009-12-07|2022-03-24
prty1516|ppid31|Rfrixpzz|2010-08-03|2015-03-15|PNoPQKjW|1|2009-03-27|2022-03-24
prty1517|ppid32|xEIsXvaE|2007-10-16|2028-10-14|xhdknwGj|1|2007-07-18|2022-03-24
prty1518|ppid33|itbTwXdW|2001-02-07|2023-04-28|IbzYkEPy|0|2010-07-25|2022-03-24
prty1519|ppid34|maRHfRYZ|2005-07-18|2017-05-07|ZaFTZWxD|0|2021-07-09|2022-03-24
prty1520|ppid35|gMKhTvSc|2010-06-18|2011-02-10|DGZhZYQX|0|2014-03-06|2022-03-24
prty1521|ppid36|drNaJDKF|2005-12-05|2028-05-20|cIMUTVYP|0|2019-05-31|2022-03-24
prty1522|ppid37|MJHBLosO|2010-03-10|2012-09-22|tFfFBYBK|0|2005-09-17|2022-03-24
prty1523|ppid38|CqfAfsMJ|2010-02-17|2015-06-16|YsKchDBw|1|2011-08-08|2022-03-24
prty1524|ppid39|kjTjgBcS|2007-06-16|2015-06-24|rLAdrSpG|1|2006-07-16|2022-03-24
prty1525|ppid40|EuFPFBaB|2008-12-17|2018-08-05|GwmxMcTr|1|2021-11-26|2022-03-24
prty1526|ppid41|RDQvFTEm|2009-04-25|2030-01-27|mELQLDMw|1|2003-07-03|2022-03-24
prty1527|ppid42|pfLgJUGZ|2007-07-10|2026-03-02|YDGzFlfQ|0|2013-07-27|2022-03-24
prty1528|ppid43|BHScGYYn|2006-07-06|2026-08-07|FcivsXOb|0|2013-06-12|2022-03-24
prty1529|ppid44|ACMGnxab|2010-03-29|2021-05-20|qcrzQKCG|1|2009-11-22|2022-03-24
prty1530|ppid45|sFCVBjdQ|2002-02-13|2028-11-24|pTcRVTSu|0|2018-09-09|2022-03-24
prty1531|ppid46|nMjtBHAe|2003-10-19|2025-11-03|IyhUqqEg|0|2016-05-23|2022-03-24
prty1532|ppid47|BjaXnntj|2002-10-23|2014-06-27|lgEmtZac|1|2020-12-18|2022-03-24
prty1533|ppid48|KpdZnzVN|2000-02-28|2020-10-27|WRMUSlDs|1|2016-10-29|2022-03-24
prty1534|ppid49|PbTdDpTs|2003-06-02|2028-02-22|XqtufoNC|0|2004-12-18|2022-03-24
prty1535|ppid50|fjUUqtTV|2006-10-12|2031-02-16|LDfzPzRh|0|2012-11-29|2022-03-24
prty1536|ppid51|SqVnWDUg|2009-03-15|2019-11-01|CazOGUYi|1|2004-01-19|2022-03-24
prty1537|ppid52|neLIwBND|2002-09-16|2031-09-19|CxAQnfTX|0|2017-01-11|2022-03-24
prty1538|ppid53|sBnxLDTh|2010-12-08|2014-08-11|uzYOAusR|1|2004-03-21|2022-03-24
prty1539|ppid54|sDduScpd|2002-02-06|2014-06-04|NFkkgAbk|1|2000-11-05|2022-03-24
prty1540|ppid55|tsfkjbEL|2006-09-03|2030-08-07|EWRYpZdq|0|2021-11-28|2022-03-24
prty1541|ppid56|gSuolqUk|2003-06-09|2011-07-01|nBPPVUhB|1|2006-02-05|2022-03-24
prty1542|ppid57|gbzFoMYH|2001-11-20|2027-04-21|wsPxQwzl|0|2014-09-29|2022-03-24
prty1543|ppid58|edmZzrVY|2010-06-02|2024-10-16|mwpPuOMd|0|2013-05-28|2022-03-24
prty1544|ppid59|XnVVYLAl|2010-05-03|2024-09-20|JLDZHGBC|1|2015-10-07|2022-03-24
prty1545|ppid60|QWfpCrpt|2005-04-29|2024-10-23|bGSPcRzE|1|2006-06-30|2022-03-24
prty1546|ppid61|EvpuVeYy|2003-10-16|2014-02-14|JxrbSENQ|0|2007-04-21|2022-03-24
prty1547|ppid62|HAjomlor|2000-05-02|2020-11-29|BvhbkAEx|1|2014-07-27|2022-03-24
prty1548|ppid63|PlcWyuRk|2003-07-06|2021-05-29|VpRIDbcb|1|2001-12-30|2022-03-24
prty1549|ppid64|nUcSxcBG|2009-01-30|2020-06-01|bucfWzeF|0|2009-04-09|2022-03-24
prty1550|ppid65|yshoNcry|2003-02-14|2017-05-29|edqXtted|1|2012-02-11|2022-03-24
prty1551|ppid66|vbDQAZQY|2003-06-14|2014-06-19|OdHzyaHZ|0|2000-01-02|2022-03-24
prty1552|ppid67|wlGFIKIO|2009-04-13|2025-07-27|cagGrTQj|1|2011-09-16|2022-03-24
prty1553|ppid68|MqtEKbBg|2000-05-12|2028-09-27|XBcrxKAh|1|2016-12-10|2022-03-24
prty1554|ppid69|MUuuLlgY|2005-03-27|2026-11-11|ztOPCgyl|1|2001-09-24|2022-03-24
prty1555|ppid70|cxaKSicG|2008-02-07|2030-07-17|NybuvERw|0|2006-08-24|2022-03-24
prty1556|ppid71|StaXlYVu|2008-03-06|2022-11-12|JeuefDae|0|2007-09-05|2022-03-24
prty1557|ppid72|zlDWuCkD|2004-05-24|2013-09-24|JOxbkRwQ|0|2000-07-02|2022-03-24
prty1558|ppid73|riRGkkdx|2009-01-30|2014-05-06|jhdxGDWC|0|2020-10-27|2022-03-24
prty1559|ppid74|hBhiQaXz|2000-04-12|2021-07-19|ZvHWysZz|0|2019-12-02|2022-03-24
prty1560|ppid75|gPNRJwUg|2004-04-25|2014-11-03|OmCugion|0|2009-09-14|2022-03-24
prty1561|ppid76|wtGjsATe|2004-07-16|2019-05-30|QKfRMrCe|1|2001-08-02|2022-03-24
prty1562|ppid77|KjSKQUCy|2001-03-28|2013-12-29|LQXlUSNU|0|2001-11-03|2022-03-24
prty1563|ppid78|CAFvnjXV|2003-03-07|2018-01-19|iryaPmdB|1|2009-08-05|2022-03-24
prty1564|ppid79|qVhaEXMQ|2003-08-23|2020-09-09|aqYwTNRN|0|2021-05-13|2022-03-24
prty1565|ppid80|OBZmsqnH|2005-03-31|2012-09-13|VuoxMlTB|0|2016-10-23|2022-03-24
prty1566|ppid81|CfQAmrpF|2007-09-08|2027-04-01|HhAIdOOf|1|2003-08-06|2022-03-24
prty1567|ppid82|FrqzTfsf|2010-12-16|2023-03-03|gLGxEnkw|0|2017-04-26|2022-03-24
prty1568|ppid83|DyoeYKaU|2008-09-09|2014-03-01|JtHNNqFM|0|2011-02-27|2022-03-24
prty1569|ppid84|RdSyCZLp|2002-12-14|2020-12-19|EVigoBeT|1|2005-03-24|2022-03-24
prty1570|ppid85|CEltWxcY|2010-12-12|2015-03-26|sfBNEria|0|2003-09-26|2022-03-24
prty1571|ppid86|vOVJASwy|2009-02-17|2017-11-30|hZnBbXxj|1|2020-10-08|2022-03-24
prty1572|ppid87|xCiuxgAQ|2002-05-30|2016-01-07|SuuQWskt|0|2003-01-16|2022-03-24
prty1573|ppid88|mJnjiHSp|2002-05-19|2028-10-16|FNsxfBMJ|0|2007-12-06|2022-03-24
prty1574|ppid89|CpySDfzu|2001-12-13|2030-12-16|SfWaFLlf|1|2004-02-08|2022-03-24
prty1575|ppid90|PKuTiJJO|2010-02-26|2025-01-12|PWcxXRlW|0|2003-06-27|2022-03-24
prty1576|ppid91|uURlVcRY|2003-06-28|2016-08-21|jrpWVjsD|1|2001-05-27|2022-03-24
prty1577|ppid92|cegPmorO|2006-10-02|2022-07-04|SkqWvDPx|0|2016-10-28|2022-03-24
prty1578|ppid93|pULrgrqF|2007-03-23|2018-12-16|LYnwFUcr|0|2020-01-11|2022-03-24
prty1579|ppid94|IuLYNjal|2010-09-02|2031-11-05|mRayvqJb|1|2021-04-22|2022-03-24
prty1580|ppid95|KhKCJxVp|2000-10-07|2012-04-09|uFdPrIkn|1|2003-05-16|2022-03-24
prty1581|ppid96|TUSBsadf|2009-06-13|2024-12-12|nRNiMKMK|1|2021-07-22|2022-03-24
prty1582|ppid97|aQjkKXlA|2008-11-18|2027-09-21|waqQmddi|0|2008-06-20|2022-03-24
prty1583|ppid98|ozEcjMpq|2007-11-27|2013-07-20|XDDYrUbo|0|2012-07-05|2022-03-24
prty1584|ppid99|RZFuECCn|2003-03-05|2018-04-29|uyFzstKO|0|2021-08-01|2022-03-24
prty1585|ppid1|jlnMEPvK|2003-07-23|2025-12-20|EnfRwZqC|1|2003-07-19|2022-03-24
prty1586|ppid2|gJEpOjWT|2004-11-21|2026-07-13|tzIuKuWT|0|2010-02-04|2022-03-24
prty1587|ppid3|QbOwaMwG|2003-10-08|2025-07-13|GBPlhwWB|0|2000-07-17|2022-03-24
prty1588|ppid4|lqrpndRU|2001-09-15|2028-05-02|CDTFkmpr|1|2018-04-24|2022-03-24
prty1589|ppid5|dqkmvlBb|2003-11-03|2029-02-27|ordmtUWG|1|2020-03-15|2022-03-24
prty1590|ppid6|QNEUOdln|2006-02-18|2030-02-25|MijLLGFW|0|2010-04-01|2022-03-24
prty1591|ppid7|wsFrAWcr|2002-02-01|2018-03-05|SdFxfEvz|1|2018-06-16|2022-03-24
prty1592|ppid8|VPrDXIwT|2002-12-13|2013-01-08|DFioBphD|1|2004-01-04|2022-03-24
prty1593|ppid9|KMzmRFSg|2009-08-22|2015-05-04|xRleNjqI|0|2016-04-21|2022-03-24
prty1594|ppid10|WKANwWHp|2008-10-07|2016-11-17|jcPuUUYW|1|2013-10-21|2022-03-24
prty1595|ppid11|FFxedgmz|2004-07-10|2014-08-15|OqFcROZT|0|2007-12-10|2022-03-24
prty1596|ppid12|cshOAOqm|2007-08-26|2011-12-11|rVRQwFCN|0|2003-03-30|2022-03-24
prty1597|ppid13|BmFHUpOg|2002-03-13|2022-04-03|rlOtpRnj|1|2011-06-21|2022-03-24
prty1598|ppid14|yAHWnGDU|2002-05-20|2028-06-12|xaNbHisW|0|2014-12-06|2022-03-24
prty1599|ppid15|IrPZyIIq|2010-08-30|2011-01-20|JkmPSCyH|0|2012-01-18|2022-03-24
prty1600|ppid16|JTppFDCr|2005-10-27|2013-04-18|PtgVvngY|0|2009-01-09|2022-03-24
prty1601|ppid17|UvsmfUlN|2003-11-08|2015-01-19|wlqTGktA|1|2014-11-01|2022-03-24
prty1602|ppid18|RfSAKhtJ|2008-06-06|2021-04-28|wsBQcfTU|0|2004-10-03|2022-03-24
prty1603|ppid19|cmbmHguB|2005-10-07|2029-12-14|eEQHCBjz|0|2012-07-11|2022-03-24
prty1604|ppid20|cygJtHWJ|2004-11-24|2031-04-21|QPdLFimD|0|2002-07-26|2022-03-24
prty1605|ppid21|eOxpizjA|2006-09-25|2019-12-14|tjylvtoW|0|2007-11-08|2022-03-24
prty1606|ppid22|ARlVOLqX|2000-06-25|2025-10-31|DDEqtjYu|1|2005-12-01|2022-03-24
prty1607|ppid23|zXGpTfBj|2007-09-06|2021-11-09|sJiUqePg|0|2016-11-03|2022-03-24
prty1608|ppid24|bLHcweGM|2008-06-09|2013-09-27|cwSAvrRA|0|2005-05-18|2022-03-24
prty1609|ppid25|nWCuRWst|2007-04-15|2027-09-09|gJPwHJbg|1|2006-03-26|2022-03-24
prty1610|ppid26|IOBhMjGE|2008-09-25|2014-09-04|CIctCoRg|1|2013-01-10|2022-03-24
prty1611|ppid27|PGHigEjC|2002-06-08|2025-01-27|MqEfEzVr|1|2009-10-23|2022-03-24
prty1612|ppid28|RVtpDdlM|2005-11-05|2031-01-09|apbfjqHW|1|2020-10-31|2022-03-24
prty1613|ppid29|lGMHSdXU|2009-04-14|2013-03-04|IvEfpjKD|0|2014-01-20|2022-03-24
prty1614|ppid30|ixHyKvIx|2007-05-09|2016-04-13|mAbrSNeg|0|2004-01-09|2022-03-24
prty1615|ppid31|iIIBVCKH|2004-12-26|2026-12-04|BALEEqxj|0|2000-11-27|2022-03-24
prty1616|ppid32|vquXqWzt|2000-09-02|2022-07-01|GXAQFVrf|1|2008-01-28|2022-03-24
prty1617|ppid33|ujulvLMa|2000-09-19|2018-11-23|PwsPMcAT|0|2013-01-02|2022-03-24
prty1618|ppid34|lgyaiURJ|2008-01-28|2021-07-21|RJTkQHDg|1|2011-05-31|2022-03-24
prty1619|ppid35|HjGLREpR|2008-08-29|2019-12-13|gnbfQyCc|1|2002-03-18|2022-03-24
prty1620|ppid36|pmjTVOiS|2005-12-02|2013-03-29|UbycjHgu|0|2009-05-10|2022-03-24
prty1621|ppid37|sLGcCXvA|2009-02-08|2018-07-30|XahycoJA|1|2019-10-13|2022-03-24
prty1622|ppid38|vRjjhlMK|2002-08-18|2030-06-17|LveZExfE|1|2000-06-13|2022-03-24
prty1623|ppid39|BMtTYylM|2004-09-23|2011-08-10|sWQxBjap|1|2013-12-31|2022-03-24
prty1624|ppid40|HCpSaTvU|2000-12-08|2014-01-18|vKzuXlOW|1|2001-10-03|2022-03-24
prty1625|ppid41|xQwrGGyJ|2009-10-06|2012-07-21|FGSAfyHS|1|2002-08-19|2022-03-24
prty1626|ppid42|ItaaJUtw|2001-06-04|2017-12-25|siXhmYdv|0|2005-02-27|2022-03-24
prty1627|ppid43|LJPJAURX|2000-09-01|2018-12-18|AKoGGsgo|0|2006-12-30|2022-03-24
prty1628|ppid44|RigRuYGW|2009-04-20|2014-01-05|MVtrFUJy|1|2012-04-25|2022-03-24
prty1629|ppid45|kQnozmuT|2000-06-03|2029-05-19|kRCHHfDC|0|2020-01-18|2022-03-24
prty1630|ppid46|HADZuoYk|2009-01-18|2018-12-14|VbnQTWvF|1|2005-04-20|2022-03-24
prty1631|ppid47|WUwMZcmt|2009-08-04|2016-11-16|ikqIfTFZ|0|2000-04-02|2022-03-24
prty1632|ppid48|beXpFBns|2006-04-17|2013-03-15|DzVzxqwh|0|2001-07-21|2022-03-24
prty1633|ppid49|bpSjbbbp|2005-10-28|2023-03-21|RrvrUdSi|0|2020-08-11|2022-03-24
prty1634|ppid50|bNoiYtWd|2008-01-27|2027-03-20|TsUVeMmr|1|2017-03-17|2022-03-24
prty1635|ppid51|ZvRHALjO|2005-05-07|2018-02-27|sBGsgmEI|1|2003-09-12|2022-03-24
prty1636|ppid52|YYqzQFfY|2002-05-18|2021-12-22|hmOSHPTZ|0|2010-05-22|2022-03-24
prty1637|ppid53|PDGMlyef|2006-09-17|2013-05-27|XIvQKCMZ|1|2018-12-23|2022-03-24
prty1638|ppid54|xfeNINOL|2000-08-07|2013-09-14|IcMIJSew|1|2013-07-19|2022-03-24
prty1639|ppid55|GwKhJZSv|2002-10-12|2023-03-21|fwDAqplT|1|2012-04-30|2022-03-24
prty1640|ppid56|SvajTGkV|2000-04-04|2016-05-22|IMdpNyER|0|2009-06-19|2022-03-24
prty1641|ppid57|OxROmbgw|2007-09-27|2014-10-17|UnhZuwDx|1|2021-01-07|2022-03-24
prty1642|ppid58|sWuapatK|2003-03-04|2031-10-27|FYQNDoNL|1|2012-12-11|2022-03-24
prty1643|ppid59|CBhtnlaW|2004-08-26|2017-09-22|sRLxSHGA|1|2019-01-16|2022-03-24
prty1644|ppid60|frWLRrGn|2006-12-11|2028-03-25|MdaGtbAU|1|2011-11-10|2022-03-24
prty1645|ppid61|DwnWhpvA|2007-10-15|2021-05-08|IsEMIQgo|1|2017-02-08|2022-03-24
prty1646|ppid62|bxgfWNLl|2000-05-29|2021-09-26|LQWCOFar|1|2020-07-16|2022-03-24
prty1647|ppid63|kcsjcahh|2007-10-05|2028-09-19|zKyEkefI|1|2013-02-15|2022-03-24
prty1648|ppid64|ZFsJqieD|2007-05-24|2023-03-03|VrPJTWBg|0|2020-03-16|2022-03-24
prty1649|ppid65|YoenWEsp|2010-03-24|2011-06-12|DtSwEgiy|1|2010-07-22|2022-03-24
prty1650|ppid66|ddZgKbxr|2005-12-27|2017-01-05|baXvnUkj|1|2006-06-04|2022-03-24
prty1651|ppid67|nAnfRQwu|2007-09-08|2018-09-29|tzLFEOpc|0|2019-05-22|2022-03-24
prty1652|ppid68|fjxyaZcT|2004-03-01|2018-07-01|kCIHNjpQ|0|2017-03-22|2022-03-24
prty1653|ppid69|mpjkKSMz|2001-07-28|2027-05-26|LzafbRZR|0|2004-03-10|2022-03-24
prty1654|ppid70|fQGZslNc|2005-05-23|2029-02-07|cxxrdWwy|0|2020-12-22|2022-03-24
prty1655|ppid71|TjnszpFV|2007-09-29|2027-06-11|hROxZcBm|0|2012-12-10|2022-03-24
prty1656|ppid72|GgcePqYW|2007-08-23|2031-01-05|PuAECsmZ|1|2010-08-05|2022-03-24
prty1657|ppid73|XzOiLMIi|2003-01-22|2024-10-15|fWjjadlD|1|2000-02-05|2022-03-24
prty1658|ppid74|UgIaYHAM|2005-12-08|2019-03-27|lOPfteXB|0|2018-02-11|2022-03-24
prty1659|ppid75|tkITZdPu|2004-07-29|2025-03-01|JogBdwVN|1|2006-08-21|2022-03-24
prty1660|ppid76|mFRpCRGJ|2004-04-11|2012-07-01|nopjBqXk|1|2011-04-27|2022-03-24
prty1661|ppid77|kacYevyE|2002-08-27|2026-12-21|hTPRHbba|1|2001-06-30|2022-03-24
prty1662|ppid78|IYYOYxbK|2001-08-22|2031-02-07|RvSFRhgI|0|2013-05-31|2022-03-24
prty1663|ppid79|nfkWwwuN|2010-12-05|2014-01-15|PwhAKxWB|1|2014-02-22|2022-03-24
prty1664|ppid80|UiktCQMd|2007-05-26|2014-04-25|gOlCNNBQ|1|2000-05-23|2022-03-24
prty1665|ppid81|OqpbiIoK|2003-12-21|2028-04-30|KuNWZDOm|0|2005-10-05|2022-03-24
prty1666|ppid82|QjxdzKDQ|2001-04-30|2012-01-01|IANeRnmj|0|2016-02-25|2022-03-24
prty1667|ppid83|PQjPpRiu|2000-02-02|2030-01-20|zUJuYgKv|1|2009-09-05|2022-03-24
prty1668|ppid84|HDPDFXjx|2009-01-17|2024-08-12|HvfzdFqW|1|2004-12-08|2022-03-24
prty1669|ppid85|mIArVEXk|2010-08-04|2013-10-21|idWlUMQm|0|2021-08-12|2022-03-24
prty1670|ppid86|xhbFoeII|2004-07-28|2025-09-23|pTAdCBnM|0|2010-03-29|2022-03-24
prty1671|ppid87|nYbZYjlX|2008-06-25|2014-08-13|vOhCuHVL|0|2005-05-15|2022-03-24
prty1672|ppid88|jlGqyeos|2003-05-10|2013-08-30|tIFEvTYX|1|2008-09-09|2022-03-24
prty1673|ppid89|ERgfKGln|2006-05-07|2021-02-09|ZBfwueUn|0|2011-06-10|2022-03-24
prty1674|ppid90|eGvXmCRV|2007-11-27|2027-12-17|NKyoqHwL|0|2017-01-20|2022-03-24
prty1675|ppid91|rfgLTbgI|2005-12-23|2028-02-01|kyCDQwDf|1|2015-04-20|2022-03-24
prty1676|ppid92|sHbqHkwE|2009-12-21|2029-10-09|CPGLlavg|0|2015-12-06|2022-03-24
prty1677|ppid93|ANPJYQIZ|2002-12-18|2025-03-27|dMjCUTGg|1|2011-10-05|2022-03-24
prty1678|ppid94|JmnVrFPI|2002-10-28|2012-05-19|YADjHUeo|0|2009-03-06|2022-03-24
prty1679|ppid95|VJmmuuVq|2001-04-15|2017-11-04|EJrIWPlg|1|2005-03-05|2022-03-24
prty1680|ppid96|dWfQFSXH|2004-01-22|2020-05-13|SlNOJUIB|0|2015-10-06|2022-03-24
prty1681|ppid97|nRgjsvCx|2006-08-28|2012-08-27|iLppyBYu|0|2002-11-14|2022-03-24
prty1682|ppid98|sZiYJSPw|2004-02-07|2013-04-03|RLmiEPgx|1|2015-12-31|2022-03-24
prty1683|ppid99|iRywHqsq|2003-02-11|2012-04-12|XUepRBeP|1|2014-08-19|2022-03-24
prty1684|ppid1|kPNdxhDi|2000-04-02|2018-08-10|eyubwENh|1|2011-11-01|2022-03-24
prty1685|ppid2|BSYVsGEp|2008-02-26|2024-10-10|tjJhdAWS|1|2000-07-31|2022-03-24
prty1686|ppid3|cDpeyPoI|2003-11-20|2016-10-27|RwlZuiTW|1|2014-04-08|2022-03-24
prty1687|ppid4|dSNopJTj|2007-05-30|2016-04-30|duiLWTzr|1|2001-03-27|2022-03-24
prty1688|ppid5|PfEoISON|2010-04-08|2013-03-19|zprrRjYH|1|2018-06-08|2022-03-24
prty1689|ppid6|JIbEYITN|2001-08-09|2013-02-23|cZPGjrjP|0|2007-03-05|2022-03-24
prty1690|ppid7|VRTRGDIE|2000-01-27|2023-01-29|ZHmQPpvA|0|2010-07-07|2022-03-24
prty1691|ppid8|VisUTPEM|2005-05-03|2017-12-22|HVSKCZic|1|2011-01-25|2022-03-24
prty1692|ppid9|BBPKvYyV|2000-06-21|2015-10-29|mJWFTGDy|0|2011-12-27|2022-03-24
prty1693|ppid10|lMBafSMq|2004-12-04|2020-11-19|gzEyzWUY|0|2008-06-11|2022-03-24
prty1694|ppid11|BXbFKvRD|2005-07-02|2016-05-24|jDDveTfy|1|2018-05-12|2022-03-24
prty1695|ppid12|qXUaAQxu|2006-05-13|2011-03-24|HSPaouQJ|1|2005-01-07|2022-03-24
prty1696|ppid13|DMKkWYfW|2009-01-08|2021-07-05|nxlsDytt|0|2002-12-14|2022-03-24
prty1697|ppid14|XCTgjiHl|2010-01-26|2028-11-06|KMcsEkff|1|2005-12-04|2022-03-24
prty1698|ppid15|PQDaPJpm|2010-06-09|2023-07-11|nDOieuNe|1|2007-10-07|2022-03-24
prty1699|ppid16|JkohLEDh|2005-01-24|2025-02-04|DlWulUgh|0|2011-09-08|2022-03-24
prty1700|ppid17|dViybHus|2010-01-26|2019-11-19|cUMZfVqN|0|2019-02-16|2022-03-24
prty1701|ppid18|KvGqJeOY|2000-09-14|2023-01-18|PsANpHvv|1|2007-04-03|2022-03-24
prty1702|ppid19|hOUsUSyH|2002-10-27|2017-06-19|JcmiDVDV|0|2013-02-10|2022-03-24
prty1703|ppid20|WTWPKpHp|2007-01-27|2022-02-01|HsTzTYGU|0|2001-12-14|2022-03-24
prty1704|ppid21|ICAPIfkP|2003-06-22|2025-05-01|qYezdhZe|0|2011-05-05|2022-03-24
prty1705|ppid22|xMVOzUjB|2009-10-15|2020-10-15|PiVUddow|1|2007-09-07|2022-03-24
prty1706|ppid23|BlpAnVHY|2007-11-02|2013-09-01|AqhhfEKP|1|2015-04-08|2022-03-24
prty1707|ppid24|JwoDULlN|2009-09-03|2012-08-16|HiHiGJDJ|1|2002-03-10|2022-03-24
prty1708|ppid25|cGtNNBKM|2005-07-24|2031-11-12|jyhEFGQD|1|2000-07-14|2022-03-24
prty1709|ppid26|fcRPQxUk|2002-08-16|2024-01-23|cceIrURf|1|2017-09-30|2022-03-24
prty1710|ppid27|qyQsSaWT|2009-04-10|2012-02-22|yIXNfoyO|1|2004-06-18|2022-03-24
prty1711|ppid28|urWuzmtV|2008-08-16|2018-01-02|HUbbVdEt|0|2017-02-11|2022-03-24
prty1712|ppid29|tZTDRIzn|2001-06-18|2029-01-22|jjWLQWcC|0|2015-04-10|2022-03-24
prty1713|ppid30|zeFjOZTo|2008-10-02|2015-09-03|WGnviIBG|0|2016-01-24|2022-03-24
prty1714|ppid31|DLQMXEvU|2000-03-02|2026-11-20|rmwzedgX|1|2015-02-19|2022-03-24
prty1715|ppid32|cdWnUnwG|2003-08-03|2018-05-04|wPuklfoU|0|2015-04-28|2022-03-24
prty1716|ppid33|uDcnhbpT|2007-06-15|2026-08-22|EmawzJxX|0|2006-08-15|2022-03-24
prty1717|ppid34|WYehUwlu|2002-05-05|2029-08-03|YYSQlwhp|0|2014-04-20|2022-03-24
prty1718|ppid35|lwLgVDko|2003-03-26|2024-03-24|TjmBoWbN|0|2011-08-20|2022-03-24
prty1719|ppid36|sJsOkujt|2007-10-03|2021-12-14|SdCePZjG|1|2010-05-29|2022-03-24
prty1720|ppid37|dvPxqezk|2006-11-09|2014-02-22|PDDmsNum|1|2015-06-09|2022-03-24
prty1721|ppid38|rjExEScq|2009-06-02|2012-01-27|hMbmmake|1|2003-04-13|2022-03-24
prty1722|ppid39|HetFRiIQ|2000-08-11|2011-06-21|DbOEIRZP|0|2009-10-29|2022-03-24
prty1723|ppid40|cHKcKnFS|2001-02-23|2014-10-25|CgtRFNPB|1|2006-10-21|2022-03-24
prty1724|ppid41|SAhTRLWs|2006-12-27|2013-03-29|TYbPwhcy|0|2009-01-22|2022-03-24
prty1725|ppid42|geZcBcHs|2007-08-01|2029-12-20|FClSRxIq|0|2011-03-25|2022-03-24
prty1726|ppid43|wSleMhid|2009-05-22|2013-06-10|MGtaxPhY|1|2005-08-15|2022-03-24
prty1727|ppid44|NtbboXIi|2009-01-26|2031-05-30|iZgEZswu|1|2019-03-23|2022-03-24
prty1728|ppid45|kCkmUDNp|2002-08-20|2023-02-11|GucqvkDi|0|2014-05-25|2022-03-24
prty1729|ppid46|TalDQMza|2008-08-07|2017-11-06|fhCmGCtX|0|2021-03-13|2022-03-24
prty1730|ppid47|DRrArfVc|2000-05-31|2031-05-29|ZZJrzZWt|1|2007-05-15|2022-03-24
prty1731|ppid48|UrguYtTm|2003-03-29|2021-08-25|PuzcNtLe|1|2000-10-04|2022-03-24
prty1732|ppid49|jOfiRwXH|2005-08-01|2016-07-08|jsoFMWAd|1|2008-05-25|2022-03-24
prty1733|ppid50|fwseszdv|2010-06-06|2019-04-06|Nhbzqisi|1|2000-08-05|2022-03-24
prty1734|ppid51|hHXACMIX|2006-11-30|2015-11-05|wjpBnjBL|0|2007-03-07|2022-03-24
prty1735|ppid52|QyqmvcyF|2005-01-24|2028-03-21|WUyZNeIw|1|2020-08-22|2022-03-24
prty1736|ppid53|CJLZfaYS|2002-09-14|2017-11-15|EyhJQvvn|1|2016-12-15|2022-03-24
prty1737|ppid54|pFJuGnZg|2000-03-02|2029-10-30|yussvHYQ|0|2009-11-22|2022-03-24
prty1738|ppid55|fxcdbMxD|2010-05-23|2031-07-13|wvtBqSMh|0|2012-02-12|2022-03-24
prty1739|ppid56|BhkgvTYM|2000-08-20|2012-12-17|WtAAhEdb|1|2020-08-20|2022-03-24
prty1740|ppid57|wFPhHOTZ|2002-01-16|2022-01-16|DjzDDxOF|1|2015-03-04|2022-03-24
prty1741|ppid58|jyzTDsUT|2002-05-22|2019-07-16|PiqCGvvL|1|2005-06-30|2022-03-24
prty1742|ppid59|sRelQOFt|2005-05-03|2016-08-01|fNWoPvAS|1|2014-04-24|2022-03-24
prty1743|ppid60|ouuKQbum|2002-10-30|2014-09-16|mkBVBHgD|1|2019-02-04|2022-03-24
prty1744|ppid61|ZcfiiGXf|2007-06-30|2016-03-11|BvtdCcSL|1|2014-01-13|2022-03-24
prty1745|ppid62|DyeZBCRA|2002-06-15|2018-09-29|ahBLvQLE|0|2007-09-14|2022-03-24
prty1746|ppid63|ZpgSkwlk|2006-03-16|2027-10-16|eUjtMffv|0|2020-12-21|2022-03-24
prty1747|ppid64|BEwnDaaF|2002-02-12|2019-02-17|ljrMSrpS|1|2003-08-25|2022-03-24
prty1748|ppid65|qVrQNRqs|2004-07-02|2031-04-01|ilpqJUfw|1|2014-07-07|2022-03-24
prty1749|ppid66|DqIZZkZZ|2003-03-05|2026-06-17|MYjJKjCK|1|2006-11-20|2022-03-24
prty1750|ppid67|EuGbXMdv|2002-03-16|2016-10-31|ethZcheE|1|2001-04-10|2022-03-24
prty1751|ppid68|TNFEblXN|2009-07-17|2013-01-18|rHhCuxTp|0|2007-07-20|2022-03-24
prty1752|ppid69|JdBsjHRh|2006-04-15|2023-07-04|ObGtTpHu|1|2016-01-09|2022-03-24
prty1753|ppid70|wAkxvhGN|2000-06-12|2024-05-15|sSejUGFR|1|2014-10-09|2022-03-24
prty1754|ppid71|FNLnyICN|2008-05-16|2029-11-15|AjFjyiLr|0|2003-02-27|2022-03-24
prty1755|ppid72|jLmMLVea|2010-05-03|2023-10-10|XsAvqhNR|1|2006-09-06|2022-03-24
prty1756|ppid73|VHFYcHIK|2001-02-24|2016-10-25|tdVNnBZO|0|2002-04-16|2022-03-24
prty1757|ppid74|HzwhhEXe|2004-04-08|2023-01-22|FkYaiJOV|1|2007-11-16|2022-03-24
prty1758|ppid75|EFVfMqiF|2009-06-14|2022-01-01|LxMsyodK|1|2011-01-16|2022-03-24
prty1759|ppid76|axSAUiLR|2009-09-24|2027-11-16|nmPEcWPm|1|2000-03-08|2022-03-24
prty1760|ppid77|mEueldGX|2004-04-16|2011-11-30|hmqUoBqu|0|2003-08-24|2022-03-24
prty1761|ppid78|xpuYfNRV|2000-09-13|2025-01-01|YKmQQKgR|1|2016-02-10|2022-03-24
prty1762|ppid79|EzwIpwFf|2000-01-18|2011-01-13|knFqsfGp|1|2017-05-30|2022-03-24
prty1763|ppid80|yNuRyvLn|2000-06-05|2013-01-01|sCJMFwNX|0|2021-09-30|2022-03-24
prty1764|ppid81|oqCVIonO|2010-09-04|2030-04-29|kmUlYBgm|1|2004-09-06|2022-03-24
prty1765|ppid82|BpVZcYrP|2003-03-22|2019-10-18|YGcTnNFD|0|2015-07-07|2022-03-24
prty1766|ppid83|eWkRDodg|2005-07-28|2014-03-12|LRBhRwjN|1|2011-04-27|2022-03-24
prty1767|ppid84|RReZZwgm|2000-03-26|2014-02-22|vWxSnRTA|0|2004-07-24|2022-03-24
prty1768|ppid85|iCFRglFN|2008-06-20|2030-06-14|JLaHuzyj|0|2016-05-02|2022-03-24
prty1769|ppid86|RnHQPoWE|2001-01-07|2022-02-06|tqYBrcqv|0|2010-02-24|2022-03-24
prty1770|ppid87|QYGnKZGc|2001-07-10|2030-02-23|gDZOzCOn|1|2004-10-07|2022-03-24
prty1771|ppid88|frNllBQb|2000-05-14|2029-11-25|hsPxQiVj|1|2016-11-20|2022-03-24
prty1772|ppid89|enFuwqfy|2003-06-23|2021-03-02|qmxcRzaX|1|2015-05-03|2022-03-24
prty1773|ppid90|yIoNTufr|2007-09-09|2015-11-11|raLcfsZU|0|2006-02-14|2022-03-24
prty1774|ppid91|XNJsneXE|2000-06-29|2013-11-30|mLenWoIP|0|2020-01-07|2022-03-24
prty1775|ppid92|FClPikCq|2005-12-09|2018-04-01|KxXsFpoW|0|2021-04-25|2022-03-24
prty1776|ppid93|NlSryRnw|2005-02-19|2026-08-19|pvIBWtYJ|1|2004-02-05|2022-03-24
prty1777|ppid94|jujiHulN|2006-11-13|2025-03-23|RrLiysUW|1|2020-10-14|2022-03-24
prty1778|ppid95|klfCWzyn|2004-07-10|2023-02-03|vkROmdJf|1|2004-10-09|2022-03-24
prty1779|ppid96|YINcXcLI|2009-02-01|2024-04-08|FDhAkALJ|1|2004-08-15|2022-03-24
prty1780|ppid97|DBACIqUx|2001-08-09|2017-08-28|QGULUusK|1|2003-12-16|2022-03-24
prty1781|ppid98|rfDTtkQm|2009-04-02|2028-09-23|vPdKpWEk|0|2006-01-26|2022-03-24
prty1782|ppid99|dcrZLCSg|2004-03-22|2021-01-11|oeANbCdd|0|2016-04-05|2022-03-24
prty1783|ppid1|LUjOWxSo|2010-04-17|2030-05-23|cuuQXaiU|0|2005-04-29|2022-03-24
prty1784|ppid2|WezruyMJ|2006-04-13|2030-03-11|zerIQBKs|0|2014-11-11|2022-03-24
prty1785|ppid3|puFWDQTv|2006-07-27|2021-03-18|ruJNMkqm|0|2004-12-13|2022-03-24
prty1786|ppid4|PCqdeAPn|2008-03-12|2019-04-14|lXbuTdsP|0|2003-03-29|2022-03-24
prty1787|ppid5|lLyATiwn|2005-05-07|2022-08-10|CDlrpplT|1|2005-11-09|2022-03-24
prty1788|ppid6|SvUANlvq|2005-06-30|2019-06-15|aEmrsdgw|1|2018-06-04|2022-03-24
prty1789|ppid7|RaMAXTyF|2003-12-12|2023-12-16|oWoiATJM|1|2002-02-04|2022-03-24
prty1790|ppid8|zXKPifKh|2009-03-31|2023-12-24|exbRjqAJ|0|2010-11-10|2022-03-24
prty1791|ppid9|knPLFVCF|2009-07-06|2031-03-09|sAGmFHVt|0|2008-05-22|2022-03-24
prty1792|ppid10|DgrogKHv|2010-08-21|2027-02-14|OJdMkFmt|0|2013-05-16|2022-03-24
prty1793|ppid11|viWKYnRL|2004-03-17|2011-08-08|VPIcOGwn|0|2007-08-21|2022-03-24
prty1794|ppid12|JfrQVMXa|2002-11-24|2027-07-15|nwDmCRmd|0|2005-06-21|2022-03-24
prty1795|ppid13|ZVslqZRt|2003-04-29|2030-05-12|pAoGrEgw|0|2019-04-28|2022-03-24
prty1796|ppid14|MaLazRPo|2000-05-28|2021-03-15|TptrXOri|1|2006-06-04|2022-03-24
prty1797|ppid15|CohRlogg|2004-07-30|2018-03-29|KiNllOIj|1|2011-02-05|2022-03-24
prty1798|ppid16|IQOUevFU|2008-09-02|2014-03-25|hWiKFrjR|1|2012-04-20|2022-03-24
prty1799|ppid17|qtMlobWP|2003-08-02|2022-07-13|tIgHXybq|0|2019-05-29|2022-03-24
prty1800|ppid18|NfJUxDrX|2000-07-14|2027-12-10|TBZMNryG|1|2013-07-12|2022-03-24
prty1801|ppid19|LlSNYntY|2000-04-26|2013-04-25|hyBbjBhV|0|2014-06-22|2022-03-24
prty1802|ppid20|pkrYxLbi|2000-09-15|2011-02-21|eaAAuiNA|1|2005-01-09|2022-03-24
prty1803|ppid21|mwAfBERz|2000-12-31|2023-05-31|pcAVdlAx|1|2018-07-05|2022-03-24
prty1804|ppid22|YevxelGw|2009-08-14|2020-06-03|McbevQSP|1|2016-07-16|2022-03-24
prty1805|ppid23|lngfhDgU|2000-10-06|2019-09-15|AdXCaBeV|1|2001-06-12|2022-03-24
prty1806|ppid24|lvfbbtSh|2006-02-13|2026-12-20|MKxmWzZh|0|2020-04-03|2022-03-24
prty1807|ppid25|lvcmvCIX|2001-01-03|2021-09-19|dnEeWyFu|0|2008-01-20|2022-03-24
prty1808|ppid26|RUUQPjbu|2007-06-16|2015-03-19|KmqAcTiN|0|2018-04-04|2022-03-24
prty1809|ppid27|vqjFmshy|2008-04-18|2022-07-31|JyiMCYmQ|0|2007-10-08|2022-03-24
prty1810|ppid28|iIHIxiEu|2002-09-12|2015-03-12|BKnEHAGD|1|2001-12-05|2022-03-24
prty1811|ppid29|ehdYvaJP|2008-04-03|2028-10-20|wUFXGlVZ|0|2020-01-29|2022-03-24
prty1812|ppid30|TxjoMCXI|2007-06-02|2030-08-29|xPXjbMGx|1|2008-11-21|2022-03-24
prty1813|ppid31|getAbvNi|2009-09-24|2015-06-23|GOAkbwgz|0|2017-10-11|2022-03-24
prty1814|ppid32|nlBHNAKv|2006-05-13|2019-02-06|UyQgFAvM|1|2002-07-23|2022-03-24
prty1815|ppid33|OyerxESF|2004-04-07|2018-10-20|uUkLnSlL|0|2017-12-18|2022-03-24
prty1816|ppid34|SrWhLJkD|2004-05-25|2022-04-21|ZBSFNleb|1|2008-11-21|2022-03-24
prty1817|ppid35|trjjfaIJ|2007-08-07|2026-02-10|ETcZscrl|1|2006-01-25|2022-03-24
prty1818|ppid36|SXzjtqRb|2001-12-11|2026-03-08|gMHJkbub|0|2004-06-07|2022-03-24
prty1819|ppid37|mNxNLBng|2000-09-28|2021-09-30|DRRDnbAx|0|2003-10-19|2022-03-24
prty1820|ppid38|lyVpqKuv|2010-10-08|2015-11-17|PQIUkvZz|0|2001-03-24|2022-03-24
prty1821|ppid39|YKtOzvMi|2008-11-16|2027-06-17|NKsFGejO|1|2003-04-22|2022-03-24
prty1822|ppid40|XRoaiydc|2008-09-23|2025-05-29|tKkxLmhm|0|2009-09-08|2022-03-24
prty1823|ppid41|WizCRfBL|2009-01-28|2023-03-17|fLNVZHnh|0|2001-05-27|2022-03-24
prty1824|ppid42|vMdVnTpc|2009-12-01|2028-06-07|ZQjQKxca|1|2006-01-06|2022-03-24
prty1825|ppid43|JTzFpPFe|2009-08-19|2017-07-12|ATdUtmTS|1|2021-03-14|2022-03-24
prty1826|ppid44|yDEUFURJ|2000-04-24|2025-10-27|zXVNVxnP|0|2014-04-04|2022-03-24
prty1827|ppid45|DmdyTTrC|2008-06-29|2016-11-09|hZECWTtB|1|2013-12-23|2022-03-24
prty1828|ppid46|LUvFYqNl|2008-10-16|2019-02-06|vQXolUDx|0|2000-07-26|2022-03-24
prty1829|ppid47|tqNXkdNC|2003-01-23|2026-05-30|DsGmQLvX|0|2001-08-13|2022-03-24
prty1830|ppid48|mYPTihFo|2003-03-29|2026-01-17|SsvlkVCN|0|2008-10-09|2022-03-24
prty1831|ppid49|XaCyPrCc|2006-05-19|2031-08-07|uEllIELL|0|2011-06-11|2022-03-24
prty1832|ppid50|wEenqsQX|2008-01-01|2026-12-02|edOKpWrY|1|2003-11-05|2022-03-24
prty1833|ppid51|RhiAuTjO|2005-06-19|2019-01-16|zsMyFmKn|0|2020-10-31|2022-03-24
prty1834|ppid52|DqduWTQP|2005-12-13|2029-02-15|peLOqVWl|1|2017-04-25|2022-03-24
prty1835|ppid53|DHEDJcDg|2009-04-13|2017-08-18|LCGTuItF|1|2002-05-19|2022-03-24
prty1836|ppid54|aazwUdAr|2004-12-18|2023-04-28|gcharxky|1|2006-04-16|2022-03-24
prty1837|ppid55|UZzWJljC|2006-08-25|2019-03-25|zuylrAhH|1|2011-12-22|2022-03-24
prty1838|ppid56|jvMoiKyX|2002-07-02|2029-03-26|XALMGVQt|0|2009-01-30|2022-03-24
prty1839|ppid57|kNHatuJe|2009-01-23|2021-12-31|pmEOTUMT|1|2003-08-27|2022-03-24
prty1840|ppid58|KFmAthCT|2002-08-10|2014-09-16|LlSahKHN|0|2020-01-31|2022-03-24
prty1841|ppid59|pkpxdqfa|2004-03-22|2024-05-18|vLoFnHvw|0|2006-07-15|2022-03-24
prty1842|ppid60|sbjtdUWC|2000-08-01|2022-10-03|ZZJcUIVG|0|2001-12-18|2022-03-24
prty1843|ppid61|ytxHzcRL|2000-09-27|2013-03-11|JcLYjHao|0|2006-08-31|2022-03-24
prty1844|ppid62|EdnYJZSt|2007-01-29|2027-08-20|vfTNmcXi|1|2018-10-07|2022-03-24
prty1845|ppid63|KaponTmF|2006-04-29|2015-07-05|tUJSFfuO|0|2004-02-16|2022-03-24
prty1846|ppid64|KmlSTsjC|2010-05-08|2012-03-19|OFFAkpEA|1|2016-12-30|2022-03-24
prty1847|ppid65|gZNywuMJ|2004-06-18|2016-02-21|yvLbncex|1|2017-04-06|2022-03-24
prty1848|ppid66|zBXLkuBO|2009-01-10|2029-02-18|edSrYgVk|1|2019-04-17|2022-03-24
prty1849|ppid67|dtXQsmhH|2008-04-12|2030-12-12|eSEQNAsJ|0|2009-04-23|2022-03-24
prty1850|ppid68|vqUuocye|2008-07-07|2013-08-03|pmOACXZD|0|2004-09-27|2022-03-24
prty1851|ppid69|XMcjGddz|2009-03-17|2022-04-16|RVjRolMi|0|2004-04-21|2022-03-24
prty1852|ppid70|zvWQirUL|2008-12-07|2023-08-20|nVbQsUuY|1|2009-06-18|2022-03-24
prty1853|ppid71|rzDoZUtJ|2003-08-21|2020-05-02|tESpDdIS|1|2004-08-09|2022-03-24
prty1854|ppid72|WtpHhZAV|2004-04-03|2014-06-18|aIIzBcGF|0|2018-07-10|2022-03-24
prty1855|ppid73|rvQrnWAE|2008-08-03|2021-02-02|puKcYtfS|1|2009-11-05|2022-03-24
prty1856|ppid74|InmUCEYc|2003-12-15|2021-12-20|sdacpBQS|0|2017-10-03|2022-03-24
prty1857|ppid75|cNMpXWDY|2002-03-06|2014-04-15|ctvrJEHs|0|2002-08-29|2022-03-24
prty1858|ppid76|ayKuppZE|2003-05-29|2019-07-24|sqqQpUGw|0|2007-08-12|2022-03-24
prty1859|ppid77|mJqivbmY|2002-05-15|2016-07-12|hNYWwFGL|1|2014-01-07|2022-03-24
prty1860|ppid78|YzKMkZtH|2007-10-28|2019-01-23|LdMciCFM|1|2006-07-28|2022-03-24
prty1861|ppid79|uQLXCRNM|2005-04-16|2011-05-12|VUdyZtXQ|1|2012-07-12|2022-03-24
prty1862|ppid80|bHwJjtbs|2008-06-11|2026-02-20|uHYZGEym|1|2011-04-08|2022-03-24
prty1863|ppid81|oVJwDiEh|2002-02-14|2018-02-10|nrDKYKIu|0|2005-07-03|2022-03-24
prty1864|ppid82|KlYEdPtQ|2010-04-23|2011-08-28|BqdUYXiJ|1|2017-11-05|2022-03-24
prty1865|ppid83|xwZiehSw|2010-04-20|2012-09-20|ixCWBUdd|0|2019-02-22|2022-03-24
prty1866|ppid84|qZuKVhlg|2004-10-12|2023-09-30|SYxICvfp|1|2016-09-12|2022-03-24
prty1867|ppid85|AtRlIasH|2002-08-02|2016-11-09|TvgPngtR|0|2004-09-13|2022-03-24
prty1868|ppid86|ZKjEGqgL|2002-09-14|2024-09-13|MERgONmZ|0|2010-02-09|2022-03-24
prty1869|ppid87|PebExJiK|2005-03-15|2026-01-25|vCmkWKpc|1|2008-11-26|2022-03-24
prty1870|ppid88|BfGSGfSV|2004-10-25|2028-10-27|uOjMTfuP|1|2019-12-06|2022-03-24
prty1871|ppid89|YrLNIqzN|2001-02-23|2019-10-09|ILyRxvMF|0|2006-07-12|2022-03-24
prty1872|ppid90|YQHMLESx|2008-11-01|2030-11-06|KqPIPbNb|1|2013-11-19|2022-03-24
prty1873|ppid91|CHRGcEpr|2003-04-23|2028-04-16|bQSmOruF|0|2008-06-03|2022-03-24
prty1874|ppid92|tcrFFKtJ|2001-04-24|2017-09-12|SKdRRqop|1|2014-07-14|2022-03-24
prty1875|ppid93|WescDxvB|2005-01-11|2027-04-23|rfkCGUFY|1|2007-11-06|2022-03-24
prty1876|ppid94|vJmxzrlV|2006-03-04|2025-07-12|zWmskjCE|0|2000-07-17|2022-03-24
prty1877|ppid95|gbQUsSXV|2002-04-24|2023-05-12|NjaCDnIU|1|2015-06-06|2022-03-24
prty1878|ppid96|WPMqATze|2000-07-24|2020-06-05|ZeFZqIkg|1|2007-04-21|2022-03-24
prty1879|ppid97|CjNlXHGF|2009-08-21|2027-04-27|stvENDuY|1|2020-08-03|2022-03-24
prty1880|ppid98|AnSfqvas|2006-06-01|2016-03-10|qzNlosru|1|2003-07-06|2022-03-24
prty1881|ppid99|fIvuShaf|2005-04-16|2016-12-15|rccTCgOd|0|2008-10-22|2022-03-24
prty1882|ppid1|FuUsQejw|2008-10-28|2029-01-03|ELAttrCV|1|2005-10-13|2022-03-24
prty1883|ppid2|XYptcJFq|2008-07-18|2015-12-31|BpHOfpia|1|2015-06-24|2022-03-24
prty1884|ppid3|TbgdyVxf|2004-03-04|2020-02-06|CYFEgVRq|0|2018-11-25|2022-03-24
prty1885|ppid4|WiaNrTee|2010-02-07|2023-05-05|jwsEmhvJ|1|2004-10-18|2022-03-24
prty1886|ppid5|EYaDOVmY|2010-08-01|2024-06-11|tLMUxbtw|0|2010-09-29|2022-03-24
prty1887|ppid6|bZpURYSh|2007-09-13|2014-04-17|CurXxWKC|1|2005-06-04|2022-03-24
prty1888|ppid7|ZQfzLVgt|2008-02-28|2018-04-24|LowDfXCC|1|2004-07-17|2022-03-24
prty1889|ppid8|ynHRQSHS|2005-09-19|2030-12-22|DGGCrMaz|0|2016-04-28|2022-03-24
prty1890|ppid9|NUcDhiCx|2010-01-27|2028-03-05|mLNNBYQl|0|2002-07-03|2022-03-24
prty1891|ppid10|LFilGRPH|2005-04-01|2027-05-05|FLDulisT|0|2015-07-28|2022-03-24
prty1892|ppid11|XhGKMwgp|2006-06-13|2023-03-13|uzJmdFdg|0|2010-05-24|2022-03-24
prty1893|ppid12|hAoIHepp|2002-12-09|2021-05-12|xyWvZkjA|0|2014-07-02|2022-03-24
prty1894|ppid13|gVDtakRS|2009-08-15|2020-05-21|IlPittrd|0|2020-03-09|2022-03-24
prty1895|ppid14|ETOdthYn|2008-07-22|2020-05-14|uBzYNmPK|1|2016-12-26|2022-03-24
prty1896|ppid15|iJMJFNft|2003-03-31|2018-02-13|QBEQMQda|0|2011-05-11|2022-03-24
prty1897|ppid16|cMUSKPwY|2006-02-03|2030-08-16|pNjvZBHV|0|2013-04-04|2022-03-24
prty1898|ppid17|MqJfMkIz|2007-04-05|2029-08-27|eqgedHsM|1|2014-11-14|2022-03-24
prty1899|ppid18|ECWTGQev|2005-11-23|2026-07-28|iXqkZUkU|1|2010-12-29|2022-03-24
prty1900|ppid19|WBiPElYu|2000-09-27|2031-09-22|BIqnYFrT|0|2003-07-08|2022-03-24
prty1901|ppid20|kCmBIFRJ|2008-01-31|2012-05-06|MTaRluPH|0|2002-02-18|2022-03-24
prty1902|ppid21|yXhEAEXs|2008-02-25|2026-06-28|NqYZMsKR|1|2015-08-14|2022-03-24
prty1903|ppid22|FKhjFbtk|2008-04-12|2019-07-05|aAutpNiK|1|2011-02-26|2022-03-24
prty1904|ppid23|lyOhTWdz|2008-06-22|2021-04-26|zihHqggH|0|2000-09-26|2022-03-24
prty1905|ppid24|xPoFSake|2003-05-25|2016-02-09|tQvZNwEm|0|2002-03-17|2022-03-24
prty1906|ppid25|xblwtQkX|2000-04-17|2030-03-17|ZqHxkxXP|0|2003-06-06|2022-03-24
prty1907|ppid26|wxYfUifY|2001-12-30|2022-06-17|fezCprNN|1|2021-11-30|2022-03-24
prty1908|ppid27|LrSEwPLd|2008-10-03|2016-11-14|xYqdInqf|0|2008-09-06|2022-03-24
prty1909|ppid28|dtSDwmDV|2002-07-07|2020-04-24|fOlsxtiL|0|2014-03-10|2022-03-24
prty1910|ppid29|FzsxuNtZ|2010-01-10|2019-09-10|LqoCBUOa|1|2010-01-25|2022-03-24
prty1911|ppid30|ZrOphSJR|2004-04-14|2024-04-16|YdKNGvzs|0|2002-11-18|2022-03-24
prty1912|ppid31|AseYfKMo|2004-08-18|2011-02-28|chhCzael|0|2009-03-28|2022-03-24
prty1913|ppid32|CSvnJZlf|2009-03-29|2017-09-21|qWKjEpfs|1|2001-08-22|2022-03-24
prty1914|ppid33|caYfdgIZ|2000-10-27|2015-06-29|NwNLzNVJ|0|2012-10-26|2022-03-24
prty1915|ppid34|QGKXMHsG|2007-09-07|2027-04-21|xXubBjdT|0|2005-10-02|2022-03-24
prty1916|ppid35|qsWJavMQ|2001-11-14|2026-06-22|cOEKNOBM|0|2010-04-27|2022-03-24
prty1917|ppid36|xJiMZzuJ|2010-06-19|2028-03-17|RfXpmrko|1|2008-05-14|2022-03-24
prty1918|ppid37|nvdZqypt|2005-11-16|2028-10-24|gUTCCPNf|1|2010-02-08|2022-03-24
prty1919|ppid38|NMykMipI|2005-07-25|2027-07-20|VyRzQvnh|1|2010-11-23|2022-03-24
prty1920|ppid39|haGImpGQ|2007-07-17|2011-06-27|yWEhmszs|1|2018-01-27|2022-03-24
prty1921|ppid40|DlKVbtUy|2005-10-24|2028-04-22|IHcMPles|1|2002-12-10|2022-03-24
prty1922|ppid41|UPeORXyn|2004-12-28|2013-11-13|wsnOERnl|0|2003-01-14|2022-03-24
prty1923|ppid42|KnwtOrYO|2005-04-23|2022-03-06|hxmbdpTo|0|2002-08-02|2022-03-24
prty1924|ppid43|eRFahDoS|2006-07-30|2019-09-10|suotnQSx|0|2008-07-01|2022-03-24
prty1925|ppid44|KqlLfPYp|2005-09-28|2017-12-08|eSywMKxH|0|2011-05-19|2022-03-24
prty1926|ppid45|hjUiFlIN|2002-04-01|2023-01-17|uqZNOQgq|0|2003-10-30|2022-03-24
prty1927|ppid46|QbGzYdUh|2001-09-05|2012-03-23|lRVVtlmP|1|2007-11-13|2022-03-24
prty1928|ppid47|dWuNBoat|2009-12-02|2028-12-27|MJhHFuIX|1|2019-06-14|2022-03-24
prty1929|ppid48|YFwWIzPq|2003-07-18|2024-11-28|FSuZOWpn|0|2020-12-20|2022-03-24
prty1930|ppid49|RvfzaLIS|2001-12-20|2029-07-06|jubkfyWk|1|2016-02-25|2022-03-24
prty1931|ppid50|mzfGLtmW|2003-10-28|2011-06-03|oEsuxJyH|1|2000-02-03|2022-03-24
prty1932|ppid51|eQoQmtFW|2003-09-14|2021-11-17|VxkYqyOT|1|2000-01-18|2022-03-24
prty1933|ppid52|AZXNgseF|2003-10-03|2015-08-30|wDbSgWdF|1|2018-03-31|2022-03-24
prty1934|ppid53|gKJKGCwL|2009-06-29|2015-08-19|ubcxsaOf|0|2020-05-06|2022-03-24
prty1935|ppid54|WkerjZHS|2000-06-27|2029-06-21|iEhEXPIr|0|2008-02-01|2022-03-24
prty1936|ppid55|QekPJXSb|2002-12-12|2021-09-27|iefPHFYa|0|2000-06-18|2022-03-24
prty1937|ppid56|ErWaoErp|2002-07-08|2016-09-15|XmaAWllJ|0|2018-02-10|2022-03-24
prty1938|ppid57|ZymvOGTZ|2007-03-18|2022-09-27|hpnbJOUD|1|2018-07-25|2022-03-24
prty1939|ppid58|oywCGEiC|2000-11-14|2019-05-10|XITZLQEr|0|2001-12-20|2022-03-24
prty1940|ppid59|DkdTcWRy|2006-05-09|2011-10-05|cxZUPPPs|1|2009-02-25|2022-03-24
prty1941|ppid60|rJRhPmfM|2002-04-27|2016-05-14|VIrzRKmj|0|2007-02-07|2022-03-24
prty1942|ppid61|JvywXADO|2010-06-03|2025-10-31|SrWOQrjr|0|2018-10-12|2022-03-24
prty1943|ppid62|spebmLiW|2002-08-24|2030-01-18|XPlhhaEi|0|2006-08-22|2022-03-24
prty1944|ppid63|dveEZkjv|2000-08-02|2019-12-11|HZijTbdT|1|2020-06-08|2022-03-24
prty1945|ppid64|AKIUQtdp|2000-09-04|2014-03-12|xEanuzwh|1|2009-10-28|2022-03-24
prty1946|ppid65|opGvGGCK|2010-06-22|2021-07-27|fvcGDvRA|0|2012-09-26|2022-03-24
prty1947|ppid66|jCHBpgAh|2002-08-31|2029-04-24|TCFiQFFB|0|2013-11-14|2022-03-24
prty1948|ppid67|OPZFGcpq|2008-08-19|2023-10-13|aIauKurB|1|2013-07-01|2022-03-24
prty1949|ppid68|PHRZWDfM|2002-03-21|2018-08-30|fcjGXHok|0|2003-07-03|2022-03-24
prty1950|ppid69|DCoCaFTt|2008-09-10|2025-02-24|MWoDyCQK|0|2002-10-01|2022-03-24
prty1951|ppid70|CcbAuZZI|2000-10-28|2015-11-28|SwyzzxEG|0|2012-02-05|2022-03-24
prty1952|ppid71|AidZMNFY|2000-09-08|2020-12-21|VOCNvLMa|0|2007-10-20|2022-03-24
prty1953|ppid72|lWVEiotb|2004-09-18|2024-08-06|xSQdUHCB|1|2021-09-14|2022-03-24
prty1954|ppid73|KfnznNBT|2003-08-08|2028-08-01|pXMIPxIe|1|2000-06-10|2022-03-24
prty1955|ppid74|XJAIlRwF|2002-08-07|2011-11-04|PoBNKMyJ|0|2012-10-26|2022-03-24
prty1956|ppid75|TlxEAAHg|2003-02-02|2024-10-22|OmeTWRAg|0|2007-11-11|2022-03-24
prty1957|ppid76|IwNYCMFP|2008-06-29|2022-10-28|zmTcRrmt|1|2018-03-18|2022-03-24
prty1958|ppid77|HpuscoyN|2002-12-13|2014-10-10|eMzHuzGS|0|2008-05-11|2022-03-24
prty1959|ppid78|bUcidXoD|2003-09-22|2029-01-24|WmUuQnJz|0|2018-09-04|2022-03-24
prty1960|ppid79|Qzofttbl|2003-10-20|2015-08-22|wPDrWmau|1|2002-06-18|2022-03-24
prty1961|ppid80|FGxzlSeO|2010-10-13|2031-07-26|bpwiONlf|1|2008-01-10|2022-03-24
prty1962|ppid81|pfGhQTsi|2000-01-08|2016-12-31|QgJhGhbH|0|2017-06-29|2022-03-24
prty1963|ppid82|NQjtqvNi|2006-08-07|2021-03-16|RbJNcSbq|1|2010-02-25|2022-03-24
prty1964|ppid83|AEHnDOEb|2000-12-03|2026-12-22|uBlotQfD|1|2007-03-26|2022-03-24
prty1965|ppid84|PaEcDwCn|2001-06-29|2013-02-04|sFuOEgAd|1|2012-07-12|2022-03-24
prty1966|ppid85|KVDrfKnk|2007-09-23|2024-04-08|XZidbFlH|0|2009-09-10|2022-03-24
prty1967|ppid86|SlbCKeMO|2007-10-16|2019-09-23|mxYAFkRH|0|2005-12-08|2022-03-24
prty1968|ppid87|uAfvkSlS|2001-10-06|2019-09-13|nkuynEZv|1|2007-08-26|2022-03-24
prty1969|ppid88|YGkwSshK|2009-11-18|2022-02-02|XQsYbMka|0|2017-10-19|2022-03-24
prty1970|ppid89|xTjuBXyd|2002-01-09|2015-12-31|wuOtgWtY|1|2019-12-27|2022-03-24
prty1971|ppid90|ZhtlYzHj|2006-04-02|2024-02-19|ZJJhdAQP|1|2009-12-08|2022-03-24
prty1972|ppid91|FgiBBanm|2010-12-10|2016-11-11|QwNJwRDS|1|2011-06-07|2022-03-24
prty1973|ppid92|yIpyZrNg|2009-09-04|2029-04-02|MmXdsugU|0|2001-01-25|2022-03-24
prty1974|ppid93|QbyCFIRU|2000-01-31|2031-07-29|NwvINIns|0|2005-10-19|2022-03-24
prty1975|ppid94|jJLFTPde|2004-09-13|2013-08-20|idfkdwBF|1|2009-12-07|2022-03-24
prty1976|ppid95|AHqCVyuR|2002-01-14|2026-08-23|DjZnPlNP|1|2001-04-23|2022-03-24
prty1977|ppid96|UccfZTNz|2007-01-25|2018-09-03|XomJbRTg|0|2014-04-29|2022-03-24
prty1978|ppid97|IOaCizAl|2003-10-14|2012-04-22|rLbjfmie|1|2018-01-20|2022-03-24
prty1979|ppid98|ESkrSWyW|2009-08-26|2027-10-18|EHiNygLh|0|2016-11-24|2022-03-24
prty1980|ppid99|tiztiaPo|2010-04-11|2015-11-16|jmGLtkct|1|2019-03-26|2022-03-24
prty1981|ppid1|PMKPxtQz|2009-03-01|2012-05-25|cFvsZVFa|0|2006-01-29|2022-03-24
prty1982|ppid2|EPoyJmgS|2000-12-30|2014-03-09|HcIKqXoQ|0|2003-03-13|2022-03-24
prty1983|ppid3|CiAEEEeV|2002-08-16|2011-09-12|dsAxKGBn|0|2001-12-04|2022-03-24
prty1984|ppid4|fyzCFSpZ|2010-10-12|2028-09-14|hLxoXHeu|1|2018-12-09|2022-03-24
prty1985|ppid5|OqeObWDb|2010-05-07|2011-10-09|qFDhdpoG|1|2008-04-01|2022-03-24
prty1986|ppid6|EpYQHusr|2008-02-17|2025-01-17|ChviuCYW|1|2017-01-31|2022-03-24
prty1987|ppid7|QzpQNOoo|2009-01-08|2024-01-18|AZeMSUne|0|2005-11-09|2022-03-24
prty1988|ppid8|LOVHWStw|2005-10-28|2019-11-20|nNtWNIte|0|2003-12-16|2022-03-24
prty1989|ppid9|MZQQjnvA|2002-01-14|2012-12-31|XKrWpJyU|0|2017-03-27|2022-03-24
prty1990|ppid10|AAELOzCF|2005-07-07|2026-08-09|fTNqxuen|0|2003-11-01|2022-03-24
prty1991|ppid11|NRRQsxYV|2006-03-07|2020-11-01|HGXDmEGe|1|2014-07-11|2022-03-24
prty1992|ppid12|zPBYWTJT|2007-09-04|2022-02-19|YWMMCRey|1|2021-12-21|2022-03-24
prty1993|ppid13|BqDoEUbW|2000-05-20|2023-06-15|UfZiQEeZ|0|2020-02-08|2022-03-24
prty1994|ppid14|QPHUXRyB|2002-01-18|2017-10-21|NxDsTjgO|1|2008-06-24|2022-03-24
prty1995|ppid15|EYUMBghm|2006-01-27|2022-12-02|tqaMCKcZ|1|2006-08-26|2022-03-24
prty1996|ppid16|EPFfRLat|2010-06-14|2028-02-25|MhgRxakZ|0|2004-08-12|2022-03-24
prty1997|ppid17|SLXmoCwH|2009-05-18|2026-03-20|KnrfkAzC|1|2000-12-13|2022-03-24
prty1998|ppid18|wzTBTgeb|2003-08-23|2031-01-28|XLAnnpvy|1|2020-08-12|2022-03-24
prty1999|ppid19|IpdHycnK|2010-03-13|2027-02-15|arFHIHXL|0|2009-05-23|2022-03-24
prty2000|ppid20|StOfGcfi|2000-07-12|2017-09-21|METsfKfJ|0|2013-08-21|2022-03-24
