Sector_ID|Sector_Origin_Description|Sector_Code|Sector_Name|Sector_Description|Reference_Date
sctr1001|wvSkwNKN|xFJaBvAu|CuxmByzW|yKdkNjky|2022-03-24
sctr1002|ugVLHPKv|pQlaKGVP|uMqRQmuy|cgjRPfuB|2022-03-24
sctr1003|pPNLExnF|GqREADtu|ppjHTpDK|Ftojfmda|2022-03-24
sctr1004|nLROHoFp|UzLFsfKS|ybbfhlPS|ENFSnorY|2022-03-24
sctr1005|AhfjMZuM|DVZDbsoe|RTQTURNA|veeAuQdJ|2022-03-24
sctr1006|tlcZVlBX|pIboeWcp|WWixnUvS|qxfFvdJf|2022-03-24
sctr1007|gjeufTXE|rfFyzDbG|eFxTEimn|XxNLhaTK|2022-03-24
sctr1008|RNhalJmS|yPggRNFV|mcgKprbI|xctGAsYE|2022-03-24
sctr1009|hzIFPHVm|udeDumDP|xuQTBmiB|pKArvAUF|2022-03-24
sctr1010|SJTjIIgj|ahnFjpeg|ylZlOdgF|gxDNPfdX|2022-03-24
sctr1011|CcnkXgoV|JxjkywLU|qOnGBgZd|fwfXdvyx|2022-03-24
sctr1012|VRhJXvcs|RLrNRLCi|zexSZwpH|ojUpAByR|2022-03-24
sctr1013|HPIjpKjr|AhPXDhPJ|byNTfiKK|eHValirQ|2022-03-24
sctr1014|yMFPuHaY|vfyTKOim|jnazsAQB|jWjTVtze|2022-03-24
sctr1015|fmuJiFwk|yFdUhoBy|BFvvyDuP|pbIcKUPT|2022-03-24
sctr1016|DhBtzPUf|eIIflaQL|FMrZgSdC|NyqGdpXH|2022-03-24
sctr1017|bfsLcJgY|uRftWmEB|JxWYFJwi|QkBAiMmU|2022-03-24
sctr1018|epqsGvCc|fnCbzHdd|lZLoVbZh|kZzitROz|2022-03-24
sctr1019|QUmXkXvj|kWvjisJH|yzYvUPRR|wUAOEWyt|2022-03-24
sctr1020|RgefRgBb|GaSfXhbC|JoCbrtuU|vOVeiFyb|2022-03-24
sctr1021|LCoDHFqm|TOXqywVF|thbypvnf|hWuBpWLZ|2022-03-24
sctr1022|qKwbHtJl|hTuxPWxi|eROQSLnm|liheNyec|2022-03-24
sctr1023|cOVCTbQQ|zkrPfntn|kKhLTSbv|zeyWCGhN|2022-03-24
sctr1024|lJjLZgGq|eDduEidi|JJoNYAga|XFJmzBeY|2022-03-24
sctr1025|bYSqrYGt|OrgfMZPR|mINLVgBJ|igwYrJvR|2022-03-24
sctr1026|YIYyQhWs|FCOSkmaN|BkoQWKJj|oDNBLHEH|2022-03-24
sctr1027|LKbEPtzB|FRNykbxH|MFCzMGun|HDzUhhQX|2022-03-24
sctr1028|mRRZotSE|fVwJKVii|jMoNhcBO|vUpUOhDn|2022-03-24
sctr1029|FdzxINsm|RybfvjeH|BlaVwAxS|RQGxWBEJ|2022-03-24
sctr1030|KOJohWMn|YwlZkMJq|OIxHqGgK|lZASTxCS|2022-03-24
sctr1031|yqgcpLGm|UfwPRCJY|VYcTBXQs|WrUyuiGm|2022-03-24
sctr1032|WVWormVn|HijYzsEf|NWGaEHul|YzseapEm|2022-03-24
sctr1033|mRZIgDVh|tWeVGPys|kAHNclCY|BEMUWuEZ|2022-03-24
sctr1034|czIOKtYM|pZFmBFXh|mHEnCGox|HTpdjGpi|2022-03-24
sctr1035|WMRkKMGb|kayFzQhy|QuIWeLxH|vUsaEcSG|2022-03-24
sctr1036|OiXIbZQw|oucXIpMP|IoZntAUH|TcSJSMMk|2022-03-24
sctr1037|QibLvHGg|jXiHcZmZ|UOotKSHM|HxQCtMFA|2022-03-24
sctr1038|BexyRbbB|eDvYJjdS|TRSAoHvc|qiUmKxAz|2022-03-24
sctr1039|rvcyghhq|RGKHjLXr|BQuDozlI|QqHMQSob|2022-03-24
sctr1040|QytBTkAN|YGJFINAi|sTLvFITy|RWxFCmPR|2022-03-24
sctr1041|mRQamjBX|DyGfWljv|oeqgTqUI|fJeqyvTl|2022-03-24
sctr1042|FaBrvdvc|hnldRPLf|kYpeKmoV|KxDzESEX|2022-03-24
sctr1043|sprtxsmz|ldDDjgBU|BSOCaEdd|uZPoqeJG|2022-03-24
sctr1044|RrSZZToA|wiLIPBwX|MGdoNBQN|dbvwroeS|2022-03-24
sctr1045|oHHyFnaM|ByDoAUTp|EbOSKuOF|EXBrocLx|2022-03-24
sctr1046|pflitCmn|srqEbDTC|RQbpzkPH|jwgjPHWg|2022-03-24
sctr1047|nAGJrnPg|CrYcXBBU|InssUeov|YROsurAN|2022-03-24
sctr1048|jjLfGKCa|WoeLsnlv|cwWpTzyQ|SXIkHOXS|2022-03-24
sctr1049|VLlyRNqA|BvLaqowu|dMHkXZbJ|XxaSiCPs|2022-03-24
sctr1050|FNozUuAM|saIwrmIk|mWnwpjCO|gBdwVMwP|2022-03-24
sctr1051|myhHKlZP|iuaRjexJ|yUgjcNkq|MTYJRStn|2022-03-24
sctr1052|DbufUAXg|HYRJiCrI|iKyFJirj|nksvFfcj|2022-03-24
sctr1053|MFZFoafV|wrEzvWBa|zqdXioGL|yYTgDVYx|2022-03-24
sctr1054|zSPGXanu|iBPkYpBO|HGxlXGpc|yFOadkZU|2022-03-24
sctr1055|tkHtyTGO|jbyIrrZk|ffTjDHnZ|NCvIaAwV|2022-03-24
sctr1056|waxyjtQM|IysdfpaK|MTRSAJKq|HUwMaZpb|2022-03-24
sctr1057|ANvPgVZW|vIYVfCEY|CkqcZeUw|FsEvPWqG|2022-03-24
sctr1058|foEnqQfq|DqgRhAyX|XVnmxvyD|CRMwJEan|2022-03-24
sctr1059|yLwWDTWS|MEVMmmDB|lkirbtQk|XKxcXPcB|2022-03-24
sctr1060|FxwEcXUS|PQROYylt|geCkfgyE|XLLxALfV|2022-03-24
sctr1061|TnBkMeKP|AKjKZjNR|wUbcRaOh|jsnuSFJI|2022-03-24
sctr1062|cbdHWEoW|VJdMrATi|aJkLfyPO|LzppnBSS|2022-03-24
sctr1063|hPZBWxss|IwPEXsZh|zfQxTXTi|nIAWuvHc|2022-03-24
sctr1064|RPnSTXBn|UdYnCcxY|pcFSvskO|XeJIxEnI|2022-03-24
sctr1065|TZzdQbSe|ijQdGLnd|rlIiDgrI|sWygitxL|2022-03-24
sctr1066|xOSaPMOF|VkdmKGko|PsuGKzZg|loPJFQcG|2022-03-24
sctr1067|cziphWUj|QLwJvEKC|uOZqUhSz|oQyFMmKH|2022-03-24
sctr1068|afSspiZQ|XZJyJoIh|Mcqtymdi|NVjToZKv|2022-03-24
sctr1069|ABTYVisu|NnEHMYTA|fOpFGWiI|zPWCdqEh|2022-03-24
sctr1070|coRBTRoL|bxthARei|IOTIiqCh|fMgxaipV|2022-03-24
sctr1071|YFRuDnJw|lNjgyOIV|LJPBtkYS|ntSGAGqx|2022-03-24
sctr1072|tpUVLGtE|UsCEdCmc|GFSrTwZe|yappchdV|2022-03-24
sctr1073|uKlZsHWi|KvMoPRtV|iMUkupBM|KiefDxlc|2022-03-24
sctr1074|ujoSvBqq|mjaHAuYR|mAaUPajh|JOBHWtOk|2022-03-24
sctr1075|KZWiRDIs|oCqYSogb|dwblpBUg|phROCzVr|2022-03-24
sctr1076|qlwRzWTA|PRbUHzlm|dDCkgvoy|WCUHTYVh|2022-03-24
sctr1077|VmQgaagf|plZNAFap|nDJHZpNN|wpWwaoyQ|2022-03-24
sctr1078|ZTfUmIzM|aFfvMasP|OukfAntf|qqPXfjUt|2022-03-24
sctr1079|UNauWLrC|UIflKtdW|ZJSQdmKJ|EgedYGtD|2022-03-24
sctr1080|nmlLmQBa|dcUyMQFp|zdMAkWoO|dGMwDLYN|2022-03-24
sctr1081|rGfxpJSG|qbOkfoqP|pnQJUWjy|doZCOECh|2022-03-24
sctr1082|SCwMglNZ|YgtvYXom|aoJRHIYO|ZSAyERYJ|2022-03-24
sctr1083|NVQEMDvf|tqWypBMd|bGoqhEnB|GlfRrUeM|2022-03-24
sctr1084|cxulOvBH|CzHCzurx|ECvAtKli|IcXYWUoT|2022-03-24
sctr1085|SnuarENJ|JohQWzRB|CexbpObE|YGwhUDYF|2022-03-24
sctr1086|rVfNFkAp|RzPkDqRd|xhkMknvy|IqfYzYHD|2022-03-24
sctr1087|gDgCFaIr|fjfiKLbD|vNbAzHmR|wjqXEUQJ|2022-03-24
sctr1088|ZuVrJKLm|wTqtSSwS|bEarPAwa|yJFjyABt|2022-03-24
sctr1089|LYHclnAh|IqYgWiUg|IDxDmgdc|mYavZcyy|2022-03-24
sctr1090|HRrzucDz|KpShgRpU|xRtjtTuB|BwwIAnfd|2022-03-24
sctr1091|ioilbVHY|xmHThwoY|dQdIVnWm|boxZRGDT|2022-03-24
sctr1092|LXAlLjQI|jVfLkFYD|RdPbPkDO|FVnHwSgR|2022-03-24
sctr1093|YNDYtCmf|uvrNzfxi|WdLnfPJn|crQKACBa|2022-03-24
sctr1094|wTtxvUSa|WesKlivc|nDlXNMAo|OtKcIoLs|2022-03-24
sctr1095|nZyCFmFd|AyUqOUQM|CANwXmmZ|bhnbihsA|2022-03-24
sctr1096|OSTNyMrI|GNBEqaTk|kQCWsVuI|NUQiNDMK|2022-03-24
sctr1097|lpGMHNTa|rLOepwDP|TQbxIUim|lcSmqqUr|2022-03-24
sctr1098|pCykmEnH|hyCWyVRi|FxhONgho|hMXKCkJA|2022-03-24
sctr1099|KnGzWOPL|BbPCLgIq|AJWRQWnb|DAWWCfaL|2022-03-24
sctr1100|FWPxVRXr|qaHChHzb|rAwKpcKT|rAYKmHBf|2022-03-24
sctr1101|EBpLuWri|AwKsZQkU|WOBktxZo|pHHmJlhU|2022-03-24
sctr1102|OMhzkpsp|ioAWPwfB|zDfqhIpI|raENzvSY|2022-03-24
sctr1103|TBIdGTOU|HgsXEhTp|rVnexoGL|wwqYnOEj|2022-03-24
sctr1104|ByExrGwF|rxSliTvT|UZwBSLSy|SfYgsYdI|2022-03-24
sctr1105|EWJsaTmc|TcakTWxB|ZVJqoROR|xiHToWcN|2022-03-24
sctr1106|OhKzUXmQ|XmfQYPBr|NmEKojTl|FOiWnXrN|2022-03-24
sctr1107|JxQgfjgC|EovTSvPr|vtbwvYkL|JZimHzrB|2022-03-24
sctr1108|zTsFqrOl|nOAaauZQ|SvbCnRkt|vbILFEvf|2022-03-24
sctr1109|TzxwlxAL|BrJuELeb|aGuBtOwb|XJKXRQaK|2022-03-24
sctr1110|wmdysvku|FwGcJDRo|EzEOLjGC|aFreshvh|2022-03-24
sctr1111|vMUveLPC|UsrFflLK|ghedVoDs|tJpoTSRz|2022-03-24
sctr1112|nbwfyDrS|VsKckIWF|rBIwoiaI|wOEfqVjW|2022-03-24
sctr1113|VBXbslxF|PXFeQkDU|sbxxEEIp|LvFBShQj|2022-03-24
sctr1114|CTKoAdpu|naTADbXl|TFrJHIPQ|PwUFyLHS|2022-03-24
sctr1115|yOpQlMDo|otUFyKbW|BbGJnGRB|AZzUeHqV|2022-03-24
sctr1116|ZhLOVcXo|tmLMmfEz|ADtoIwCy|EgBvpXyB|2022-03-24
sctr1117|jcgKxBRQ|WoweIMBv|IeHzfutN|fpjcGRdU|2022-03-24
sctr1118|FMJSXzou|RwIudnxZ|YdLsxvdM|vZMXvlSb|2022-03-24
sctr1119|IlxvszNY|BpEQcNsd|UuOrZkTS|xLqXygVL|2022-03-24
sctr1120|totkoGwz|EVgwFMQJ|GciymQEu|cFEkSOkr|2022-03-24
sctr1121|WDSdoCCB|IcZucstE|BCGVuInv|EMFsWGej|2022-03-24
sctr1122|jSisKmni|gVDfMJUA|VDSodgWW|GKYMISNJ|2022-03-24
sctr1123|JMmUdzMd|YnjzNNej|fRilKrEH|oNHnhhAQ|2022-03-24
sctr1124|qpKKmSGi|skFVihAl|THAZSpOb|tmKXezAt|2022-03-24
sctr1125|MJpcVVpq|DxXBfYmb|hGdhxkIv|JadEQRzR|2022-03-24
sctr1126|OamgDgcd|nUubniHB|PgZKalco|ZppiWkmw|2022-03-24
sctr1127|RGNeaDjv|yqTWPJsk|vggXJbHF|eSDtLWGC|2022-03-24
sctr1128|mNXvUTge|RHKzJOGZ|HFMtvkAG|UFWmAIAW|2022-03-24
sctr1129|sUzxOwpJ|lGAjMbCg|gvuOJVCj|kWFsKtHu|2022-03-24
sctr1130|iRpMvNaH|YULZENgb|jTcBSOYA|XqebTanD|2022-03-24
sctr1131|ufelaumN|tNvbkpEN|wnHZxvnj|DpWYCFzl|2022-03-24
sctr1132|YuLeaFnn|iHyUkkKL|FnCcAreL|vUQIyPjT|2022-03-24
sctr1133|KnXOqtgn|klbPIMoM|USkYIvrV|NmAfAgJv|2022-03-24
sctr1134|kaKnyuFE|JrDeZAfP|VjAnQAEP|CeuPeTLu|2022-03-24
sctr1135|ycLUCqJG|gtkfEWnY|SnaZyQEj|tYimXfir|2022-03-24
sctr1136|biQxZNii|VVgguHMA|skeVJKwU|kxzKYdZD|2022-03-24
sctr1137|DNeGZbEL|PbPNUanY|YKJUZCAv|XFhDKmTg|2022-03-24
sctr1138|PKJQqvLB|TJyRYPXg|QdyiroUG|yHtHZwQQ|2022-03-24
sctr1139|MkZhooHo|GKpBYgHb|cRucowLa|alLdGIML|2022-03-24
sctr1140|bIqGrgco|HRoWQTaO|vbZgDWce|MYCQXKLs|2022-03-24
sctr1141|amHVTZJa|DToweoRx|wimwgdSe|MMVVHIHL|2022-03-24
sctr1142|vLRFxyXh|MVDXsByf|bRJTzoXK|vxOZOWrw|2022-03-24
sctr1143|PmXqwnti|ALVAkdvo|MjzyDTis|rTVfLedb|2022-03-24
sctr1144|iNfWWLVh|rGUmuoyu|XcWXemsL|tjczirlM|2022-03-24
sctr1145|kBPlSTVi|PzIPPcdd|anDCXvNU|pVJlefdF|2022-03-24
sctr1146|BufxvHRj|ecOEFDPL|TIsCjLno|pmnBcwjl|2022-03-24
sctr1147|yeAdIyEn|dkmavhiq|fTvzDKbW|FVkfMZSh|2022-03-24
sctr1148|xMdbHgJm|BtvjYZfC|LzdSzZff|MfMRKOwK|2022-03-24
sctr1149|SfSqQXEV|LLZaEXlE|YFsQuOak|ukMUmPHx|2022-03-24
sctr1150|TFcRrUUk|iMbBFfIW|bVoqUqHh|uOCssEfE|2022-03-24
sctr1151|qnRGfDcq|eWVHcAhw|iqpydesS|qeuJshSr|2022-03-24
sctr1152|AnKeXobT|QpPaOGAb|rxnpcNhH|fqCAHIGs|2022-03-24
sctr1153|upnwpwIA|MGGAbOlR|kwupgHsI|FyvOYYSp|2022-03-24
sctr1154|aiDvXbLj|JsfGOdNo|mAtwWTUf|MzdfooYO|2022-03-24
sctr1155|HEqOzBqu|cShIjyXy|wKoRTuFy|RmVXgXYu|2022-03-24
sctr1156|BMUgqfnN|vVeVHHXo|wKdSbvje|FEhdpUfu|2022-03-24
sctr1157|DgInXOek|JYNKxeDg|PgueNowL|vGAaAaCa|2022-03-24
sctr1158|peEFKLmP|urKaKcVv|bCDGVbDh|xamarqyR|2022-03-24
sctr1159|qrnKalig|ViAQsBNk|xBNmHzMw|jRuAUAeI|2022-03-24
sctr1160|VzYnHWwj|FhLhYrxU|JuAtmtli|YBaMuKft|2022-03-24
sctr1161|TrgxminV|wzlvpBHQ|sVfDaDUU|mxJHoXYQ|2022-03-24
sctr1162|sUcaPGgq|WRAsfDMB|UfOhoWww|BujEUhtU|2022-03-24
sctr1163|upbwAjfi|WivIvLSK|FNOtQMyy|PZRLyWSu|2022-03-24
sctr1164|ZIOozJrs|FRqeMdCy|KehHZrIY|ksZZUKKC|2022-03-24
sctr1165|bTWKeywS|GqKhTHsY|RPyxsUbH|McxyYvNZ|2022-03-24
sctr1166|VcWbhdgk|kHpnbTDR|BBRmiewV|tBqbuIsF|2022-03-24
sctr1167|QsjWfmTh|nyLlEbar|FcFZuIJT|bftJNEXY|2022-03-24
sctr1168|ujpnwkWj|XizDduWQ|UYyCvGQF|SKwuwSKP|2022-03-24
sctr1169|msEgNlow|BqMItgdc|RAuzdGKl|IwFdQCME|2022-03-24
sctr1170|SGBUXqpm|YxxwPHbK|akfqHMFo|SjdvuVvz|2022-03-24
sctr1171|RckpvWlP|ThrkUxRu|SjTYlMOT|AbqUqjWh|2022-03-24
sctr1172|NuyxzSkE|xbDWwJxw|KrTwEyHI|NlvqDQSr|2022-03-24
sctr1173|nprQqfIF|BPdwlaBY|rFmNuicL|MgelZxqo|2022-03-24
sctr1174|NfZBmRRh|FYjOWZdM|HXhEqcEk|yGCNEpzf|2022-03-24
sctr1175|vmUcydIt|JevnXWlq|gWcpbXPl|LTUQVZwe|2022-03-24
sctr1176|MAlJDSdF|MYYCFerA|sPFmpGsq|vxNHaNvT|2022-03-24
sctr1177|fBvcdEkV|tzvqnSEc|QVcgoysV|FtGqzOwJ|2022-03-24
sctr1178|ipXksEiN|xdOKSYlf|PXlVIiLW|zjPztGRr|2022-03-24
sctr1179|qVtLZQMg|yHhBJrQc|RGSfDRwo|dftNsTlC|2022-03-24
sctr1180|QJdxNaEk|fOferFee|VAkAeYlA|FrayZnHB|2022-03-24
sctr1181|pgeRFFfq|DpVdpEMu|GzwcSTXo|DxxLWeKc|2022-03-24
sctr1182|ZTnyVzCV|JCqdNYtF|qQRZoqRJ|MRneCJqD|2022-03-24
sctr1183|xJFwGBvQ|hQkPuwHM|VvPBiuQO|UhrqeuXW|2022-03-24
sctr1184|GgXOmJAl|GWSKiFrR|xRYMlhBK|avUPFdQT|2022-03-24
sctr1185|EUtIEmXS|xpyxxaQD|EwbIrXIl|IUCuXVAg|2022-03-24
sctr1186|hgztAaBz|uyldKSJt|PGTSaUwo|moyUbWfu|2022-03-24
sctr1187|wIRBUoSF|MWHMHIVO|NinGxHPb|kJrhTCMG|2022-03-24
sctr1188|yFfJyyjW|aTYtyYmW|YugJoqJa|HbEehNXZ|2022-03-24
sctr1189|nQukJyJe|KLgxYBgA|ZQORclce|LkotFGxo|2022-03-24
sctr1190|cvCvIvkg|UWmmUxIM|soVAuUsw|mHikRMkz|2022-03-24
sctr1191|VVfffORx|AqHejttn|sJvsSiGX|UdGQvKYY|2022-03-24
sctr1192|wGXYLxfg|XqAVWVZz|TjhgrpIA|PgsWsUqO|2022-03-24
sctr1193|gSiBpdnc|ApjtkfkW|YBcsxDmg|AhpwhNfB|2022-03-24
sctr1194|CnjCMJlQ|ZeRePjqt|efbbuFuV|WKNdCXup|2022-03-24
sctr1195|CJifXNCj|saCosahB|oSeqUCzu|SqHDoGdU|2022-03-24
sctr1196|ZBKSYScd|pvQAPuKC|nZGdADHZ|xdRURCHP|2022-03-24
sctr1197|CGTqhPrK|jZwfafKu|zdKwDOre|PveVwqcJ|2022-03-24
sctr1198|WsTWwSUe|hSwgEloI|VliPHivV|MWVloayh|2022-03-24
sctr1199|GwCtxPWI|qWEptkDj|iUepBnDZ|oTSnTVot|2022-03-24
sctr1200|lzGXCnhK|IfAKEUHA|xRkhpQmI|JEbAeMgR|2022-03-24
sctr1201|EbBbCNpB|EfezfBLn|IlNUIsoq|BopaetvY|2022-03-24
sctr1202|lQsVkDZZ|QyQVoiOH|PEfoayWf|ILmbhijh|2022-03-24
sctr1203|SNeBIbUQ|HfBxDgCk|vvppakNx|XSSGUiFR|2022-03-24
sctr1204|OzeMsxaF|UhIwkduh|CNDTUBzm|pRVpNeGB|2022-03-24
sctr1205|aqYYeUQW|ciglsudA|WSWtwQYf|RObgVdKG|2022-03-24
sctr1206|FrjxqCFv|qGOJbNSR|LOoWxnBU|XOMCmLEb|2022-03-24
sctr1207|TjImdGOV|WAXJUEjl|XhWbRuwK|vhwVLkFx|2022-03-24
sctr1208|XBWNTsIL|KaGBzZlW|SABfzyep|vgewTZfy|2022-03-24
sctr1209|fhWOiBHk|pQBFywJE|DkUUfApf|APJakVPo|2022-03-24
sctr1210|RyVVbrrh|tDmneYcD|dkOknnXm|AHTLLYHH|2022-03-24
sctr1211|LgwwMlPV|aUzYJSEx|yoKfZgWa|vqZOhixc|2022-03-24
sctr1212|VRDnkkub|OQoKvdrX|sqGeJMYV|fTjJAQrz|2022-03-24
sctr1213|ClJaQuIK|EEzhnHDD|plQwFKPd|GVlnhfMP|2022-03-24
sctr1214|DpNUzUxg|gXXjofOk|ycjjdPzv|jLTsgUwV|2022-03-24
sctr1215|GPAOSpym|egcYAfsI|jbWfEaoB|NXpWvvWf|2022-03-24
sctr1216|TSPDNIvY|oynhDJDr|MDTUabDd|xsZxdxcv|2022-03-24
sctr1217|ZYdQPHvX|khjxhMvc|LolCGMNZ|JmsreZTS|2022-03-24
sctr1218|CtYpGLFD|ikQvCBDc|OUGxbbXk|hJcOwhyZ|2022-03-24
sctr1219|JYaljcJG|pJiecOyw|nQqMNMxk|AwSJxzkv|2022-03-24
sctr1220|VYLWTaVg|ROyiIRbH|QGCfYSBf|wAwRRwnL|2022-03-24
sctr1221|QOqktMyi|FJzXgehd|UWdBFgMz|GpPQrvHf|2022-03-24
sctr1222|srHMBnha|XIIbSdMc|WiMJduUP|wvzisBIe|2022-03-24
sctr1223|dcLRTtyA|RXOGJPZB|hNtUSffX|efFODeNX|2022-03-24
sctr1224|LdxFkRhK|sjrniovE|AQnWFyuO|zbUlEWVs|2022-03-24
sctr1225|vvsuEUJE|IydMpwuC|BSVZdsSZ|dFrFOwSS|2022-03-24
sctr1226|DEHsWjNi|haqgzmCA|zVYiLQYa|IjFnilae|2022-03-24
sctr1227|gdMaPYuR|QtUBHLUa|DiPYiPBV|RPyDaltd|2022-03-24
sctr1228|TGCErIHq|qXIDEOJD|oWXPSHzZ|fMxObzlS|2022-03-24
sctr1229|GHNmdwVv|sOCfVQlI|gWZTXwqI|CPDCYcIp|2022-03-24
sctr1230|yAybPYga|yirLOCpf|vKELyIBw|zdHIZoaG|2022-03-24
sctr1231|qyCxiwgm|MblmPlCO|igpBFSTu|vGEMtUYH|2022-03-24
sctr1232|OOAHAzra|BNhapgXb|ZEJBBxSQ|opbthLJF|2022-03-24
sctr1233|LXPNiphm|lnyfOoNA|hsMLzdwv|sKcbicvW|2022-03-24
sctr1234|UNQtovzj|YPVLDmLT|XaSwDYQx|eGcfePwx|2022-03-24
sctr1235|ZSdZLgAs|mJUPFoWR|sORbzuts|UAsQCwTI|2022-03-24
sctr1236|ZIjlhoNF|crvQclbD|KSXrfgAo|FgEXGTJc|2022-03-24
sctr1237|NrfphckY|PPdjWyOc|uvEJamtR|uiWtdYES|2022-03-24
sctr1238|KdKhlWHF|DQjprnAv|tWgQvOLW|ULjVqijE|2022-03-24
sctr1239|SaHUWCHo|TnhfWReM|CBvMGNfG|pcsaGpgi|2022-03-24
sctr1240|uzPORJIW|cGAcikej|HDHTRyMb|EWnujlaJ|2022-03-24
sctr1241|zznUgZlq|FKWyStrb|twVNbcyR|jaHzopVX|2022-03-24
sctr1242|XlRuOXSB|CmXpZhvo|wQNrDATn|IrFRWGpf|2022-03-24
sctr1243|bmTNNFXb|HMttvJVX|RcuiBCpd|TyvNDETr|2022-03-24
sctr1244|QIjvBhEx|HRtouAci|gfCLiHRU|gyIjAtNJ|2022-03-24
sctr1245|WJQeqOIA|HuvUkUKO|sIIBxULg|DrjDYiOV|2022-03-24
sctr1246|MoyOTrXQ|xIhLSyGO|xWvpwxTd|bjOuMYyA|2022-03-24
sctr1247|GPzYFGph|rRMXVRCe|dbrPcssW|lpptLuiu|2022-03-24
sctr1248|jWhIcNZk|AZEWAiiR|VSeXzBXW|ZtplUxGI|2022-03-24
sctr1249|BFCYzQwB|tczfcINN|CTShlCYv|iciVHrBO|2022-03-24
sctr1250|yAYPCIJS|uPyTaypo|rKhmSWrT|iIwRLcPT|2022-03-24
sctr1251|TQoezoEx|pWasDOUJ|UhKrVdxh|WWXwvpJc|2022-03-24
sctr1252|jaGyRsLL|eOtmrrBC|XfNAtGVQ|blTEqwQH|2022-03-24
sctr1253|fQdChHFm|WEWeVkou|SLhNXanf|MNwQUykc|2022-03-24
sctr1254|LeqLieea|UONLJEHE|GojbFYcN|NZEAGxbv|2022-03-24
sctr1255|dsAIECfc|ZsTgosVe|QAjxjopW|wxumNSPG|2022-03-24
sctr1256|JCtMgtFx|aXmUqoBq|oBoHziUd|UqQfXMmE|2022-03-24
sctr1257|VuzCNkAd|oXvKOWoG|EcyeQhyS|pyBgBPRR|2022-03-24
sctr1258|nBLsdQhz|kTVSoEkA|DNMRlktw|cpkwqCmA|2022-03-24
sctr1259|mudStsQl|aaqEvJqw|XyMJYtJS|xSDFwvYe|2022-03-24
sctr1260|lyjrbEXu|kmJbSLKb|sDEcwyIv|hjthlPlE|2022-03-24
sctr1261|bZPyOYPj|qqdtrJAH|zVfrlJiC|nyPtyXfA|2022-03-24
sctr1262|fxZYnPpa|mHAavocT|HUnnUfZj|bKcdcflO|2022-03-24
sctr1263|vFriUJJy|RxdlkDUV|gVcihQKy|SkqxsaDb|2022-03-24
sctr1264|FkyTloEJ|hfjqBAFZ|RdcCkHgh|DdYrrIaw|2022-03-24
sctr1265|CnvIALWI|IMQuQYfJ|iBLCJWAI|GpxmvyVb|2022-03-24
sctr1266|gHDgIcWT|SAjJyOYw|CPehlJTY|ymsmVgkJ|2022-03-24
sctr1267|uapuSFjp|FSRFcWkq|XGUHDZLl|esYPVqhf|2022-03-24
sctr1268|pjzfcPXj|oikvkbfv|CSaMLqUV|tBamtStS|2022-03-24
sctr1269|yJknQdjO|tkwtyraf|EZmSGmEt|TLENWeRY|2022-03-24
sctr1270|AafUsWIx|wIxScEhB|ICHxpPEE|JDgDlzim|2022-03-24
sctr1271|RlNKvDBZ|SFWapMnu|PQnfGRRu|vlxWOlwj|2022-03-24
sctr1272|BUeguniF|dNCqMOdP|SunDVLAZ|wqAbPhhA|2022-03-24
sctr1273|VakCRcOS|zDerjxBQ|twizEHKS|lsqEUrUb|2022-03-24
sctr1274|viBjJmRO|KsyZHGqr|MtyzhtuU|KrfjPPZY|2022-03-24
sctr1275|CaREVjtX|QEzFXmRX|UhsQugyK|gbWBaSYK|2022-03-24
sctr1276|rBUugltN|QbDwWWag|wIkkADby|DROKEQjo|2022-03-24
sctr1277|oVmoVyql|JwNLzMId|HWgMSamR|JEyHSgzG|2022-03-24
sctr1278|RJnzBgFL|siGYnSwQ|XKTVszTQ|spcvNNEx|2022-03-24
sctr1279|zStkYuZW|hHAAssZp|WuUotgot|ykJNfbgL|2022-03-24
sctr1280|CDOFfIWy|gOmcJhkj|omDQkVqz|xBXspnaM|2022-03-24
sctr1281|hoRjUDcQ|yrRmgjwk|NavhjZnm|YXCtAmqL|2022-03-24
sctr1282|KipLrTYR|dmlXbkfR|VzuVJvLm|BEZtuWdI|2022-03-24
sctr1283|XsnVJHPK|PDTYFMYU|jTZPgJUs|tPfIgPXL|2022-03-24
sctr1284|kwJArwkh|MmdqmjhM|RcoQtCoY|UxoQVBkr|2022-03-24
sctr1285|morBhmZT|nqEznKuG|HSOQilLN|WjIfIPlR|2022-03-24
sctr1286|JKycrSrH|QegHKhug|KILAiDQH|YsQlsesm|2022-03-24
sctr1287|HthRCUOn|vlCyHKLp|sskClMao|NgPTZIED|2022-03-24
sctr1288|exTdxjjA|QqSSdAGp|OvQZyiKS|BDUmQHQI|2022-03-24
sctr1289|ODDQIZiG|dotUmkfN|wqfPAimn|XcdfpBur|2022-03-24
sctr1290|DhUpxtRf|MMacWCCn|iPoBrWQH|AfmWUxDW|2022-03-24
sctr1291|CGKyHWFi|WZzLOjKn|ITYkoPQO|lSvYXeey|2022-03-24
sctr1292|ApiyTcFn|bjDcjQiQ|tlRacXmo|pLDMicoz|2022-03-24
sctr1293|kCNnLoRr|OKWSbGdK|oRYeqUrC|utUESlcz|2022-03-24
sctr1294|GpDbyaFT|phnemCBq|nFOGApNS|blkWgjbs|2022-03-24
sctr1295|ooCSGMTQ|kulpFYKb|DrtIAueY|vPNdlUbL|2022-03-24
sctr1296|KqYMccHp|JvwQWNSc|vwhLBZTB|hmzAwnRk|2022-03-24
sctr1297|EJYqCSrv|EUJnKTuJ|tOQYgYSM|ybAhtMVc|2022-03-24
sctr1298|KRbwmSZj|iRasakpM|zXvRaOHr|XcGhHPTi|2022-03-24
sctr1299|RPEtkmhB|nSjtacZU|vAXBcYtf|lyTyGTlK|2022-03-24
sctr1300|HfCdModD|xcpyIwTd|PgpELLhR|esjlostJ|2022-03-24
sctr1301|trosksnT|tvinXdvU|VqguJBDF|fVYxdWBR|2022-03-24
sctr1302|fYWESIlS|CaFqtrVn|sTOIZUuD|SDpuEXqV|2022-03-24
sctr1303|IoMykjmi|XLAuCcAh|NDXMAZqq|jZGDcAOs|2022-03-24
sctr1304|QEshDdlw|sMLELmQh|rYgOUYDe|KlhrVAxQ|2022-03-24
sctr1305|BygjkfNF|ptYvyGCa|SCdwIecv|YFfqKPnd|2022-03-24
sctr1306|RoLUqHxS|olldTMFn|UuyEPKYI|PIpHjpqj|2022-03-24
sctr1307|QWDepKjy|OVeGVMEM|bAFBoGjG|NvFPOtxn|2022-03-24
sctr1308|IkiNskiS|lZQVHSSz|jyGpidPb|hXuKQXyO|2022-03-24
sctr1309|dqVpcWSe|nWCIhvYj|hBTCRuZB|JdRzRNfz|2022-03-24
sctr1310|VUzYlEHP|SdNVkYjJ|lzJnhmfw|oHVpKAtj|2022-03-24
sctr1311|UmczLwjx|cQcUbIlt|axZmbdTk|atAnpJqW|2022-03-24
sctr1312|pNViJtcA|BloCzNNG|coxzsnzu|cLOZvVHo|2022-03-24
sctr1313|JxxtcaBQ|mOTftCoq|RiPzsIVF|kUISBOBH|2022-03-24
sctr1314|oVDJTfZW|nbxljucG|dTiQnCfG|mjORJSOR|2022-03-24
sctr1315|tUUasArD|rIJACVYz|gkBbyFRs|SoyYDeVT|2022-03-24
sctr1316|kKqJgZHG|tTktAxHj|bfaWwsGq|ovPhFRux|2022-03-24
sctr1317|tWhbuONx|aOXSGzKl|ArjLSdtr|BxglPpMu|2022-03-24
sctr1318|pwfTxTBK|MlTWzGxg|ZiBrPIZB|liKdVrMX|2022-03-24
sctr1319|npDtFtFa|zVlDhTtF|VSXAyRfq|cGDPAQSt|2022-03-24
sctr1320|LverRphs|wEklHVtK|AgdwrHeD|igxLnXOb|2022-03-24
sctr1321|uAPbtpen|bnFpXfLK|zzviNgMg|dCzcHexX|2022-03-24
sctr1322|fSiURVrG|pmnBnQQQ|IbzFLXsw|MspYVlDN|2022-03-24
sctr1323|hEgHjAeQ|KeCcHrRw|QSasZBio|ohCDPTIr|2022-03-24
sctr1324|pJmSVKcY|lkZPODPa|wfhOXFyn|pYfPRxgC|2022-03-24
sctr1325|xxVmxkHh|kgnjVCPb|abMSkVIw|MfYLmudL|2022-03-24
sctr1326|gmbCEtSw|uVqMzmWD|AhUQqdUu|jwFxEzJp|2022-03-24
sctr1327|HsTJlUyS|nqCnUUcr|SdXbmUsc|zSGmoKtP|2022-03-24
sctr1328|pMQgJulk|BsxVgyWU|SpSgjZhO|XTsysMKq|2022-03-24
sctr1329|jCUxlLMq|ggXZzpgM|QOSiUGNo|nnOwJuKw|2022-03-24
sctr1330|CPCNrLqA|YCIEgBzw|GdxzCWMC|WcqfIqDa|2022-03-24
sctr1331|SrMprMDz|RVgwGOqK|wdEqcIwB|oODjMNTI|2022-03-24
sctr1332|toMBsVqG|HzGybwbE|gTxqYHby|RouqHShG|2022-03-24
sctr1333|CELAhMKD|HbdAtgbA|TBRqgUcl|dwRoTdih|2022-03-24
sctr1334|YFcjUXdQ|QqXODEuZ|WtWxFJuB|RgsZzLjS|2022-03-24
sctr1335|BOteRPcX|APmYEwTx|ktaBjXbA|NcrKQlvt|2022-03-24
sctr1336|oQSJYtdd|mdkOvUrN|yfHjoXkG|UDfXnmoU|2022-03-24
sctr1337|UlfpCjmq|vjfFLHle|DihqqlUa|rGeNesKw|2022-03-24
sctr1338|SgolaXPq|IaEjteGO|EHERMfmU|mBBBIOGY|2022-03-24
sctr1339|jUplEdPe|MHulOiiI|jvVOPVOY|iBFeawjU|2022-03-24
sctr1340|RfwYQHYW|PpBueXeX|exdVvBen|HkfjKUVh|2022-03-24
sctr1341|UvEwmrWp|yQqmzImd|CzKrrVpY|hdLTXvZG|2022-03-24
sctr1342|hvTnymPV|EqDwAAcV|AvGgZNaj|JSdYGRUO|2022-03-24
sctr1343|cmnhlTPV|CBKoyGHZ|qDoGtPHH|qSaUzoPQ|2022-03-24
sctr1344|oIPJKWpu|EcKajsap|njaWztTk|zVbrNYYy|2022-03-24
sctr1345|WrCRNkWT|lWaJPZSQ|VDbgksva|MMMefcUJ|2022-03-24
sctr1346|SoGpLCzK|jsuZHGhb|OiYxhAov|qfAEtFNy|2022-03-24
sctr1347|ICqNDMTV|ipiHpenN|SyfPPiXn|KZFJagmI|2022-03-24
sctr1348|iKNyqRRF|Hmiovpzt|EtzjriTV|HxaeCBnQ|2022-03-24
sctr1349|LgWSTQvV|HdpCubtw|YidnxcPR|JzRrvERc|2022-03-24
sctr1350|DkcAMpsW|ZNLAVSor|heakRxKT|MqnAWMif|2022-03-24
sctr1351|VbdFNbzl|damOAJzf|rPOhsnuW|RdNruvrU|2022-03-24
sctr1352|YqEZiQNP|fUqtbvLQ|rPesEnyy|yxwTTAXq|2022-03-24
sctr1353|xkUFOSmI|DNzghTOx|OpWvrRVm|VbVRzQvM|2022-03-24
sctr1354|hhzqltBm|WKeaJnzK|aJONAicK|laXcWPSl|2022-03-24
sctr1355|SDoBpVLQ|dcZSGCvl|eyTGQmgX|ZpokFQFz|2022-03-24
sctr1356|tuOmqPsl|IlRDEimr|pBtiabLI|EyZpgdem|2022-03-24
sctr1357|ckokFhts|tYQbQqIT|JynFsAmX|ryYaOFRT|2022-03-24
sctr1358|SKUxWTqS|WFLXhome|EKvEmrXY|GWBDYnDs|2022-03-24
sctr1359|EYVLjyhC|gQYsqguT|TvrQtgsV|CGOcBgPk|2022-03-24
sctr1360|gexdMSab|isrvnfbP|KKGLiVRQ|GUBrkzXN|2022-03-24
sctr1361|qqzlZjRp|VQpADcTA|bkdUdYOR|SPYIxtDH|2022-03-24
sctr1362|sKIBxoQR|GAiOphfP|PdPkoFKf|RHMDeQcu|2022-03-24
sctr1363|FKjtJVfd|HwROMWwi|cbDfEjaW|rkfgunyC|2022-03-24
sctr1364|QQbiHgJO|tVOtCpjW|NKhqtyXc|PrWfvNlt|2022-03-24
sctr1365|OjGzUBaY|MWynICYk|qPklKDFf|xFkDgbsL|2022-03-24
sctr1366|AOlyZVRM|NOgfOkQg|posnBRDD|erkksabY|2022-03-24
sctr1367|sqvjgQqH|gHEVrsnG|kRsnspqW|XykOKHbo|2022-03-24
sctr1368|FVXaFoQO|TeTjkQgP|MVHIgKGg|OWCsKWWn|2022-03-24
sctr1369|hSrtybdS|QIJkpwDX|oTKEbMSU|cECQAtqM|2022-03-24
sctr1370|pzloqNWN|Iugrhlip|dPDIWNYA|tNlipcnY|2022-03-24
sctr1371|oDOGQpoA|zbOFkstI|HBkQOWRD|PcVMQoHB|2022-03-24
sctr1372|qXWlVorB|cfDybRdy|LQVGfwUg|tiPItEXZ|2022-03-24
sctr1373|SsqhggPR|YthdJSbu|uyiHzBsG|ksBgnfqt|2022-03-24
sctr1374|MhkDWbsc|bmHOwUDW|PAeYOums|iCoBKnCO|2022-03-24
sctr1375|fKiKlRYZ|oejxxQSa|ClHxNsoW|mLdYiEeX|2022-03-24
sctr1376|QWcysUil|ReSwTEqk|ZZSQTIfs|TDmQPELk|2022-03-24
sctr1377|YSYOqmIn|NJGiICsy|kuaNNOMz|aUNRSecl|2022-03-24
sctr1378|aBHpslLs|qoByalup|LWnLzMRK|zTHNgijc|2022-03-24
sctr1379|npzCAFPa|QVSQcPTg|DgpPLOmG|CedBXocl|2022-03-24
sctr1380|aTFWlkrQ|KdELVVsG|eXPbHMop|sYfSePou|2022-03-24
sctr1381|YkRbpzkl|sRZKUAJn|kOGXzLkK|oqHmLmiR|2022-03-24
sctr1382|rTOWDelG|KhvRSzbz|MySOglDJ|dPlNUvVn|2022-03-24
sctr1383|kAUNBaaa|cjmdSHZr|cfnLjxws|nxjZKdbW|2022-03-24
sctr1384|czsPSEHH|tFiFzYli|EAVKRGoY|pGnbbpPV|2022-03-24
sctr1385|bgTlAGfR|VqbgPIKq|rigwJvwU|nSLMszJy|2022-03-24
sctr1386|zvSNlKyl|nhOpZeXK|tBzpJlJR|NlxNdUwY|2022-03-24
sctr1387|BLovEPuQ|OIWWSrmW|TRPPHbVG|dZhWtGgw|2022-03-24
sctr1388|bPozYVve|CKGOhKBv|srUdBYLd|lQVgNErA|2022-03-24
sctr1389|TXkqAyar|pmjsQXDx|JSLRXDQR|apmfkgNU|2022-03-24
sctr1390|hnRoxPHV|jUhkNUTE|aXjBSQcM|mbYntGZT|2022-03-24
sctr1391|RgyuFZAZ|JSCcQhwg|GMcuyEZu|IoROYcjd|2022-03-24
sctr1392|FjarvAsj|NXMbDLLR|xNdcLwMH|IdwyXjDm|2022-03-24
sctr1393|cTsdIVbs|OVUMzPgR|kkeTdZPK|LVDrLrLY|2022-03-24
sctr1394|RViotoih|WpeRWHHQ|tYgmzebO|QXSUAKIx|2022-03-24
sctr1395|wnsFKutl|NJHWdonL|SkkUYdsr|uxpRZyFS|2022-03-24
sctr1396|tsFeCNod|bCOiEcat|ullHUgbJ|IzkymWly|2022-03-24
sctr1397|OAJKFrju|eiMPSQVH|PFzwSBTG|PCrzHLVt|2022-03-24
sctr1398|EHufsfCW|SCbNquum|eMMEmqsg|NRgbZDXw|2022-03-24
sctr1399|yDYQNCah|bNnocKmy|BGLcuVGM|BuXaEFcm|2022-03-24
sctr1400|VoTGzHHO|tbbhMAkD|mQeqdbQc|LzlNRzkx|2022-03-24
sctr1401|GzdNwfKD|gBzKdDrP|ppOLDwod|rdENLCXu|2022-03-24
sctr1402|MDHnqoBg|rADEfarA|AKzvEvgO|poBRBbsA|2022-03-24
sctr1403|QZZrVBow|wooWypHp|bFAsipSM|jCYlMMCJ|2022-03-24
sctr1404|OwhEUvKH|psPeosdv|zJOPcCpA|cSCFJqid|2022-03-24
sctr1405|ZNwvcvML|ifptcyie|RVowaiqj|rRXyHoZp|2022-03-24
sctr1406|njgXyybW|eOkoTZfe|aDUEiAvN|Cywxycyu|2022-03-24
sctr1407|DZitxFFe|TESnEpGt|vAwRBfsJ|NfCCjquG|2022-03-24
sctr1408|RDiceXaI|zNInqZxQ|DhJHaCZn|mwCLhMOa|2022-03-24
sctr1409|CJfntPuw|ZhaDMROS|HIIWFMAO|IxIGrydk|2022-03-24
sctr1410|MuFpaNXU|MZZFEMNw|xQgNGRVT|PHuxadav|2022-03-24
sctr1411|IxEkHKSS|JnztyXTI|WoeLGTXn|caaJoREa|2022-03-24
sctr1412|xJRhlNAQ|IcAkWwLp|IGzwOgBM|RaHSjpie|2022-03-24
sctr1413|nceeosye|GoTbDPyF|gSNlUQZV|hBbsutsp|2022-03-24
sctr1414|mwISfCyh|ImCwIpPT|fahErNMn|CwbbVkeV|2022-03-24
sctr1415|QCAnpkRb|bjIzJlzo|cJUjlcMl|dAVkOPVh|2022-03-24
sctr1416|BKjThKRp|detNrAQp|dkXhLTGb|aZHLvILS|2022-03-24
sctr1417|rDjPhVRs|FaPlpNvW|oUoUJZpC|fbEemxTL|2022-03-24
sctr1418|KyYbCVef|IIEJLcmy|BLZtexJt|rNvbOgmO|2022-03-24
sctr1419|HDfcAUcS|yQwOTsha|yoHyKRAF|gvQEUSIu|2022-03-24
sctr1420|ulUrUrvN|EBzNoLar|NlFrSuFr|qAbmOSZR|2022-03-24
sctr1421|ndnsKPEV|rXtCNTQD|hdSPCKWH|gXNtlEgB|2022-03-24
sctr1422|CLuphoKg|xSsFDBYQ|JuyvZosp|bLNocUwK|2022-03-24
sctr1423|WhwOJcjA|rVnhVtFo|zFbqFeci|hZQlIPUd|2022-03-24
sctr1424|KVfPZnNM|kCcvrLJk|frjCsMMj|bbVOennP|2022-03-24
sctr1425|FGLCEshX|MUtsFNQF|LXPgiKUA|MUtHAqKT|2022-03-24
sctr1426|atsZEXNU|UfUxmwyN|SbUucDQQ|AuTGuqvf|2022-03-24
sctr1427|XRCjLUoe|UAsUNsXD|tcYRVvtN|yiBprAjE|2022-03-24
sctr1428|pEoFNoVO|wdXJUCTC|faLiWHnd|ERAnmwOI|2022-03-24
sctr1429|IGaQaqUW|pleFAspy|beoUxNsk|jvMRPSVH|2022-03-24
sctr1430|FqiEYasq|mSmFFFrW|aOlxzUTT|rCjAKNbw|2022-03-24
sctr1431|xUIhPKnn|vZisUXyY|nXIUtpdx|UxOeQVgn|2022-03-24
sctr1432|bufqbcjb|reZmYYUe|WPwtGEvW|BKrPooYd|2022-03-24
sctr1433|NmpCyNxl|VIKHjWoQ|iUMybNJp|pLLziVdo|2022-03-24
sctr1434|bBetVgPQ|yYXBzKKI|HwtvXlcn|pEdJpAOS|2022-03-24
sctr1435|NKBqdxTW|MUQAQVEi|iWOZqjeT|uIAUIHXW|2022-03-24
sctr1436|PRBkMWHF|gMmdtAJN|GOFCSJTq|ffxaofRV|2022-03-24
sctr1437|QeZxpmWl|vVXcwovC|McPhjOup|LZiEFori|2022-03-24
sctr1438|AzxNqGxg|mXHUXzHU|uQSzSVKX|HaZSqLmt|2022-03-24
sctr1439|bQuAeXmt|wPLXbTcy|alDjYAzd|wiHwxrng|2022-03-24
sctr1440|obWrMKzS|dqtRgIqS|HqpjvPQu|khNxkZgM|2022-03-24
sctr1441|ylPFrcHx|IYIJZMtv|bQixEMZM|uGbgQtDU|2022-03-24
sctr1442|fybhdQxm|zWWLQviX|KpHppifV|AiwyQaGv|2022-03-24
sctr1443|YecEXbnD|wsbfsMrY|bVYisluk|JYPjYDlC|2022-03-24
sctr1444|RdeQXDMf|sjBnfZkJ|IyRYKCEX|pEwyTXwL|2022-03-24
sctr1445|yiYQYwwA|gabPjSan|yEAmCNFF|dIhAZyFL|2022-03-24
sctr1446|iSFNgQPs|lUotiLRT|xIKiDoff|GbLpNpOP|2022-03-24
sctr1447|zFLVMuMQ|VcKKrjsl|EKDrupkX|nDZYcxXD|2022-03-24
sctr1448|gKGfUiXv|fVHflbEN|QmPrVkij|iMaJAhEJ|2022-03-24
sctr1449|lAiaamoA|ySRRLiZK|iYbBjsNY|jtWyeqHt|2022-03-24
sctr1450|QAEyPsTS|LGhqxmaD|RFLyDMkW|VYEmdjKg|2022-03-24
sctr1451|GdVwOAJE|wicVZzSd|vWeYUYNX|QHpYKEHv|2022-03-24
sctr1452|GdVwscxx|nORWjmPt|NEYWWAXJ|WkFrDwLz|2022-03-24
sctr1453|IGqmSCWe|OFTilHLv|JmNuiRSR|eCJUkLpT|2022-03-24
sctr1454|iHIAXayo|wUDvJamy|kcsgiUOh|PzREyRgg|2022-03-24
sctr1455|KgARfXeh|wiwFyyLh|CmZhRwqI|zlFnaDBu|2022-03-24
sctr1456|TNsVBDRx|EpOkdMSk|yUsINJGF|UdBvWEii|2022-03-24
sctr1457|dPksKKxq|CQqOuTTX|ICMPKsof|UWgGhndT|2022-03-24
sctr1458|aRTamGli|uWiCUVqa|CXOHbnjv|XywcYqhT|2022-03-24
sctr1459|havregqq|MqkGxOyM|BBcsKvIG|CPoBWUdW|2022-03-24
sctr1460|exFvNdhT|DNnqgWFc|DAZLzqqA|GPyyQawT|2022-03-24
sctr1461|EcKtACYJ|OqVewgsZ|rdsQhwNy|DQEkSljT|2022-03-24
sctr1462|veaOMYKE|CCiVAkPh|mdVlZVxf|tkUugjis|2022-03-24
sctr1463|UBEzXTqs|VSXTNMwc|CqbCcUZU|FFSfXGmC|2022-03-24
sctr1464|rMsmWEPw|QLeBUoYZ|BAwAZYhh|OvcYjapQ|2022-03-24
sctr1465|awdcSOPP|qxNOYhZp|GygQdzvK|IUyGPnET|2022-03-24
sctr1466|RZvjHdzG|fhCYaThg|qTGDadPr|UzjAZNWt|2022-03-24
sctr1467|bbtlTRpt|wTqBbkZT|mXEBKxzm|MbZUnngh|2022-03-24
sctr1468|dQrkyVOw|QFXepkZd|xLnmBHOk|AqHtOrkf|2022-03-24
sctr1469|mHHjnioF|vyYSSDqW|bnUaQpba|BQpunMuc|2022-03-24
sctr1470|gUjcnSbp|xjEvtTOb|yAoaGpwT|tmYlsJmf|2022-03-24
sctr1471|rPbegcnG|NIrhkLwr|LifcTcHd|NtRClABB|2022-03-24
sctr1472|mpjIyYrv|YSxrGuYd|mYbOCXAr|oWPLORjy|2022-03-24
sctr1473|aaHcHfha|OtXxhqgU|gIMmocAh|yJgBznzg|2022-03-24
sctr1474|OeFPWTEo|MkIdRLcG|tzZzgDyg|jOtckJEr|2022-03-24
sctr1475|zUjpqDrU|OYAiQSeR|DQtxKzCV|dpyTprwP|2022-03-24
sctr1476|FCgiFfea|OszSIPHW|YmjBcjYl|SeBkMEow|2022-03-24
sctr1477|DorHBgjX|bbtbERZS|VoCWuGde|RJrGNxHT|2022-03-24
sctr1478|UNjzALTz|aGahnBUE|vISgtqia|rFncfnBs|2022-03-24
sctr1479|gZMwAamW|GLefWfOs|sqNfgWlh|cEiQjpuo|2022-03-24
sctr1480|tVJbuZsk|IfasrNPt|OpiEGlIv|TBXQVKGw|2022-03-24
sctr1481|jWqCfQqX|DbkELgPJ|DvMdDDkA|MMpUWAzE|2022-03-24
sctr1482|AdcwFWKW|yuJlPQWO|rOQmtDCO|BLTWWshg|2022-03-24
sctr1483|QuushQKK|ASdgJYjk|eujjqZUx|tRRfTJwx|2022-03-24
sctr1484|BmEfaJlp|fSfJFDvK|SPOvBVjs|ghZdJzey|2022-03-24
sctr1485|XypAYPTv|jrmasUQn|aYBdQmrK|ejzFLlRJ|2022-03-24
sctr1486|LCtmWJoI|nKvnJvPG|LjzrhYgM|mugkegOk|2022-03-24
sctr1487|CxcnkgvQ|CWJNuLeL|yQMSZVFI|TExklUHS|2022-03-24
sctr1488|UgPmWghi|nNWXXqOw|pyNQrwlU|qLRGCtrk|2022-03-24
sctr1489|oKXwaLBN|pniYrdbd|iTwzPNVY|gjYtIJFH|2022-03-24
sctr1490|hDxCcVpJ|gGabsvEN|PQUlMeid|XIVsYHJz|2022-03-24
sctr1491|Xyksngth|DSRDsXGZ|QXnZwiIb|XhscNGec|2022-03-24
sctr1492|npEjMhuG|SdquHeEv|KPNNmnvQ|gRgVwFzh|2022-03-24
sctr1493|spcnRnxd|wAhONyFu|PZxDsqVz|UrMTWxsL|2022-03-24
sctr1494|uEQnDpHT|uAnEXENv|xtStboDU|wEIdZman|2022-03-24
sctr1495|CcKRaIZh|ANTIveZE|xWOoBXPC|ifrUKDKJ|2022-03-24
sctr1496|EdFDWoJw|MNoQOAmS|dxnzEMOS|ipdzeZmd|2022-03-24
sctr1497|TsLLgTFw|fwDihwgK|pCPcaEXF|YdNsVHIW|2022-03-24
sctr1498|quyuXRhn|OhNNdYWN|CqQFmPFZ|EPuINqbh|2022-03-24
sctr1499|bAEtixEF|YmmfJxok|XdMhpgtO|vqZgNShO|2022-03-24
sctr1500|UoLrUfaH|KPQVdwuK|pJvjANPk|LoMarjAZ|2022-03-24
sctr1501|VyMrkPip|fXCNiUmb|lrHVwaqH|bNQXPApe|2022-03-24
sctr1502|feHeCpyF|pAJnlOGL|QuLjkZvm|ZFvvMJCH|2022-03-24
sctr1503|VezMZgMF|lLEecpGv|uKkfofXK|bZDweAGk|2022-03-24
sctr1504|RYGVFPcE|xSSuwnrH|fewBNBmk|mbGlgBEV|2022-03-24
sctr1505|ifxgkPCt|QFRlWlzA|ZBXhMwuP|SbTLDcWE|2022-03-24
sctr1506|hrXzFCba|NYSVqzhL|JxtigLUX|QAByuTgy|2022-03-24
sctr1507|kwwEyWwx|uvbsfvmI|XzHzhttx|qOXYRjxf|2022-03-24
sctr1508|ZGqZfxmE|flmmnYrC|QBvVmoFk|tTtPcRsG|2022-03-24
sctr1509|LorrNbzV|gUkmeStq|VYdXEETf|rHnMtxuS|2022-03-24
sctr1510|PvFlAjbN|yTJNTmrx|mDKPFipa|owowNwaS|2022-03-24
sctr1511|mvRVJrwl|oRFPtLgD|ETSzpfOZ|atLqtRap|2022-03-24
sctr1512|wmBLyqTZ|ZPRbCNUb|YvnIgVcp|sgFIuafo|2022-03-24
sctr1513|FdjxWzSW|BmdmoDjH|rfHxLPJZ|TNOtKmzx|2022-03-24
sctr1514|wguauOMi|OlerCSWC|QqBkhsAG|OlbzuTcW|2022-03-24
sctr1515|XmGhYrLV|RzsKYtDy|KryZdusi|sUyODgvE|2022-03-24
sctr1516|PmaUugrG|ccPsomjf|CTUUKiHu|krEwvdVc|2022-03-24
sctr1517|hqLhawoK|kabQtunl|zwfnIRzR|MoYWFgDx|2022-03-24
sctr1518|eclCWOkH|JVmNaIgQ|BVWpCTCg|PTlQpFhh|2022-03-24
sctr1519|wTBgELwQ|cJhzCxxn|pHobXfGL|UeSgGAcx|2022-03-24
sctr1520|wGWOeQZE|QyUtxiYS|hGSnLNwB|qLEqdJKU|2022-03-24
sctr1521|jlsAmypg|aQsnNoUL|OcJngPmB|tdHUuAwa|2022-03-24
sctr1522|cuSFHIuX|tXzCcwhc|eBgNONKK|SlkUYfpy|2022-03-24
sctr1523|SpqJvWmW|OmNrNkJL|vPOkQKlX|VwwslkFG|2022-03-24
sctr1524|ASHYeuxF|cOPofefp|cABSwJzN|hEoECmzU|2022-03-24
sctr1525|HgoDfJCw|zBkyiJzp|WvKxsuEA|mJnrVDpb|2022-03-24
sctr1526|SdozRGze|FfmQheGZ|AsYzjuyy|UdnkiYlj|2022-03-24
sctr1527|QpGUaUVg|pclnvGhk|jsFYbtFM|RPeNDsZE|2022-03-24
sctr1528|tyspuVED|TBwgDvNF|NHkotiit|CgGJflxv|2022-03-24
sctr1529|CLuHajtd|JMHpDtpa|azfuqpeo|myKzlact|2022-03-24
sctr1530|gxGqyClf|RJBvxpbH|gWeXiSir|dSpdFSti|2022-03-24
sctr1531|yCygsDzj|jiatjIax|zpLhZbgw|JwelbbaN|2022-03-24
sctr1532|wLDKQmKV|QhRsFpEN|yDoSWsEA|gMCvZeet|2022-03-24
sctr1533|CpIKWaGz|otQKlqaT|CoTAeXrD|KTtJQART|2022-03-24
sctr1534|SggTFMgg|SDtPvmCd|EZipjuuy|BMAdSEYL|2022-03-24
sctr1535|bWybGWxl|YcOYblfg|yWuhOZqZ|QChqtuCu|2022-03-24
sctr1536|QLCKxTTU|CFsZqSgU|XoBwRdIf|kAEgRHUs|2022-03-24
sctr1537|EYzLnHzi|CWqpRbtG|OPgPFuDz|TudhJuTu|2022-03-24
sctr1538|bSbxpFAk|lzgvpmOB|siwBCkWL|cBCUNDnu|2022-03-24
sctr1539|TOWDFhnV|pNRJvPlo|nJVIkODE|dCmRVnQg|2022-03-24
sctr1540|hwmYApzR|ohCWGlyH|PhDVlrVt|ewwpHoOD|2022-03-24
sctr1541|WqWKZewk|VGRBBMNg|BxagQkjs|IGozJOAA|2022-03-24
sctr1542|aLGYDNhM|qniHSFVE|UJlqBiFI|gpyHcUQu|2022-03-24
sctr1543|YMpMlapp|urycQNdj|GjJqgHZL|UJqivITp|2022-03-24
sctr1544|bKRtEyEF|SUORPjKG|pYdTQefk|xZGGSlUB|2022-03-24
sctr1545|ucmLQQlb|pwFKxhor|pHDzNROu|apgmFeJM|2022-03-24
sctr1546|vWEXkIZc|vtjFKHhu|oUgNFlyH|RdsgdSYq|2022-03-24
sctr1547|KbCGCEPB|alJksLpl|dhhEzyjC|jDqxOaQv|2022-03-24
sctr1548|WaYqRIff|hTzjZLdO|xJkceuSC|LUnkOBQp|2022-03-24
sctr1549|EXqBJsip|cmuqoAyv|WEmjBJwP|ULNOrMCK|2022-03-24
sctr1550|xNHrqJVg|GdvVhYVf|kEhusEJa|oAVuXpdB|2022-03-24
sctr1551|MlkKXplj|PpPyQdNU|CdSgaMJw|mKZoiWxC|2022-03-24
sctr1552|WrXdQDIN|VihFuodD|VtGrRoEO|onjRsyxs|2022-03-24
sctr1553|ffnJBNhL|dfGuPJTj|SurSSVNN|qkurTJjD|2022-03-24
sctr1554|seuOTXwd|IPxipMba|zoruNKtW|ZyWpqxJr|2022-03-24
sctr1555|QZOXFSKt|TbirubRw|jtjemsHd|lLLpBQqn|2022-03-24
sctr1556|ttnVHQox|uvUfZZFa|jyRpXGOh|VloRieRU|2022-03-24
sctr1557|eEvQsLig|foFDbVTg|impDKFTq|OMdrqTxJ|2022-03-24
sctr1558|qPWdcmZQ|VQRJgLxO|uQXjnViI|MtbgwONm|2022-03-24
sctr1559|LuCKsVqi|UrtqGcGw|klSnTkOa|KgUhWafu|2022-03-24
sctr1560|RIRIgzcD|aetyZSea|XLpsknSK|zmLHnXfX|2022-03-24
sctr1561|oxFYpHpP|GnEqwSDD|CLrWSWqP|bymudPzp|2022-03-24
sctr1562|GXYXFDac|jKXQUHPr|AxzolgCX|lkMkrkVS|2022-03-24
sctr1563|zGZbXXgY|EEBPHOHn|KHWFhJaX|IIsZFPiv|2022-03-24
sctr1564|KdwCRpkM|aznmKLHz|IqmCKgSY|HbBdAHcv|2022-03-24
sctr1565|KiAGPyMu|BfmZRLxv|guGJkRgg|jMjHDvfU|2022-03-24
sctr1566|JNttvNic|BZVaZawN|SdRuOiGd|AnZNKGCd|2022-03-24
sctr1567|eCCAIdpV|RRyHTxSQ|hntfZLGh|FqdjhWfL|2022-03-24
sctr1568|VjXjpKzD|LMOMHDek|TzSKFDvP|ZAIgOoUz|2022-03-24
sctr1569|zKpArpiZ|bqlYOgCa|hFCHFbpw|aSRlBqhr|2022-03-24
sctr1570|pVPhQxBy|FsNYinqE|RbLHnsUY|GsiPioel|2022-03-24
sctr1571|MtobTLtp|uIBQkmpc|cxZyFgws|fiRoQVmW|2022-03-24
sctr1572|NQWVKjDS|pvvNBUag|QbrECRRp|RTVyGihU|2022-03-24
sctr1573|FAdVnqpf|PwiVsOCB|YPFYVvmj|UgQDBDpj|2022-03-24
sctr1574|MbTnGavE|JeqcIHTT|IDrffvLE|TbkuBAQL|2022-03-24
sctr1575|sJSlsQea|DuWCUmRC|dJtVMPiA|lSCfYXTg|2022-03-24
sctr1576|hRxBPkLA|XGkaskjJ|TuJlIFOW|QSUBScWX|2022-03-24
sctr1577|BtxazZmj|EHTphFgk|fhESTlpf|kadEFnmg|2022-03-24
sctr1578|ZRRnpIJx|iWfjPNnq|btlXYLYv|wbjntHwT|2022-03-24
sctr1579|YzNvyYCY|oqntuqmN|vfzavjWW|MxiNuWha|2022-03-24
sctr1580|uLTItCnN|jznfIDcH|bHrqXKPP|pYhhOnKi|2022-03-24
sctr1581|wkbMISfA|sGMFVRJR|YvlNlLoG|uBxbVigd|2022-03-24
sctr1582|nFGPnDMy|oKHEdrrl|OtDxPxnP|QLNqYKvj|2022-03-24
sctr1583|gpElFsnt|kJgrMAWL|rvrzPiIP|khYzLjuq|2022-03-24
sctr1584|sWYjfGQA|WINENRug|FbJLIYwB|WbZUjISR|2022-03-24
sctr1585|hrtnDrdz|hyRYBWKz|TAfCVEPb|vOatuMiG|2022-03-24
sctr1586|NnMEHjYZ|fNTNJyYo|THaIYvuk|dkwZWjyL|2022-03-24
sctr1587|UzqOamMU|WsfXEXds|xnMBSIwg|DXDroBqj|2022-03-24
sctr1588|ZCEVwTjr|AnQTEhnV|yiTgAPYj|zmZsheIw|2022-03-24
sctr1589|xcnNRGcb|nKUEqfRB|NjwsBTyn|jVipHcAF|2022-03-24
sctr1590|pTItTNeJ|rYdsfTYx|RnQRVsSf|OyjZbrLh|2022-03-24
sctr1591|kYxmNqoX|aDGBfBId|WWkjMUfk|vIPlsCuH|2022-03-24
sctr1592|kNpbFZNf|pAvSIiGy|eWhQxxip|qgWHBooH|2022-03-24
sctr1593|vcpoUAJx|DGJFZkJK|CdNNtniV|sQvqAYyL|2022-03-24
sctr1594|XBtrrowu|XYzewEne|UPkzqAHe|LONQkCWk|2022-03-24
sctr1595|OJVbRWTZ|dCTwkFdV|AWWHpnTp|LHpjybuT|2022-03-24
sctr1596|cjltRcyR|xNQOQkAk|WGsUyQZM|OpFnDHyW|2022-03-24
sctr1597|yLgOaCJz|YIRvSjeR|bQcDZDNt|UTvBbWPI|2022-03-24
sctr1598|bIDznslW|CkSUzZQc|bDggEURh|ychauKxK|2022-03-24
sctr1599|pufaeKWs|CmLxlCzv|KEmMNdDJ|QVHsOnGm|2022-03-24
sctr1600|cxbLYGVb|XuKtshOR|NKNKFNpz|VnHizvje|2022-03-24
sctr1601|yQRowRWK|eaIsIXjY|VnPsoYxu|vYlENYFS|2022-03-24
sctr1602|FRFFLEsa|qCmoIgLY|fzwzXzaJ|uGscYOWi|2022-03-24
sctr1603|CPuKafjS|KZwtxAJT|gvzUoeiA|MZbWOUNb|2022-03-24
sctr1604|PonZUwzo|oERrqybK|xywRmIAc|tnPoctAx|2022-03-24
sctr1605|aMzWHysQ|cYUVFxRQ|ELiPVRYz|aYHvQgjA|2022-03-24
sctr1606|URzQpbTT|UhmYbknA|bDHWUcpA|LwsAfmei|2022-03-24
sctr1607|AgPizczF|XwaZFoAa|ZEqEtpFz|qNSbWzvN|2022-03-24
sctr1608|EaiMczkD|XUQMAnYk|RBOVbFyj|dEsQUlen|2022-03-24
sctr1609|brrZAzyy|GNlxDvNt|kcmehEJN|cAtUTKmn|2022-03-24
sctr1610|oGdWcVPF|RGEePLqO|SRqNxZBD|bWDtocAk|2022-03-24
sctr1611|XGxgjfaX|byWYhzXx|wtPjkvmr|VTPOxXnf|2022-03-24
sctr1612|ZMHmHqDQ|FskGkGwQ|DuSMrrPW|XvAgmLAk|2022-03-24
sctr1613|MwWdJDbr|pPPFAokT|FyAGaBbN|VppARncl|2022-03-24
sctr1614|KIcszDEa|KoEzqUKi|dpiXNURu|ItvpxtWN|2022-03-24
sctr1615|odovCrgp|FSIsOaDk|desjTeaZ|yKqWIZLZ|2022-03-24
sctr1616|LpzgGrQX|KyGmOOcP|SKPHyHNO|JhOQKUoj|2022-03-24
sctr1617|ypoaKTUK|HlRLXFsQ|hhUeorYo|eXpnFLEz|2022-03-24
sctr1618|hduSWCMz|QdzYufwz|SYsUPtBs|JZIdeCxH|2022-03-24
sctr1619|ruzUcAPH|SFUDiOHt|mbBSasoe|UweVjprX|2022-03-24
sctr1620|ALQLCFpd|OTkACshm|dHrnoMVG|AmiZqaDz|2022-03-24
sctr1621|cZmgqOuK|rrQPOagS|kMtObqVx|KhundAjN|2022-03-24
sctr1622|sqUyeQvB|TrMdDDJJ|jwUSQceP|OAagTlUv|2022-03-24
sctr1623|AyKvAlxE|lZTgKGKX|CkNTRamE|PqYzGwWN|2022-03-24
sctr1624|gNEQejzb|YIAGQsnM|rOnBLesq|MYnOByeI|2022-03-24
sctr1625|zwJYOsye|moMCONtB|LMHQtUNk|oiTqRuSC|2022-03-24
sctr1626|mvTKcRQZ|MyGKjMwB|iidpqmWs|MAAPakjJ|2022-03-24
sctr1627|tYJAHoqi|BWQairof|LPAxMgBg|BweLnwfO|2022-03-24
sctr1628|maxdZmyn|SUDdhDhU|LUanvtMD|jnmXXdyB|2022-03-24
sctr1629|lhJUIKhT|AstRfWqP|PvOHsRrx|Wydzyqga|2022-03-24
sctr1630|lKcIhaaB|FWHczWYr|avDpSnjp|XkJMDrMP|2022-03-24
sctr1631|TpBIhUqJ|ETwoZUKi|FEforIYp|euJlIHxa|2022-03-24
sctr1632|gSFfNzim|FQsrgzxk|tGONvmGv|ObsrxgGv|2022-03-24
sctr1633|CkNXmtOR|yEaxnSMe|UyZeVzAF|hKLUzRlD|2022-03-24
sctr1634|zuKVSwzV|iMZCtUTF|xmTDSzPy|DnOqPmFY|2022-03-24
sctr1635|DWrRFyHo|xvMefPCs|PEbpFIVU|YFjsVCYP|2022-03-24
sctr1636|YdXTfYUe|UkwuwXim|UxJWvPrX|kqUlVnKz|2022-03-24
sctr1637|FgubDVKk|FmBxVltm|GmFLDLyF|mKIUfubi|2022-03-24
sctr1638|DAYIlihB|czKmOonb|PNYtONld|wOkDQpcK|2022-03-24
sctr1639|yDkHNmoT|HLKOxIFb|oevGvMEa|RuFzAYCI|2022-03-24
sctr1640|FFtduWJU|AwnnQVGZ|XqdPXmpz|wJxxNdPV|2022-03-24
sctr1641|sLHHLHlw|qhWEDzFB|lhrRBzvi|gSwZrLUc|2022-03-24
sctr1642|fAnLkTEq|yankguhn|nSXeJYuJ|RynvPjpc|2022-03-24
sctr1643|xFXOpujk|lCRdCnAR|zYoGkbBo|nnpCCVkz|2022-03-24
sctr1644|IfGizstz|UJbJQtBB|JiAxqhfL|nkyLzxWV|2022-03-24
sctr1645|sdGCXJMN|aiGsAdpQ|pLYmZlDz|XfkiTdKM|2022-03-24
sctr1646|wpSbENtN|FsTIXNeW|xlLQODfn|lJJVDjSP|2022-03-24
sctr1647|NNIIKUGY|jiknRHgg|SOpypoEy|DkaotkVN|2022-03-24
sctr1648|mUdVKQdg|lsRYBech|rRpLIzvn|oFErsKqS|2022-03-24
sctr1649|lUOkDhdK|yOtJZXeP|mdMXuQlX|rfUXZSpC|2022-03-24
sctr1650|ffcVUhiV|LMuLbCEd|PfeyhBJW|rPGOEdUT|2022-03-24
sctr1651|GwfaxWqz|lXBdmQbI|DFJlzVsu|WBpPlMFG|2022-03-24
sctr1652|PgabeQqg|wdjrwDKG|PaVMSrwF|QBBKRGQg|2022-03-24
sctr1653|qkqSGoYX|DcfoKodx|QujKqUzc|DuXQgblr|2022-03-24
sctr1654|vfJtMfYC|SGzSdfAK|BZzNTPmc|vBHttWEF|2022-03-24
sctr1655|AZmtqQFq|WZBToSxU|xwIsDsmM|cadWDNlN|2022-03-24
sctr1656|ijzwFpcW|XbnyJnbx|xDaLLEgL|JDSJWgoF|2022-03-24
sctr1657|hzdINLuB|BAbhKVvf|vYPyllWJ|OBYBkAVr|2022-03-24
sctr1658|XmDYNhPJ|AWXBEcHw|ZKSOmQSA|HJWQXAiQ|2022-03-24
sctr1659|hoMUaEZD|rZRaXwaU|MybuhMfh|cgUFRZkU|2022-03-24
sctr1660|hMhDFDRr|eHoFJNpE|fLzkBIMN|NJQKlTfr|2022-03-24
sctr1661|UxusISxu|eDwMpKFX|EjIZBGhm|VviwMEfq|2022-03-24
sctr1662|hptHcEvt|ySkBAYuN|HZSjlgMu|OWYmnkxR|2022-03-24
sctr1663|gQEwsoRV|MSNQgHMt|oUJUhOvD|sifwLaxE|2022-03-24
sctr1664|rFrBzgdC|NyCuioyF|qjDsSRNI|oMRURiTf|2022-03-24
sctr1665|vLqZondq|UOACwxgh|FewkwKGO|CtjLExSI|2022-03-24
sctr1666|NbpmhXsa|YntECqrf|FDSmlWCp|TCouwAdE|2022-03-24
sctr1667|iNugPSJj|XznayUjb|BvQDlqxa|acSNsyqa|2022-03-24
sctr1668|fptdWxfj|svEkkDPj|avboMCWc|soutDbpb|2022-03-24
sctr1669|DkdITMsu|UMnCguMi|AhrrtSsn|fPogBLFx|2022-03-24
sctr1670|FFjzzSlX|SJMkssdB|xRiMrsvY|LZrySmKz|2022-03-24
sctr1671|WHuGbABa|yqXGqbFN|ElZXEkjc|HLXszrkb|2022-03-24
sctr1672|gDTdWoOP|jCPdWvUl|rrMyaXYF|gtHvWjsN|2022-03-24
sctr1673|WwwqROJS|VKjHnQcK|BqowLrBd|orhZfQdz|2022-03-24
sctr1674|sZHxhglB|aMpdwGNF|ImENMcnz|iVAnYWsa|2022-03-24
sctr1675|jrwRyWLm|tfpfKyOC|GzDOQYMZ|XqVdTDJx|2022-03-24
sctr1676|sLddFQUX|TWssIOwZ|rDcaxiJu|fhTVxHAn|2022-03-24
sctr1677|fWGfxPgi|OVEvBxcX|RMgBqdld|akiwViIm|2022-03-24
sctr1678|WhniuexT|EibLoaiv|IvIEokoi|IoBYKXaL|2022-03-24
sctr1679|UfsqPHXu|LTERGiuX|xOlfUxOd|VKLfuOkd|2022-03-24
sctr1680|HRQBvTqB|CcEWqlxh|yXTdDwYR|JWDqjQME|2022-03-24
sctr1681|RjsyFepm|BbjpdLFx|wFgIFLei|jSkFwLHf|2022-03-24
sctr1682|JszfTmnT|PqZaFlXP|njFliVcN|shyTxWIJ|2022-03-24
sctr1683|OAlvIqeA|wuAtZbff|VhSJPwUs|VRInKAug|2022-03-24
sctr1684|olHFXDyE|vNZazTQT|qnHNRHEZ|tezvCFVZ|2022-03-24
sctr1685|aNAdmlZk|srjInLIQ|qHPyInHb|UXgfvXAr|2022-03-24
sctr1686|mFDSgVtJ|DrPdLznG|JtunLnpx|xDYjVuxM|2022-03-24
sctr1687|qXcVDfxa|lVbHyffH|OwiNGiNt|kpVrymZo|2022-03-24
sctr1688|sswyXUDx|zepCRain|iStiAYbg|SNQbcfCA|2022-03-24
sctr1689|ulLBVyXr|NDkiSXyh|hpANnMUZ|jSafuENK|2022-03-24
sctr1690|ztzpbCiy|tLHLWUor|CskbXciy|RUvyFnuN|2022-03-24
sctr1691|ggfaaTYp|FzHUhUoH|tFscRpQs|EFXxlhRU|2022-03-24
sctr1692|HcuJxlWM|osXiWwFZ|nCSXAxUw|lqsBOKHs|2022-03-24
sctr1693|KbucwuIh|NLdmfyzC|HtsTqrkB|utteGyHP|2022-03-24
sctr1694|FKzNxtUT|gAbKgrZg|VUzwIFuz|dwVmiUQq|2022-03-24
sctr1695|sVPFrGqe|yfnroAsw|cQJbOxxM|yBprkoWx|2022-03-24
sctr1696|VzhHVWDa|cXIdTvnX|qUPQCJMO|RTYWLOtQ|2022-03-24
sctr1697|gOpeNalI|FynKbwZj|VyMKaeBr|yhpHwFXv|2022-03-24
sctr1698|JfnLYDVJ|vkvCkeuu|ZVDiKLZE|qNsufVEq|2022-03-24
sctr1699|sNDFvLlD|hAzTxPwr|QtNwiwTG|uBxUTwNG|2022-03-24
sctr1700|gqkceVgi|WEvVuOWn|qcUhmNBz|KPKkGOPo|2022-03-24
sctr1701|pyqZsTKF|JVxOaUvM|ILhyMJfh|CGRLleiP|2022-03-24
sctr1702|KAYrBTpm|atpOrYNn|UUkrgVVQ|JhgUPzlK|2022-03-24
sctr1703|oKgXtRNB|JwGywCOz|uLiCNGrG|ctXZYbgT|2022-03-24
sctr1704|PQVtIHrV|pfPnIYiv|zOzJpymB|zBIPmnIm|2022-03-24
sctr1705|YrCOjGiU|MiJpbfba|nUQEVdsf|asnQCnpN|2022-03-24
sctr1706|weRoaRWs|kWGatEkM|WKxVDjFN|sEWSjaOl|2022-03-24
sctr1707|MIZMydPo|uQWBdiFa|BlFUAwtv|hfQlLQCG|2022-03-24
sctr1708|KyjQCXgx|FZjQTtIU|BVNheYdD|OHdNhDYp|2022-03-24
sctr1709|DClrvSnw|PCxEujpx|tqeZotyx|pLrxoCtf|2022-03-24
sctr1710|GKGsHllq|MWEdPGsl|qtMIobdv|ZatCPrUm|2022-03-24
sctr1711|utBWvxaQ|WMYOqbwJ|GJbDYnKh|wvEhTnYU|2022-03-24
sctr1712|oXsVtJKW|uflXuBoi|cmqHiZBK|gNmgDghV|2022-03-24
sctr1713|rqivCSDJ|HCRswhaj|lGiJVLEl|PuwhTWTA|2022-03-24
sctr1714|PkBqMuGD|mesWxZKH|foVsQYNP|zIDCyemL|2022-03-24
sctr1715|NJygoziK|IyPXMGJB|OqyRoIEg|kmsdiPsb|2022-03-24
sctr1716|PvzIjzYx|FWuBvbHa|RCyikLDS|lAkHczDf|2022-03-24
sctr1717|FGxPbopp|cWZMmkVa|azjhRlwF|hmPrhdCI|2022-03-24
sctr1718|wAFfSvFa|tyblKAwT|OhHteruE|flygCTkS|2022-03-24
sctr1719|InAsDWCh|fWksNpJv|rkaQmKnq|QSzKKoMk|2022-03-24
sctr1720|WUSHEiFa|yFecEuyL|vwyRWIfm|VsHpmdok|2022-03-24
sctr1721|jbcpPewR|foYtxnkq|YCTBcPmz|mmQzPijW|2022-03-24
sctr1722|ysKHTvXy|hEGPFwGQ|hbfzzMGl|UWRvnzXH|2022-03-24
sctr1723|rxqPicJD|wLLKlcnn|fWpeaYsb|vIFttYgB|2022-03-24
sctr1724|GvEsrpHe|OtzAQiVo|xdfakjgP|ZhWNfnwy|2022-03-24
sctr1725|MzlOcyMI|ONcsNOJh|fKPYzJfm|sXANhtJn|2022-03-24
sctr1726|KoIuYwzw|wUbXzkot|wYSYTgTY|bnrPdEGa|2022-03-24
sctr1727|GwqbfnJu|EASzkiHO|GaUxBIkC|BxzFTdXk|2022-03-24
sctr1728|rQGqrGvA|oqEaPJzg|GOLFOcBG|rCjscsDZ|2022-03-24
sctr1729|VsZvMWcH|qSgtGHNE|nCBmCTFC|cnIHByCU|2022-03-24
sctr1730|OpjuHAVV|ykyQDiiD|TprttjrK|RbEvyZhe|2022-03-24
sctr1731|OFjbtEIq|fiREjTGT|nirtqirq|kfdUAblu|2022-03-24
sctr1732|JwpDPRtl|TqOhvupM|CJkLvgjT|JGoHEuRO|2022-03-24
sctr1733|bgSpCHoG|chtHYZAZ|mVdrWDME|xGePxBpx|2022-03-24
sctr1734|RsTrLUFd|zuIZTyeQ|NbUXZjjc|eHwagovL|2022-03-24
sctr1735|RtqctPeV|xGDEvgYb|mUENIzVl|iWVGghZZ|2022-03-24
sctr1736|DNRZWsys|otYlYhfx|ZlhpVpRa|wpYqoceg|2022-03-24
sctr1737|pfMMKHfS|OJnhqQHH|TgQkAIke|JcaHxBds|2022-03-24
sctr1738|LuaedQar|qhUdoutM|UaMJlIpL|WmwsmSvZ|2022-03-24
sctr1739|RtfJFsit|QTmqgNIq|xkXBIzJG|lCyLSMcY|2022-03-24
sctr1740|LBJyXoDN|dEQrWRuB|XLanupfC|ctPOOmmw|2022-03-24
sctr1741|BvYXfjYI|UswnRUAP|fVKFksPr|IWjPTRAO|2022-03-24
sctr1742|RgdUeRDY|MrBnNFtQ|adfLAtIl|vQEvfcHZ|2022-03-24
sctr1743|mVaTnoOY|XcpikzBH|CYVWeaBL|xsuIgFTL|2022-03-24
sctr1744|augzBfkH|bMsyPWWE|zVkhbjVq|iJKMAowI|2022-03-24
sctr1745|uzXyucML|IZrqCGYF|pfUkdamV|SErEKYZi|2022-03-24
sctr1746|VMyrEgYi|JTUTofVA|vAMyjJoK|WYiMojRz|2022-03-24
sctr1747|ZYojPkcG|ACjxASuV|VMvHVzZT|aykZMJFc|2022-03-24
sctr1748|hiUBwJtn|wjQBgsgb|uHmomOiC|tsfBjift|2022-03-24
sctr1749|eTusgFEv|VzRSWvtv|VryPDYBf|WNsWEiKL|2022-03-24
sctr1750|FBKfOylx|fFdczCyk|sHzgXCwZ|BtJRIIGU|2022-03-24
sctr1751|ihusXwNP|netqoIWw|foZbpIBy|RgBkElTL|2022-03-24
sctr1752|PaelWJRD|RJSSsiOv|bKKPNkFu|dOyGlXEz|2022-03-24
sctr1753|HbzHXlEJ|RkRRJIxP|nBYFKSXx|fnlxpZCI|2022-03-24
sctr1754|RrsYGDoa|cwRDYkrT|dUHLwSEJ|xLGQvxFH|2022-03-24
sctr1755|BQkRyqwz|phNYMFGB|LcwkXPKi|iHXIKybB|2022-03-24
sctr1756|VIwfKerU|ucGErYtw|JarzLpcK|MDoPRLNR|2022-03-24
sctr1757|BPNZvsSj|WXgLmatc|zRaYqIQv|HJNfWcuK|2022-03-24
sctr1758|KrrZnjtk|bDmGqCuW|qdkjGNWl|ACMTjaii|2022-03-24
sctr1759|WVSQzAqY|JkPSQYXq|TckxQQvb|ppWILVlB|2022-03-24
sctr1760|eTrBLrQd|XvbqwmaL|IGRDgDMv|ciQHObmT|2022-03-24
sctr1761|VuHfmpMP|uaesxnYP|lFkiveiW|COzBBBYb|2022-03-24
sctr1762|ioGTzjNX|lazoeobc|qlKViizO|PguLjAPh|2022-03-24
sctr1763|nnJMnXZp|bmDvRpce|BaDJhLDE|lrCaflAg|2022-03-24
sctr1764|RacGuuqV|lUFeBzCs|cpIBAKys|mSzjEjkQ|2022-03-24
sctr1765|IUFZsylL|PpxcDSPj|RIBKnObt|HtZODvuI|2022-03-24
sctr1766|CtGkiQPZ|zpbmjYJV|DfyDUJJs|zsHdtzzG|2022-03-24
sctr1767|nKfWPjDx|bzWxByvy|TkovcXpL|xgIYhHhu|2022-03-24
sctr1768|CzRtOgAm|qPmNdIWF|NlasiWHV|WZjtDfqe|2022-03-24
sctr1769|dqmLGZOu|SZErizLj|HQCBgPap|kbVtOoQc|2022-03-24
sctr1770|rCDbXhOg|JtdTiPpH|OAfRCkkw|qHnoWbiO|2022-03-24
sctr1771|irpNjGFA|oLtlHjTj|QXvwRYcY|ksTkewpc|2022-03-24
sctr1772|wOXEIgQe|AHgNTEev|CThHmUYy|fsGUKwTj|2022-03-24
sctr1773|qjEqiYPw|ovbeJJhL|bLqxWBEy|hpUTpKmb|2022-03-24
sctr1774|TtcyJrhy|xWImbqqT|goVrqjEZ|wNjRzfce|2022-03-24
sctr1775|WgnESTIF|GtoIXuAu|fOGErNTi|EMGQONTc|2022-03-24
sctr1776|htqfUfhv|NemyFtEP|rnNDDPTo|bWfaYOpv|2022-03-24
sctr1777|ZNWCszzJ|yhZvsKYP|OFjOISqJ|bcpCiYRO|2022-03-24
sctr1778|Igakxpei|dhrdHckL|WNMyBWcm|jghxpitY|2022-03-24
sctr1779|eSyWVruW|LhebyOnA|wxeJWyPL|zeWBoUoV|2022-03-24
sctr1780|yoPKqHBq|zvkGQnLv|AKeinbDK|ipLEZTST|2022-03-24
sctr1781|YZNPruJz|jSkkMERz|mSJGIdEg|NnaGhrHd|2022-03-24
sctr1782|uYgVNWsD|XcJaUMFg|pESoBwmo|KdhDCpDv|2022-03-24
sctr1783|rbTeErtA|VtCriWPo|ncQIHLPE|EJTVRFsG|2022-03-24
sctr1784|hnKhtkVx|MVyONKBo|SCsRevas|whqtirnr|2022-03-24
sctr1785|HViBSwFz|gQpobUFq|KKmVrJDd|pcbPNHle|2022-03-24
sctr1786|WxpfjGnF|ZomKeQZu|VIPZOiqT|dccbcrlH|2022-03-24
sctr1787|fGzfQJUK|NhmggsOY|aixAyZpH|uUVoBitB|2022-03-24
sctr1788|SFRkDENO|dWBzQvED|IikdlWJW|dfqfZFek|2022-03-24
sctr1789|sMiCSrKh|EfiIVMaG|YlXiDYbl|OAHgoUpU|2022-03-24
sctr1790|RwOZArMr|zZHonOFl|yBdYuNJI|mfRmwBJh|2022-03-24
sctr1791|sFFWLwmo|tcLyFYso|wJOoXwRF|tKwIyMKa|2022-03-24
sctr1792|DvFtBIYF|DpUlEEAd|FWVmeRaJ|TOQTMXHm|2022-03-24
sctr1793|uhFQnzwt|otdIeZlX|EFvvtVxf|kKnqWklA|2022-03-24
sctr1794|PQLfbCqd|lVTEeEXU|bfYtHwgj|enremyvo|2022-03-24
sctr1795|UYUeqEtp|buHpXFGm|UVZFSBYf|Ulhjcpoj|2022-03-24
sctr1796|KfPmkYsT|mzoEFCHk|eKagBieM|AvJMoppV|2022-03-24
sctr1797|MjnzDpwj|NveehvUa|iOWsQVMS|wstyCAiD|2022-03-24
sctr1798|JkmLkKGD|yxUQyacP|rhMtEMZO|jZVMdzDw|2022-03-24
sctr1799|WKLfPuTv|NMFBpyGj|PXrrkPrV|ENmpEtzC|2022-03-24
sctr1800|xCfOqtcp|QCtErJix|ogXnwVDH|FIdnTsLx|2022-03-24
sctr1801|jleUjAuQ|aJyqsscB|UGYmPtwE|Rbcwcclx|2022-03-24
sctr1802|FkZntAjj|bWCZmagU|qElfbGcB|IqyYDKij|2022-03-24
sctr1803|GctmRkXO|VtNZcAzg|RDmnawAi|TQcVJAVi|2022-03-24
sctr1804|TnUAKOYa|eJrMPJUG|owHOuGNF|GMnImDdF|2022-03-24
sctr1805|UmmnwGUz|GsmxbPwT|qwQMDtyl|NPhBunfC|2022-03-24
sctr1806|IdcpUnUf|eyloqZyt|cPJvEwFV|SZSmqeTV|2022-03-24
sctr1807|cwvWfJBZ|YLyHrTgv|OiZlKMSW|QdPnzfMZ|2022-03-24
sctr1808|ivwNgnih|lYdGEtXH|OpydMoaC|JHAhqNJb|2022-03-24
sctr1809|MiAarmCp|wFHknMFx|OZyefFaY|hTYceFNk|2022-03-24
sctr1810|WXOwAPZD|HfqwbJng|uqJFDPXj|VEeyVRTU|2022-03-24
sctr1811|LCuGuFJs|mFTlldtw|FmpuKRnC|ZpymlugU|2022-03-24
sctr1812|foyHdGIu|GdaaeyTQ|TaKOllDX|dHyvdXxo|2022-03-24
sctr1813|vclyYQIn|JjqzDRpo|WJbzxNSd|kaoWoBGz|2022-03-24
sctr1814|aaHkvufI|bhiJXUCz|hpceyBaG|IeQDrbgm|2022-03-24
sctr1815|WjhJAYyN|gnnownfM|DIRliEXc|QstLycpj|2022-03-24
sctr1816|JwwYKtzT|srKvMKRs|htymEhJx|PXbzafln|2022-03-24
sctr1817|WTEIlAjA|PzvQTLMS|HxwpVZOk|jWXCwZWV|2022-03-24
sctr1818|EhFrldel|upiiPKqg|qOyJtwRy|ViMMblrE|2022-03-24
sctr1819|TUSAGpgL|usRFeyYY|sxfaicvz|uGNvWdIH|2022-03-24
sctr1820|keeApKyt|opmTdWgE|IoTXGjUn|egOdnNVR|2022-03-24
sctr1821|BvZzMlON|PNWCSrIn|xlllVvTJ|TdXULliu|2022-03-24
sctr1822|LbbrSLbn|TPIEcGZW|oHSBJUBo|qmpNgrtc|2022-03-24
sctr1823|KfjibZMg|YXXDXfBZ|OYUcHfFO|llldwaEq|2022-03-24
sctr1824|DbQUYTqH|BHsBHLBb|TCZtXFhO|QmHRdJmK|2022-03-24
sctr1825|bOpssOFu|TwqaIMVx|gmYzpNzi|AInwsuwX|2022-03-24
sctr1826|uOdiYoNt|fpeDXOgm|wQNWvJKR|jUZOSPzT|2022-03-24
sctr1827|dLxLHHDK|DXDQDcqB|JriPCFed|PumQDOQk|2022-03-24
sctr1828|tYUKNCcY|cEKobEGL|nMFGbJxy|uBLVmDMb|2022-03-24
sctr1829|Ufuqcxcp|shuLJoUT|UUiJeFBZ|olMEvyPm|2022-03-24
sctr1830|qAqHatQn|DYoNCmeQ|ZdterPPk|tvfBrWzq|2022-03-24
sctr1831|LLTQibcg|EpAuNBMY|IIFmTNff|EVsXBpQi|2022-03-24
sctr1832|iUuiBjCD|qwAUgGBz|kwIsIjjE|VofWmFwy|2022-03-24
sctr1833|HUmRtmVX|IWKgGhmS|wtgpCyxe|zjhgDMFA|2022-03-24
sctr1834|YeUsXuUw|FAzvCcBp|NoRxfffA|uzPmZqaz|2022-03-24
sctr1835|tZVMOfWv|gnpAcQVk|pihncxsN|ABVbhxvV|2022-03-24
sctr1836|hACEOSIt|xzHrPLCK|aaxoRPeV|zQdVccBh|2022-03-24
sctr1837|iokrvzWm|jVEaXCPM|tQPLYhRz|YAcYxaIl|2022-03-24
sctr1838|TsDifcXt|ojYocoFH|DgwRUUEY|gTWpEROR|2022-03-24
sctr1839|iIgsIkqK|prghuVdY|VsrvKKIi|RIljvhyJ|2022-03-24
sctr1840|iJCEOszR|bnIHRAWH|EDyEioQw|wkNrZFWA|2022-03-24
sctr1841|tMkYXfSu|GTuMUEsI|vNnmERGa|AxpMpNEQ|2022-03-24
sctr1842|LoFHUzpq|LHHAxZBg|jGaohqfr|tfFKwMnf|2022-03-24
sctr1843|EfKvaLmE|VQiZpHdt|qNvyOAgQ|tCtlXBOV|2022-03-24
sctr1844|EQmjLBDG|mdEzxKlq|RziGYuON|FnUSYwHP|2022-03-24
sctr1845|sLVRBnYz|nyBTrpbl|seUZHsRb|LpJiVcef|2022-03-24
sctr1846|BCOLxMAO|pNPDaMnD|MjAwbYhK|qBLMcQUf|2022-03-24
sctr1847|nWayqsbw|moPXpvOh|vlWodgwZ|EgEdtqCr|2022-03-24
sctr1848|MPwMTCGJ|TIDtzVKC|QiofjDLW|PbClRQVQ|2022-03-24
sctr1849|RrIyvwsW|Wdsbagdv|jgqsxZBo|PWJaDSQg|2022-03-24
sctr1850|DTJuQRfo|DfMmJoZb|WrMYRkKx|BnDnPAHE|2022-03-24
sctr1851|UWAaHqjG|ccwjqLjm|HLphzOwd|epjxbTtB|2022-03-24
sctr1852|oadgyfpB|nqvgwCgU|LoVQxOFX|RWqdQuwL|2022-03-24
sctr1853|mYcGoNTf|siMmdevY|dwSxAJlp|stEqtfCx|2022-03-24
sctr1854|JLfYMPZf|aanUTogx|ABguHvPm|GdLwrOjn|2022-03-24
sctr1855|hJhRpkaW|uhpXFrwT|fwrgkWGe|AhzJqUBa|2022-03-24
sctr1856|ovGNqhlY|jYatLyNm|ZCNWdTZv|xAEhrQdf|2022-03-24
sctr1857|LkTGpcRQ|StiDsmTd|DJHcAXER|cvwuUIzR|2022-03-24
sctr1858|VPjkKJKO|tsbhyquc|PQjeISLD|PeygcSLF|2022-03-24
sctr1859|ctSObUEW|CCvMRzXJ|DzrcIuDa|pJWFoqJg|2022-03-24
sctr1860|qdSspvnM|mkdRFASm|MVVMRAjX|GMnjPsQk|2022-03-24
sctr1861|AMRlIVnR|aaCJtsbq|BSqywFom|OQwwMuZm|2022-03-24
sctr1862|fUVyqMOp|waQtVrwX|OcyZVeBc|oBcupCgn|2022-03-24
sctr1863|EtVetsUL|navYoGpI|gIAlwkOF|zFEhuCUq|2022-03-24
sctr1864|hdjdfLUP|vKdKGuHj|eSQhCRrp|YuTfmbZS|2022-03-24
sctr1865|xZctHMKs|ONtRMKFG|kptYewSW|soZPwoPa|2022-03-24
sctr1866|ndyTtbLp|vIsnFgYz|XThUfsaa|QqRwAvFC|2022-03-24
sctr1867|tOLthFpE|YkIqHBnd|aicKHXuU|iWjcQpsF|2022-03-24
sctr1868|aymYrFlc|SJFIiwQs|TVbtvDQZ|QbScgmNM|2022-03-24
sctr1869|ZnEJpTRo|YTIPMGvL|rSwOPGoh|EMOUYBtn|2022-03-24
sctr1870|EuKUDIQE|sUkcUAyz|mmmcufnI|PrwuzsaG|2022-03-24
sctr1871|NajqojzT|nJKdUkTC|ledRYOJH|mvPBIrNT|2022-03-24
sctr1872|sDBbKhaW|OAacZoam|CQgpgtOw|lBjkbYXT|2022-03-24
sctr1873|qhdYMkiY|otVCXpnP|InicbGot|vDOJoVHB|2022-03-24
sctr1874|RiIQUIYX|DtgVdHrY|fVTMViEU|EHaxUeGz|2022-03-24
sctr1875|IAfkRkLZ|bhxNPZfW|qDjbTEMo|GkAxmbgV|2022-03-24
sctr1876|WUAHYqLo|ZQvsljuB|JRVuMXRp|vjGFyqgY|2022-03-24
sctr1877|HroAeUHD|kXRmsygU|nZnUGfcJ|GrWryHyH|2022-03-24
sctr1878|fFdtviYO|ffpQvzZO|SrEqJcwH|vONjJQAK|2022-03-24
sctr1879|AJUGaVVl|RyZHrRZJ|olKaSEQX|jExrtLuo|2022-03-24
sctr1880|RIYhijxC|hwqaTlkj|DaQFvpBy|cZrtQghm|2022-03-24
sctr1881|vRJcRelR|GNUmrmnt|pPLkmVjB|NxuqxDmn|2022-03-24
sctr1882|dDpFOtIM|dnPAQlfG|kkfIeXbs|YVKNHhNY|2022-03-24
sctr1883|WzJLmCWY|tYLcrJbr|aAnyPmwo|MRNnuqia|2022-03-24
sctr1884|vPvfQKRC|gKUbvyeG|kqQaFxAY|AFettGFT|2022-03-24
sctr1885|cwRWLdZg|cQsvnAEQ|OxJOBMhl|EpjeHszh|2022-03-24
sctr1886|mOayXjvK|NWFFbWBn|qnnwvtJo|HAXEmHEw|2022-03-24
sctr1887|NqyetLxw|RMAxErfW|EEDllwEc|wsTbnWAa|2022-03-24
sctr1888|dUTEpeRZ|WlsvxUYH|kvbOFOeZ|hvxXzrQU|2022-03-24
sctr1889|rTfVFOxq|IwIptUgc|cAPuKVqT|gyXTpXSE|2022-03-24
sctr1890|DNMDBKgy|RzdCfxkM|uBNukBzt|djBKnzhn|2022-03-24
sctr1891|ugvmPWGp|LdJVeSbP|zfPKvrCr|bdFFJcCp|2022-03-24
sctr1892|pYQqNCpc|XCNFXVva|xAqbvEJT|VPBVDznk|2022-03-24
sctr1893|ZlLnPjvQ|ITJtRdCY|tiqOrKvw|wUdsjTIe|2022-03-24
sctr1894|Hretkwck|vxWyekmz|xnNLVTwG|CYsfhyWZ|2022-03-24
sctr1895|UwCmsfwc|JAljCDXe|YSVTdcaw|ImYvZxED|2022-03-24
sctr1896|pGwbemWh|coNSRaid|lSgozmHd|jtElXqrU|2022-03-24
sctr1897|keBkLsIB|XckCKXTl|cEjZlbWk|DpbWaUoK|2022-03-24
sctr1898|rJgPNTEz|xjLJMVQa|ZoRbSGLG|Meyllpqq|2022-03-24
sctr1899|tqvGnejt|orbpKHFM|bzqmeJlv|lDACwpgS|2022-03-24
sctr1900|tvMJLohC|BwQFfYlj|RrKxHSab|ufrtUhUv|2022-03-24
sctr1901|AQYIDKmc|goNHJsmm|AeSVLgJL|GjwTAlsa|2022-03-24
sctr1902|eKdqvUdi|yeZzUAod|jrwlJwjF|gjGcJaVw|2022-03-24
sctr1903|lXkzvQhY|TyFIqomQ|xraCuzRw|NSsKSCaq|2022-03-24
sctr1904|jOzzUhWg|ApOUoGcr|SzXigxQs|jHmYeMZi|2022-03-24
sctr1905|lIXhqjBc|TrUpHPBb|VnOwaYMw|Touovxpx|2022-03-24
sctr1906|mimsPhxK|grwULbbl|ckIAIyiS|agovWctQ|2022-03-24
sctr1907|MfWcwnoN|hNzVziSa|KNxiavWm|MntVcoPo|2022-03-24
sctr1908|VwMEZHlx|JCAEvoVk|JFImpTGX|RbSbHDeq|2022-03-24
sctr1909|WbWtVJCZ|PQWuyTCL|myqvvjhU|fPBxHHbW|2022-03-24
sctr1910|JWQUASch|aVBiwpeK|nwObygUZ|upaLBMpj|2022-03-24
sctr1911|ITSWhObg|bPJgMmdF|zhTkxzxe|qgywheII|2022-03-24
sctr1912|EQoTBVsG|kTCkxGOZ|UymxytNz|wxrIdjEB|2022-03-24
sctr1913|LYFvWfYV|axkVpUvd|qYpXZTuj|tZHGQIRQ|2022-03-24
sctr1914|kySxEIqx|rkjXSXLl|lTlfqFHN|hGiMpGAm|2022-03-24
sctr1915|yibSJgUk|YkbmQKrO|TcPPTGJj|KfQupqpu|2022-03-24
sctr1916|YRQiMvhS|bAuDEJzU|aUWJtYGg|jbPpPthl|2022-03-24
sctr1917|zisfjKtx|oGLmQFHw|xFVAqMlg|rCqiHdNr|2022-03-24
sctr1918|SERfylod|fTiOlBHL|gRDZMHeq|BAdWIbpf|2022-03-24
sctr1919|ckpjqyFR|RCHmhCdW|aglvqmoD|rLXMAJOd|2022-03-24
sctr1920|NMhhtWVg|DVkKXlgb|onnuvvVJ|EPhAYvRN|2022-03-24
sctr1921|TwBYLiHJ|mvCmrSrd|hOyihKtx|BCErLRfY|2022-03-24
sctr1922|lGFtYVeY|HsoTyOvd|vaABpvXi|asBBFpug|2022-03-24
sctr1923|ljRxEakD|zqKaNUMh|fDffYIIA|pnutLVXv|2022-03-24
sctr1924|OteUSPaL|EGbIrkkW|sVsSMGUM|ZlHrvAds|2022-03-24
sctr1925|akLHaizJ|czFrSIad|YXLOxCUT|xEflkOak|2022-03-24
sctr1926|bLpnxsfy|JAaDDTRS|ooJUfbkP|yvBmwafc|2022-03-24
sctr1927|lpzjrQPE|aWfAGuBG|KylFILoO|PtACOHJG|2022-03-24
sctr1928|ZWmRioQh|pzuUStKt|VkussVCb|smJWnfxM|2022-03-24
sctr1929|ZctExExB|vtaEzgcy|iOelHxJM|WSzyWdmt|2022-03-24
sctr1930|hgsLRrnw|gYYMMHpT|HHijFaFd|WsreyXLc|2022-03-24
sctr1931|xBytFlUS|xtkMQzNT|xKvojTMQ|fKXJMcIq|2022-03-24
sctr1932|htMFjxlW|QuCcMdJT|UJhFzHDn|UKTWNOnk|2022-03-24
sctr1933|lUMGpBjW|GMKmzdBC|wsdHFrqx|DEjrHlLH|2022-03-24
sctr1934|baiMVGzd|GuVlodLT|YbNazJty|ZUIWfaTD|2022-03-24
sctr1935|mDxFbFob|TppfUOHx|KuXswFdF|DibutgaJ|2022-03-24
sctr1936|WBDJwEAS|oTjwDbhD|ccpfNkmU|jLJzJgbd|2022-03-24
sctr1937|OcBCTLcg|MIhVLcww|fIYgNFOH|SNgTkyKi|2022-03-24
sctr1938|WoxXdANG|vXVKDsqW|YBrrxESc|qbRIUqOl|2022-03-24
sctr1939|EUKoHwzh|qHAhFNRv|GyDrUiyy|WzFDipxm|2022-03-24
sctr1940|dSxTbATH|QWifRPwX|NtlHSjGk|eCRdUyKD|2022-03-24
sctr1941|PDwqiNxc|zDJUeUlf|ljKMGqLP|nOfgqMZN|2022-03-24
sctr1942|CkxBmwep|pXTCezaU|nnCOiILg|ikfoEBMZ|2022-03-24
sctr1943|anTmfFYO|LUBFvjSN|kXXiymIv|XRjbWcEy|2022-03-24
sctr1944|BgELaBih|jWCqtbBB|fiHOQlWM|EFYXzNzb|2022-03-24
sctr1945|IeaOxXMQ|KrqqpfZo|ZYgIalbN|pNGXBVtE|2022-03-24
sctr1946|OHOlUBAu|MCKvvyGJ|ewbeCUrw|VRwaAdYP|2022-03-24
sctr1947|nUJIFguj|umOywaTA|fnUHTFyT|OzrHPcuK|2022-03-24
sctr1948|CRdHfxHd|GQbffmHR|hrJooHAd|LWSkSmtw|2022-03-24
sctr1949|YFpRmFjr|nmRIDqmc|MIvaOqMc|fhttWmbc|2022-03-24
sctr1950|XLjUlrQf|HGjMKvxQ|YhNoSCoU|wVGHEfVT|2022-03-24
sctr1951|kQDaQeng|RQTuFMGE|PgHdssJS|pWewesUh|2022-03-24
sctr1952|PXRNSkNU|nbQZREer|OKLxjifG|PLAlhELm|2022-03-24
sctr1953|YPYswZSI|eXMRwjfI|GqcnJdWO|xAefNfBC|2022-03-24
sctr1954|crGFqPWL|wPLxtFir|mJwaZPRL|fYykUHnm|2022-03-24
sctr1955|UtiQILqj|UpgiITLZ|nekZxGAH|tVHzLCRn|2022-03-24
sctr1956|hetIMJBw|kFMftQsa|ThskorFP|NtXIkmOw|2022-03-24
sctr1957|IbWrSuHj|VDxycbyZ|wzOFvFMr|WLsRifrg|2022-03-24
sctr1958|zKqfgkgZ|kYspLkGg|PGDbwqKv|ZSDniChI|2022-03-24
sctr1959|RuxplTaK|OYkERsVR|doPwOviz|MoHWsIlf|2022-03-24
sctr1960|HFxbmyaz|jnxVlitL|MmxfRUaS|YGTdTQfS|2022-03-24
sctr1961|mqVqKvzx|YLvlxFqw|mAFWBvoz|UkwVneNO|2022-03-24
sctr1962|KxAGiiOD|sgcjLZlq|iVyAzXgj|RxkLVaJS|2022-03-24
sctr1963|UdQdHShb|irBIHOcK|CclgIRpN|uxSJbAHG|2022-03-24
sctr1964|kxRWraDc|CLvNupzy|KEdrthUE|BJdesFda|2022-03-24
sctr1965|ixGnyzVY|ORWFPpHO|CCxJuAWM|iWMQhXWl|2022-03-24
sctr1966|rxBoEVRp|RqNelhbM|RobRJKbB|LALiHekU|2022-03-24
sctr1967|whudogEi|LCHiWNHI|yrDrFrPv|lmiCWoOI|2022-03-24
sctr1968|dixUtAaS|CsgeGdkF|laBBWyws|IQQAJJrT|2022-03-24
sctr1969|GzHdpiBl|Awgmcoyw|gfSXUAmH|QOWznKEN|2022-03-24
sctr1970|qrHCeZxt|ijsOUKVH|bkPiOODq|TnCyMfxm|2022-03-24
sctr1971|FIoYTMWc|BewbBDyA|ihfZVGKI|XyyvkaPa|2022-03-24
sctr1972|HZZNeMuR|hQpoLVum|dVicXjyp|jdZPCGsB|2022-03-24
sctr1973|AMcFEMQS|qSABxgas|mOVSKHfJ|TPEUWRbH|2022-03-24
sctr1974|ZdlnSXqI|sJfvuWSO|cBVOsCbF|rCrdFSGX|2022-03-24
sctr1975|hDFqQxnA|TPYZsKal|XFAKKqbT|usdujsdc|2022-03-24
sctr1976|edzdnqMl|PUPCKjcI|iTqQRAak|GopUHUxZ|2022-03-24
sctr1977|dLphJVgl|EbDasNTt|fDoXNefc|TcCbWpgR|2022-03-24
sctr1978|sYxkzhSs|QbTzvZqW|lPzdPvqH|CBzTcGPi|2022-03-24
sctr1979|eFVgjNPD|lAydCqzc|BQLurxKs|qDWbODmO|2022-03-24
sctr1980|cXDGsjXV|hKRysGQP|FDnjmDDO|CwrAvjdm|2022-03-24
sctr1981|GCSpvWrH|PgIlIpUc|QKkitCZW|DsZaizGw|2022-03-24
sctr1982|iUWagekG|CInmmWCN|KpYBpwdK|AOAGizIN|2022-03-24
sctr1983|yBXiRBtC|QgprbxeX|iJyvNGbL|VMDaDymO|2022-03-24
sctr1984|JbUbKqBM|SWyXSFEt|XBXkRmfA|bmeBdqPz|2022-03-24
sctr1985|EEahlyzj|fLFDDwyE|IVOwxlnH|yEbjqBnl|2022-03-24
sctr1986|IbDcWEfb|XiNtxqvv|kpPlcsnJ|DMuksBpI|2022-03-24
sctr1987|NqABNowf|zcUNVdIs|SzabUpGX|ckaDRYNb|2022-03-24
sctr1988|vuZHfSnX|iIKMsdgF|yYLCAtIn|uauYtvXw|2022-03-24
sctr1989|qjFsIKdW|oMMCGsXU|ZQUgaXSd|OtYylcSd|2022-03-24
sctr1990|WZdsQlUU|DlkiwXnt|dRvVsVAx|zSOpzTKH|2022-03-24
sctr1991|HDpGEnvC|bWMmZiVe|gVlEPYom|zJAsAKvo|2022-03-24
sctr1992|YEOuAlAe|dEhmvwvZ|CwqutOIj|EPGMSrPJ|2022-03-24
sctr1993|zepbxMap|dIUurmHR|XtYqJkMM|iEncvhpf|2022-03-24
sctr1994|pYZzwEXZ|AVOESjur|xnHRdWJq|xZSsZZOZ|2022-03-24
sctr1995|eEJJoyvA|aNtApGgs|dZDYEVmP|lrnVpiQI|2022-03-24
sctr1996|UtANyyMi|KkZQgTAI|BSfyroWP|KWBcYvVZ|2022-03-24
sctr1997|BYAIqtXT|tSXpdSjc|OUEezFwx|oGvlNJSZ|2022-03-24
sctr1998|KxXTnTQF|HEIVEoLq|TwhftagH|zVReYDva|2022-03-24
sctr1999|YcWWdLbP|jSXzLIoL|mdCPxrGr|ufvvUwFc|2022-03-24
sctr2000|qlKIARto|ltskNzmA|AWSojofM|AtDloLFU|2022-03-24
