Transaction_ID|Insurance_Policy_Number|Account_ID|Cheque_Type|Cheque_Number|Reference_Date
trns1001|UkZFQuqI|accn1001|bearer cheque|6108|2022-03-24
trns1002|frNGqGNW|accn1002|personal cheque|7961|2022-03-24
trns1003|gKZJSzaM|accn1003|personal cheque|9094|2022-03-24
trns1004|aSlgdiok|accn1004|personal cheque|4163|2022-03-24
trns1005|efiMJvAz|accn1005|personal cheque|8357|2022-03-24
trns1006|fXMjtdMJ|accn1006|bearer cheque|5907|2022-03-24
trns1007|IabkJOsk|accn1007|personal cheque|3471|2022-03-24
trns1008|bVwrPNAf|accn1008|personal cheque|8634|2022-03-24
trns1009|WegAUfDX|accn1009|personal cheque|4694|2022-03-24
trns1010|YawYbZXA|accn1010|personal cheque|5209|2022-03-24
trns1011|gYuMYDXO|accn1011|personal cheque|634|2022-03-24
trns1012|WCxWxLUw|accn1012|bearer cheque|3262|2022-03-24
trns1013|CYVfdTIn|accn1013|personal cheque|4674|2022-03-24
trns1014|hHnIFEgi|accn1014|bearer cheque|6362|2022-03-24
trns1015|qCMPlAjC|accn1015|personal cheque|4434|2022-03-24
trns1016|dmEymwfH|accn1016|personal cheque|9588|2022-03-24
trns1017|xuPmIKov|accn1017|personal cheque|9724|2022-03-24
trns1018|xdZoPzPl|accn1018|bearer cheque|1341|2022-03-24
trns1019|kRLDITWD|accn1019|personal cheque|952|2022-03-24
trns1020|IzEHHbAI|accn1020|personal cheque|5486|2022-03-24
trns1021|vRVldeHb|accn1021|bearer cheque|3994|2022-03-24
trns1022|LdechgHg|accn1022|bearer cheque|4543|2022-03-24
trns1023|yCTgONAL|accn1023|personal cheque|9452|2022-03-24
trns1024|qvFGXtWu|accn1024|bearer cheque|5176|2022-03-24
trns1025|JoEdrfVP|accn1025|bearer cheque|5335|2022-03-24
trns1026|tZorwJwm|accn1026|personal cheque|560|2022-03-24
trns1027|XRxVFmfi|accn1027|bearer cheque|7534|2022-03-24
trns1028|ukcPyETW|accn1028|bearer cheque|8483|2022-03-24
trns1029|EpxITMOC|accn1029|personal cheque|411|2022-03-24
trns1030|pjbsVrAN|accn1030|personal cheque|6290|2022-03-24
trns1031|aHcafprv|accn1031|bearer cheque|1849|2022-03-24
trns1032|dkKObtVt|accn1032|personal cheque|2703|2022-03-24
trns1033|wiyLLfIe|accn1033|personal cheque|8184|2022-03-24
trns1034|bUwKdLzf|accn1034|personal cheque|6599|2022-03-24
trns1035|GUGyfKEb|accn1035|bearer cheque|9709|2022-03-24
trns1036|JUGYcKSM|accn1036|personal cheque|5050|2022-03-24
trns1037|NfZSydlP|accn1037|personal cheque|816|2022-03-24
trns1038|nZeQUEJx|accn1038|bearer cheque|3301|2022-03-24
trns1039|QzgzalAM|accn1039|bearer cheque|3536|2022-03-24
trns1040|JDGHUdZf|accn1040|bearer cheque|2879|2022-03-24
trns1041|Viqesogp|accn1041|personal cheque|1093|2022-03-24
trns1042|gVCXCrsv|accn1042|bearer cheque|3148|2022-03-24
trns1043|QrzFsRsC|accn1043|personal cheque|380|2022-03-24
trns1044|CDQGOdMK|accn1044|bearer cheque|7396|2022-03-24
trns1045|HZCfoAPV|accn1045|bearer cheque|7218|2022-03-24
trns1046|hpmLbYTa|accn1046|personal cheque|6878|2022-03-24
trns1047|DOkVgWxN|accn1047|bearer cheque|7117|2022-03-24
trns1048|StbrsJkO|accn1048|personal cheque|1161|2022-03-24
trns1049|ejsjEcOX|accn1049|bearer cheque|5228|2022-03-24
trns1050|WvKvZMUj|accn1050|personal cheque|567|2022-03-24
trns1051|AZobhHuh|accn1051|personal cheque|6825|2022-03-24
trns1052|ihSzRbTL|accn1052|personal cheque|652|2022-03-24
trns1053|GILIgAza|accn1053|bearer cheque|5856|2022-03-24
trns1054|vOsoTiCW|accn1054|personal cheque|618|2022-03-24
trns1055|hUCcWeEj|accn1055|personal cheque|839|2022-03-24
trns1056|zYOypoMh|accn1056|bearer cheque|9516|2022-03-24
trns1057|QMKcYyPc|accn1057|bearer cheque|5400|2022-03-24
trns1058|EEFJBRyX|accn1058|personal cheque|7620|2022-03-24
trns1059|CoZIhurL|accn1059|bearer cheque|7702|2022-03-24
trns1060|NROwGWfm|accn1060|personal cheque|4447|2022-03-24
trns1061|txuhkxJt|accn1061|bearer cheque|2287|2022-03-24
trns1062|UtHCBPQB|accn1062|personal cheque|7160|2022-03-24
trns1063|QwmJBPXO|accn1063|bearer cheque|7071|2022-03-24
trns1064|SXggoLHh|accn1064|personal cheque|7162|2022-03-24
trns1065|uXYqNdAl|accn1065|personal cheque|659|2022-03-24
trns1066|AlZwWNfN|accn1066|bearer cheque|2908|2022-03-24
trns1067|kizGQlSK|accn1067|personal cheque|878|2022-03-24
trns1068|LqpibNwP|accn1068|personal cheque|3508|2022-03-24
trns1069|XzLEsgSJ|accn1069|personal cheque|9562|2022-03-24
trns1070|neQTgkoY|accn1070|personal cheque|4330|2022-03-24
trns1071|dyymHPwE|accn1071|personal cheque|8495|2022-03-24
trns1072|FbuiMnhD|accn1072|bearer cheque|6082|2022-03-24
trns1073|Asjusddc|accn1073|bearer cheque|816|2022-03-24
trns1074|AWoWaQYq|accn1074|bearer cheque|3621|2022-03-24
trns1075|MawGEZgc|accn1075|bearer cheque|1386|2022-03-24
trns1076|IPGhFGiT|accn1076|personal cheque|7775|2022-03-24
trns1077|ENMSxCLF|accn1077|bearer cheque|1168|2022-03-24
trns1078|DQUMQjwn|accn1078|bearer cheque|6695|2022-03-24
trns1079|ZQurgCtr|accn1079|personal cheque|4525|2022-03-24
trns1080|RWgZIofI|accn1080|bearer cheque|7994|2022-03-24
trns1081|WNKHnRIu|accn1081|bearer cheque|6829|2022-03-24
trns1082|gVlTRXSH|accn1082|personal cheque|864|2022-03-24
trns1083|dVMVHAkR|accn1083|personal cheque|4997|2022-03-24
trns1084|mqpTzyHk|accn1084|personal cheque|1237|2022-03-24
trns1085|anTuYblY|accn1085|personal cheque|5999|2022-03-24
trns1086|tbmjPfxP|accn1086|personal cheque|5926|2022-03-24
trns1087|nuNdGNjb|accn1087|bearer cheque|1989|2022-03-24
trns1088|QGcLJRxj|accn1088|bearer cheque|2295|2022-03-24
trns1089|ucmMePoz|accn1089|bearer cheque|9615|2022-03-24
trns1090|IGOcWgxm|accn1090|bearer cheque|723|2022-03-24
trns1091|ZarHJsSS|accn1091|bearer cheque|163|2022-03-24
trns1092|LfMfAxGq|accn1092|bearer cheque|8081|2022-03-24
trns1093|FUTdxYxv|accn1093|personal cheque|8393|2022-03-24
trns1094|rwexywYt|accn1094|bearer cheque|2897|2022-03-24
trns1095|VBFERtJL|accn1095|bearer cheque|5721|2022-03-24
trns1096|gRKtjIDM|accn1096|bearer cheque|6324|2022-03-24
trns1097|VPfTNWda|accn1097|personal cheque|8609|2022-03-24
trns1098|oGBJctLU|accn1098|personal cheque|7728|2022-03-24
trns1099|SrNFYdsP|accn1099|personal cheque|2066|2022-03-24
trns1100|bwzuxPNR|accn1100|bearer cheque|6400|2022-03-24
trns1101|ueUYzAiU|accn1101|bearer cheque|3776|2022-03-24
trns1102|BfoqLwMg|accn1102|personal cheque|8037|2022-03-24
trns1103|RXOFeVik|accn1103|bearer cheque|4317|2022-03-24
trns1104|ClAkshqv|accn1104|personal cheque|1999|2022-03-24
trns1105|PDApQZOj|accn1105|personal cheque|811|2022-03-24
trns1106|HHsVdWoI|accn1106|personal cheque|7164|2022-03-24
trns1107|CdywZOxH|accn1107|personal cheque|8311|2022-03-24
trns1108|QjxUrEuv|accn1108|bearer cheque|6414|2022-03-24
trns1109|SXYtuufO|accn1109|bearer cheque|2593|2022-03-24
trns1110|SlwSNSOZ|accn1110|bearer cheque|395|2022-03-24
trns1111|DewmNMDp|accn1111|personal cheque|7371|2022-03-24
trns1112|FbhifpMi|accn1112|bearer cheque|3675|2022-03-24
trns1113|uarbBCPK|accn1113|bearer cheque|1720|2022-03-24
trns1114|GCyTbNGe|accn1114|personal cheque|8764|2022-03-24
trns1115|TsTVcSFK|accn1115|bearer cheque|5218|2022-03-24
trns1116|XLVmjvPB|accn1116|bearer cheque|4157|2022-03-24
trns1117|AfgtVqvg|accn1117|bearer cheque|3231|2022-03-24
trns1118|rmUtAyft|accn1118|bearer cheque|8483|2022-03-24
trns1119|RQHhBUox|accn1119|personal cheque|3918|2022-03-24
trns1120|wfSqiHen|accn1120|personal cheque|6265|2022-03-24
trns1121|BQEBBkwl|accn1121|personal cheque|3675|2022-03-24
trns1122|woLEjcLv|accn1122|personal cheque|6118|2022-03-24
trns1123|JulsEtsq|accn1123|personal cheque|2601|2022-03-24
trns1124|OglXhHtj|accn1124|personal cheque|566|2022-03-24
trns1125|SKOCFARS|accn1125|bearer cheque|1707|2022-03-24
trns1126|SwpeaaLV|accn1126|personal cheque|8105|2022-03-24
trns1127|RXoArUzA|accn1127|personal cheque|3383|2022-03-24
trns1128|EzLniaDw|accn1128|personal cheque|984|2022-03-24
trns1129|OqweRuYn|accn1129|bearer cheque|6466|2022-03-24
trns1130|gBqPuzhp|accn1130|personal cheque|2602|2022-03-24
trns1131|IcHSYnCa|accn1131|personal cheque|2282|2022-03-24
trns1132|lGVMsqFf|accn1132|bearer cheque|2740|2022-03-24
trns1133|sOsyyvtO|accn1133|bearer cheque|5117|2022-03-24
trns1134|QxMdknyb|accn1134|personal cheque|8869|2022-03-24
trns1135|xAviNbhR|accn1135|bearer cheque|7298|2022-03-24
trns1136|BOHRcZnS|accn1136|bearer cheque|3874|2022-03-24
trns1137|TqHWmwbd|accn1137|personal cheque|5628|2022-03-24
trns1138|gXMzaCBL|accn1138|bearer cheque|3017|2022-03-24
trns1139|qWGFNTeR|accn1139|personal cheque|9986|2022-03-24
trns1140|QkXGnnYG|accn1140|personal cheque|1015|2022-03-24
trns1141|leVbABTT|accn1141|personal cheque|3941|2022-03-24
trns1142|NhJXKnYC|accn1142|bearer cheque|4331|2022-03-24
trns1143|KpCsZGhy|accn1143|bearer cheque|6118|2022-03-24
trns1144|hKqhEYgm|accn1144|bearer cheque|2255|2022-03-24
trns1145|KHvKkesS|accn1145|personal cheque|4683|2022-03-24
trns1146|XVqmHFSH|accn1146|bearer cheque|6522|2022-03-24
trns1147|wOQMTFjx|accn1147|personal cheque|1123|2022-03-24
trns1148|hePaBpsH|accn1148|bearer cheque|4112|2022-03-24
trns1149|MsEUCaVs|accn1149|bearer cheque|9216|2022-03-24
trns1150|dFKKAKJA|accn1150|bearer cheque|2724|2022-03-24
trns1151|jWLzsZIH|accn1151|bearer cheque|8984|2022-03-24
trns1152|lUPpsAdM|accn1152|personal cheque|9514|2022-03-24
trns1153|ybJIYOkX|accn1153|bearer cheque|2770|2022-03-24
trns1154|yPsuqVdR|accn1154|bearer cheque|2996|2022-03-24
trns1155|OjtVKEkW|accn1155|personal cheque|3782|2022-03-24
trns1156|xYFIEElv|accn1156|personal cheque|9621|2022-03-24
trns1157|aujpnhMO|accn1157|personal cheque|2831|2022-03-24
trns1158|BgAnhgmh|accn1158|personal cheque|1778|2022-03-24
trns1159|LHSJFOvH|accn1159|bearer cheque|1220|2022-03-24
trns1160|chDYjbUM|accn1160|bearer cheque|6146|2022-03-24
trns1161|RxWnPvCv|accn1161|personal cheque|7816|2022-03-24
trns1162|yZYhnNUk|accn1162|personal cheque|7970|2022-03-24
trns1163|oVvCfzPI|accn1163|bearer cheque|2918|2022-03-24
trns1164|stKrHglf|accn1164|personal cheque|3600|2022-03-24
trns1165|YTfNptMg|accn1165|personal cheque|1392|2022-03-24
trns1166|vTBaApfF|accn1166|bearer cheque|2292|2022-03-24
trns1167|MFbgIAPv|accn1167|bearer cheque|99|2022-03-24
trns1168|jqwOkpVh|accn1168|bearer cheque|1167|2022-03-24
trns1169|qeagWdOE|accn1169|personal cheque|7258|2022-03-24
trns1170|xjoAAsJQ|accn1170|personal cheque|4752|2022-03-24
trns1171|gFpkhOXH|accn1171|personal cheque|2869|2022-03-24
trns1172|UoioXHWo|accn1172|personal cheque|80|2022-03-24
trns1173|EmeogKmv|accn1173|bearer cheque|7560|2022-03-24
trns1174|DKpqaVKN|accn1174|bearer cheque|3462|2022-03-24
trns1175|IMrVaKry|accn1175|personal cheque|1379|2022-03-24
trns1176|SVQdRcTG|accn1176|personal cheque|3299|2022-03-24
trns1177|TgYfaVvZ|accn1177|bearer cheque|9644|2022-03-24
trns1178|UNqynAhY|accn1178|personal cheque|2870|2022-03-24
trns1179|nALsLBxx|accn1179|bearer cheque|2735|2022-03-24
trns1180|hltvOzQc|accn1180|personal cheque|9957|2022-03-24
trns1181|OoosvygW|accn1181|personal cheque|6171|2022-03-24
trns1182|bYCzAMBm|accn1182|personal cheque|3194|2022-03-24
trns1183|dRGVHvOg|accn1183|personal cheque|9457|2022-03-24
trns1184|eOHkymhr|accn1184|personal cheque|2089|2022-03-24
trns1185|mrmTlRnO|accn1185|personal cheque|7227|2022-03-24
trns1186|JnLbmNcn|accn1186|personal cheque|5520|2022-03-24
trns1187|vtgTwxVr|accn1187|bearer cheque|6523|2022-03-24
trns1188|vxTrcAhv|accn1188|bearer cheque|3463|2022-03-24
trns1189|lYKfSyOa|accn1189|bearer cheque|3185|2022-03-24
trns1190|esRNzzRJ|accn1190|bearer cheque|3815|2022-03-24
trns1191|GARiApHg|accn1191|bearer cheque|6340|2022-03-24
trns1192|miDwOupP|accn1192|bearer cheque|8593|2022-03-24
trns1193|ZzVXuszR|accn1193|personal cheque|649|2022-03-24
trns1194|GOdpCixM|accn1194|bearer cheque|9738|2022-03-24
trns1195|WGuFcSkE|accn1195|personal cheque|3669|2022-03-24
trns1196|tIebGbyX|accn1196|bearer cheque|362|2022-03-24
trns1197|fiLhzxOU|accn1197|bearer cheque|6179|2022-03-24
trns1198|vSRhOSWW|accn1198|personal cheque|1508|2022-03-24
trns1199|imLCarLb|accn1199|personal cheque|7265|2022-03-24
trns1200|YKNgjeYH|accn1200|bearer cheque|2352|2022-03-24
trns1201|KDJOKALX|accn1201|bearer cheque|7674|2022-03-24
trns1202|gjFbCogH|accn1202|personal cheque|9860|2022-03-24
trns1203|PBiDzDov|accn1203|personal cheque|6832|2022-03-24
trns1204|IFbgOwbO|accn1204|personal cheque|286|2022-03-24
trns1205|ivXuUJdr|accn1205|bearer cheque|8545|2022-03-24
trns1206|LKZAGoKw|accn1206|bearer cheque|870|2022-03-24
trns1207|RNtKUqHa|accn1207|personal cheque|4142|2022-03-24
trns1208|SfFmxABy|accn1208|personal cheque|1697|2022-03-24
trns1209|ZedrOzXJ|accn1209|personal cheque|4241|2022-03-24
trns1210|gMpehthM|accn1210|personal cheque|835|2022-03-24
trns1211|FNSlFWBb|accn1211|personal cheque|7819|2022-03-24
trns1212|ZXWkTQXa|accn1212|personal cheque|9595|2022-03-24
trns1213|GbptYNxL|accn1213|personal cheque|2093|2022-03-24
trns1214|WuOQNUjr|accn1214|bearer cheque|41|2022-03-24
trns1215|qJMCQXVO|accn1215|personal cheque|1603|2022-03-24
trns1216|pLXYWtFj|accn1216|bearer cheque|8279|2022-03-24
trns1217|ZDvIiOEa|accn1217|bearer cheque|3435|2022-03-24
trns1218|GlreuAve|accn1218|bearer cheque|4524|2022-03-24
trns1219|wICxEDNQ|accn1219|bearer cheque|137|2022-03-24
trns1220|tHGaMuYj|accn1220|personal cheque|3139|2022-03-24
trns1221|xmZrSuBr|accn1221|personal cheque|3013|2022-03-24
trns1222|pWFJjSIf|accn1222|bearer cheque|1255|2022-03-24
trns1223|RrfjIcrB|accn1223|personal cheque|3260|2022-03-24
trns1224|LRzjTMzf|accn1224|personal cheque|2609|2022-03-24
trns1225|fDLfArVv|accn1225|personal cheque|3920|2022-03-24
trns1226|jsVYDvwq|accn1226|personal cheque|1069|2022-03-24
trns1227|jgNclSYu|accn1227|bearer cheque|796|2022-03-24
trns1228|tVhIepFv|accn1228|bearer cheque|5207|2022-03-24
trns1229|MwWQUNNt|accn1229|personal cheque|6378|2022-03-24
trns1230|sdMcpOep|accn1230|personal cheque|6760|2022-03-24
trns1231|YcEkVKsN|accn1231|personal cheque|8282|2022-03-24
trns1232|qTcWEffL|accn1232|personal cheque|8495|2022-03-24
trns1233|KpveAmzY|accn1233|personal cheque|5966|2022-03-24
trns1234|yETiuwSg|accn1234|personal cheque|9688|2022-03-24
trns1235|WHUEsXlW|accn1235|personal cheque|1128|2022-03-24
trns1236|kuVnsnJp|accn1236|personal cheque|2654|2022-03-24
trns1237|iJaycdbd|accn1237|bearer cheque|9175|2022-03-24
trns1238|LAODmBWY|accn1238|personal cheque|9940|2022-03-24
trns1239|CAXxrdaP|accn1239|personal cheque|7920|2022-03-24
trns1240|JTaPgPnv|accn1240|personal cheque|1132|2022-03-24
trns1241|KzNTTiJd|accn1241|bearer cheque|4022|2022-03-24
trns1242|JyEOImSn|accn1242|bearer cheque|477|2022-03-24
trns1243|PUUibafA|accn1243|bearer cheque|7366|2022-03-24
trns1244|oUZvvVIZ|accn1244|bearer cheque|2977|2022-03-24
trns1245|flrLeCCX|accn1245|bearer cheque|3491|2022-03-24
trns1246|mgNeBHhU|accn1246|bearer cheque|377|2022-03-24
trns1247|qlhLAUtv|accn1247|personal cheque|1221|2022-03-24
trns1248|QFvZQQoh|accn1248|bearer cheque|1438|2022-03-24
trns1249|lsoTbePg|accn1249|bearer cheque|6481|2022-03-24
trns1250|qqPbWQUG|accn1250|personal cheque|8507|2022-03-24
trns1251|cObIsqTo|accn1251|personal cheque|5576|2022-03-24
trns1252|mmEqngeS|accn1252|personal cheque|2561|2022-03-24
trns1253|riQvSWsd|accn1253|personal cheque|8419|2022-03-24
trns1254|SkPYfjcf|accn1254|bearer cheque|7039|2022-03-24
trns1255|EipWpLck|accn1255|personal cheque|7032|2022-03-24
trns1256|ruADUXfa|accn1256|personal cheque|8532|2022-03-24
trns1257|bmgDQItI|accn1257|bearer cheque|5363|2022-03-24
trns1258|DRRnglgw|accn1258|bearer cheque|3634|2022-03-24
trns1259|izzErgmf|accn1259|bearer cheque|5091|2022-03-24
trns1260|panPoIhB|accn1260|bearer cheque|6061|2022-03-24
trns1261|HidBtEhC|accn1261|bearer cheque|8161|2022-03-24
trns1262|LjicDHtw|accn1262|bearer cheque|4589|2022-03-24
trns1263|xCrcvulc|accn1263|personal cheque|7255|2022-03-24
trns1264|BawesbJk|accn1264|bearer cheque|2216|2022-03-24
trns1265|ZnJdWgEC|accn1265|bearer cheque|2963|2022-03-24
trns1266|tIezfOPk|accn1266|bearer cheque|9440|2022-03-24
trns1267|SaIcNaQS|accn1267|bearer cheque|418|2022-03-24
trns1268|UOBMEYZC|accn1268|bearer cheque|1886|2022-03-24
trns1269|KfJjrkPf|accn1269|bearer cheque|8587|2022-03-24
trns1270|OTvOmkNp|accn1270|bearer cheque|9872|2022-03-24
trns1271|YuEuKTtW|accn1271|personal cheque|6506|2022-03-24
trns1272|HdJIokhh|accn1272|personal cheque|2860|2022-03-24
trns1273|mEupIedY|accn1273|bearer cheque|5840|2022-03-24
trns1274|KNwUWjAd|accn1274|personal cheque|8667|2022-03-24
trns1275|BvJBDBuy|accn1275|personal cheque|3637|2022-03-24
trns1276|BbxXyZoG|accn1276|bearer cheque|8162|2022-03-24
trns1277|cmedvVus|accn1277|personal cheque|9834|2022-03-24
trns1278|oDPiynYC|accn1278|personal cheque|2560|2022-03-24
trns1279|eitbNSmG|accn1279|bearer cheque|2241|2022-03-24
trns1280|hAkatYbE|accn1280|personal cheque|3081|2022-03-24
trns1281|NCSePWgo|accn1281|bearer cheque|9079|2022-03-24
trns1282|cwkAwNTY|accn1282|bearer cheque|5989|2022-03-24
trns1283|YefIlmEw|accn1283|bearer cheque|2298|2022-03-24
trns1284|hvZXePzm|accn1284|personal cheque|3362|2022-03-24
trns1285|XitFHGQO|accn1285|bearer cheque|8250|2022-03-24
trns1286|bCDSNUXj|accn1286|bearer cheque|4448|2022-03-24
trns1287|vphpTpcE|accn1287|bearer cheque|4676|2022-03-24
trns1288|lipFPhOW|accn1288|personal cheque|3362|2022-03-24
trns1289|BWTuOvPe|accn1289|bearer cheque|9151|2022-03-24
trns1290|MKVLYJXL|accn1290|personal cheque|6177|2022-03-24
trns1291|BDAraCYn|accn1291|personal cheque|1379|2022-03-24
trns1292|ABXXrSYM|accn1292|personal cheque|481|2022-03-24
trns1293|mXtZEPmR|accn1293|bearer cheque|533|2022-03-24
trns1294|WXteLcYR|accn1294|bearer cheque|4302|2022-03-24
trns1295|vpARkwnX|accn1295|personal cheque|4625|2022-03-24
trns1296|UuScjnfl|accn1296|bearer cheque|2938|2022-03-24
trns1297|zAVlisXF|accn1297|personal cheque|2721|2022-03-24
trns1298|gHwnpedn|accn1298|bearer cheque|6129|2022-03-24
trns1299|lZMRcHUb|accn1299|personal cheque|7346|2022-03-24
trns1300|MrMLfzjD|accn1300|personal cheque|5716|2022-03-24
trns1301|jWKHrgwf|accn1301|personal cheque|7832|2022-03-24
trns1302|AtrAErlK|accn1302|bearer cheque|708|2022-03-24
trns1303|qPSjfGJS|accn1303|personal cheque|3581|2022-03-24
trns1304|qWXiFRFB|accn1304|personal cheque|7781|2022-03-24
trns1305|QBMEzrMg|accn1305|personal cheque|3395|2022-03-24
trns1306|WaFcDzyB|accn1306|personal cheque|4012|2022-03-24
trns1307|kaWcEHFu|accn1307|bearer cheque|7307|2022-03-24
trns1308|ukfOqfsj|accn1308|bearer cheque|9954|2022-03-24
trns1309|jQyyNpEG|accn1309|personal cheque|2489|2022-03-24
trns1310|TJihMaOV|accn1310|personal cheque|6952|2022-03-24
trns1311|MCKEBaAa|accn1311|bearer cheque|7963|2022-03-24
trns1312|hTEhDATS|accn1312|bearer cheque|4085|2022-03-24
trns1313|NoZvttab|accn1313|personal cheque|5981|2022-03-24
trns1314|LriFksNO|accn1314|bearer cheque|4977|2022-03-24
trns1315|SuOQLmif|accn1315|personal cheque|969|2022-03-24
trns1316|wKiuplVk|accn1316|personal cheque|8116|2022-03-24
trns1317|MuNsSozj|accn1317|bearer cheque|3877|2022-03-24
trns1318|JhIzYMEH|accn1318|bearer cheque|6744|2022-03-24
trns1319|FsxovacL|accn1319|bearer cheque|6349|2022-03-24
trns1320|rmXefYXT|accn1320|bearer cheque|1064|2022-03-24
trns1321|ZRkQZQTx|accn1321|personal cheque|3822|2022-03-24
trns1322|uSkwcfwH|accn1322|personal cheque|5899|2022-03-24
trns1323|kEXlZdOC|accn1323|bearer cheque|2511|2022-03-24
trns1324|FhsuugSf|accn1324|personal cheque|5147|2022-03-24
trns1325|zQdSkrbP|accn1325|bearer cheque|3614|2022-03-24
trns1326|OAkhZDaY|accn1326|personal cheque|4099|2022-03-24
trns1327|hiQELMqm|accn1327|personal cheque|1146|2022-03-24
trns1328|SyTcvTSh|accn1328|personal cheque|2513|2022-03-24
trns1329|HiPftxIa|accn1329|personal cheque|1893|2022-03-24
trns1330|PakhPCQc|accn1330|personal cheque|6289|2022-03-24
trns1331|NcTPJNiN|accn1331|bearer cheque|3317|2022-03-24
trns1332|KJQZXXqG|accn1332|bearer cheque|8194|2022-03-24
trns1333|AMtGZvTn|accn1333|bearer cheque|1709|2022-03-24
trns1334|HArsaPuD|accn1334|bearer cheque|3346|2022-03-24
trns1335|IwmdWvSO|accn1335|bearer cheque|6713|2022-03-24
trns1336|wzHCDNed|accn1336|personal cheque|1435|2022-03-24
trns1337|wtHgqvTI|accn1337|bearer cheque|2024|2022-03-24
trns1338|zUydvyjE|accn1338|personal cheque|2157|2022-03-24
trns1339|janrZymo|accn1339|bearer cheque|1042|2022-03-24
trns1340|MuxllecV|accn1340|bearer cheque|1591|2022-03-24
trns1341|yXxfZyiI|accn1341|bearer cheque|9742|2022-03-24
trns1342|ifbzcGyK|accn1342|personal cheque|6809|2022-03-24
trns1343|phTwpPBM|accn1343|bearer cheque|9913|2022-03-24
trns1344|haNHLcvI|accn1344|personal cheque|8331|2022-03-24
trns1345|jbRDiabJ|accn1345|bearer cheque|2447|2022-03-24
trns1346|kwcqVIQL|accn1346|personal cheque|9707|2022-03-24
trns1347|PvyYLpSu|accn1347|bearer cheque|1964|2022-03-24
trns1348|cOtkqGPR|accn1348|bearer cheque|2226|2022-03-24
trns1349|ZjBSTDVl|accn1349|personal cheque|8919|2022-03-24
trns1350|JsbCUXBp|accn1350|bearer cheque|6632|2022-03-24
trns1351|hXUWyJpq|accn1351|bearer cheque|1977|2022-03-24
trns1352|GEPlBEnW|accn1352|personal cheque|8033|2022-03-24
trns1353|ytXpxErW|accn1353|personal cheque|2471|2022-03-24
trns1354|GqWpPeyv|accn1354|bearer cheque|4315|2022-03-24
trns1355|WYZpxvDK|accn1355|bearer cheque|4549|2022-03-24
trns1356|lzjAikam|accn1356|bearer cheque|8378|2022-03-24
trns1357|OULSbzts|accn1357|personal cheque|7797|2022-03-24
trns1358|HPkcscom|accn1358|personal cheque|7330|2022-03-24
trns1359|kjbaeDsD|accn1359|personal cheque|6618|2022-03-24
trns1360|ILVelNZU|accn1360|personal cheque|3223|2022-03-24
trns1361|ZUkxHOOO|accn1361|bearer cheque|9532|2022-03-24
trns1362|pdaRNPvk|accn1362|personal cheque|6295|2022-03-24
trns1363|FzQZVmAb|accn1363|bearer cheque|6032|2022-03-24
trns1364|FXlFnjTp|accn1364|bearer cheque|8856|2022-03-24
trns1365|dNeWYaAg|accn1365|bearer cheque|971|2022-03-24
trns1366|jEHmgqHr|accn1366|personal cheque|8643|2022-03-24
trns1367|hjUJjgdP|accn1367|personal cheque|311|2022-03-24
trns1368|LbAMLuPm|accn1368|bearer cheque|6220|2022-03-24
trns1369|dqZRJipn|accn1369|bearer cheque|697|2022-03-24
trns1370|zVuFPvUI|accn1370|personal cheque|1923|2022-03-24
trns1371|rShmREkL|accn1371|personal cheque|9753|2022-03-24
trns1372|fQzsgFhm|accn1372|personal cheque|3338|2022-03-24
trns1373|UmllICQE|accn1373|bearer cheque|4751|2022-03-24
trns1374|xbPCzvnH|accn1374|bearer cheque|3519|2022-03-24
trns1375|gCLOkgnA|accn1375|bearer cheque|4421|2022-03-24
trns1376|mvjxGOMA|accn1376|personal cheque|3753|2022-03-24
trns1377|jmZYkKlX|accn1377|personal cheque|4604|2022-03-24
trns1378|dTaLyaLu|accn1378|personal cheque|6103|2022-03-24
trns1379|UGiLHOKZ|accn1379|bearer cheque|5388|2022-03-24
trns1380|JesNreHH|accn1380|personal cheque|390|2022-03-24
trns1381|PmlNoNIw|accn1381|personal cheque|9620|2022-03-24
trns1382|GeUzNPjm|accn1382|bearer cheque|3027|2022-03-24
trns1383|ctZWcmeZ|accn1383|bearer cheque|6827|2022-03-24
trns1384|PfLagNms|accn1384|bearer cheque|250|2022-03-24
trns1385|IiSsMMym|accn1385|personal cheque|8561|2022-03-24
trns1386|JcgcqAKM|accn1386|personal cheque|1204|2022-03-24
trns1387|PUOJPIBB|accn1387|bearer cheque|6824|2022-03-24
trns1388|vireNqbk|accn1388|bearer cheque|1092|2022-03-24
trns1389|AqqcFBEa|accn1389|personal cheque|929|2022-03-24
trns1390|cKnzceBf|accn1390|bearer cheque|5261|2022-03-24
trns1391|xzELOids|accn1391|personal cheque|7479|2022-03-24
trns1392|CyybyWbl|accn1392|personal cheque|3687|2022-03-24
trns1393|wCyrcPBF|accn1393|bearer cheque|9426|2022-03-24
trns1394|PftFxTjJ|accn1394|bearer cheque|9207|2022-03-24
trns1395|yaDJZIqr|accn1395|personal cheque|890|2022-03-24
trns1396|EVhRRYjF|accn1396|personal cheque|7936|2022-03-24
trns1397|BGlGDvNA|accn1397|bearer cheque|3336|2022-03-24
trns1398|OMdAqkQh|accn1398|bearer cheque|9716|2022-03-24
trns1399|jpQabuuj|accn1399|bearer cheque|8372|2022-03-24
trns1400|icpaeBhL|accn1400|bearer cheque|2668|2022-03-24
trns1401|DyrUOfLb|accn1401|bearer cheque|3112|2022-03-24
trns1402|ToWNsxsz|accn1402|bearer cheque|4853|2022-03-24
trns1403|UwrNGyOS|accn1403|bearer cheque|3547|2022-03-24
trns1404|jQoXvuSv|accn1404|personal cheque|8056|2022-03-24
trns1405|hVWYxsaY|accn1405|bearer cheque|1593|2022-03-24
trns1406|LHeUwowB|accn1406|bearer cheque|5151|2022-03-24
trns1407|TgEmqMan|accn1407|bearer cheque|4737|2022-03-24
trns1408|ZbSmFJWk|accn1408|bearer cheque|5836|2022-03-24
trns1409|uyNTfyDU|accn1409|personal cheque|9668|2022-03-24
trns1410|JUgDVvrC|accn1410|personal cheque|2829|2022-03-24
trns1411|sfbVOGOh|accn1411|bearer cheque|4821|2022-03-24
trns1412|mfUkJuyc|accn1412|personal cheque|3368|2022-03-24
trns1413|RiHEDgya|accn1413|personal cheque|3834|2022-03-24
trns1414|BzLXLBeN|accn1414|personal cheque|2019|2022-03-24
trns1415|hNYlbFjD|accn1415|personal cheque|6187|2022-03-24
trns1416|XDZXIDPI|accn1416|personal cheque|6506|2022-03-24
trns1417|iJBOqzMu|accn1417|bearer cheque|8312|2022-03-24
trns1418|RKkYAREq|accn1418|personal cheque|5670|2022-03-24
trns1419|zoJNEqdc|accn1419|personal cheque|6571|2022-03-24
trns1420|hupjWlHO|accn1420|bearer cheque|26|2022-03-24
trns1421|TCQtxDlI|accn1421|bearer cheque|6628|2022-03-24
trns1422|xecjQXUh|accn1422|bearer cheque|2481|2022-03-24
trns1423|UKnsODgl|accn1423|bearer cheque|8092|2022-03-24
trns1424|HAkfBLBG|accn1424|personal cheque|6305|2022-03-24
trns1425|FRtGmgjF|accn1425|bearer cheque|1538|2022-03-24
trns1426|NrmAmrbL|accn1426|bearer cheque|6386|2022-03-24
trns1427|KUKBUwix|accn1427|personal cheque|888|2022-03-24
trns1428|qmNIkhVO|accn1428|bearer cheque|9091|2022-03-24
trns1429|YUeXhmJK|accn1429|bearer cheque|1132|2022-03-24
trns1430|TpIecVNl|accn1430|personal cheque|4853|2022-03-24
trns1431|arGcsLqX|accn1431|personal cheque|5351|2022-03-24
trns1432|hIuCqwaA|accn1432|bearer cheque|7601|2022-03-24
trns1433|NgPfzbji|accn1433|personal cheque|6455|2022-03-24
trns1434|rjObcgyl|accn1434|bearer cheque|3411|2022-03-24
trns1435|qIAtbQgb|accn1435|bearer cheque|745|2022-03-24
trns1436|FKcgTkke|accn1436|personal cheque|8323|2022-03-24
trns1437|GEgbcbsq|accn1437|bearer cheque|9127|2022-03-24
trns1438|eCvrASQQ|accn1438|personal cheque|9206|2022-03-24
trns1439|nODUYjoB|accn1439|bearer cheque|3888|2022-03-24
trns1440|dFvqltVg|accn1440|personal cheque|4931|2022-03-24
trns1441|NFZgriaN|accn1441|personal cheque|1469|2022-03-24
trns1442|edDCfavp|accn1442|personal cheque|1263|2022-03-24
trns1443|ImeMYvLT|accn1443|personal cheque|5338|2022-03-24
trns1444|uZEifmWC|accn1444|personal cheque|8641|2022-03-24
trns1445|tOEsEycB|accn1445|personal cheque|258|2022-03-24
trns1446|KgCjlFkt|accn1446|bearer cheque|2271|2022-03-24
trns1447|aYxsZUfW|accn1447|bearer cheque|2479|2022-03-24
trns1448|XDYjwKHT|accn1448|personal cheque|8466|2022-03-24
trns1449|WdWHBilf|accn1449|personal cheque|6143|2022-03-24
trns1450|dMVUrcpK|accn1450|bearer cheque|4621|2022-03-24
trns1451|maXadvmU|accn1451|bearer cheque|7842|2022-03-24
trns1452|iLVRREsq|accn1452|personal cheque|1878|2022-03-24
trns1453|wAKzwVNY|accn1453|bearer cheque|5009|2022-03-24
trns1454|OaKWmAzi|accn1454|bearer cheque|7588|2022-03-24
trns1455|FIEcAsFO|accn1455|bearer cheque|1919|2022-03-24
trns1456|GuiEveJn|accn1456|bearer cheque|8744|2022-03-24
trns1457|hYMpOqEQ|accn1457|personal cheque|9133|2022-03-24
trns1458|VRzPbEtv|accn1458|personal cheque|7380|2022-03-24
trns1459|pSZBgGCU|accn1459|personal cheque|8935|2022-03-24
trns1460|kNgITKdA|accn1460|bearer cheque|3038|2022-03-24
trns1461|ZULqldjI|accn1461|bearer cheque|4918|2022-03-24
trns1462|oDqNJUVn|accn1462|bearer cheque|2174|2022-03-24
trns1463|QfmvsmoL|accn1463|personal cheque|6043|2022-03-24
trns1464|bzjqaEja|accn1464|personal cheque|8086|2022-03-24
trns1465|TpZDRTfH|accn1465|bearer cheque|3240|2022-03-24
trns1466|RmSLKTap|accn1466|personal cheque|4027|2022-03-24
trns1467|FEFPkjbE|accn1467|personal cheque|5001|2022-03-24
trns1468|UhiTGvck|accn1468|personal cheque|8852|2022-03-24
trns1469|YpgQNrCL|accn1469|personal cheque|1738|2022-03-24
trns1470|ipHDaFMN|accn1470|bearer cheque|6147|2022-03-24
trns1471|lGUQtKpN|accn1471|bearer cheque|732|2022-03-24
trns1472|DkGgGSJx|accn1472|bearer cheque|444|2022-03-24
trns1473|qlmaMUih|accn1473|personal cheque|2474|2022-03-24
trns1474|lLcGYJZL|accn1474|personal cheque|8430|2022-03-24
trns1475|LXMdBsGi|accn1475|bearer cheque|372|2022-03-24
trns1476|XyIQjOLc|accn1476|bearer cheque|9896|2022-03-24
trns1477|OCguRnkE|accn1477|personal cheque|7985|2022-03-24
trns1478|GroacxMU|accn1478|bearer cheque|8057|2022-03-24
trns1479|sRhYrTns|accn1479|personal cheque|9033|2022-03-24
trns1480|cGKcsUIt|accn1480|bearer cheque|3482|2022-03-24
trns1481|yhctlBIb|accn1481|personal cheque|9145|2022-03-24
trns1482|PHOYexZi|accn1482|personal cheque|2975|2022-03-24
trns1483|ytVxDWTI|accn1483|personal cheque|2683|2022-03-24
trns1484|sAbhygxW|accn1484|bearer cheque|8976|2022-03-24
trns1485|jxrKpCEZ|accn1485|personal cheque|1179|2022-03-24
trns1486|djZjErul|accn1486|bearer cheque|5084|2022-03-24
trns1487|FLRKiQhU|accn1487|personal cheque|6020|2022-03-24
trns1488|ulfnskYA|accn1488|personal cheque|7338|2022-03-24
trns1489|rYdLhrTG|accn1489|personal cheque|3030|2022-03-24
trns1490|pbnDJROF|accn1490|personal cheque|921|2022-03-24
trns1491|xfjYbCSs|accn1491|bearer cheque|1474|2022-03-24
trns1492|wLmcjSCp|accn1492|bearer cheque|4495|2022-03-24
trns1493|seEhUhZG|accn1493|bearer cheque|980|2022-03-24
trns1494|HjsfqcJS|accn1494|bearer cheque|1478|2022-03-24
trns1495|cCBsyGjq|accn1495|bearer cheque|8711|2022-03-24
trns1496|AMSEImSO|accn1496|personal cheque|8978|2022-03-24
trns1497|tWqntLgx|accn1497|bearer cheque|9660|2022-03-24
trns1498|uamUmfrM|accn1498|bearer cheque|2292|2022-03-24
trns1499|pGSddvLC|accn1499|bearer cheque|2475|2022-03-24
trns1500|jGZlYEEK|accn1500|bearer cheque|244|2022-03-24
trns1501|xpkdjDuh|accn1501|personal cheque|1023|2022-03-24
trns1502|HbDoxvPd|accn1502|bearer cheque|8937|2022-03-24
trns1503|gdIajCTI|accn1503|personal cheque|9725|2022-03-24
trns1504|kBTNJUpN|accn1504|personal cheque|8287|2022-03-24
trns1505|eDJWTdVM|accn1505|personal cheque|133|2022-03-24
trns1506|DuzxmqjS|accn1506|bearer cheque|2521|2022-03-24
trns1507|YVuAupGX|accn1507|personal cheque|9705|2022-03-24
trns1508|DqyvtBtB|accn1508|personal cheque|1147|2022-03-24
trns1509|uYqMytcW|accn1509|personal cheque|1706|2022-03-24
trns1510|VHXxTRYI|accn1510|personal cheque|4133|2022-03-24
trns1511|xmxPUrop|accn1511|bearer cheque|9498|2022-03-24
trns1512|sVoMxfob|accn1512|bearer cheque|2310|2022-03-24
trns1513|fZujDzdF|accn1513|personal cheque|4485|2022-03-24
trns1514|ldrdVezp|accn1514|bearer cheque|5572|2022-03-24
trns1515|AEvJmavw|accn1515|personal cheque|5018|2022-03-24
trns1516|AwOUnWtS|accn1516|bearer cheque|73|2022-03-24
trns1517|reSpZqeG|accn1517|personal cheque|7943|2022-03-24
trns1518|RoGJiiXA|accn1518|personal cheque|9335|2022-03-24
trns1519|FnAnPVoB|accn1519|bearer cheque|5582|2022-03-24
trns1520|DwFsgjHZ|accn1520|personal cheque|9074|2022-03-24
trns1521|QffTfeMf|accn1521|bearer cheque|6121|2022-03-24
trns1522|gbmOrDzs|accn1522|personal cheque|7442|2022-03-24
trns1523|tuxgIsiJ|accn1523|bearer cheque|2560|2022-03-24
trns1524|MAxMvwhV|accn1524|personal cheque|3331|2022-03-24
trns1525|epvdDcnM|accn1525|bearer cheque|9488|2022-03-24
trns1526|zkiuleCI|accn1526|bearer cheque|2907|2022-03-24
trns1527|CWQghewa|accn1527|bearer cheque|8664|2022-03-24
trns1528|fzbmYeju|accn1528|bearer cheque|5715|2022-03-24
trns1529|FRKszRKq|accn1529|personal cheque|7253|2022-03-24
trns1530|yjMwcFXT|accn1530|personal cheque|7718|2022-03-24
trns1531|gnjxDbEh|accn1531|personal cheque|8542|2022-03-24
trns1532|NvtVdNoy|accn1532|personal cheque|344|2022-03-24
trns1533|niiZOEgJ|accn1533|bearer cheque|1799|2022-03-24
trns1534|hMCwkXpl|accn1534|bearer cheque|5349|2022-03-24
trns1535|TGElXLZO|accn1535|bearer cheque|4352|2022-03-24
trns1536|ZrXzmGlk|accn1536|personal cheque|2331|2022-03-24
trns1537|ASNLikMc|accn1537|personal cheque|6222|2022-03-24
trns1538|OJJTvfRY|accn1538|personal cheque|9871|2022-03-24
trns1539|EZJzYMzF|accn1539|personal cheque|4356|2022-03-24
trns1540|gOMmqSJY|accn1540|bearer cheque|4986|2022-03-24
trns1541|mcrlYyqX|accn1541|bearer cheque|8272|2022-03-24
trns1542|TFOeFBaK|accn1542|bearer cheque|9893|2022-03-24
trns1543|SgumAHJU|accn1543|bearer cheque|7116|2022-03-24
trns1544|UfKGizve|accn1544|bearer cheque|8727|2022-03-24
trns1545|HZEyUDYd|accn1545|personal cheque|2297|2022-03-24
trns1546|EyaFTHbL|accn1546|personal cheque|340|2022-03-24
trns1547|ZZuAnUXj|accn1547|bearer cheque|8348|2022-03-24
trns1548|HWeFZYsW|accn1548|personal cheque|7656|2022-03-24
trns1549|pRxDxVqD|accn1549|personal cheque|7482|2022-03-24
trns1550|ViwjkMCB|accn1550|personal cheque|7982|2022-03-24
trns1551|lvfxkjIB|accn1551|bearer cheque|7463|2022-03-24
trns1552|pNVvUjgX|accn1552|personal cheque|8798|2022-03-24
trns1553|OoxAIqzy|accn1553|bearer cheque|8313|2022-03-24
trns1554|jJyEDotl|accn1554|personal cheque|6023|2022-03-24
trns1555|mMFHXiLg|accn1555|bearer cheque|4489|2022-03-24
trns1556|pYHkuPJw|accn1556|personal cheque|1612|2022-03-24
trns1557|LSjTFdzD|accn1557|bearer cheque|8449|2022-03-24
trns1558|jNLOpSIx|accn1558|personal cheque|2904|2022-03-24
trns1559|ByhrzbYg|accn1559|personal cheque|7876|2022-03-24
trns1560|VjYXuqoV|accn1560|bearer cheque|5467|2022-03-24
trns1561|ABQcUeQw|accn1561|personal cheque|6670|2022-03-24
trns1562|tuGBmaLg|accn1562|personal cheque|739|2022-03-24
trns1563|jhJIBiJS|accn1563|bearer cheque|5747|2022-03-24
trns1564|tcyGmvHg|accn1564|personal cheque|6689|2022-03-24
trns1565|czOvTVqz|accn1565|bearer cheque|3699|2022-03-24
trns1566|dYtJAigr|accn1566|personal cheque|9359|2022-03-24
trns1567|zhuBqkSU|accn1567|bearer cheque|4190|2022-03-24
trns1568|CjvAXrTq|accn1568|bearer cheque|1372|2022-03-24
trns1569|cqvlhEWy|accn1569|personal cheque|6138|2022-03-24
trns1570|adZyqaQX|accn1570|bearer cheque|491|2022-03-24
trns1571|xIqEzAQp|accn1571|bearer cheque|8508|2022-03-24
trns1572|TVMkVHLB|accn1572|bearer cheque|7129|2022-03-24
trns1573|tYMuQAqA|accn1573|bearer cheque|4286|2022-03-24
trns1574|yMFdTluE|accn1574|bearer cheque|654|2022-03-24
trns1575|tzAtrkSq|accn1575|bearer cheque|2514|2022-03-24
trns1576|xvAZhPgv|accn1576|bearer cheque|9698|2022-03-24
trns1577|XoYpDtIr|accn1577|bearer cheque|7697|2022-03-24
trns1578|jQEtvvlf|accn1578|personal cheque|8654|2022-03-24
trns1579|BWvkfdaS|accn1579|personal cheque|2343|2022-03-24
trns1580|ZbGqaXwH|accn1580|bearer cheque|5848|2022-03-24
trns1581|QflMjHVf|accn1581|personal cheque|2458|2022-03-24
trns1582|sCQhUWLS|accn1582|bearer cheque|4173|2022-03-24
trns1583|nSXdAMpc|accn1583|personal cheque|8543|2022-03-24
trns1584|aULeRGBY|accn1584|personal cheque|8249|2022-03-24
trns1585|RqKAhFTw|accn1585|bearer cheque|5973|2022-03-24
trns1586|DvcUzqDU|accn1586|personal cheque|3848|2022-03-24
trns1587|vxuccrix|accn1587|personal cheque|7062|2022-03-24
trns1588|hVoEakfi|accn1588|bearer cheque|6981|2022-03-24
trns1589|uVxKfdQA|accn1589|personal cheque|8981|2022-03-24
trns1590|bOhbgEwk|accn1590|personal cheque|598|2022-03-24
trns1591|jhokCice|accn1591|personal cheque|9675|2022-03-24
trns1592|RIQZfQLB|accn1592|personal cheque|947|2022-03-24
trns1593|MYsFwEtx|accn1593|bearer cheque|8072|2022-03-24
trns1594|FxQOjvwD|accn1594|bearer cheque|686|2022-03-24
trns1595|dbOWCmbW|accn1595|bearer cheque|1694|2022-03-24
trns1596|cVOqtFCH|accn1596|personal cheque|5477|2022-03-24
trns1597|ssasQANR|accn1597|personal cheque|7134|2022-03-24
trns1598|yRHCTqbD|accn1598|bearer cheque|3570|2022-03-24
trns1599|wyVYJXgg|accn1599|personal cheque|3920|2022-03-24
trns1600|xAYXsZAl|accn1600|personal cheque|3724|2022-03-24
trns1601|ONnPgpyp|accn1601|bearer cheque|828|2022-03-24
trns1602|jyIGInEw|accn1602|bearer cheque|7124|2022-03-24
trns1603|KOrYQVUx|accn1603|personal cheque|6415|2022-03-24
trns1604|gtQSpHXV|accn1604|personal cheque|9146|2022-03-24
trns1605|nHHbGoLO|accn1605|bearer cheque|6995|2022-03-24
trns1606|xsKCtwiM|accn1606|bearer cheque|9808|2022-03-24
trns1607|prfVvxKc|accn1607|personal cheque|5379|2022-03-24
trns1608|ghHgZRKt|accn1608|bearer cheque|6120|2022-03-24
trns1609|zoQylDiv|accn1609|bearer cheque|1159|2022-03-24
trns1610|BCYKMyPC|accn1610|personal cheque|8328|2022-03-24
trns1611|szxwZCJl|accn1611|bearer cheque|149|2022-03-24
trns1612|OKnUkhUQ|accn1612|personal cheque|5523|2022-03-24
trns1613|kKwgbuwV|accn1613|bearer cheque|4129|2022-03-24
trns1614|AlvQXWTo|accn1614|bearer cheque|2977|2022-03-24
trns1615|gRAnNfPM|accn1615|bearer cheque|7607|2022-03-24
trns1616|hCbXZynv|accn1616|bearer cheque|8769|2022-03-24
trns1617|UjBvKOWN|accn1617|personal cheque|1018|2022-03-24
trns1618|mjjRVdOG|accn1618|bearer cheque|2966|2022-03-24
trns1619|sfkFNXyp|accn1619|bearer cheque|5545|2022-03-24
trns1620|hFeOhZdK|accn1620|bearer cheque|9595|2022-03-24
trns1621|YNZnAaTQ|accn1621|personal cheque|2056|2022-03-24
trns1622|fECCEsnE|accn1622|personal cheque|5123|2022-03-24
trns1623|zbBjJqJB|accn1623|bearer cheque|3447|2022-03-24
trns1624|lCgNgHmu|accn1624|bearer cheque|9541|2022-03-24
trns1625|ebxZcUAP|accn1625|personal cheque|2540|2022-03-24
trns1626|KCxeyCxR|accn1626|bearer cheque|2138|2022-03-24
trns1627|cgSRXOZl|accn1627|personal cheque|3684|2022-03-24
trns1628|QJgGODmI|accn1628|personal cheque|7371|2022-03-24
trns1629|weYygnxZ|accn1629|personal cheque|8376|2022-03-24
trns1630|NGaUHXcR|accn1630|bearer cheque|6088|2022-03-24
trns1631|QiXjWnXy|accn1631|personal cheque|7064|2022-03-24
trns1632|jCMqUtmd|accn1632|personal cheque|9205|2022-03-24
trns1633|oliZGRYj|accn1633|personal cheque|1682|2022-03-24
trns1634|HIXMWxkp|accn1634|bearer cheque|7640|2022-03-24
trns1635|HjZJkzLr|accn1635|personal cheque|3071|2022-03-24
trns1636|HMeyYvbK|accn1636|bearer cheque|3473|2022-03-24
trns1637|eBtvCiUF|accn1637|personal cheque|1524|2022-03-24
trns1638|BssgVLhR|accn1638|bearer cheque|6544|2022-03-24
trns1639|IOUtKNph|accn1639|personal cheque|9929|2022-03-24
trns1640|JPcUTJCg|accn1640|personal cheque|6627|2022-03-24
trns1641|JuqmcnTJ|accn1641|personal cheque|4692|2022-03-24
trns1642|piBkVPkg|accn1642|bearer cheque|1588|2022-03-24
trns1643|jDJzrsqJ|accn1643|bearer cheque|9959|2022-03-24
trns1644|qNBAArqu|accn1644|personal cheque|5565|2022-03-24
trns1645|UgsjFTWY|accn1645|bearer cheque|880|2022-03-24
trns1646|NkmoEScQ|accn1646|personal cheque|3805|2022-03-24
trns1647|uOoDVJce|accn1647|personal cheque|2954|2022-03-24
trns1648|KEzuMjot|accn1648|bearer cheque|1107|2022-03-24
trns1649|svmVkxVy|accn1649|bearer cheque|401|2022-03-24
trns1650|cfmitOcc|accn1650|bearer cheque|3799|2022-03-24
trns1651|TelJlQlO|accn1651|bearer cheque|4623|2022-03-24
trns1652|HUFaiJgw|accn1652|personal cheque|7887|2022-03-24
trns1653|yVWTAbeH|accn1653|bearer cheque|5525|2022-03-24
trns1654|kTtkJqSn|accn1654|personal cheque|8487|2022-03-24
trns1655|WVISPnPS|accn1655|bearer cheque|2250|2022-03-24
trns1656|xMvMFWJa|accn1656|bearer cheque|4960|2022-03-24
trns1657|zwYDdKEK|accn1657|bearer cheque|6941|2022-03-24
trns1658|hCgiEHKI|accn1658|personal cheque|7115|2022-03-24
trns1659|tgVmtvyA|accn1659|personal cheque|8532|2022-03-24
trns1660|DKXCTuXA|accn1660|personal cheque|9983|2022-03-24
trns1661|GDJEOIVc|accn1661|bearer cheque|8361|2022-03-24
trns1662|GlfnzrBr|accn1662|bearer cheque|3060|2022-03-24
trns1663|ViMkJWfJ|accn1663|personal cheque|3317|2022-03-24
trns1664|bEISpEyy|accn1664|personal cheque|8401|2022-03-24
trns1665|OVJBbtnc|accn1665|bearer cheque|8099|2022-03-24
trns1666|rBhTESYG|accn1666|bearer cheque|4188|2022-03-24
trns1667|fSeDgffA|accn1667|personal cheque|9276|2022-03-24
trns1668|xHpxovhu|accn1668|bearer cheque|1295|2022-03-24
trns1669|zjeBINJD|accn1669|bearer cheque|1593|2022-03-24
trns1670|qAEekhrN|accn1670|bearer cheque|5389|2022-03-24
trns1671|aKhWevCd|accn1671|personal cheque|7921|2022-03-24
trns1672|cgIMcCiQ|accn1672|personal cheque|7592|2022-03-24
trns1673|LUaAhEJF|accn1673|bearer cheque|9481|2022-03-24
trns1674|tHyWhkFY|accn1674|bearer cheque|2407|2022-03-24
trns1675|xnfmykBz|accn1675|personal cheque|224|2022-03-24
trns1676|mAFjFEqn|accn1676|bearer cheque|1993|2022-03-24
trns1677|iIIAfEyj|accn1677|bearer cheque|9236|2022-03-24
trns1678|kScQxbYF|accn1678|personal cheque|1719|2022-03-24
trns1679|aZdntGkD|accn1679|personal cheque|9833|2022-03-24
trns1680|kvVKgXpb|accn1680|personal cheque|8131|2022-03-24
trns1681|RJtMWaKz|accn1681|personal cheque|3286|2022-03-24
trns1682|ogksLtQk|accn1682|personal cheque|7509|2022-03-24
trns1683|WNJUaQkh|accn1683|personal cheque|4662|2022-03-24
trns1684|yHGuMcGv|accn1684|personal cheque|4505|2022-03-24
trns1685|MyCADRtK|accn1685|bearer cheque|8497|2022-03-24
trns1686|HVPqxjOI|accn1686|bearer cheque|4353|2022-03-24
trns1687|GYuzDPAb|accn1687|bearer cheque|8283|2022-03-24
trns1688|ULdlHnjF|accn1688|personal cheque|6759|2022-03-24
trns1689|XVrBoAiX|accn1689|bearer cheque|5041|2022-03-24
trns1690|MIYLlgYU|accn1690|personal cheque|47|2022-03-24
trns1691|uAZNEgVu|accn1691|bearer cheque|5746|2022-03-24
trns1692|VLRtbZQe|accn1692|personal cheque|9836|2022-03-24
trns1693|HdUAhfVZ|accn1693|bearer cheque|5314|2022-03-24
trns1694|qZWufYvQ|accn1694|bearer cheque|2753|2022-03-24
trns1695|FotolLIs|accn1695|bearer cheque|2589|2022-03-24
trns1696|JJAZLDvt|accn1696|bearer cheque|6209|2022-03-24
trns1697|KzqwvkSp|accn1697|bearer cheque|5379|2022-03-24
trns1698|sawGOXMa|accn1698|personal cheque|7755|2022-03-24
trns1699|TYamFPUu|accn1699|personal cheque|2616|2022-03-24
trns1700|knYYhFBm|accn1700|personal cheque|8443|2022-03-24
trns1701|dHKWKgxI|accn1701|bearer cheque|2477|2022-03-24
trns1702|HIXqkyPc|accn1702|personal cheque|1040|2022-03-24
trns1703|qgQdmunz|accn1703|personal cheque|5413|2022-03-24
trns1704|vbnGgyHw|accn1704|bearer cheque|907|2022-03-24
trns1705|yKniVrxf|accn1705|bearer cheque|2392|2022-03-24
trns1706|OLMcZrmn|accn1706|bearer cheque|7275|2022-03-24
trns1707|uiAyGiCo|accn1707|bearer cheque|3430|2022-03-24
trns1708|oNLMLLUe|accn1708|personal cheque|7400|2022-03-24
trns1709|SbtZTYwS|accn1709|personal cheque|8132|2022-03-24
trns1710|TGSgqrBz|accn1710|personal cheque|3164|2022-03-24
trns1711|iqRIgUVj|accn1711|personal cheque|965|2022-03-24
trns1712|XFqqyZUn|accn1712|bearer cheque|3897|2022-03-24
trns1713|qIKLNwam|accn1713|personal cheque|6270|2022-03-24
trns1714|wGylgliL|accn1714|bearer cheque|8306|2022-03-24
trns1715|ZMbcdgxl|accn1715|personal cheque|8459|2022-03-24
trns1716|IWAVkLnx|accn1716|personal cheque|7512|2022-03-24
trns1717|VPmQyUIz|accn1717|personal cheque|6238|2022-03-24
trns1718|HKSgDeFA|accn1718|personal cheque|5634|2022-03-24
trns1719|JPdCzRth|accn1719|personal cheque|5004|2022-03-24
trns1720|eWNZPBhZ|accn1720|personal cheque|4161|2022-03-24
trns1721|jRucQbQA|accn1721|bearer cheque|2015|2022-03-24
trns1722|JuDdflog|accn1722|bearer cheque|1436|2022-03-24
trns1723|uzijdDun|accn1723|bearer cheque|9101|2022-03-24
trns1724|NPazMYOV|accn1724|bearer cheque|8641|2022-03-24
trns1725|BwqBysTO|accn1725|personal cheque|8880|2022-03-24
trns1726|gZHaiYig|accn1726|personal cheque|5408|2022-03-24
trns1727|nwReFHmX|accn1727|personal cheque|8308|2022-03-24
trns1728|WosQPjfj|accn1728|bearer cheque|7139|2022-03-24
trns1729|zOKZGcwg|accn1729|personal cheque|7662|2022-03-24
trns1730|TUjjxDuC|accn1730|personal cheque|6640|2022-03-24
trns1731|GWPCQhhZ|accn1731|personal cheque|2935|2022-03-24
trns1732|uWZWvoFm|accn1732|bearer cheque|6501|2022-03-24
trns1733|GykDVvWJ|accn1733|bearer cheque|8284|2022-03-24
trns1734|UfsOeUye|accn1734|bearer cheque|86|2022-03-24
trns1735|YgVgJBwP|accn1735|bearer cheque|2895|2022-03-24
trns1736|Ifcrivqb|accn1736|bearer cheque|205|2022-03-24
trns1737|hGLpMHWR|accn1737|personal cheque|5220|2022-03-24
trns1738|lOevTBuh|accn1738|bearer cheque|496|2022-03-24
trns1739|GSCVWCbA|accn1739|personal cheque|3945|2022-03-24
trns1740|ZJTFqeeU|accn1740|bearer cheque|2839|2022-03-24
trns1741|ynMXkASY|accn1741|bearer cheque|3777|2022-03-24
trns1742|hqyoKgBg|accn1742|personal cheque|6666|2022-03-24
trns1743|UBEfxaKe|accn1743|bearer cheque|6339|2022-03-24
trns1744|xQUVpAMx|accn1744|bearer cheque|9413|2022-03-24
trns1745|HAFnaypj|accn1745|bearer cheque|4847|2022-03-24
trns1746|jgjUcTCp|accn1746|personal cheque|415|2022-03-24
trns1747|cqMyqndY|accn1747|bearer cheque|1978|2022-03-24
trns1748|CTedbfYQ|accn1748|personal cheque|4437|2022-03-24
trns1749|ibjJuKQA|accn1749|bearer cheque|529|2022-03-24
trns1750|GoieUYfT|accn1750|personal cheque|2099|2022-03-24
trns1751|uXQNAgVj|accn1751|personal cheque|2085|2022-03-24
trns1752|BVIfvKfP|accn1752|personal cheque|2732|2022-03-24
trns1753|qVcvXidt|accn1753|bearer cheque|795|2022-03-24
trns1754|KhPlwTFw|accn1754|bearer cheque|5065|2022-03-24
trns1755|CSEoPSsd|accn1755|personal cheque|7565|2022-03-24
trns1756|GsDWekaM|accn1756|bearer cheque|779|2022-03-24
trns1757|WZxUWYKI|accn1757|personal cheque|7299|2022-03-24
trns1758|clMBjIlm|accn1758|bearer cheque|4882|2022-03-24
trns1759|HKUEcFwB|accn1759|bearer cheque|1182|2022-03-24
trns1760|JexSNyai|accn1760|bearer cheque|3913|2022-03-24
trns1761|ZRUicIBT|accn1761|personal cheque|9740|2022-03-24
trns1762|DQFdVtvh|accn1762|bearer cheque|7776|2022-03-24
trns1763|VlgWAmgb|accn1763|personal cheque|9757|2022-03-24
trns1764|IflDdzOK|accn1764|bearer cheque|8430|2022-03-24
trns1765|noJYBWFN|accn1765|personal cheque|7913|2022-03-24
trns1766|BXOVitqn|accn1766|personal cheque|8532|2022-03-24
trns1767|lajqGJsU|accn1767|bearer cheque|6135|2022-03-24
trns1768|BRxzdGLl|accn1768|bearer cheque|9295|2022-03-24
trns1769|qVGxpkNo|accn1769|personal cheque|9829|2022-03-24
trns1770|UxEczGAS|accn1770|bearer cheque|5960|2022-03-24
trns1771|RgbUNXdc|accn1771|personal cheque|5490|2022-03-24
trns1772|HtKLEwBH|accn1772|bearer cheque|7604|2022-03-24
trns1773|TXmlNrUN|accn1773|personal cheque|5325|2022-03-24
trns1774|DPnkVmFh|accn1774|personal cheque|2252|2022-03-24
trns1775|kGCaFdyU|accn1775|personal cheque|8418|2022-03-24
trns1776|MMqTBNXM|accn1776|personal cheque|5131|2022-03-24
trns1777|QaCfsCiV|accn1777|bearer cheque|4382|2022-03-24
trns1778|xOdqdmWd|accn1778|personal cheque|5153|2022-03-24
trns1779|kmPUliOL|accn1779|personal cheque|9818|2022-03-24
trns1780|rhIFHXeV|accn1780|bearer cheque|7270|2022-03-24
trns1781|HQhcgtey|accn1781|bearer cheque|3189|2022-03-24
trns1782|rjZirMzI|accn1782|bearer cheque|7129|2022-03-24
trns1783|JiCPaBNG|accn1783|bearer cheque|2289|2022-03-24
trns1784|MupZLaHG|accn1784|personal cheque|2983|2022-03-24
trns1785|ajcDThLG|accn1785|bearer cheque|387|2022-03-24
trns1786|dsMnEbCj|accn1786|personal cheque|3129|2022-03-24
trns1787|pNOBZOoX|accn1787|bearer cheque|8027|2022-03-24
trns1788|nPhhDptn|accn1788|bearer cheque|9616|2022-03-24
trns1789|keqGpbaH|accn1789|personal cheque|2071|2022-03-24
trns1790|dfbtBagq|accn1790|personal cheque|2059|2022-03-24
trns1791|EbgcEvdP|accn1791|personal cheque|5515|2022-03-24
trns1792|qZTmmDsc|accn1792|bearer cheque|9957|2022-03-24
trns1793|FuMxyivq|accn1793|personal cheque|8145|2022-03-24
trns1794|WcNrHehs|accn1794|personal cheque|8274|2022-03-24
trns1795|pecfZStt|accn1795|bearer cheque|7588|2022-03-24
trns1796|OnHINhCP|accn1796|bearer cheque|1624|2022-03-24
trns1797|GjKaQpRy|accn1797|personal cheque|3315|2022-03-24
trns1798|JMLuTCVO|accn1798|personal cheque|9698|2022-03-24
trns1799|UURejegP|accn1799|bearer cheque|790|2022-03-24
trns1800|PsNFAYzz|accn1800|personal cheque|4535|2022-03-24
trns1801|NBYSGeAm|accn1801|personal cheque|6991|2022-03-24
trns1802|hSXWCXqw|accn1802|bearer cheque|9750|2022-03-24
trns1803|yDlqqkzu|accn1803|personal cheque|2033|2022-03-24
trns1804|TAmQMxre|accn1804|bearer cheque|1828|2022-03-24
trns1805|LSCfbtih|accn1805|bearer cheque|602|2022-03-24
trns1806|eqlylOtU|accn1806|personal cheque|8060|2022-03-24
trns1807|HGVpUAKS|accn1807|bearer cheque|2668|2022-03-24
trns1808|gLzNeWbz|accn1808|bearer cheque|3939|2022-03-24
trns1809|dXPgMolD|accn1809|bearer cheque|5942|2022-03-24
trns1810|eoLpnxWx|accn1810|personal cheque|2166|2022-03-24
trns1811|TbBmHGdn|accn1811|bearer cheque|5935|2022-03-24
trns1812|cniVdTFg|accn1812|bearer cheque|2345|2022-03-24
trns1813|TuJioYdc|accn1813|personal cheque|6589|2022-03-24
trns1814|OFuPkUcF|accn1814|bearer cheque|5170|2022-03-24
trns1815|iRhdnQlw|accn1815|bearer cheque|4553|2022-03-24
trns1816|YPuVscif|accn1816|personal cheque|1442|2022-03-24
trns1817|hvPqCpDa|accn1817|personal cheque|5648|2022-03-24
trns1818|llRddZMB|accn1818|personal cheque|5675|2022-03-24
trns1819|KsfgNEtO|accn1819|personal cheque|3002|2022-03-24
trns1820|XidxAwKm|accn1820|bearer cheque|5151|2022-03-24
trns1821|uaChbTru|accn1821|bearer cheque|4787|2022-03-24
trns1822|CmquCewj|accn1822|personal cheque|33|2022-03-24
trns1823|oZzNDklU|accn1823|personal cheque|6378|2022-03-24
trns1824|QeUawILk|accn1824|personal cheque|4914|2022-03-24
trns1825|jlktYIhI|accn1825|bearer cheque|1289|2022-03-24
trns1826|EvVRMdAx|accn1826|personal cheque|2812|2022-03-24
trns1827|sIeNTJdu|accn1827|personal cheque|9061|2022-03-24
trns1828|dbeubKHc|accn1828|bearer cheque|1533|2022-03-24
trns1829|jgOYkVXo|accn1829|bearer cheque|6297|2022-03-24
trns1830|fsefBccf|accn1830|personal cheque|3774|2022-03-24
trns1831|qCgisRhW|accn1831|bearer cheque|6964|2022-03-24
trns1832|PHEiCNrd|accn1832|personal cheque|1019|2022-03-24
trns1833|zjmmzjaN|accn1833|personal cheque|9196|2022-03-24
trns1834|XMZioMTa|accn1834|bearer cheque|4922|2022-03-24
trns1835|FpIABLbt|accn1835|personal cheque|9696|2022-03-24
trns1836|fenfhNWF|accn1836|personal cheque|6195|2022-03-24
trns1837|YJhQRJMY|accn1837|personal cheque|6676|2022-03-24
trns1838|jkqVBUPd|accn1838|personal cheque|1389|2022-03-24
trns1839|BvcZxXxY|accn1839|personal cheque|7454|2022-03-24
trns1840|usPzZcpf|accn1840|personal cheque|9252|2022-03-24
trns1841|MIvzqeMI|accn1841|bearer cheque|6044|2022-03-24
trns1842|AIvZfuvO|accn1842|bearer cheque|3737|2022-03-24
trns1843|AjNvwGdH|accn1843|bearer cheque|6128|2022-03-24
trns1844|tXMVAVDA|accn1844|bearer cheque|9754|2022-03-24
trns1845|pjRinZqI|accn1845|bearer cheque|9538|2022-03-24
trns1846|OHxnICFD|accn1846|personal cheque|4402|2022-03-24
trns1847|MiDTWyHn|accn1847|bearer cheque|4999|2022-03-24
trns1848|NaKnTGKS|accn1848|bearer cheque|6002|2022-03-24
trns1849|BbrIWfEO|accn1849|personal cheque|2784|2022-03-24
trns1850|SMOMOjrH|accn1850|bearer cheque|6189|2022-03-24
trns1851|ugcvvXik|accn1851|bearer cheque|7453|2022-03-24
trns1852|oqabcbzo|accn1852|bearer cheque|7702|2022-03-24
trns1853|FYJpvkrU|accn1853|bearer cheque|613|2022-03-24
trns1854|KRIWptBC|accn1854|personal cheque|1419|2022-03-24
trns1855|uDDDLUaP|accn1855|personal cheque|2818|2022-03-24
trns1856|bvnZFolU|accn1856|personal cheque|6740|2022-03-24
trns1857|JlravCxF|accn1857|personal cheque|141|2022-03-24
trns1858|vGzqeWvt|accn1858|personal cheque|7341|2022-03-24
trns1859|FUSSbuBQ|accn1859|bearer cheque|9332|2022-03-24
trns1860|afJwLUHW|accn1860|personal cheque|5017|2022-03-24
trns1861|zGCcCYMf|accn1861|personal cheque|3535|2022-03-24
trns1862|gKHqtBub|accn1862|personal cheque|3234|2022-03-24
trns1863|hQJooGIq|accn1863|personal cheque|8551|2022-03-24
trns1864|WWLSwNwV|accn1864|personal cheque|1045|2022-03-24
trns1865|iSOhUiMl|accn1865|bearer cheque|4917|2022-03-24
trns1866|eMUzNzoL|accn1866|personal cheque|6651|2022-03-24
trns1867|WhBzFPHc|accn1867|personal cheque|7319|2022-03-24
trns1868|NXJhEcFO|accn1868|bearer cheque|3442|2022-03-24
trns1869|FxBQUHEx|accn1869|personal cheque|9074|2022-03-24
trns1870|OwWENNGW|accn1870|personal cheque|8412|2022-03-24
trns1871|vgIgxDXz|accn1871|personal cheque|1645|2022-03-24
trns1872|EAkmAoJO|accn1872|personal cheque|4538|2022-03-24
trns1873|iADmyxIE|accn1873|bearer cheque|8185|2022-03-24
trns1874|zWASizsD|accn1874|personal cheque|1465|2022-03-24
trns1875|DujzydcK|accn1875|personal cheque|4749|2022-03-24
trns1876|UExNniZp|accn1876|bearer cheque|1409|2022-03-24
trns1877|FUmbCPyT|accn1877|bearer cheque|73|2022-03-24
trns1878|lsbdMOoy|accn1878|bearer cheque|78|2022-03-24
trns1879|GOWeNTPm|accn1879|personal cheque|8852|2022-03-24
trns1880|FaVMkRKu|accn1880|bearer cheque|4504|2022-03-24
trns1881|CDuJptfh|accn1881|personal cheque|2560|2022-03-24
trns1882|CpygkGpq|accn1882|personal cheque|9471|2022-03-24
trns1883|ZPfnWzLA|accn1883|bearer cheque|621|2022-03-24
trns1884|VEnRVqRy|accn1884|personal cheque|6574|2022-03-24
trns1885|GKMEGNGB|accn1885|personal cheque|9827|2022-03-24
trns1886|EdVHAeoy|accn1886|personal cheque|8622|2022-03-24
trns1887|WXdbCzpB|accn1887|personal cheque|5952|2022-03-24
trns1888|wDLDtrRN|accn1888|personal cheque|3553|2022-03-24
trns1889|LEICUgRD|accn1889|personal cheque|4213|2022-03-24
trns1890|fuxAbGzI|accn1890|bearer cheque|3417|2022-03-24
trns1891|EAkLiBbO|accn1891|personal cheque|8447|2022-03-24
trns1892|hqAeapgJ|accn1892|bearer cheque|6589|2022-03-24
trns1893|nRJdxerU|accn1893|personal cheque|8306|2022-03-24
trns1894|JdODXFiO|accn1894|personal cheque|9652|2022-03-24
trns1895|OMPlzFGZ|accn1895|personal cheque|8376|2022-03-24
trns1896|UZfXPtYE|accn1896|bearer cheque|5047|2022-03-24
trns1897|ksEaAdPW|accn1897|personal cheque|1720|2022-03-24
trns1898|gEVaRPbo|accn1898|bearer cheque|7844|2022-03-24
trns1899|FJMwvxtf|accn1899|bearer cheque|4921|2022-03-24
trns1900|xtPFvCmT|accn1900|personal cheque|2357|2022-03-24
trns1901|lceQziVf|accn1901|bearer cheque|1980|2022-03-24
trns1902|fNiUxHsg|accn1902|bearer cheque|4985|2022-03-24
trns1903|yOcOCtvz|accn1903|personal cheque|6527|2022-03-24
trns1904|khTQTrfk|accn1904|personal cheque|4344|2022-03-24
trns1905|gbDfsoty|accn1905|bearer cheque|1506|2022-03-24
trns1906|McQjmJrD|accn1906|personal cheque|4002|2022-03-24
trns1907|FSmvRXpV|accn1907|bearer cheque|1196|2022-03-24
trns1908|ihaZWMGw|accn1908|personal cheque|4121|2022-03-24
trns1909|dtUHvWej|accn1909|bearer cheque|8217|2022-03-24
trns1910|TlvmXVjL|accn1910|bearer cheque|987|2022-03-24
trns1911|HBJNvvKT|accn1911|bearer cheque|9482|2022-03-24
trns1912|FYuMyMKt|accn1912|personal cheque|6392|2022-03-24
trns1913|mkGMiCzu|accn1913|bearer cheque|4866|2022-03-24
trns1914|IcBSyFVN|accn1914|bearer cheque|4393|2022-03-24
trns1915|rhAwfMeY|accn1915|personal cheque|1355|2022-03-24
trns1916|WquWBXqV|accn1916|bearer cheque|3628|2022-03-24
trns1917|WPiAXdsi|accn1917|bearer cheque|3524|2022-03-24
trns1918|HRMTWeAx|accn1918|personal cheque|3517|2022-03-24
trns1919|NRAmnzLc|accn1919|bearer cheque|5439|2022-03-24
trns1920|yrXoESPk|accn1920|personal cheque|7114|2022-03-24
trns1921|AsVZFeDO|accn1921|bearer cheque|4599|2022-03-24
trns1922|YvJNwVVf|accn1922|bearer cheque|614|2022-03-24
trns1923|bhASNZLs|accn1923|bearer cheque|6200|2022-03-24
trns1924|wvxIyOGd|accn1924|personal cheque|6348|2022-03-24
trns1925|iOKPVBKU|accn1925|bearer cheque|1121|2022-03-24
trns1926|CPpUzRAu|accn1926|personal cheque|7763|2022-03-24
trns1927|KBSqJKdp|accn1927|bearer cheque|1984|2022-03-24
trns1928|ABXOggGa|accn1928|bearer cheque|3214|2022-03-24
trns1929|JeUhelGk|accn1929|bearer cheque|274|2022-03-24
trns1930|kskZwaST|accn1930|personal cheque|7246|2022-03-24
trns1931|AlMllcMp|accn1931|personal cheque|3656|2022-03-24
trns1932|xPejCbsL|accn1932|personal cheque|237|2022-03-24
trns1933|eVMwkamr|accn1933|bearer cheque|2620|2022-03-24
trns1934|MzqRcdrm|accn1934|personal cheque|4708|2022-03-24
trns1935|jAaxrhrj|accn1935|personal cheque|7121|2022-03-24
trns1936|WtKaKrXf|accn1936|personal cheque|3219|2022-03-24
trns1937|fKMmQgsI|accn1937|bearer cheque|8301|2022-03-24
trns1938|iRplipOR|accn1938|bearer cheque|3811|2022-03-24
trns1939|NpfxtfJd|accn1939|personal cheque|2698|2022-03-24
trns1940|IdmRsBnc|accn1940|bearer cheque|367|2022-03-24
trns1941|vEPmpLsg|accn1941|personal cheque|1553|2022-03-24
trns1942|VBLVZCRm|accn1942|personal cheque|6777|2022-03-24
trns1943|GEgnbAyC|accn1943|personal cheque|6212|2022-03-24
trns1944|nvFSrDkt|accn1944|personal cheque|3178|2022-03-24
trns1945|XYDuBxJu|accn1945|personal cheque|6276|2022-03-24
trns1946|RMoBgPAl|accn1946|bearer cheque|647|2022-03-24
trns1947|ClLtwzJe|accn1947|bearer cheque|1371|2022-03-24
trns1948|SljlggjL|accn1948|personal cheque|5074|2022-03-24
trns1949|vwNTDMub|accn1949|bearer cheque|6989|2022-03-24
trns1950|lBTExwkg|accn1950|bearer cheque|6949|2022-03-24
trns1951|qUFmHKuk|accn1951|bearer cheque|8797|2022-03-24
trns1952|LUkohTtX|accn1952|bearer cheque|5926|2022-03-24
trns1953|kvNbwTIu|accn1953|bearer cheque|766|2022-03-24
trns1954|NgEBWBqp|accn1954|personal cheque|5918|2022-03-24
trns1955|DsJnnBSW|accn1955|personal cheque|4869|2022-03-24
trns1956|qzCdICtF|accn1956|personal cheque|934|2022-03-24
trns1957|sHzDSwhv|accn1957|personal cheque|8021|2022-03-24
trns1958|lQgbrZlX|accn1958|bearer cheque|2743|2022-03-24
trns1959|ayQoVtsB|accn1959|personal cheque|9296|2022-03-24
trns1960|KwPuWqlO|accn1960|bearer cheque|6095|2022-03-24
trns1961|CkSaJwtk|accn1961|personal cheque|6908|2022-03-24
trns1962|SJpkzAAT|accn1962|personal cheque|9867|2022-03-24
trns1963|naaRtcUr|accn1963|personal cheque|697|2022-03-24
trns1964|FEjUGoRQ|accn1964|bearer cheque|1027|2022-03-24
trns1965|cELuUgqB|accn1965|bearer cheque|8378|2022-03-24
trns1966|SaFJxkqZ|accn1966|personal cheque|2109|2022-03-24
trns1967|cAKEIfbY|accn1967|bearer cheque|2603|2022-03-24
trns1968|mZqKNWFV|accn1968|personal cheque|7695|2022-03-24
trns1969|vXgrDlGw|accn1969|personal cheque|668|2022-03-24
trns1970|OdyoaCpV|accn1970|personal cheque|1070|2022-03-24
trns1971|fVYabuxO|accn1971|bearer cheque|3017|2022-03-24
trns1972|BfmsqcKD|accn1972|bearer cheque|1923|2022-03-24
trns1973|DpRuIyXq|accn1973|personal cheque|5744|2022-03-24
trns1974|yuznusLD|accn1974|bearer cheque|4281|2022-03-24
trns1975|QnXYaPPq|accn1975|personal cheque|956|2022-03-24
trns1976|pVntmPyn|accn1976|bearer cheque|9155|2022-03-24
trns1977|xyAngGbQ|accn1977|bearer cheque|6019|2022-03-24
trns1978|AWtiJqUY|accn1978|bearer cheque|9561|2022-03-24
trns1979|xELwTHeV|accn1979|personal cheque|836|2022-03-24
trns1980|PMtTXGMP|accn1980|bearer cheque|1262|2022-03-24
trns1981|rtUrwiPQ|accn1981|bearer cheque|9878|2022-03-24
trns1982|hgGdjezC|accn1982|bearer cheque|297|2022-03-24
trns1983|moiKTxIs|accn1983|personal cheque|6664|2022-03-24
trns1984|DiQIlsUb|accn1984|personal cheque|2935|2022-03-24
trns1985|qrGQBEeV|accn1985|personal cheque|2277|2022-03-24
trns1986|VqIVtyfq|accn1986|personal cheque|2542|2022-03-24
trns1987|ySDAGxCZ|accn1987|bearer cheque|6835|2022-03-24
trns1988|HjZpUmHS|accn1988|personal cheque|3806|2022-03-24
trns1989|SzSLNcsH|accn1989|bearer cheque|7915|2022-03-24
trns1990|BHoIrODV|accn1990|personal cheque|8864|2022-03-24
trns1991|PlrkthfN|accn1991|personal cheque|4971|2022-03-24
trns1992|KklnfbOS|accn1992|bearer cheque|1012|2022-03-24
trns1993|gsJmEMBy|accn1993|personal cheque|9740|2022-03-24
trns1994|SjyGaZcp|accn1994|bearer cheque|5146|2022-03-24
trns1995|OGiwlEBC|accn1995|personal cheque|5829|2022-03-24
trns1996|BfRAutXE|accn1996|personal cheque|2092|2022-03-24
trns1997|lyoyieUM|accn1997|bearer cheque|5206|2022-03-24
trns1998|YDvmSknQ|accn1998|bearer cheque|4882|2022-03-24
trns1999|GRGZvMwq|accn1999|personal cheque|3461|2022-03-24
trns2000|XabxdgmE|accn2000|personal cheque|4182|2022-03-24
