Entity_ID|Type|Description|Address|Country_ID|Organization_ID|Reference_Date
entt1001|branches|vAKnTjld|city|SLE|orgn1001|2022-03-24
entt1002|branches|FctorhFh|postcode|BVT|orgn1002|2022-03-24
entt1003|local|NVFtesVy|postcode|ATA|orgn1003|2022-03-24
entt1004|local|YINQEXth|city|GRC|orgn1004|2022-03-24
entt1005|branches|EUYOkEbh|city|ECU|orgn1005|2022-03-24
entt1006|branches|bktOakVz|postcode|ESH|orgn1006|2022-03-24
entt1007|branches|ivROdscj|postcode|LCA|orgn1007|2022-03-24
entt1008|branches|ryBisXCJ|street|NPL|orgn1008|2022-03-24
entt1009|branches|yWJulHvm|street|PAN|orgn1009|2022-03-24
entt1010|branches|klaJnyoT|postcode|FLK|orgn1010|2022-03-24
entt1011|branches|QSMdveIi|postcode|SWE|orgn1011|2022-03-24
entt1012|local|uHgxytgh|postcode|MLI|orgn1012|2022-03-24
entt1013|branches|PggsbozL|postcode|MDA|orgn1013|2022-03-24
entt1014|local|rxiQwtDN|city|UZB|orgn1014|2022-03-24
entt1015|local|bURyMENA|postcode|LBR|orgn1015|2022-03-24
entt1016|local|uwanHJfY|city|AFG|orgn1016|2022-03-24
entt1017|local|eVrdCYGd|street|SVK|orgn1017|2022-03-24
entt1018|local|kjWPCAgF|street|VGB|orgn1018|2022-03-24
entt1019|branches|MqeHaHPR|city|MRT|orgn1019|2022-03-24
entt1020|branches|pjxSDKAZ|street|GBR|orgn1020|2022-03-24
entt1021|branches|rmialtiB|street|PYF|orgn1021|2022-03-24
entt1022|local|bDxbCIsc|street|GNB|orgn1022|2022-03-24
entt1023|local|WiYKWEpe|street|MMR|orgn1023|2022-03-24
entt1024|branches|HXyRszBg|postcode|NZL|orgn1024|2022-03-24
entt1025|branches|ppdmksTx|city|VUT|orgn1025|2022-03-24
entt1026|branches|WPCfSCWh|street|CHN|orgn1026|2022-03-24
entt1027|branches|wfNSkhDm|city|HTI|orgn1027|2022-03-24
entt1028|local|KRVIvElu|street|CPV|orgn1028|2022-03-24
entt1029|local|vGJSZICY|postcode|UGA|orgn1029|2022-03-24
entt1030|local|EQaERGWc|postcode|AUS|orgn1030|2022-03-24
entt1031|local|rvQaVSoO|city|COD|orgn1031|2022-03-24
entt1032|branches|YJkCQLCN|street|PAN|orgn1032|2022-03-24
entt1033|local|owknMvDX|postcode|ROU|orgn1033|2022-03-24
entt1034|branches|yeSdMLtj|postcode|MYS|orgn1034|2022-03-24
entt1035|local|BLEAtBpy|postcode|BRN|orgn1035|2022-03-24
entt1036|local|pavayOob|street|SGP|orgn1036|2022-03-24
entt1037|branches|tMNGPvcm|postcode|OMN|orgn1037|2022-03-24
entt1038|branches|sQGpJljK|street|VIR|orgn1038|2022-03-24
entt1039|branches|GwXwboRn|postcode|EST|orgn1039|2022-03-24
entt1040|branches|nFwOClgb|postcode|GTM|orgn1040|2022-03-24
entt1041|local|ZnOviGWo|city|AFG|orgn1041|2022-03-24
entt1042|branches|VgRWIqwF|city|DEU|orgn1042|2022-03-24
entt1043|branches|FCCcLOei|postcode|GEO|orgn1043|2022-03-24
entt1044|branches|EWURTfhk|city|CHE|orgn1044|2022-03-24
entt1045|local|DjYUryjn|postcode|DMA|orgn1045|2022-03-24
entt1046|branches|TCVovgYa|street|LSO|orgn1046|2022-03-24
entt1047|local|elBtHMDd|city|CYM|orgn1047|2022-03-24
entt1048|local|pImJcFYa|city|NER|orgn1048|2022-03-24
entt1049|branches|vVTQqNWC|postcode|SVK|orgn1049|2022-03-24
entt1050|branches|FZePcwqx|postcode|TTO|orgn1050|2022-03-24
entt1051|branches|xQdjHwVo|city|JEY|orgn1051|2022-03-24
entt1052|branches|UaohXPTp|street|VGB|orgn1052|2022-03-24
entt1053|local|qcTFyWlr|city|TUN|orgn1053|2022-03-24
entt1054|local|FqaEUmgs|city|USA|orgn1054|2022-03-24
entt1055|local|QPQXeHhj|street|BLZ|orgn1055|2022-03-24
entt1056|local|RKkAWqlH|city|JEY|orgn1056|2022-03-24
entt1057|branches|NDIBnTnC|street|CUW|orgn1057|2022-03-24
entt1058|local|VJFwZVUw|postcode|ZWE|orgn1058|2022-03-24
entt1059|branches|TvQDaoaG|street|AUS|orgn1059|2022-03-24
entt1060|local|WVaGJxIh|city|PCN|orgn1060|2022-03-24
entt1061|local|McPTeper|postcode|GUY|orgn1061|2022-03-24
entt1062|local|ypuusJZn|postcode|BMU|orgn1062|2022-03-24
entt1063|local|eAnfpgxc|city|GIB|orgn1063|2022-03-24
entt1064|local|qUmtyxsm|postcode|MEX|orgn1064|2022-03-24
entt1065|branches|PgRbyLBy|postcode|ETH|orgn1065|2022-03-24
entt1066|branches|vpVFItZG|street|BGD|orgn1066|2022-03-24
entt1067|branches|gctZMcQi|street|PLW|orgn1067|2022-03-24
entt1068|local|rUvMXIeE|postcode|NIC|orgn1068|2022-03-24
entt1069|branches|SCBmBQOq|postcode|RWA|orgn1069|2022-03-24
entt1070|local|IlaRzwlb|city|GUM|orgn1070|2022-03-24
entt1071|local|atGuBJlC|city|ZWE|orgn1071|2022-03-24
entt1072|local|mOMgiVJM|postcode|MEX|orgn1072|2022-03-24
entt1073|branches|lCStqSHU|postcode|MNE|orgn1073|2022-03-24
entt1074|branches|XoZUPKCo|city|LSO|orgn1074|2022-03-24
entt1075|local|udYccvSf|postcode|GUM|orgn1075|2022-03-24
entt1076|branches|CTpFELwk|city|HRV|orgn1076|2022-03-24
entt1077|local|bMfTzxMC|postcode|GUF|orgn1077|2022-03-24
entt1078|local|XUgxNTxr|street|MMR|orgn1078|2022-03-24
entt1079|local|FcwPNjUQ|postcode|THA|orgn1079|2022-03-24
entt1080|branches|jebcFDwd|city|SXM|orgn1080|2022-03-24
entt1081|local|kxhQUmgi|postcode|GLP|orgn1081|2022-03-24
entt1082|branches|OIbPzwPQ|city|GNB|orgn1082|2022-03-24
entt1083|local|NnuYHbye|street|ETH|orgn1083|2022-03-24
entt1084|branches|kIxAmQcW|city|GIB|orgn1084|2022-03-24
entt1085|local|aYjcPuZp|city|MLI|orgn1085|2022-03-24
entt1086|branches|CgzMZNrQ|city|BRN|orgn1086|2022-03-24
entt1087|local|FzTnhhKJ|street|SLB|orgn1087|2022-03-24
entt1088|local|kXLEJRgM|postcode|BOL|orgn1088|2022-03-24
entt1089|branches|VUDHfzQv|postcode|BLM|orgn1089|2022-03-24
entt1090|local|RsQlxnnb|postcode|MDA|orgn1090|2022-03-24
entt1091|branches|KrdfFHAV|city|BRB|orgn1091|2022-03-24
entt1092|local|RvelenjD|city|VCT|orgn1092|2022-03-24
entt1093|branches|cLbnySPc|street|ARM|orgn1093|2022-03-24
entt1094|branches|xbkgNVQM|city|PYF|orgn1094|2022-03-24
entt1095|branches|rHNTCWGv|postcode|EGY|orgn1095|2022-03-24
entt1096|local|ryBHmegR|street|MNG|orgn1096|2022-03-24
entt1097|branches|hNfoOirM|street|COG|orgn1097|2022-03-24
entt1098|local|sShiHLyr|city|POL|orgn1098|2022-03-24
entt1099|local|QeFOtmEz|postcode|TZA|orgn1099|2022-03-24
entt1100|local|tSBAZANF|postcode|VEN|orgn1100|2022-03-24
entt1101|branches|SkSaPKTc|city|GBR|orgn1101|2022-03-24
entt1102|local|ZrorWBwy|street|BLM|orgn1102|2022-03-24
entt1103|branches|QpsuGJJk|city|BLM|orgn1103|2022-03-24
entt1104|branches|RWKptTgB|postcode|MOZ|orgn1104|2022-03-24
entt1105|local|YvXfaGDr|city|ABW|orgn1105|2022-03-24
entt1106|local|JOdlGgEB|postcode|SWZ|orgn1106|2022-03-24
entt1107|local|DtYvzQQE|street|SPM|orgn1107|2022-03-24
entt1108|local|VVPwToMa|street|PLW|orgn1108|2022-03-24
entt1109|local|NstQRggg|postcode|SOM|orgn1109|2022-03-24
entt1110|branches|zXOTIoEj|street|IRQ|orgn1110|2022-03-24
entt1111|branches|YoyzbiLf|postcode|NFK|orgn1111|2022-03-24
entt1112|local|QTeEqDqH|postcode|IRN|orgn1112|2022-03-24
entt1113|local|FuskjCcz|street|LBN|orgn1113|2022-03-24
entt1114|local|GbjRLxxi|street|BLZ|orgn1114|2022-03-24
entt1115|branches|dCSfDnpS|postcode|NOR|orgn1115|2022-03-24
entt1116|branches|pYDPZVYa|city|JAM|orgn1116|2022-03-24
entt1117|local|taFfBAyP|city|CZE|orgn1117|2022-03-24
entt1118|local|qUVqJZza|street|AGO|orgn1118|2022-03-24
entt1119|local|ljqYCLKF|city|LBY|orgn1119|2022-03-24
entt1120|local|aloFDzwk|postcode|MAR|orgn1120|2022-03-24
entt1121|local|KTSZhmlt|postcode|SWZ|orgn1121|2022-03-24
entt1122|branches|bhZYhwFB|city|LTU|orgn1122|2022-03-24
entt1123|local|sdqSkXaU|postcode|GIN|orgn1123|2022-03-24
entt1124|branches|nybRHBws|street|URY|orgn1124|2022-03-24
entt1125|branches|PjaSIqLG|street|GLP|orgn1125|2022-03-24
entt1126|local|rCqMMaci|city|JOR|orgn1126|2022-03-24
entt1127|branches|sgeGjVkP|street|HUN|orgn1127|2022-03-24
entt1128|branches|sIOcDDFi|city|GUF|orgn1128|2022-03-24
entt1129|local|PnEqjMqO|postcode|DMA|orgn1129|2022-03-24
entt1130|local|AGqcfPQx|postcode|LBY|orgn1130|2022-03-24
entt1131|branches|WgeisjvS|city|MKD|orgn1131|2022-03-24
entt1132|local|GpGulZrH|city|WSM|orgn1132|2022-03-24
entt1133|local|LreRFmhR|postcode|DNK|orgn1133|2022-03-24
entt1134|local|bMSpfFbo|city|SGS|orgn1134|2022-03-24
entt1135|branches|qBJaHvdV|postcode|BRA|orgn1135|2022-03-24
entt1136|local|iDofaFzD|postcode|NRU|orgn1136|2022-03-24
entt1137|branches|qhaWSqzm|city|MUS|orgn1137|2022-03-24
entt1138|local|fXWOCugS|city|GUF|orgn1138|2022-03-24
entt1139|local|xEowvQVj|postcode|ESH|orgn1139|2022-03-24
entt1140|branches|efgFIIZF|postcode|IRQ|orgn1140|2022-03-24
entt1141|branches|wHmgUrUJ|street|MTQ|orgn1141|2022-03-24
entt1142|local|YtZmOUpr|street|GGY|orgn1142|2022-03-24
entt1143|local|nlFDrcvV|city|FIN|orgn1143|2022-03-24
entt1144|local|kpqbeRQd|city|IOT|orgn1144|2022-03-24
entt1145|local|hrLmKalw|city|BRB|orgn1145|2022-03-24
entt1146|local|zLxneAbn|postcode|SEN|orgn1146|2022-03-24
entt1147|branches|IKfAWqyc|city|GUF|orgn1147|2022-03-24
entt1148|local|MCnPSzOY|street|JEY|orgn1148|2022-03-24
entt1149|local|htyoWowb|postcode|GAB|orgn1149|2022-03-24
entt1150|local|DcxaMday|city|BRA|orgn1150|2022-03-24
entt1151|branches|MKAgibzG|postcode|AUS|orgn1151|2022-03-24
entt1152|branches|VMCzvxDL|city|ARM|orgn1152|2022-03-24
entt1153|branches|SUdOBJdK|postcode|MNG|orgn1153|2022-03-24
entt1154|local|IbCzmqFp|city|VCT|orgn1154|2022-03-24
entt1155|branches|gmJxebOd|postcode|ABW|orgn1155|2022-03-24
entt1156|local|VOnqYTnw|city|BEL|orgn1156|2022-03-24
entt1157|branches|usSDwjbP|street|CXR|orgn1157|2022-03-24
entt1158|local|BZnBdpwk|city|PRI|orgn1158|2022-03-24
entt1159|branches|hETCsIaY|street|ABW|orgn1159|2022-03-24
entt1160|local|DxUnHnOF|street|SLE|orgn1160|2022-03-24
entt1161|local|uAoaxVKu|street|BEN|orgn1161|2022-03-24
entt1162|local|HosuJloQ|street|ATF|orgn1162|2022-03-24
entt1163|branches|kJmxmlmF|city|GAB|orgn1163|2022-03-24
entt1164|local|iAGiAGbz|postcode|MYT|orgn1164|2022-03-24
entt1165|branches|vFhBspSv|street|SWE|orgn1165|2022-03-24
entt1166|branches|qmBVOPBL|street|ISR|orgn1166|2022-03-24
entt1167|branches|TpdjIIKO|postcode|CYM|orgn1167|2022-03-24
entt1168|local|VVZlBjSf|street|NAM|orgn1168|2022-03-24
entt1169|local|rnlqROgU|postcode|BRA|orgn1169|2022-03-24
entt1170|branches|ILcAmiog|street|NIU|orgn1170|2022-03-24
entt1171|branches|fMksSOov|postcode|HMD|orgn1171|2022-03-24
entt1172|branches|jZyzHbTq|street|SVN|orgn1172|2022-03-24
entt1173|local|JGGouenu|street|SGS|orgn1173|2022-03-24
entt1174|branches|JrFsDYpJ|street|BRB|orgn1174|2022-03-24
entt1175|local|zJhGFdpI|street|RWA|orgn1175|2022-03-24
entt1176|local|xHbhagWV|street|SEN|orgn1176|2022-03-24
entt1177|local|RCrvEqlZ|city|MDV|orgn1177|2022-03-24
entt1178|branches|lFgQsIME|street|BHR|orgn1178|2022-03-24
entt1179|branches|NUoxvJEB|postcode|KEN|orgn1179|2022-03-24
entt1180|branches|QkeqtJcM|city|CAN|orgn1180|2022-03-24
entt1181|local|xZrEOyXU|street|ETH|orgn1181|2022-03-24
entt1182|branches|ReAwjzGI|street|CRI|orgn1182|2022-03-24
entt1183|branches|vSSUKjXx|street|MYT|orgn1183|2022-03-24
entt1184|local|ztdDFMoQ|street|FRA|orgn1184|2022-03-24
entt1185|branches|CReUTwwI|city|BVT|orgn1185|2022-03-24
entt1186|branches|kHmKURrN|city|URY|orgn1186|2022-03-24
entt1187|local|IzRiJulW|postcode|GNQ|orgn1187|2022-03-24
entt1188|local|ZOujljNs|city|URY|orgn1188|2022-03-24
entt1189|branches|OfCyNMDS|city|USA|orgn1189|2022-03-24
entt1190|local|OWwyLGXl|street|TCD|orgn1190|2022-03-24
entt1191|branches|SkiLhVEg|postcode|GRC|orgn1191|2022-03-24
entt1192|local|KXIQEUOu|postcode|NGA|orgn1192|2022-03-24
entt1193|branches|LscXIpLG|postcode|SRB|orgn1193|2022-03-24
entt1194|branches|wKFSDnkE|city|BES|orgn1194|2022-03-24
entt1195|local|BHDtjqnK|street|LUX|orgn1195|2022-03-24
entt1196|branches|RjixkEbz|postcode|NGA|orgn1196|2022-03-24
entt1197|local|TcXmVKNt|city|VEN|orgn1197|2022-03-24
entt1198|branches|xfIbwfpg|postcode|SAU|orgn1198|2022-03-24
entt1199|branches|bIcDVmoX|postcode|MOZ|orgn1199|2022-03-24
entt1200|branches|fDhJIknI|postcode|GGY|orgn1200|2022-03-24
entt1201|local|hscdRMXZ|postcode|HTI|orgn1201|2022-03-24
entt1202|branches|dfBVqDjG|postcode|MAC|orgn1202|2022-03-24
entt1203|branches|ImaiOODt|street|VUT|orgn1203|2022-03-24
entt1204|local|kXGIZudy|street|REU|orgn1204|2022-03-24
entt1205|local|COQTQwnP|city|IRQ|orgn1205|2022-03-24
entt1206|branches|atykkhKb|postcode|ISL|orgn1206|2022-03-24
entt1207|branches|dyNxghcA|city|BGD|orgn1207|2022-03-24
entt1208|branches|ebGvUiHG|postcode|GUF|orgn1208|2022-03-24
entt1209|branches|LbGySFhn|postcode|DJI|orgn1209|2022-03-24
entt1210|branches|dDDwAYxG|city|DZA|orgn1210|2022-03-24
entt1211|branches|JaEFIYQv|postcode|MNG|orgn1211|2022-03-24
entt1212|local|FfHqXrlm|postcode|TCA|orgn1212|2022-03-24
entt1213|local|MEBvvfeO|city|MCO|orgn1213|2022-03-24
entt1214|branches|FuigkgRP|postcode|GUY|orgn1214|2022-03-24
entt1215|branches|BlijkVPR|postcode|BLM|orgn1215|2022-03-24
entt1216|branches|SqIWwQth|city|GAB|orgn1216|2022-03-24
entt1217|local|CPmYJoAt|street|GHA|orgn1217|2022-03-24
entt1218|local|OZNVFhfq|postcode|LAO|orgn1218|2022-03-24
entt1219|local|gEpNWAJx|postcode|MHL|orgn1219|2022-03-24
entt1220|branches|pBwtQhYs|city|AZE|orgn1220|2022-03-24
entt1221|local|JfoFmuiq|city|ABW|orgn1221|2022-03-24
entt1222|local|POKsPWcF|city|NZL|orgn1222|2022-03-24
entt1223|branches|vxpEdhdy|postcode|LKA|orgn1223|2022-03-24
entt1224|local|XFxQTVqK|city|TLS|orgn1224|2022-03-24
entt1225|branches|vMGkUPda|street|VAT|orgn1225|2022-03-24
entt1226|branches|igmkvmyU|city|EGY|orgn1226|2022-03-24
entt1227|local|ibjOHctq|postcode|GLP|orgn1227|2022-03-24
entt1228|branches|cRlOjEKB|street|COM|orgn1228|2022-03-24
entt1229|local|SoPxMWJC|city|MDG|orgn1229|2022-03-24
entt1230|branches|hAArmNrT|postcode|NLD|orgn1230|2022-03-24
entt1231|branches|nMDItbJx|postcode|BFA|orgn1231|2022-03-24
entt1232|local|CPpvnDhI|city|CHL|orgn1232|2022-03-24
entt1233|local|UIFRgcCM|street|BHR|orgn1233|2022-03-24
entt1234|local|UBafQFSU|city|DNK|orgn1234|2022-03-24
entt1235|branches|LiiAhYrC|postcode|ERI|orgn1235|2022-03-24
entt1236|branches|lqXBSUbE|postcode|SEN|orgn1236|2022-03-24
entt1237|local|mcXbhbKJ|postcode|GMB|orgn1237|2022-03-24
entt1238|local|yoyVBjqg|street|AIA|orgn1238|2022-03-24
entt1239|branches|VrTuuTDA|street|MNG|orgn1239|2022-03-24
entt1240|local|vuwYLCsw|city|IRQ|orgn1240|2022-03-24
entt1241|local|kNwVuenS|city|JEY|orgn1241|2022-03-24
entt1242|local|mpyAyjbu|city|ROU|orgn1242|2022-03-24
entt1243|branches|alWZXqhO|postcode|ARM|orgn1243|2022-03-24
entt1244|branches|HtZGCUgr|city|HUN|orgn1244|2022-03-24
entt1245|branches|diqLDHAh|postcode|MKD|orgn1245|2022-03-24
entt1246|local|CRIauZHa|city|COD|orgn1246|2022-03-24
entt1247|local|NzeWHNZH|street|FLK|orgn1247|2022-03-24
entt1248|local|FQFzFmVi|postcode|CHE|orgn1248|2022-03-24
entt1249|branches|XoPBAOsO|city|BHR|orgn1249|2022-03-24
entt1250|local|YJbELnGC|postcode|SXM|orgn1250|2022-03-24
entt1251|branches|AUyZMJyK|postcode|PRY|orgn1251|2022-03-24
entt1252|local|BqmDiIva|city|ATA|orgn1252|2022-03-24
entt1253|branches|UZgxJjJq|street|NFK|orgn1253|2022-03-24
entt1254|branches|DrUXuMWJ|postcode|CXR|orgn1254|2022-03-24
entt1255|branches|XALMwLlg|postcode|GUM|orgn1255|2022-03-24
entt1256|branches|SNejYYro|postcode|ERI|orgn1256|2022-03-24
entt1257|local|mQodUKFW|postcode|ETH|orgn1257|2022-03-24
entt1258|local|KNSpZRau|postcode|FRO|orgn1258|2022-03-24
entt1259|local|jyAWOlMo|street|BGR|orgn1259|2022-03-24
entt1260|local|RjzNpTdf|city|TGO|orgn1260|2022-03-24
entt1261|local|fUyAeNeG|street|UGA|orgn1261|2022-03-24
entt1262|branches|rxsvpsot|city|LBR|orgn1262|2022-03-24
entt1263|local|bmObiJZG|street|GMB|orgn1263|2022-03-24
entt1264|local|KEFpDjNA|postcode|JAM|orgn1264|2022-03-24
entt1265|local|sKqmbqOh|postcode|BHR|orgn1265|2022-03-24
entt1266|local|MVQVDsZh|street|PYF|orgn1266|2022-03-24
entt1267|local|daGBhrgU|street|QAT|orgn1267|2022-03-24
entt1268|local|PkVhxRRl|postcode|LVA|orgn1268|2022-03-24
entt1269|local|TSywGRpP|postcode|CIV|orgn1269|2022-03-24
entt1270|branches|ceYKzvYJ|postcode|TUN|orgn1270|2022-03-24
entt1271|local|rfguWIlN|street|ISL|orgn1271|2022-03-24
entt1272|local|JhswYGls|street|GAB|orgn1272|2022-03-24
entt1273|local|TieTxJVL|street|TKM|orgn1273|2022-03-24
entt1274|local|CYIOGKFB|postcode|DOM|orgn1274|2022-03-24
entt1275|local|ArnbCbiV|postcode|MRT|orgn1275|2022-03-24
entt1276|branches|ZFaSFOen|street|PSE|orgn1276|2022-03-24
entt1277|local|ToNfgybu|street|TLS|orgn1277|2022-03-24
entt1278|local|VpfdlaQw|postcode|SLV|orgn1278|2022-03-24
entt1279|local|oYmrxwce|street|LBR|orgn1279|2022-03-24
entt1280|local|LrtPpUkl|street|GAB|orgn1280|2022-03-24
entt1281|local|aOgtbUAp|postcode|TCD|orgn1281|2022-03-24
entt1282|branches|alAFYPqb|city|SOM|orgn1282|2022-03-24
entt1283|local|cQzDPfFd|postcode|MMR|orgn1283|2022-03-24
entt1284|branches|vuZySJwy|street|MAR|orgn1284|2022-03-24
entt1285|local|sruYdGmw|street|LAO|orgn1285|2022-03-24
entt1286|branches|bVpmPndG|street|JPN|orgn1286|2022-03-24
entt1287|local|HjXxcHyy|city|GNB|orgn1287|2022-03-24
entt1288|local|DQlZLhLy|street|SWE|orgn1288|2022-03-24
entt1289|local|vxjyUapb|city|FIN|orgn1289|2022-03-24
entt1290|branches|XaeNDewS|street|GEO|orgn1290|2022-03-24
entt1291|branches|bdbcMawB|street|PCN|orgn1291|2022-03-24
entt1292|local|rqsxZeuE|street|CUW|orgn1292|2022-03-24
entt1293|branches|JsqaDFyV|city|TUR|orgn1293|2022-03-24
entt1294|local|mYcQxuFo|postcode|ATA|orgn1294|2022-03-24
entt1295|local|OQnGwgMs|street|NRU|orgn1295|2022-03-24
entt1296|local|cZZiZkzD|street|OMN|orgn1296|2022-03-24
entt1297|branches|fkDhqccw|city|KIR|orgn1297|2022-03-24
entt1298|local|SvUYtsEp|city|IDN|orgn1298|2022-03-24
entt1299|branches|iUlVOtLx|city|IRQ|orgn1299|2022-03-24
entt1300|branches|rYHJKVxs|city|ATG|orgn1300|2022-03-24
entt1301|branches|BmaCzoEW|street|JOR|orgn1301|2022-03-24
entt1302|branches|YkzdaXYt|street|IRN|orgn1302|2022-03-24
entt1303|local|nSrFpwCc|street|NZL|orgn1303|2022-03-24
entt1304|branches|fTOUOeIa|street|NER|orgn1304|2022-03-24
entt1305|local|eoNJYVCM|postcode|CHE|orgn1305|2022-03-24
entt1306|local|fFwxkNjy|postcode|JEY|orgn1306|2022-03-24
entt1307|local|fQEFxHgA|street|CYM|orgn1307|2022-03-24
entt1308|local|HPXDnwDW|postcode|AND|orgn1308|2022-03-24
entt1309|local|ErZhUOWj|street|BWA|orgn1309|2022-03-24
entt1310|local|EyyLBZNF|city|COL|orgn1310|2022-03-24
entt1311|local|POwMZjvC|city|FJI|orgn1311|2022-03-24
entt1312|local|SPYYzXkB|city|GRL|orgn1312|2022-03-24
entt1313|branches|enCpyTXa|street|DMA|orgn1313|2022-03-24
entt1314|local|aQoVBgPy|city|COK|orgn1314|2022-03-24
entt1315|branches|AXjdvUUK|street|VAT|orgn1315|2022-03-24
entt1316|branches|JVGGbZEK|city|PAK|orgn1316|2022-03-24
entt1317|branches|vNEMtoJM|postcode|THA|orgn1317|2022-03-24
entt1318|local|niaRXOpk|street|REU|orgn1318|2022-03-24
entt1319|branches|JWFiNWac|postcode|BFA|orgn1319|2022-03-24
entt1320|branches|uzJKLjQI|street|SYC|orgn1320|2022-03-24
entt1321|branches|USiGmfDa|postcode|IRN|orgn1321|2022-03-24
entt1322|branches|JDgdKCda|street|VAT|orgn1322|2022-03-24
entt1323|local|rIvTeLKI|city|RUS|orgn1323|2022-03-24
entt1324|local|Anczmpvu|postcode|NLD|orgn1324|2022-03-24
entt1325|branches|HVOMCfEv|street|MYT|orgn1325|2022-03-24
entt1326|local|AUOtHafP|city|ESP|orgn1326|2022-03-24
entt1327|local|nXqCdOCy|street|NLD|orgn1327|2022-03-24
entt1328|local|pITIWnVr|street|BHR|orgn1328|2022-03-24
entt1329|branches|uIMAlSrl|street|MWI|orgn1329|2022-03-24
entt1330|branches|mgptwCiF|city|MDA|orgn1330|2022-03-24
entt1331|local|QtdqtJQI|city|GGY|orgn1331|2022-03-24
entt1332|local|UbiFDdDc|city|UKR|orgn1332|2022-03-24
entt1333|branches|vNFnxyMr|street|MNP|orgn1333|2022-03-24
entt1334|local|PPyGPJCM|street|BGD|orgn1334|2022-03-24
entt1335|branches|PIKmhsYD|city|CRI|orgn1335|2022-03-24
entt1336|branches|WmubtDXI|street|ISL|orgn1336|2022-03-24
entt1337|branches|wGhFCGaa|postcode|TLS|orgn1337|2022-03-24
entt1338|local|Zrudcgeh|postcode|MNP|orgn1338|2022-03-24
entt1339|local|yLKuMcmQ|postcode|DMA|orgn1339|2022-03-24
entt1340|local|BzEatukI|postcode|AIA|orgn1340|2022-03-24
entt1341|branches|sWvuJgHE|postcode|CAN|orgn1341|2022-03-24
entt1342|local|oWwVJOFn|street|VEN|orgn1342|2022-03-24
entt1343|branches|LGLqOSgQ|postcode|MAC|orgn1343|2022-03-24
entt1344|branches|PunbeDDM|street|ITA|orgn1344|2022-03-24
entt1345|branches|npLSMPmP|postcode|BRA|orgn1345|2022-03-24
entt1346|local|QLnrGarT|city|PAK|orgn1346|2022-03-24
entt1347|local|sYZQyDlJ|street|TUV|orgn1347|2022-03-24
entt1348|branches|FGnTAsck|postcode|STP|orgn1348|2022-03-24
entt1349|branches|sDPyZpsG|street|IOT|orgn1349|2022-03-24
entt1350|local|UWrXJymO|street|LKA|orgn1350|2022-03-24
entt1351|local|CvJuAExR|city|SSD|orgn1351|2022-03-24
entt1352|branches|oqLTvoQo|street|BRA|orgn1352|2022-03-24
entt1353|local|DYQGPYaM|street|GMB|orgn1353|2022-03-24
entt1354|local|wZkFkwAc|city|COL|orgn1354|2022-03-24
entt1355|branches|zKTaxpmA|street|CIV|orgn1355|2022-03-24
entt1356|branches|sWiBHMpY|postcode|SLE|orgn1356|2022-03-24
entt1357|local|DcavPTFq|postcode|VCT|orgn1357|2022-03-24
entt1358|branches|qrWrWADX|street|MOZ|orgn1358|2022-03-24
entt1359|local|QbjndCNP|street|NAM|orgn1359|2022-03-24
entt1360|local|KNDxNJgs|postcode|ASM|orgn1360|2022-03-24
entt1361|local|vTkWgnRG|city|IND|orgn1361|2022-03-24
entt1362|local|clZZEuAl|street|KAZ|orgn1362|2022-03-24
entt1363|local|qqIDiUcg|street|COG|orgn1363|2022-03-24
entt1364|branches|HQYfWIEm|city|ABW|orgn1364|2022-03-24
entt1365|local|ojOkxvIH|postcode|SWE|orgn1365|2022-03-24
entt1366|local|uBXplrFk|postcode|AND|orgn1366|2022-03-24
entt1367|local|vBOeacXp|postcode|TLS|orgn1367|2022-03-24
entt1368|local|VCMBDcvO|city|LIE|orgn1368|2022-03-24
entt1369|branches|aLrOoNED|postcode|COG|orgn1369|2022-03-24
entt1370|branches|DZWjylKV|city|ESH|orgn1370|2022-03-24
entt1371|local|xGEEwhvG|postcode|MRT|orgn1371|2022-03-24
entt1372|branches|ciDEzoCs|city|BMU|orgn1372|2022-03-24
entt1373|local|PwZRChtl|city|KNA|orgn1373|2022-03-24
entt1374|local|ezpGpUpG|postcode|ERI|orgn1374|2022-03-24
entt1375|branches|DxOQQZVn|city|AFG|orgn1375|2022-03-24
entt1376|branches|LHFuudOJ|postcode|LSO|orgn1376|2022-03-24
entt1377|branches|uinaFELv|postcode|MYS|orgn1377|2022-03-24
entt1378|branches|yTobNFnB|postcode|GBR|orgn1378|2022-03-24
entt1379|local|fqGEIeHR|street|SVK|orgn1379|2022-03-24
entt1380|branches|ISmvOITd|postcode|KHM|orgn1380|2022-03-24
entt1381|local|AFjSYFZR|street|COG|orgn1381|2022-03-24
entt1382|local|cOmPMrYr|city|EST|orgn1382|2022-03-24
entt1383|branches|vWvwDQuA|city|HMD|orgn1383|2022-03-24
entt1384|local|tuhlmAIu|city|MRT|orgn1384|2022-03-24
entt1385|branches|YyLjncpo|postcode|JEY|orgn1385|2022-03-24
entt1386|local|uqsGCnmv|postcode|GNB|orgn1386|2022-03-24
entt1387|local|NVAtcXWG|city|MSR|orgn1387|2022-03-24
entt1388|branches|yzmjgiYX|street|AIA|orgn1388|2022-03-24
entt1389|local|XgKfUwHF|street|COL|orgn1389|2022-03-24
entt1390|branches|OWgMbdRJ|postcode|NLD|orgn1390|2022-03-24
entt1391|local|XlYMvjcj|city|NER|orgn1391|2022-03-24
entt1392|local|uRjclPfx|street|GEO|orgn1392|2022-03-24
entt1393|branches|PfrnmIVS|postcode|MNE|orgn1393|2022-03-24
entt1394|branches|ufxHUhjI|city|GRL|orgn1394|2022-03-24
entt1395|local|VcwWsSXV|street|MLT|orgn1395|2022-03-24
entt1396|local|tIVoLeOv|street|SWE|orgn1396|2022-03-24
entt1397|local|OgAfADWT|postcode|ISL|orgn1397|2022-03-24
entt1398|branches|wcltsbug|city|MYS|orgn1398|2022-03-24
entt1399|branches|KZlCHzMY|postcode|UMI|orgn1399|2022-03-24
entt1400|branches|DAFbudcf|postcode|NRU|orgn1400|2022-03-24
entt1401|local|IojPPnZe|street|PER|orgn1401|2022-03-24
entt1402|local|tokUuBEm|city|KAZ|orgn1402|2022-03-24
entt1403|local|WUYdcXzG|city|AZE|orgn1403|2022-03-24
entt1404|local|KcuMPjRF|postcode|BLR|orgn1404|2022-03-24
entt1405|branches|dakesUZR|postcode|AGO|orgn1405|2022-03-24
entt1406|local|EAcTfuIb|postcode|KHM|orgn1406|2022-03-24
entt1407|local|RRgmlOvH|street|GRL|orgn1407|2022-03-24
entt1408|branches|xmHViUPj|city|MNG|orgn1408|2022-03-24
entt1409|local|UaAfPBDO|postcode|ABW|orgn1409|2022-03-24
entt1410|branches|MRcHKuzB|postcode|JOR|orgn1410|2022-03-24
entt1411|local|daSKlKFF|street|MDV|orgn1411|2022-03-24
entt1412|local|UohFoBLS|street|UKR|orgn1412|2022-03-24
entt1413|branches|frICiTHN|postcode|SHN|orgn1413|2022-03-24
entt1414|branches|ZtyouOda|city|LKA|orgn1414|2022-03-24
entt1415|branches|dRowoBHx|postcode|SJM|orgn1415|2022-03-24
entt1416|branches|siEymdwO|city|MSR|orgn1416|2022-03-24
entt1417|branches|UIuncDDr|postcode|BRB|orgn1417|2022-03-24
entt1418|branches|vDPtgHQz|postcode|BGD|orgn1418|2022-03-24
entt1419|local|PdpbjEbw|postcode|AND|orgn1419|2022-03-24
entt1420|branches|OWOFnWaz|postcode|COL|orgn1420|2022-03-24
entt1421|local|HlGpyJvc|city|SOM|orgn1421|2022-03-24
entt1422|branches|fKWjQkbh|city|MDV|orgn1422|2022-03-24
entt1423|branches|qeOoQZQp|street|CMR|orgn1423|2022-03-24
entt1424|branches|DbETgjJv|postcode|ATA|orgn1424|2022-03-24
entt1425|local|mlkFBePH|city|TUN|orgn1425|2022-03-24
entt1426|branches|pRajRFLf|city|PRY|orgn1426|2022-03-24
entt1427|local|ygUpMZSl|city|VUT|orgn1427|2022-03-24
entt1428|branches|BDhkNJQs|postcode|BHR|orgn1428|2022-03-24
entt1429|local|SlxzCsCT|postcode|SLV|orgn1429|2022-03-24
entt1430|local|NXqrhnJB|street|PAN|orgn1430|2022-03-24
entt1431|local|LLEUSiXI|city|HRV|orgn1431|2022-03-24
entt1432|branches|yjaqjpxy|city|COM|orgn1432|2022-03-24
entt1433|branches|CueLtbId|city|GMB|orgn1433|2022-03-24
entt1434|branches|DarKiwzo|city|DJI|orgn1434|2022-03-24
entt1435|branches|ZsaEomYW|street|IRQ|orgn1435|2022-03-24
entt1436|branches|RuLeSfRb|postcode|PRY|orgn1436|2022-03-24
entt1437|local|SpHThOXN|city|VGB|orgn1437|2022-03-24
entt1438|local|BWlyPtkg|postcode|NGA|orgn1438|2022-03-24
entt1439|branches|qFyqMSxG|city|ALB|orgn1439|2022-03-24
entt1440|local|hjyYcIUt|city|NOR|orgn1440|2022-03-24
entt1441|branches|hDUyXECY|street|BRN|orgn1441|2022-03-24
entt1442|local|PrTbRmmU|city|MEX|orgn1442|2022-03-24
entt1443|branches|dGdjnDgR|city|NIC|orgn1443|2022-03-24
entt1444|branches|FdobVhlR|postcode|TGO|orgn1444|2022-03-24
entt1445|local|BoHJvBhV|city|SGS|orgn1445|2022-03-24
entt1446|branches|pzAEsOpG|street|MCO|orgn1446|2022-03-24
entt1447|local|rPtWbDMu|city|NER|orgn1447|2022-03-24
entt1448|local|EnHDhLUS|city|HTI|orgn1448|2022-03-24
entt1449|branches|lddVmnsE|street|MNG|orgn1449|2022-03-24
entt1450|branches|mULFtRxd|street|YEM|orgn1450|2022-03-24
entt1451|local|wuLoefon|street|TJK|orgn1451|2022-03-24
entt1452|branches|IizeyjhM|postcode|MDV|orgn1452|2022-03-24
entt1453|branches|HFMujZyu|postcode|PYF|orgn1453|2022-03-24
entt1454|branches|dmIAbSXB|postcode|FLK|orgn1454|2022-03-24
entt1455|local|bpEnujjr|postcode|HKG|orgn1455|2022-03-24
entt1456|branches|fawvyZhF|postcode|ZWE|orgn1456|2022-03-24
entt1457|local|xmuuLmQF|street|IRL|orgn1457|2022-03-24
entt1458|local|XUoTayoh|postcode|VUT|orgn1458|2022-03-24
entt1459|local|SZoYhZYA|city|CYM|orgn1459|2022-03-24
entt1460|local|twlZxIvQ|postcode|MRT|orgn1460|2022-03-24
entt1461|local|hqjZuvKW|postcode|LSO|orgn1461|2022-03-24
entt1462|branches|fyzsjVtP|city|TJK|orgn1462|2022-03-24
entt1463|branches|TFqmNjMf|postcode|TCD|orgn1463|2022-03-24
entt1464|local|YhVvbsNy|street|CUW|orgn1464|2022-03-24
entt1465|local|WBjBjQFS|postcode|BLR|orgn1465|2022-03-24
entt1466|branches|RCxgLgCe|city|ABW|orgn1466|2022-03-24
entt1467|local|pBPPfUjp|street|MEX|orgn1467|2022-03-24
entt1468|local|iPiQGGWr|city|CPV|orgn1468|2022-03-24
entt1469|local|DvlWBzSn|city|MNG|orgn1469|2022-03-24
entt1470|local|JEzZSRWW|city|KNA|orgn1470|2022-03-24
entt1471|local|SOAZhePT|city|BGR|orgn1471|2022-03-24
entt1472|local|EDXTnUgN|city|ISL|orgn1472|2022-03-24
entt1473|branches|GcWPxpbN|city|NER|orgn1473|2022-03-24
entt1474|local|JqELAEwZ|city|THA|orgn1474|2022-03-24
entt1475|local|gyYFsmwD|street|ROU|orgn1475|2022-03-24
entt1476|branches|kZjunsGn|postcode|NLD|orgn1476|2022-03-24
entt1477|local|ULIzMukb|street|MKD|orgn1477|2022-03-24
entt1478|local|mRDgWKAo|street|GNQ|orgn1478|2022-03-24
entt1479|local|qrKQtJyN|street|BHR|orgn1479|2022-03-24
entt1480|local|ZXrnUayP|street|TWN|orgn1480|2022-03-24
entt1481|branches|DxrLgjFP|postcode|POL|orgn1481|2022-03-24
entt1482|branches|GsuOhlBS|city|IND|orgn1482|2022-03-24
entt1483|local|NwSmsFTp|street|HRV|orgn1483|2022-03-24
entt1484|local|GyFeJjnx|postcode|LIE|orgn1484|2022-03-24
entt1485|local|QuRubkRf|city|MYS|orgn1485|2022-03-24
entt1486|branches|IJqJtwfu|postcode|PAK|orgn1486|2022-03-24
entt1487|local|pwVrmWhn|street|AZE|orgn1487|2022-03-24
entt1488|local|uFLEmWCx|city|CXR|orgn1488|2022-03-24
entt1489|local|IrznADLR|postcode|SUR|orgn1489|2022-03-24
entt1490|local|lGvuCEYn|city|CYP|orgn1490|2022-03-24
entt1491|local|iVCBXFXU|street|NRU|orgn1491|2022-03-24
entt1492|branches|zSZroTAS|city|BLZ|orgn1492|2022-03-24
entt1493|branches|xiSyfTyY|street|LTU|orgn1493|2022-03-24
entt1494|local|DDieQgVi|city|LAO|orgn1494|2022-03-24
entt1495|branches|GrApzRra|postcode|VAT|orgn1495|2022-03-24
entt1496|local|cQLClfZT|street|JOR|orgn1496|2022-03-24
entt1497|local|FGyfdUEd|postcode|SRB|orgn1497|2022-03-24
entt1498|branches|PPvWhpwp|postcode|MMR|orgn1498|2022-03-24
entt1499|branches|TPnIwmiE|postcode|REU|orgn1499|2022-03-24
entt1500|local|amrQsLUb|postcode|TON|orgn1500|2022-03-24
entt1501|local|SjQWIwPI|street|SVK|orgn1501|2022-03-24
entt1502|local|fWGfhHar|city|USA|orgn1502|2022-03-24
entt1503|branches|qopLgAWv|postcode|PHL|orgn1503|2022-03-24
entt1504|branches|gnHtWlpG|postcode|URY|orgn1504|2022-03-24
entt1505|local|KLlrKzRt|street|DOM|orgn1505|2022-03-24
entt1506|branches|ehNaCvbP|city|GBR|orgn1506|2022-03-24
entt1507|local|OXIQRwDZ|city|BLR|orgn1507|2022-03-24
entt1508|local|eCBUCKPu|street|MNP|orgn1508|2022-03-24
entt1509|branches|pnwpipEh|city|ERI|orgn1509|2022-03-24
entt1510|branches|ZptWHkTF|street|BGD|orgn1510|2022-03-24
entt1511|branches|JoiPKPMb|postcode|SWZ|orgn1511|2022-03-24
entt1512|local|PAMwbLoc|postcode|BTN|orgn1512|2022-03-24
entt1513|local|jKRLAQNL|city|CZE|orgn1513|2022-03-24
entt1514|local|JVATHSqU|street|SEN|orgn1514|2022-03-24
entt1515|branches|CdHXQxxn|postcode|GHA|orgn1515|2022-03-24
entt1516|local|OgqtkHff|street|MRT|orgn1516|2022-03-24
entt1517|branches|krJRMftD|postcode|MYS|orgn1517|2022-03-24
entt1518|local|JPiBFxsQ|city|TON|orgn1518|2022-03-24
entt1519|local|OMvKIPGB|city|CYP|orgn1519|2022-03-24
entt1520|branches|tymFqtdB|postcode|SLB|orgn1520|2022-03-24
entt1521|branches|omwzgaRv|postcode|URY|orgn1521|2022-03-24
entt1522|local|OokFucGW|postcode|PRT|orgn1522|2022-03-24
entt1523|local|TAcaizaQ|city|IRQ|orgn1523|2022-03-24
entt1524|branches|HPuNudLB|street|NLD|orgn1524|2022-03-24
entt1525|branches|uSAfLdIS|street|SDN|orgn1525|2022-03-24
entt1526|local|XFqRvuka|street|NCL|orgn1526|2022-03-24
entt1527|branches|rRzSXqFn|street|KWT|orgn1527|2022-03-24
entt1528|local|CqJFbhaS|street|NZL|orgn1528|2022-03-24
entt1529|local|XziDBEjH|city|MAF|orgn1529|2022-03-24
entt1530|branches|uKKjYNWl|street|TON|orgn1530|2022-03-24
entt1531|local|QixRgOCQ|postcode|BWA|orgn1531|2022-03-24
entt1532|branches|bqAyDFMA|street|SJM|orgn1532|2022-03-24
entt1533|branches|DoejZBtP|street|NAM|orgn1533|2022-03-24
entt1534|local|rTikMgLC|postcode|PER|orgn1534|2022-03-24
entt1535|local|WGFJGSdT|postcode|BRN|orgn1535|2022-03-24
entt1536|local|MXqDzgwx|street|PRY|orgn1536|2022-03-24
entt1537|local|TEBjxqaR|postcode|ARE|orgn1537|2022-03-24
entt1538|branches|VbOmjPRr|street|KEN|orgn1538|2022-03-24
entt1539|branches|AwdjupfG|city|REU|orgn1539|2022-03-24
entt1540|branches|ASWYMRev|street|NZL|orgn1540|2022-03-24
entt1541|branches|XtThtoPa|street|KWT|orgn1541|2022-03-24
entt1542|local|sExCcGqH|city|GUY|orgn1542|2022-03-24
entt1543|branches|MffbAxwM|street|LTU|orgn1543|2022-03-24
entt1544|branches|feYEtUfD|city|CMR|orgn1544|2022-03-24
entt1545|local|IzCEJhuf|postcode|THA|orgn1545|2022-03-24
entt1546|branches|wQNidvYg|postcode|PLW|orgn1546|2022-03-24
entt1547|branches|SGNKdUrI|street|SYC|orgn1547|2022-03-24
entt1548|branches|ljKgYDxt|postcode|GUM|orgn1548|2022-03-24
entt1549|branches|FcPVBgNc|street|SUR|orgn1549|2022-03-24
entt1550|local|ExismUrv|city|CHN|orgn1550|2022-03-24
entt1551|local|gfMCzBxo|postcode|COD|orgn1551|2022-03-24
entt1552|branches|HwKWnYmJ|city|GUF|orgn1552|2022-03-24
entt1553|branches|HOwayRhV|city|GTM|orgn1553|2022-03-24
entt1554|branches|LcnFpSBy|street|ARE|orgn1554|2022-03-24
entt1555|local|ogleauTv|street|HRV|orgn1555|2022-03-24
entt1556|local|nPQSfOzG|city|SYC|orgn1556|2022-03-24
entt1557|branches|htyAmFqL|city|BGR|orgn1557|2022-03-24
entt1558|local|piVtsjUZ|city|STP|orgn1558|2022-03-24
entt1559|local|LmarUpXa|street|LTU|orgn1559|2022-03-24
entt1560|branches|kFRSjehr|city|KGZ|orgn1560|2022-03-24
entt1561|local|jIAsEBnS|postcode|JEY|orgn1561|2022-03-24
entt1562|local|BMxebqjr|city|TWN|orgn1562|2022-03-24
entt1563|branches|qTiCSofc|city|GIB|orgn1563|2022-03-24
entt1564|local|LSSFXRoy|street|DNK|orgn1564|2022-03-24
entt1565|local|vFIzlrdS|postcode|MAC|orgn1565|2022-03-24
entt1566|local|RYqtUpiO|street|MAR|orgn1566|2022-03-24
entt1567|local|ADYjXFnB|street|SJM|orgn1567|2022-03-24
entt1568|local|WFlsmXRE|street|AFG|orgn1568|2022-03-24
entt1569|branches|WDkSXcKH|postcode|GBR|orgn1569|2022-03-24
entt1570|local|iBhpSJeX|street|LBR|orgn1570|2022-03-24
entt1571|branches|BmLNluxg|city|FRA|orgn1571|2022-03-24
entt1572|local|BhRdzVDN|city|KNA|orgn1572|2022-03-24
entt1573|branches|qsnUTtaM|city|NIU|orgn1573|2022-03-24
entt1574|branches|zxTTKAli|city|MKD|orgn1574|2022-03-24
entt1575|local|WISnVhcB|postcode|JAM|orgn1575|2022-03-24
entt1576|local|zINvugmm|street|GRD|orgn1576|2022-03-24
entt1577|branches|msCIdgdj|postcode|GUF|orgn1577|2022-03-24
entt1578|local|odfnFyEX|city|FLK|orgn1578|2022-03-24
entt1579|local|RctXpSuG|city|WSM|orgn1579|2022-03-24
entt1580|local|Scdrgmjc|postcode|SVK|orgn1580|2022-03-24
entt1581|local|QoERBfZA|street|QAT|orgn1581|2022-03-24
entt1582|local|WKYazzHw|postcode|SGP|orgn1582|2022-03-24
entt1583|branches|kYBWmXZf|city|NGA|orgn1583|2022-03-24
entt1584|branches|hzlCvEZr|postcode|TUR|orgn1584|2022-03-24
entt1585|local|ugWAIWpt|city|SUR|orgn1585|2022-03-24
entt1586|branches|EEpgsnrf|street|SAU|orgn1586|2022-03-24
entt1587|branches|RSmGSbsV|city|ALA|orgn1587|2022-03-24
entt1588|branches|rDnQmDqO|postcode|VAT|orgn1588|2022-03-24
entt1589|branches|RjLYOTQd|street|ASM|orgn1589|2022-03-24
entt1590|local|HTYLGMDD|city|COM|orgn1590|2022-03-24
entt1591|branches|jcDmrzzv|city|RUS|orgn1591|2022-03-24
entt1592|branches|tgGbrILQ|postcode|JAM|orgn1592|2022-03-24
entt1593|branches|TJBoRtCg|city|ISR|orgn1593|2022-03-24
entt1594|local|FfQPjRpo|street|DEU|orgn1594|2022-03-24
entt1595|branches|dAVdJuZl|street|COG|orgn1595|2022-03-24
entt1596|local|advHQXBm|street|KEN|orgn1596|2022-03-24
entt1597|branches|yruEaMrE|city|IMN|orgn1597|2022-03-24
entt1598|branches|pQFFNDrV|postcode|SXM|orgn1598|2022-03-24
entt1599|branches|SwrWANTD|street|NZL|orgn1599|2022-03-24
entt1600|local|JhHjaSxu|city|BWA|orgn1600|2022-03-24
entt1601|local|PxEVmYxM|postcode|GRC|orgn1601|2022-03-24
entt1602|branches|hVQEjqBE|postcode|SLV|orgn1602|2022-03-24
entt1603|local|wJQeQTgb|postcode|IDN|orgn1603|2022-03-24
entt1604|local|SXeDaKTh|city|SMR|orgn1604|2022-03-24
entt1605|branches|oFxAMzov|postcode|MNE|orgn1605|2022-03-24
entt1606|branches|FhlsotdV|street|AIA|orgn1606|2022-03-24
entt1607|local|zeJaJHpz|city|BGR|orgn1607|2022-03-24
entt1608|local|thIRKUnF|street|GNQ|orgn1608|2022-03-24
entt1609|branches|PvwEAtyl|city|SLV|orgn1609|2022-03-24
entt1610|local|YMJiXvCg|city|UGA|orgn1610|2022-03-24
entt1611|branches|pnizGmyp|city|EGY|orgn1611|2022-03-24
entt1612|branches|gSsdkEuq|postcode|AND|orgn1612|2022-03-24
entt1613|local|pPXbpbCm|city|PAN|orgn1613|2022-03-24
entt1614|local|ClfitLMg|city|FSM|orgn1614|2022-03-24
entt1615|branches|szttZkGE|city|KGZ|orgn1615|2022-03-24
entt1616|branches|FMbhQrhc|city|SEN|orgn1616|2022-03-24
entt1617|branches|MDsxTiiQ|postcode|DJI|orgn1617|2022-03-24
entt1618|branches|cLrbLmkI|city|TLS|orgn1618|2022-03-24
entt1619|local|GCOFlnHZ|postcode|CYP|orgn1619|2022-03-24
entt1620|local|dgTLXotA|city|VNM|orgn1620|2022-03-24
entt1621|branches|ErxbODFw|postcode|GUY|orgn1621|2022-03-24
entt1622|branches|sEOlCzQE|city|JAM|orgn1622|2022-03-24
entt1623|branches|YRNtQHKv|postcode|VUT|orgn1623|2022-03-24
entt1624|branches|tsuOzJTS|street|DEU|orgn1624|2022-03-24
entt1625|local|RWEIHmFP|street|SHN|orgn1625|2022-03-24
entt1626|branches|vPZOHpDW|street|IND|orgn1626|2022-03-24
entt1627|branches|iapeUKem|postcode|IDN|orgn1627|2022-03-24
entt1628|local|mlZLZghd|postcode|ATA|orgn1628|2022-03-24
entt1629|branches|GuFGoGAz|city|MAC|orgn1629|2022-03-24
entt1630|branches|fXcZYeBI|street|TUN|orgn1630|2022-03-24
entt1631|local|fQdhmGmr|street|BRA|orgn1631|2022-03-24
entt1632|branches|XikdtpgZ|street|DMA|orgn1632|2022-03-24
entt1633|branches|tmLImxyq|street|SYR|orgn1633|2022-03-24
entt1634|branches|AAHHdGXS|city|NAM|orgn1634|2022-03-24
entt1635|local|NWrthfLD|street|CYM|orgn1635|2022-03-24
entt1636|local|QPJCeQMH|street|VNM|orgn1636|2022-03-24
entt1637|local|eSOEwcIB|street|SVK|orgn1637|2022-03-24
entt1638|branches|xAScGIAr|city|VUT|orgn1638|2022-03-24
entt1639|local|KFPIcPnJ|postcode|RUS|orgn1639|2022-03-24
entt1640|local|QXxjkOop|city|VNM|orgn1640|2022-03-24
entt1641|branches|WXmuqHzx|postcode|NFK|orgn1641|2022-03-24
entt1642|local|RhgAsaop|street|GRL|orgn1642|2022-03-24
entt1643|branches|GoiGOmNs|postcode|KEN|orgn1643|2022-03-24
entt1644|branches|CSZdEzci|postcode|DNK|orgn1644|2022-03-24
entt1645|branches|MWzHvoNw|postcode|LIE|orgn1645|2022-03-24
entt1646|branches|LuQFzlzy|postcode|BGD|orgn1646|2022-03-24
entt1647|branches|JImRkOCI|postcode|AUT|orgn1647|2022-03-24
entt1648|branches|usYHyeel|street|GUY|orgn1648|2022-03-24
entt1649|branches|TKHqAgvc|street|ETH|orgn1649|2022-03-24
entt1650|branches|egTcJXOO|postcode|GUF|orgn1650|2022-03-24
entt1651|local|RzKTLJwJ|city|MRT|orgn1651|2022-03-24
entt1652|branches|HVaHIlyq|street|GUM|orgn1652|2022-03-24
entt1653|local|lsQDuMOJ|street|VUT|orgn1653|2022-03-24
entt1654|local|YWlrzUpv|city|EGY|orgn1654|2022-03-24
entt1655|branches|hlEXBfsn|city|JEY|orgn1655|2022-03-24
entt1656|local|pPEnraaJ|city|BHR|orgn1656|2022-03-24
entt1657|local|nbsNVbLX|city|PER|orgn1657|2022-03-24
entt1658|local|vQokCIdr|postcode|CYP|orgn1658|2022-03-24
entt1659|local|bRMwgBct|postcode|MKD|orgn1659|2022-03-24
entt1660|local|whHUgxWq|postcode|ZAF|orgn1660|2022-03-24
entt1661|local|RsnlLwJi|street|CPV|orgn1661|2022-03-24
entt1662|local|GeegzKWT|street|MEX|orgn1662|2022-03-24
entt1663|branches|JGNfesLn|street|VAT|orgn1663|2022-03-24
entt1664|branches|YQMMKRZr|street|KGZ|orgn1664|2022-03-24
entt1665|branches|gPcZmsgn|postcode|CHN|orgn1665|2022-03-24
entt1666|local|bVODxkLu|city|GUM|orgn1666|2022-03-24
entt1667|branches|Danzbfsm|postcode|LIE|orgn1667|2022-03-24
entt1668|branches|aUplTUDI|city|CIV|orgn1668|2022-03-24
entt1669|local|FSyLgNTP|street|TJK|orgn1669|2022-03-24
entt1670|branches|TssVSnWi|city|FLK|orgn1670|2022-03-24
entt1671|local|TXOnCTgE|city|MKD|orgn1671|2022-03-24
entt1672|local|huHazsjL|street|TTO|orgn1672|2022-03-24
entt1673|branches|iyJaNetC|street|GRC|orgn1673|2022-03-24
entt1674|local|EeZhKGJa|street|LBY|orgn1674|2022-03-24
entt1675|branches|udoYtqGS|street|TJK|orgn1675|2022-03-24
entt1676|branches|KKrBVWFa|street|IND|orgn1676|2022-03-24
entt1677|branches|icUpyhbp|city|NIC|orgn1677|2022-03-24
entt1678|branches|xQcmaAlc|street|YEM|orgn1678|2022-03-24
entt1679|local|JadHSFEw|city|CIV|orgn1679|2022-03-24
entt1680|local|AlrywjgZ|postcode|LBY|orgn1680|2022-03-24
entt1681|branches|LrasOclr|street|NAM|orgn1681|2022-03-24
entt1682|branches|gPCaFEaZ|postcode|ZAF|orgn1682|2022-03-24
entt1683|branches|pByUerNG|postcode|DZA|orgn1683|2022-03-24
entt1684|local|SqYqysHj|city|GBR|orgn1684|2022-03-24
entt1685|local|URYcVmmU|city|SOM|orgn1685|2022-03-24
entt1686|branches|rTzPlsCV|city|EST|orgn1686|2022-03-24
entt1687|branches|vKeqlpOB|street|TON|orgn1687|2022-03-24
entt1688|local|nDiQgenE|street|SPM|orgn1688|2022-03-24
entt1689|local|UMRyukiS|street|TLS|orgn1689|2022-03-24
entt1690|branches|kgYsZqkv|postcode|TCD|orgn1690|2022-03-24
entt1691|branches|CXhesstz|city|PSE|orgn1691|2022-03-24
entt1692|branches|ryMVhHRB|city|MNP|orgn1692|2022-03-24
entt1693|local|nZtkbugN|city|GHA|orgn1693|2022-03-24
entt1694|branches|wKMeRzwB|city|SLV|orgn1694|2022-03-24
entt1695|branches|kEFCoxUd|street|IMN|orgn1695|2022-03-24
entt1696|local|JdHraTTB|street|CPV|orgn1696|2022-03-24
entt1697|branches|pXQoglgw|street|HRV|orgn1697|2022-03-24
entt1698|branches|fKlbhqhm|street|TTO|orgn1698|2022-03-24
entt1699|branches|aUflYZLx|street|ESP|orgn1699|2022-03-24
entt1700|branches|SxDqzMQq|street|BFA|orgn1700|2022-03-24
entt1701|local|fMnAuVRC|city|HKG|orgn1701|2022-03-24
entt1702|local|gclirlvk|postcode|LCA|orgn1702|2022-03-24
entt1703|local|GGdLxPkW|street|DMA|orgn1703|2022-03-24
entt1704|branches|wauJLors|city|DJI|orgn1704|2022-03-24
entt1705|local|VybxunMB|street|HTI|orgn1705|2022-03-24
entt1706|local|FtzXbxsr|city|IRQ|orgn1706|2022-03-24
entt1707|local|JgFQWLyA|street|PYF|orgn1707|2022-03-24
entt1708|branches|YpOzcPmu|city|JEY|orgn1708|2022-03-24
entt1709|branches|ukOpwbTG|street|TKL|orgn1709|2022-03-24
entt1710|branches|WnFcQjZg|street|PER|orgn1710|2022-03-24
entt1711|branches|RFCApWkW|street|HND|orgn1711|2022-03-24
entt1712|local|DrnmIzhf|city|PHL|orgn1712|2022-03-24
entt1713|local|NgKBUyJt|street|SPM|orgn1713|2022-03-24
entt1714|local|NJmTbWRM|postcode|KOR|orgn1714|2022-03-24
entt1715|branches|IAKHYpvx|postcode|NLD|orgn1715|2022-03-24
entt1716|branches|hKygPSfc|postcode|PRT|orgn1716|2022-03-24
entt1717|branches|WYSIRAHD|city|SUR|orgn1717|2022-03-24
entt1718|branches|rGiAOiGE|city|CAF|orgn1718|2022-03-24
entt1719|local|qQBmCSeV|postcode|DJI|orgn1719|2022-03-24
entt1720|local|GqpkhsmO|postcode|CUW|orgn1720|2022-03-24
entt1721|local|aHYeAWRU|street|QAT|orgn1721|2022-03-24
entt1722|local|cLLrUQUs|street|KAZ|orgn1722|2022-03-24
entt1723|local|jMBcUOMS|postcode|GEO|orgn1723|2022-03-24
entt1724|local|qaVFIjND|street|MCO|orgn1724|2022-03-24
entt1725|local|TJUGtsDX|city|CYM|orgn1725|2022-03-24
entt1726|local|YHIoOIWb|postcode|FJI|orgn1726|2022-03-24
entt1727|local|dogvqrbC|street|LKA|orgn1727|2022-03-24
entt1728|branches|jxZdvpzc|postcode|NRU|orgn1728|2022-03-24
entt1729|branches|SnYXwuxE|city|EST|orgn1729|2022-03-24
entt1730|branches|ZrVKCfqC|postcode|IDN|orgn1730|2022-03-24
entt1731|branches|brPVfrXW|street|MAC|orgn1731|2022-03-24
entt1732|branches|AaIfPZlm|street|KHM|orgn1732|2022-03-24
entt1733|branches|WchUKeUU|postcode|COL|orgn1733|2022-03-24
entt1734|local|iLcPwOgr|street|GIN|orgn1734|2022-03-24
entt1735|local|NbLNaThf|street|SRB|orgn1735|2022-03-24
entt1736|local|NhsNDLTf|street|PNG|orgn1736|2022-03-24
entt1737|local|fpFYuthb|street|SMR|orgn1737|2022-03-24
entt1738|branches|GecBPuFe|city|PNG|orgn1738|2022-03-24
entt1739|branches|BWTYZBcI|city|ECU|orgn1739|2022-03-24
entt1740|branches|NhTdjmFB|street|SWZ|orgn1740|2022-03-24
entt1741|branches|tKhsZXnX|city|SEN|orgn1741|2022-03-24
entt1742|local|gOdEGDtK|postcode|BMU|orgn1742|2022-03-24
entt1743|branches|QfSnRWYU|postcode|AGO|orgn1743|2022-03-24
entt1744|local|qDJFRzyE|city|TCD|orgn1744|2022-03-24
entt1745|local|nrUXdhdu|street|MMR|orgn1745|2022-03-24
entt1746|local|UTkptGSj|street|THA|orgn1746|2022-03-24
entt1747|local|jpKzLqBB|postcode|FIN|orgn1747|2022-03-24
entt1748|branches|pVjKmVsa|city|MLI|orgn1748|2022-03-24
entt1749|local|CEHIJjqe|postcode|FLK|orgn1749|2022-03-24
entt1750|branches|bmrPalYc|city|NPL|orgn1750|2022-03-24
entt1751|branches|SvQYIXpJ|street|KIR|orgn1751|2022-03-24
entt1752|local|UKYBIObO|city|TTO|orgn1752|2022-03-24
entt1753|branches|kWHbvSwT|street|ASM|orgn1753|2022-03-24
entt1754|local|qckQVyyT|postcode|NAM|orgn1754|2022-03-24
entt1755|branches|DaNFeqra|city|VUT|orgn1755|2022-03-24
entt1756|local|IIFAtOPx|postcode|VEN|orgn1756|2022-03-24
entt1757|branches|fKYtNemJ|street|GGY|orgn1757|2022-03-24
entt1758|branches|PpkhIGMF|postcode|KWT|orgn1758|2022-03-24
entt1759|local|eUETQyMC|postcode|PCN|orgn1759|2022-03-24
entt1760|local|tetUOZcl|street|BMU|orgn1760|2022-03-24
entt1761|branches|tAfTwvyN|street|IDN|orgn1761|2022-03-24
entt1762|local|KqwkcrAS|postcode|ZWE|orgn1762|2022-03-24
entt1763|branches|fiXzRQCV|street|MNP|orgn1763|2022-03-24
entt1764|local|RhvNSaGL|city|BEL|orgn1764|2022-03-24
entt1765|local|ZbRWBDaf|city|MSR|orgn1765|2022-03-24
entt1766|branches|XkfAuGvA|postcode|ESH|orgn1766|2022-03-24
entt1767|local|aTkhVeTb|city|PYF|orgn1767|2022-03-24
entt1768|local|YKcXoHnK|postcode|ATF|orgn1768|2022-03-24
entt1769|branches|BTiUDQIt|city|CHN|orgn1769|2022-03-24
entt1770|branches|eGZuBIrZ|street|YEM|orgn1770|2022-03-24
entt1771|branches|yGUXqkOW|street|BMU|orgn1771|2022-03-24
entt1772|branches|jskdtYiI|city|COG|orgn1772|2022-03-24
entt1773|local|hdpuqZbX|city|ARG|orgn1773|2022-03-24
entt1774|branches|iJOSTbsU|street|NIC|orgn1774|2022-03-24
entt1775|branches|XwyPKBDh|street|ASM|orgn1775|2022-03-24
entt1776|local|xIDwgKvJ|street|SHN|orgn1776|2022-03-24
entt1777|local|EyxjegHy|street|MLI|orgn1777|2022-03-24
entt1778|local|fQlYAxsS|postcode|TGO|orgn1778|2022-03-24
entt1779|branches|ZDJHMEno|street|LVA|orgn1779|2022-03-24
entt1780|branches|ymIIoHaz|street|CMR|orgn1780|2022-03-24
entt1781|branches|OlDbjyfX|city|GIB|orgn1781|2022-03-24
entt1782|local|GhEXJuDJ|street|ALB|orgn1782|2022-03-24
entt1783|branches|cpipDVaP|city|THA|orgn1783|2022-03-24
entt1784|local|deShXXcV|city|SYC|orgn1784|2022-03-24
entt1785|branches|RnPQpQpQ|city|CXR|orgn1785|2022-03-24
entt1786|local|gWjfiuRF|postcode|NOR|orgn1786|2022-03-24
entt1787|local|mArDAuKP|street|FRO|orgn1787|2022-03-24
entt1788|local|vKVYAGGx|street|JOR|orgn1788|2022-03-24
entt1789|local|HdJazNZf|postcode|VIR|orgn1789|2022-03-24
entt1790|branches|lzaDQEqR|street|TTO|orgn1790|2022-03-24
entt1791|branches|igkjVLNt|street|GIB|orgn1791|2022-03-24
entt1792|branches|TCCohfSa|city|NRU|orgn1792|2022-03-24
entt1793|branches|ujdZasaJ|street|NCL|orgn1793|2022-03-24
entt1794|local|dWjFCbXl|city|HMD|orgn1794|2022-03-24
entt1795|local|DsjNZRGb|street|SYC|orgn1795|2022-03-24
entt1796|branches|dNIKrMRc|city|CMR|orgn1796|2022-03-24
entt1797|branches|WMIUrQCW|city|BHS|orgn1797|2022-03-24
entt1798|branches|hSWIumXo|street|UGA|orgn1798|2022-03-24
entt1799|branches|PpKKBzYQ|city|IND|orgn1799|2022-03-24
entt1800|branches|UGPbokca|postcode|MHL|orgn1800|2022-03-24
entt1801|local|XTtMwZRN|postcode|COL|orgn1801|2022-03-24
entt1802|branches|ZAlFlzyh|street|CRI|orgn1802|2022-03-24
entt1803|branches|OLJNGDIB|postcode|TJK|orgn1803|2022-03-24
entt1804|local|XkflvVxR|street|JPN|orgn1804|2022-03-24
entt1805|local|gOMyWSEF|postcode|GUY|orgn1805|2022-03-24
entt1806|local|WGtpzeKc|street|SVN|orgn1806|2022-03-24
entt1807|branches|DGdcRcOS|city|SSD|orgn1807|2022-03-24
entt1808|local|XrkdbRow|city|PNG|orgn1808|2022-03-24
entt1809|local|cxrhyJRq|street|MRT|orgn1809|2022-03-24
entt1810|branches|mnWehfRv|street|FLK|orgn1810|2022-03-24
entt1811|branches|efoAoZQb|postcode|KNA|orgn1811|2022-03-24
entt1812|local|wIUpdmqL|street|JOR|orgn1812|2022-03-24
entt1813|branches|ySRHNzwR|postcode|COK|orgn1813|2022-03-24
entt1814|branches|dFCxslHK|city|CAF|orgn1814|2022-03-24
entt1815|branches|dutWEIcv|postcode|SVN|orgn1815|2022-03-24
entt1816|branches|uTcqyPKM|postcode|SGS|orgn1816|2022-03-24
entt1817|branches|sXVsNjWW|street|IDN|orgn1817|2022-03-24
entt1818|local|KgPKJnRo|postcode|CYP|orgn1818|2022-03-24
entt1819|local|mDCBOIMM|city|CAN|orgn1819|2022-03-24
entt1820|local|rCQDVPuG|city|ECU|orgn1820|2022-03-24
entt1821|local|gfgGzIql|street|CMR|orgn1821|2022-03-24
entt1822|local|NAZqvIdS|street|BEN|orgn1822|2022-03-24
entt1823|local|AXWtLFuT|street|CAF|orgn1823|2022-03-24
entt1824|local|GysWcmFe|city|ESP|orgn1824|2022-03-24
entt1825|local|igxxSdmZ|postcode|REU|orgn1825|2022-03-24
entt1826|local|bnQwdmvX|street|NCL|orgn1826|2022-03-24
entt1827|branches|PxOrDYuv|city|NCL|orgn1827|2022-03-24
entt1828|branches|IskrLkMr|city|TUN|orgn1828|2022-03-24
entt1829|branches|AggrOjVD|street|ATA|orgn1829|2022-03-24
entt1830|local|vYOrHzuv|street|STP|orgn1830|2022-03-24
entt1831|local|BssvIzzV|street|BRA|orgn1831|2022-03-24
entt1832|branches|zAtigbRf|postcode|LBY|orgn1832|2022-03-24
entt1833|branches|hcffthLJ|city|CUB|orgn1833|2022-03-24
entt1834|branches|YYstAYPs|street|ETH|orgn1834|2022-03-24
entt1835|branches|ukxEDKIN|city|FLK|orgn1835|2022-03-24
entt1836|local|RdhsWSGI|postcode|MDV|orgn1836|2022-03-24
entt1837|branches|JZmSECPX|postcode|IRL|orgn1837|2022-03-24
entt1838|branches|xxpHvagt|postcode|SEN|orgn1838|2022-03-24
entt1839|local|ZxUyeaji|postcode|BLM|orgn1839|2022-03-24
entt1840|local|vdUYWpbv|street|NZL|orgn1840|2022-03-24
entt1841|branches|zNayXmEs|postcode|CHN|orgn1841|2022-03-24
entt1842|branches|HrTVaHhM|city|ASM|orgn1842|2022-03-24
entt1843|branches|xEpQTnGD|street|PRY|orgn1843|2022-03-24
entt1844|local|yqElFcSD|postcode|SMR|orgn1844|2022-03-24
entt1845|local|LtJYjxYR|city|MDA|orgn1845|2022-03-24
entt1846|branches|LonommJo|street|SJM|orgn1846|2022-03-24
entt1847|branches|KvTSJHVH|postcode|CPV|orgn1847|2022-03-24
entt1848|local|eCkffmgP|street|ATA|orgn1848|2022-03-24
entt1849|branches|HaELbWfY|city|LBN|orgn1849|2022-03-24
entt1850|local|pQLpfTri|city|TJK|orgn1850|2022-03-24
entt1851|local|xAtASWOV|city|GEO|orgn1851|2022-03-24
entt1852|branches|UEwVjdLa|street|VAT|orgn1852|2022-03-24
entt1853|branches|RPdLhCsK|postcode|SAU|orgn1853|2022-03-24
entt1854|local|EvjfwUGM|street|TUR|orgn1854|2022-03-24
entt1855|local|BZLoqAoW|city|ZWE|orgn1855|2022-03-24
entt1856|local|IxfLJSIt|postcode|COM|orgn1856|2022-03-24
entt1857|local|zEmqICOe|street|DNK|orgn1857|2022-03-24
entt1858|branches|eCYGyBTx|city|BFA|orgn1858|2022-03-24
entt1859|branches|NBBFqNWv|city|OMN|orgn1859|2022-03-24
entt1860|branches|GwytIYFY|city|FLK|orgn1860|2022-03-24
entt1861|local|EqcvbVRJ|street|CAN|orgn1861|2022-03-24
entt1862|branches|wfzFusEW|street|SGS|orgn1862|2022-03-24
entt1863|branches|umPMuTbp|postcode|SGP|orgn1863|2022-03-24
entt1864|local|TIxBAsIN|postcode|FRA|orgn1864|2022-03-24
entt1865|local|soDujzpX|city|TGO|orgn1865|2022-03-24
entt1866|local|UkmCWUib|street|CAN|orgn1866|2022-03-24
entt1867|local|eyMaWHrr|street|SAU|orgn1867|2022-03-24
entt1868|local|MMHlPlFk|postcode|CHE|orgn1868|2022-03-24
entt1869|local|mdxTKQcw|postcode|SPM|orgn1869|2022-03-24
entt1870|local|OkgwSEbo|street|JOR|orgn1870|2022-03-24
entt1871|branches|tSjNdwYv|street|SYR|orgn1871|2022-03-24
entt1872|branches|scBazske|postcode|COG|orgn1872|2022-03-24
entt1873|local|hgoQyuMe|street|LTU|orgn1873|2022-03-24
entt1874|branches|CuaGUkdX|postcode|KWT|orgn1874|2022-03-24
entt1875|local|oaXWqgtG|street|RWA|orgn1875|2022-03-24
entt1876|branches|WhWaTrba|city|AND|orgn1876|2022-03-24
entt1877|branches|mtABCKlk|city|BGD|orgn1877|2022-03-24
entt1878|branches|TlSBIvUY|street|GTM|orgn1878|2022-03-24
entt1879|branches|zeDLxLvp|city|PYF|orgn1879|2022-03-24
entt1880|branches|qKFqnCzS|street|MEX|orgn1880|2022-03-24
entt1881|local|JixQCmmD|city|NCL|orgn1881|2022-03-24
entt1882|branches|eJuJBIiv|city|URY|orgn1882|2022-03-24
entt1883|branches|VJlXxMZP|postcode|BHS|orgn1883|2022-03-24
entt1884|local|IaZrmCJV|postcode|SEN|orgn1884|2022-03-24
entt1885|local|UFrVYRJN|street|MDA|orgn1885|2022-03-24
entt1886|branches|CeviGVTu|street|FRA|orgn1886|2022-03-24
entt1887|local|qMwYGGBr|street|SEN|orgn1887|2022-03-24
entt1888|local|iwDDekxt|street|REU|orgn1888|2022-03-24
entt1889|branches|XqeEbTJN|postcode|WLF|orgn1889|2022-03-24
entt1890|local|eyzrYqJe|postcode|GUF|orgn1890|2022-03-24
entt1891|local|fkTAfCLG|street|PRI|orgn1891|2022-03-24
entt1892|local|bzGqPazl|postcode|BLR|orgn1892|2022-03-24
entt1893|branches|maYRbJTF|city|MYS|orgn1893|2022-03-24
entt1894|local|ivEeUpfw|postcode|DZA|orgn1894|2022-03-24
entt1895|local|ovaIIcOh|postcode|LAO|orgn1895|2022-03-24
entt1896|branches|QNvjVpxC|street|ARE|orgn1896|2022-03-24
entt1897|local|eRhXtTyj|street|SLV|orgn1897|2022-03-24
entt1898|local|GWOdpxZm|postcode|CYP|orgn1898|2022-03-24
entt1899|branches|GItyTsXa|city|CMR|orgn1899|2022-03-24
entt1900|branches|IcFUuhmz|street|NZL|orgn1900|2022-03-24
entt1901|branches|JdbAHgRG|city|IRQ|orgn1901|2022-03-24
entt1902|branches|jDnsuRNQ|postcode|QAT|orgn1902|2022-03-24
entt1903|local|zBVJGQtG|postcode|LIE|orgn1903|2022-03-24
entt1904|local|wKkyqnTm|street|PCN|orgn1904|2022-03-24
entt1905|branches|tuvYUzEU|postcode|ALB|orgn1905|2022-03-24
entt1906|local|NXbpzQOC|city|SGP|orgn1906|2022-03-24
entt1907|branches|QrVIkkWX|street|MWI|orgn1907|2022-03-24
entt1908|branches|iatoWHpY|city|KWT|orgn1908|2022-03-24
entt1909|branches|gIFVvoba|city|CMR|orgn1909|2022-03-24
entt1910|branches|jBtaLoCe|postcode|ITA|orgn1910|2022-03-24
entt1911|branches|tuFPDBvH|street|BOL|orgn1911|2022-03-24
entt1912|branches|dWPcheFE|city|MHL|orgn1912|2022-03-24
entt1913|branches|enRjYadO|city|NGA|orgn1913|2022-03-24
entt1914|branches|nIlLtecK|street|KWT|orgn1914|2022-03-24
entt1915|branches|cyhVNoQF|city|MEX|orgn1915|2022-03-24
entt1916|local|ifswSBfV|postcode|MEX|orgn1916|2022-03-24
entt1917|local|aWHTlKZQ|postcode|GGY|orgn1917|2022-03-24
entt1918|branches|JddRXNvh|street|BGR|orgn1918|2022-03-24
entt1919|local|gnbPrjSk|postcode|CCK|orgn1919|2022-03-24
entt1920|branches|mWLScDhL|street|TWN|orgn1920|2022-03-24
entt1921|branches|jYQuXLzh|city|LVA|orgn1921|2022-03-24
entt1922|branches|QskIsRnZ|street|BRB|orgn1922|2022-03-24
entt1923|local|FyonXMwJ|postcode|GEO|orgn1923|2022-03-24
entt1924|local|oQTmkHbi|city|NGA|orgn1924|2022-03-24
entt1925|branches|SlLZiSKc|street|EST|orgn1925|2022-03-24
entt1926|local|TfCMsRUB|city|JAM|orgn1926|2022-03-24
entt1927|local|oACvCDee|postcode|ETH|orgn1927|2022-03-24
entt1928|local|ehKgRFiq|street|TGO|orgn1928|2022-03-24
entt1929|branches|ustVRNYp|city|BEN|orgn1929|2022-03-24
entt1930|local|FfdzZIsK|street|PYF|orgn1930|2022-03-24
entt1931|branches|KFjOtZBQ|postcode|MLI|orgn1931|2022-03-24
entt1932|local|lCZVwioL|city|SVK|orgn1932|2022-03-24
entt1933|local|loTECmUC|postcode|MOZ|orgn1933|2022-03-24
entt1934|local|HnunEkig|street|IRN|orgn1934|2022-03-24
entt1935|local|owYuYTpe|postcode|TKM|orgn1935|2022-03-24
entt1936|local|oiWkTsWl|postcode|ETH|orgn1936|2022-03-24
entt1937|branches|ooSJajnr|street|PRI|orgn1937|2022-03-24
entt1938|branches|fDUrtpWX|postcode|SHN|orgn1938|2022-03-24
entt1939|branches|uPcBpiFv|postcode|LBR|orgn1939|2022-03-24
entt1940|local|rWRbjkEI|street|RWA|orgn1940|2022-03-24
entt1941|local|OEKmnSYa|city|NIU|orgn1941|2022-03-24
entt1942|branches|YWIUzEuP|postcode|OMN|orgn1942|2022-03-24
entt1943|branches|qqqnbtUs|street|REU|orgn1943|2022-03-24
entt1944|local|kAKHGmft|city|AGO|orgn1944|2022-03-24
entt1945|branches|zZDtCdAi|city|CHE|orgn1945|2022-03-24
entt1946|branches|QGXCzaxj|postcode|FIN|orgn1946|2022-03-24
entt1947|local|eJMFjALf|postcode|LVA|orgn1947|2022-03-24
entt1948|local|goGDacJu|postcode|MAR|orgn1948|2022-03-24
entt1949|local|HSHgKMUe|city|JAM|orgn1949|2022-03-24
entt1950|branches|aAwgjdAy|postcode|SWE|orgn1950|2022-03-24
entt1951|local|qvXfckvF|street|COK|orgn1951|2022-03-24
entt1952|branches|zkyPhHEX|city|UZB|orgn1952|2022-03-24
entt1953|local|GBwBnNoc|postcode|TTO|orgn1953|2022-03-24
entt1954|local|qGeyLHdK|city|ZWE|orgn1954|2022-03-24
entt1955|branches|pnayWQFn|postcode|FRO|orgn1955|2022-03-24
entt1956|branches|TjShuKCg|street|ZMB|orgn1956|2022-03-24
entt1957|local|UHpTmgix|postcode|SPM|orgn1957|2022-03-24
entt1958|local|jLJOEbnd|city|TGO|orgn1958|2022-03-24
entt1959|branches|bEizOCqq|city|JOR|orgn1959|2022-03-24
entt1960|branches|MYGkkmuk|street|CYM|orgn1960|2022-03-24
entt1961|branches|eGJtXuyM|city|PCN|orgn1961|2022-03-24
entt1962|local|tcFllNra|street|PSE|orgn1962|2022-03-24
entt1963|local|lQLupmpC|city|ARE|orgn1963|2022-03-24
entt1964|local|NdPPBEVX|street|PSE|orgn1964|2022-03-24
entt1965|local|FBnicJJT|postcode|KOR|orgn1965|2022-03-24
entt1966|local|WTddepro|city|AZE|orgn1966|2022-03-24
entt1967|branches|qIgboAWe|postcode|MLT|orgn1967|2022-03-24
entt1968|local|TlMbLSiT|street|SLB|orgn1968|2022-03-24
entt1969|local|gXRodUzJ|street|MAC|orgn1969|2022-03-24
entt1970|local|XzznlXnA|city|ARM|orgn1970|2022-03-24
entt1971|branches|EqmIUqAU|postcode|VNM|orgn1971|2022-03-24
entt1972|local|RMMwwmJn|street|SMR|orgn1972|2022-03-24
entt1973|branches|MLquIqJF|city|PRK|orgn1973|2022-03-24
entt1974|local|NZPGIiQw|postcode|PYF|orgn1974|2022-03-24
entt1975|branches|YtjQyCvD|street|COL|orgn1975|2022-03-24
entt1976|local|dridHZMm|street|ARG|orgn1976|2022-03-24
entt1977|local|zztFWwnJ|postcode|MKD|orgn1977|2022-03-24
entt1978|branches|nhsbacyF|city|COG|orgn1978|2022-03-24
entt1979|local|KDPcqrAq|street|BTN|orgn1979|2022-03-24
entt1980|local|QeUdBMyP|street|DEU|orgn1980|2022-03-24
entt1981|branches|TQsLWSDC|city|NGA|orgn1981|2022-03-24
entt1982|local|VROtaWCs|street|ECU|orgn1982|2022-03-24
entt1983|local|RjLXPBNs|street|NPL|orgn1983|2022-03-24
entt1984|branches|zPCTLcNF|postcode|SMR|orgn1984|2022-03-24
entt1985|local|hPsnoaPt|city|MDG|orgn1985|2022-03-24
entt1986|local|URPdUPWh|street|TUR|orgn1986|2022-03-24
entt1987|local|zCYSXZfs|street|GTM|orgn1987|2022-03-24
entt1988|local|zZEqdILj|street|HKG|orgn1988|2022-03-24
entt1989|local|wGDZNqLM|city|TJK|orgn1989|2022-03-24
entt1990|branches|YbvgZvdy|street|VIR|orgn1990|2022-03-24
entt1991|branches|eDaTywnn|city|MKD|orgn1991|2022-03-24
entt1992|branches|wtRhEwdd|street|VGB|orgn1992|2022-03-24
entt1993|branches|PEoYawDY|city|AZE|orgn1993|2022-03-24
entt1994|local|UxlPKjuq|postcode|SDN|orgn1994|2022-03-24
entt1995|branches|XbHycWUQ|city|ROU|orgn1995|2022-03-24
entt1996|branches|wzIhpZON|city|TCD|orgn1996|2022-03-24
entt1997|branches|FafQEWVX|street|SJM|orgn1997|2022-03-24
entt1998|local|eyfQpMro|postcode|PCN|orgn1998|2022-03-24
entt1999|local|PptNaisj|city|NLD|orgn1999|2022-03-24
entt2000|local|ctECFQcf|street|LCA|orgn2000|2022-03-24
