Contract_ID|Account_Number|Currency|Status_ID|Overdraft_Limit|Merchant_Indicator|Reference_Date
cngn1001|mzPPOlkU|MGA|close|9262.1514|0|2022-03-24
cngn1002|QvExaJfQ|USD|suspended|7362.4771|0|2022-03-24
cngn1003|ZpzKhpFC|TWD|open|7688.0913|1|2022-03-24
cngn1004|iDGujJER|USD|open|7733.4380|1|2022-03-24
cngn1005|hwkQrytZ|TWD|close|4975.5171|1|2022-03-24
cngn1006|PNDFyYjS|TND|suspended|9354.3818|1|2022-03-24
cngn1007|XtELeRFw|RWF|open|3834.0811|1|2022-03-24
cngn1008|HoMBajwh|ZWD|open|1607.2675|1|2022-03-24
cngn1009|XQujGkXf|JPY|close|4740.2769|1|2022-03-24
cngn1010|BXTomyUF|BWP|close|1387.4664|0|2022-03-24
cngn1011|wVWxrCXN|EUR|close|294.2946|1|2022-03-24
cngn1012|BTFpDbIP|RUB|suspended|8023.1001|1|2022-03-24
cngn1013|WqGAwfgY|PKR|open|9349.5918|0|2022-03-24
cngn1014|pBfrlgUA|KRW|suspended|9222.0762|1|2022-03-24
cngn1015|USmqjzCe|CRC|open|6153.4009|0|2022-03-24
cngn1016|VemKVGRP|UYU|suspended|5666.3872|0|2022-03-24
cngn1017|oNNcbqDq|BRL|suspended|4124.2803|1|2022-03-24
cngn1018|fpfYUApN|EUR|close|1104.8146|0|2022-03-24
cngn1019|wsVhRrWZ|MWK|close|2857.3899|0|2022-03-24
cngn1020|ciNVVpAU|DKK|close|8522.8213|0|2022-03-24
cngn1021|QSQDkQfa|VEF|open|559.5165|1|2022-03-24
cngn1022|XObWFJtQ|DKK|close|8773.2715|1|2022-03-24
cngn1023|gEQHXMWW|MYR|close|6266.4561|1|2022-03-24
cngn1024|OjLeRipM|TND|suspended|5214.9834|0|2022-03-24
cngn1025|kODpKsKq|USD|suspended|1472.6969|0|2022-03-24
cngn1026|BOnucbQA|CRC|open|1014.8301|0|2022-03-24
cngn1027|nfdjtViz|MGA|close|1304.6757|1|2022-03-24
cngn1028|RTtOgdST|SAR|close|1963.1157|0|2022-03-24
cngn1029|VYsfHqHi|TJS|close|163.4938|1|2022-03-24
cngn1030|bTkVIAmI|SEK|suspended|6400.9360|0|2022-03-24
cngn1031|aIePpGbu|PEN|open|639.9369|0|2022-03-24
cngn1032|RypYaBRa|GBP|open|5096.7114|1|2022-03-24
cngn1033|RoRzDCVB|CRC|open|9450.5723|1|2022-03-24
cngn1034|WAkUkiVx|HKD|open|7618.6826|0|2022-03-24
cngn1035|wtRCPFyw|TZS|open|403.5931|0|2022-03-24
cngn1036|KZxkfoRh|BAM|close|8305.2959|0|2022-03-24
cngn1037|TVrkgnDf|CNY|close|457.1794|1|2022-03-24
cngn1038|jBTIiRFJ|USD|close|2882.4692|1|2022-03-24
cngn1039|cqgohqzT|CLP|suspended|6777.9458|1|2022-03-24
cngn1040|DHXpPOFR|EGP|close|6161.2876|1|2022-03-24
cngn1041|UjgwKfQm|XAF|open|1482.6117|0|2022-03-24
cngn1042|HMrVQJpJ|MUR|suspended|2301.7473|0|2022-03-24
cngn1043|bhTryTmF|BMD|close|4481.8970|1|2022-03-24
cngn1044|yqZaauZH|LBP|open|9278.4463|1|2022-03-24
cngn1045|paMfEJmu|SZL|suspended|4127.1602|0|2022-03-24
cngn1046|oJqXNwLb|KGS|open|2152.6887|0|2022-03-24
cngn1047|WmQTRIXm|CLP|suspended|2461.9294|1|2022-03-24
cngn1048|kpUqUULO|UAH|open|6722.1494|1|2022-03-24
cngn1049|nzmqWGkd|IQD|close|5877.0200|1|2022-03-24
cngn1050|QVRosANx|USD|open|4189.9355|1|2022-03-24
cngn1051|dIVNmCHc|AED|close|5435.2324|1|2022-03-24
cngn1052|jMfDLuLO|QAR|close|7499.2231|0|2022-03-24
cngn1053|ZqzQDKax|GTQ|open|4346.2944|0|2022-03-24
cngn1054|mMrvEAyH|EUR|suspended|7666.5391|0|2022-03-24
cngn1055|ePEYhlGZ|CDF|open|3527.4128|1|2022-03-24
cngn1056|UMEghHcg|UGX|open|8829.8936|1|2022-03-24
cngn1057|uXxxmQrl|ILS, USD, and JOD|close|277.6982|1|2022-03-24
cngn1058|eVMlbZsv|SAR|suspended|49.6395|0|2022-03-24
cngn1059|tzHuYLol|HNL|close|3124.2495|1|2022-03-24
cngn1060|faHGiEau|EGP|close|2222.5488|0|2022-03-24
cngn1061|jDbttdMc|KHR|close|9350.1406|0|2022-03-24
cngn1062|ubhJqGOM|MWK|open|7704.4141|1|2022-03-24
cngn1063|jAMzqfFE|CDF|close|2540.7068|0|2022-03-24
cngn1064|soTcMZou|PHP|close|7146.4985|1|2022-03-24
cngn1065|cuQxbXVv|USD|close|3281.7598|1|2022-03-24
cngn1066|UlFeEdBd|USD|close|8709.2168|0|2022-03-24
cngn1067|tQMaCbub|AMD|close|7333.5361|1|2022-03-24
cngn1068|frfNjbuX|USD|close|3802.2388|1|2022-03-24
cngn1069|mhMuMLoR|EUR|close|134.0779|0|2022-03-24
cngn1070|fRXGPIsN|THB|suspended|5849.5205|1|2022-03-24
cngn1071|BgJUiRiN|CHF|close|5623.7593|1|2022-03-24
cngn1072|mSgFuPGt|TRY|suspended|1784.2413|1|2022-03-24
cngn1073|VIfoGRFG|RWF|suspended|2858.2986|0|2022-03-24
cngn1074|fWgjcWbK|KES|close|5493.1523|0|2022-03-24
cngn1075|sjffLAQa|EUR|close|9731.9785|0|2022-03-24
cngn1076|sPSNNTeZ|OMR|close|8564.9814|1|2022-03-24
cngn1077|sMjcPRfY|GIP|suspended|1815.8097|1|2022-03-24
cngn1078|LyDeWZby|CAD|close|7514.1509|1|2022-03-24
cngn1079|AYKeGsBR|GIP|suspended|792.5067|0|2022-03-24
cngn1080|zNCdlJBc|EUR|close|4250.6387|0|2022-03-24
cngn1081|MFgbOEFI|RON|close|5413.0000|1|2022-03-24
cngn1082|fLuAoIrv|RON|open|5619.2441|0|2022-03-24
cngn1083|JnrtlBTU|AOA|open|8798.6807|0|2022-03-24
cngn1084|OLfWAQMq|NGN|close|4138.9590|0|2022-03-24
cngn1085|EmRJqRhL|DKK|close|9657.6670|1|2022-03-24
cngn1086|EsFWeEHZ|ZMW|open|9320.1289|1|2022-03-24
cngn1087|kouLhlYI|EUR|close|6883.4336|0|2022-03-24
cngn1088|YeyXgErd|GIP|close|7406.4961|0|2022-03-24
cngn1089|reYlqiPO|EUR|suspended|7491.5361|1|2022-03-24
cngn1090|uIqvmUtM|CAD|open|6704.2207|0|2022-03-24
cngn1091|qQZdeEjZ|AZN|open|780.2893|1|2022-03-24
cngn1092|PkZGxbJC|MXN|close|2899.6716|0|2022-03-24
cngn1093|DcjxfPDS|PLN|close|8067.6030|0|2022-03-24
cngn1094|zITaZxGW|ZWD|suspended|5798.0083|1|2022-03-24
cngn1095|VUXYwtME|USD|open|8824.6084|0|2022-03-24
cngn1096|cPfAeJYp|LBP|open|6058.4468|1|2022-03-24
cngn1097|XPOIopKh|EUR|close|2282.7410|0|2022-03-24
cngn1098|UrKDzpWK|XAF|suspended|7164.2778|0|2022-03-24
cngn1099|AFyKJNfz|TZS|suspended|4834.4590|0|2022-03-24
cngn1100|cgHRtxVu|AMD|close|7900.2256|1|2022-03-24
cngn1101|cWuwKrUY|FJD|open|6846.8755|1|2022-03-24
cngn1102|gIoMAkyJ|XAF|suspended|7079.8760|1|2022-03-24
cngn1103|ZgGBEMip|USD|close|1241.1989|1|2022-03-24
cngn1104|UcoHhnYm|MGA|open|4850.0151|0|2022-03-24
cngn1105|kIGihTza|MNT|suspended|6500.2495|0|2022-03-24
cngn1106|wzlHqgzi|XCD|close|1333.9980|1|2022-03-24
cngn1107|yPUEnQre|SEK|suspended|1260.2794|1|2022-03-24
cngn1108|AhwqsdNi|UYU|suspended|1141.5175|0|2022-03-24
cngn1109|pdgwjVmE|GHS|open|2416.2476|0|2022-03-24
cngn1110|dZBrNdyK|MVR|open|2071.8159|1|2022-03-24
cngn1111|ivPFLYwO|INR|suspended|9701.4150|1|2022-03-24
cngn1112|dxBuXuwF|EUR|open|4016.3811|1|2022-03-24
cngn1113|HBufNUja|TJS|suspended|9408.7373|1|2022-03-24
cngn1114|NiMqsuwD|LAK|close|2260.0110|0|2022-03-24
cngn1115|sZXNkAPl|NIO|suspended|7239.7651|1|2022-03-24
cngn1116|dJbCurOy|NAD|open|8809.3477|0|2022-03-24
cngn1117|YnrEytZL|XAF|close|2781.0425|0|2022-03-24
cngn1118|CuHmzVhD|XAF|open|3704.2151|0|2022-03-24
cngn1119|rAYhCfdt|PEN|suspended|6136.9097|1|2022-03-24
cngn1120|VIjZiCWN|AUD|close|1537.5706|0|2022-03-24
cngn1121|yMUekPIW|NGN|close|4417.9702|0|2022-03-24
cngn1122|dOWzkawK|BMD|open|114.6514|1|2022-03-24
cngn1123|ztQeHjmE|MXN|close|6204.9492|1|2022-03-24
cngn1124|ZNZkpQby|TRY|open|2200.4897|0|2022-03-24
cngn1125|mjQGdYik|EUR|open|4318.5664|0|2022-03-24
cngn1126|KWiAGbNM|MRU|open|7041.1812|1|2022-03-24
cngn1127|hXDVIltW|UZS|open|2192.0105|1|2022-03-24
cngn1128|oqxDHKJm|SZL|open|2352.8005|0|2022-03-24
cngn1129|kSWOzifU|VND|close|5654.6665|0|2022-03-24
cngn1130|iwZKzdlG|EGP|open|7339.6328|0|2022-03-24
cngn1131|KgpeJQYC|CDF|close|2882.7937|1|2022-03-24
cngn1132|pZtGBdBD|TND|suspended|5308.2515|1|2022-03-24
cngn1133|kIoNmLuX|BAM|suspended|5159.3179|1|2022-03-24
cngn1134|JUrokFmA|TTD|close|6154.3506|0|2022-03-24
cngn1135|kdzwcpCa|BWP|suspended|2758.6047|0|2022-03-24
cngn1136|GmLkEPut|GEL|close|1465.1454|0|2022-03-24
cngn1137|AirJDTXn|MAD|suspended|6408.6548|0|2022-03-24
cngn1138|yJLJmlBO|BWP|close|1940.5012|1|2022-03-24
cngn1139|dsErMqxX|CRC|open|8344.9385|1|2022-03-24
cngn1140|FisWSfrt|HNL|suspended|2739.9363|0|2022-03-24
cngn1141|RTtClQmG|ILS, USD, and JOD|close|4765.9482|1|2022-03-24
cngn1142|CpMIXqvG|LBP|open|2881.3181|1|2022-03-24
cngn1143|bFPUpxoo|MMK|suspended|9658.2188|1|2022-03-24
cngn1144|LFrjXHFu|THB|suspended|7870.5591|1|2022-03-24
cngn1145|zcwovjRs|TWD|open|3535.9688|0|2022-03-24
cngn1146|jfbWaPPP|CNY|open|6459.3032|1|2022-03-24
cngn1147|qSROMaKj|GTQ|close|6261.3521|1|2022-03-24
cngn1148|kCZVGCCT|LYD|suspended|1863.9720|0|2022-03-24
cngn1149|CxpALoGd|SZL|open|1761.2111|1|2022-03-24
cngn1150|HaZuAVEC|XOF|suspended|9084.8047|1|2022-03-24
cngn1151|rtKLxNxd|PHP|open|4219.6582|1|2022-03-24
cngn1152|TuAFpPtn|LYD|close|688.5983|1|2022-03-24
cngn1153|gLPSaFhT|ARS|suspended|2277.3694|0|2022-03-24
cngn1154|nzUWGqcN|ARS|close|3785.5107|0|2022-03-24
cngn1155|upLVVrxl|KZT|open|3936.1401|1|2022-03-24
cngn1156|rxdaTbTQ|SEK|close|3733.2505|1|2022-03-24
cngn1157|RpGnNPQu|XAF|close|2378.0649|1|2022-03-24
cngn1158|bJYlqtwB|BAM|suspended|4195.5137|0|2022-03-24
cngn1159|qWPbZzWm|MXN|suspended|6169.6704|1|2022-03-24
cngn1160|EpTlnCvN|CAD|open|6903.9453|1|2022-03-24
cngn1161|PshhucJy|DZD|suspended|8836.3174|0|2022-03-24
cngn1162|JlDthZSZ|PLN|close|13.7785|1|2022-03-24
cngn1163|LgqvmLgt|EUR|close|9710.1826|1|2022-03-24
cngn1164|qWdxtQio|EUR|open|6073.4253|1|2022-03-24
cngn1165|IFZoETds|LYD|close|91.7450|0|2022-03-24
cngn1166|vpBRvEpI|MXN|open|1319.3744|0|2022-03-24
cngn1167|blGgwHoF|OMR|suspended|5705.2808|0|2022-03-24
cngn1168|qfkdJmsk|XAF|suspended|3008.0093|0|2022-03-24
cngn1169|CMJPOfgt|AOA|suspended|3865.6560|1|2022-03-24
cngn1170|GGASJCvM|ZAR|suspended|1321.6133|0|2022-03-24
cngn1171|NMsOhdcm|LYD|close|1148.8296|0|2022-03-24
cngn1172|OBsDwqRq|MOP|suspended|9950.5967|1|2022-03-24
cngn1173|UcbEhCwA|LBP|open|2824.9182|1|2022-03-24
cngn1174|EtjwiQIf|XAF|close|8808.6016|0|2022-03-24
cngn1175|wyngiapQ|MDL|suspended|4639.9331|1|2022-03-24
cngn1176|KXElFHvV|USD|close|8618.5098|0|2022-03-24
cngn1177|fsaMGBmo|PAB  and USD|open|8497.1709|1|2022-03-24
cngn1178|jEbtceUa|EUR|suspended|4290.4331|0|2022-03-24
cngn1179|YWGMXnei|EUR|open|6743.6924|1|2022-03-24
cngn1180|gtEovfCw|AUD|suspended|8961.8750|0|2022-03-24
cngn1181|ideaOUNf|USD|close|8053.0513|1|2022-03-24
cngn1182|kwRLUZGK|KYD|open|8675.5928|1|2022-03-24
cngn1183|NZjxnfJC|NAD|suspended|2691.1426|0|2022-03-24
cngn1184|gGYjGKek|TMT|suspended|1412.0085|1|2022-03-24
cngn1185|IYpwnyEt|USD|open|6312.7744|0|2022-03-24
cngn1186|xscslOpV|KWD|close|8529.8643|1|2022-03-24
cngn1187|mKsDfPDY|HKD|suspended|7955.4741|1|2022-03-24
cngn1188|qPnSWiBQ|XAF|close|6024.8584|0|2022-03-24
cngn1189|uyTcMxCg|GTQ|close|7527.8169|0|2022-03-24
cngn1190|TpTtdnWI|THB|suspended|9669.3145|1|2022-03-24
cngn1191|YhDVkGii|NAD|open|4825.1914|1|2022-03-24
cngn1192|IUDedTaQ|NGN|suspended|6559.8442|0|2022-03-24
cngn1193|tCcZgPVH|XOF|suspended|8360.3906|1|2022-03-24
cngn1194|trKILhGS|EUR|open|6427.4194|1|2022-03-24
cngn1195|TwDZFcjz|EUR|close|6779.9995|0|2022-03-24
cngn1196|bhRNTRRj|RSD|open|8298.0371|0|2022-03-24
cngn1197|szloyFwG|GEL|suspended|2821.7405|1|2022-03-24
cngn1198|cZUUnbvU|EUR|close|1005.3040|1|2022-03-24
cngn1199|UaCDwbhN|MYR|close|6094.3804|1|2022-03-24
cngn1200|oFoMNVYJ|UGX|open|3211.8860|0|2022-03-24
cngn1201|CqMOcAtB|UYU|open|5901.5425|0|2022-03-24
cngn1202|YtSRQzAE|VEF|close|7213.9175|0|2022-03-24
cngn1203|mZAJQAiI|MVR|suspended|8921.8574|1|2022-03-24
cngn1204|LspVXJGq|DKK|close|5133.5039|0|2022-03-24
cngn1205|MQogVMEP|EUR|open|107.3517|0|2022-03-24
cngn1206|WiDbKbvH|KRW|close|1872.8705|1|2022-03-24
cngn1207|CCwSlLHh|EUR|open|1024.5288|0|2022-03-24
cngn1208|JgxlyPIl|MZN|open|2564.8535|0|2022-03-24
cngn1209|GosBhYxO|EUR|suspended|4981.3550|0|2022-03-24
cngn1210|mVtDODYA|HUF|close|1719.2068|1|2022-03-24
cngn1211|LcdKUzwr|GBP|open|1949.6735|0|2022-03-24
cngn1212|jZMkuQEN|PLN|open|7376.2480|0|2022-03-24
cngn1213|prarXNPQ|GYD|close|7538.8818|1|2022-03-24
cngn1214|LENzOBpy|IMP|open|3306.4871|1|2022-03-24
cngn1215|mUWnMKxx|BMD|suspended|5694.7788|1|2022-03-24
cngn1216|hLiVnnFd|USD|suspended|9462.8018|0|2022-03-24
cngn1217|nsMlExnz|MAD|open|9904.9805|0|2022-03-24
cngn1218|EAVbXEnd|ZMW|close|9552.8145|1|2022-03-24
cngn1219|AFXYYsCw|EUR|open|2743.6672|1|2022-03-24
cngn1220|uDCNSNgi|NZD|open|9090.5342|0|2022-03-24
cngn1221|YsVLFAhA|JPY|suspended|1483.9628|0|2022-03-24
cngn1222|WCgOjkbC|EUR|close|1232.6714|1|2022-03-24
cngn1223|AhburslC|EUR|open|2068.3210|0|2022-03-24
cngn1224|LGdVhdGi|AOA|open|9876.5947|0|2022-03-24
cngn1225|oiwVqlsQ|RWF|suspended|7997.5586|1|2022-03-24
cngn1226|qPNyJVKP|USD|suspended|2950.2434|1|2022-03-24
cngn1227|RPqUELfW|MGA|close|9030.0918|0|2022-03-24
cngn1228|vVdZJsCY|VEF|close|4133.6196|0|2022-03-24
cngn1229|IgXlVANs|EUR|suspended|8306.9355|0|2022-03-24
cngn1230|nuUntoJv|BAM|suspended|4008.9209|0|2022-03-24
cngn1231|YLqoJZyN|AOA|open|5491.3828|0|2022-03-24
cngn1232|wLBKJBtB|FJD|suspended|1626.8828|0|2022-03-24
cngn1233|ppKwrmkA|PAB  and USD|close|6317.4702|0|2022-03-24
cngn1234|ErNtSurm|GYD|suspended|9737.5752|1|2022-03-24
cngn1235|AhVIzhaQ|PGK|open|5038.2153|1|2022-03-24
cngn1236|xuymOLGK|UZS|close|860.2071|0|2022-03-24
cngn1237|uveVqRSa|TMT|suspended|7294.1914|0|2022-03-24
cngn1238|qNLeiigC|EUR|suspended|3417.4773|0|2022-03-24
cngn1239|DdOMWwiT|XAF|open|8688.7676|0|2022-03-24
cngn1240|csFmdtRv|INR|open|4751.2217|1|2022-03-24
cngn1241|NVNifbJq|USD|open|2265.1372|1|2022-03-24
cngn1242|HSofrkLp|FJD|open|3844.9807|1|2022-03-24
cngn1243|JTPBlDHb|CHF|suspended|2353.7908|1|2022-03-24
cngn1244|VSJkJCvO|EUR|suspended|7947.6187|1|2022-03-24
cngn1245|UtizFfRj|BYN|open|5925.4629|0|2022-03-24
cngn1246|zbIxMBnH|ARS|open|5283.8276|0|2022-03-24
cngn1247|GbnLRaBk|CHF|open|7407.3276|0|2022-03-24
cngn1248|rlyPaKuU|EUR|suspended|920.5322|1|2022-03-24
cngn1249|nPBDjdrQ|DKK|open|3711.6428|0|2022-03-24
cngn1250|nYVVJZtH|KYD|close|2833.5964|1|2022-03-24
cngn1251|CWseyrCF|GEL|open|3318.4009|0|2022-03-24
cngn1252|WSCWfhVs|IQD|close|3091.7080|1|2022-03-24
cngn1253|EWcyiihi|BAM|close|3403.1912|1|2022-03-24
cngn1254|hQzQQELQ|ZAR|suspended|4977.9219|0|2022-03-24
cngn1255|MUKLhGXB|BBD|close|5754.0830|0|2022-03-24
cngn1256|cYPojcSB|DKK|close|8133.0972|0|2022-03-24
cngn1257|AOsQhuiw|EUR|suspended|1213.2960|1|2022-03-24
cngn1258|BAwTujzB|TMT|close|1100.0074|1|2022-03-24
cngn1259|RvkiBGSZ|MGA|suspended|5586.7251|0|2022-03-24
cngn1260|VLomToYD|USD|suspended|4077.0005|1|2022-03-24
cngn1261|OAhWdQVD|BBD|suspended|9784.9609|0|2022-03-24
cngn1262|xcvSmtnm|SAR|close|3285.1074|0|2022-03-24
cngn1263|UrSkjMfj|TJS|open|2073.1514|0|2022-03-24
cngn1264|UixqkeqC|CNY|suspended|8545.7314|1|2022-03-24
cngn1265|hCEULeHr|AZN|close|4209.7031|0|2022-03-24
cngn1266|gMPpZNip|CVE|close|1758.3279|0|2022-03-24
cngn1267|XMfXINld|ALL|close|3423.6074|0|2022-03-24
cngn1268|KlzwNKAD|GBP|close|9001.4463|0|2022-03-24
cngn1269|qYbXdFjr|MDL|suspended|8041.5864|1|2022-03-24
cngn1270|vVDggeGG|EUR|open|293.7361|1|2022-03-24
cngn1271|bvxaoUUF|AUD|close|9365.3779|0|2022-03-24
cngn1272|kyIHpoGi|EUR|open|1951.6218|1|2022-03-24
cngn1273|wtnuSqKm|MRU|open|5704.0830|1|2022-03-24
cngn1274|FhVphkkD|QAR|suspended|2141.5247|1|2022-03-24
cngn1275|XJYyCRsF|DKK|open|3379.8220|1|2022-03-24
cngn1276|tLubaErW|JMD|suspended|7986.5186|0|2022-03-24
cngn1277|ctkvigEU|MXN|suspended|3615.6489|0|2022-03-24
cngn1278|SsnSsOwl|MRU|close|8407.2695|0|2022-03-24
cngn1279|usQMODAD|MOP|close|7936.3706|1|2022-03-24
cngn1280|UkMcCtTj|EUR|open|7132.6631|0|2022-03-24
cngn1281|XnXYUAWd|TWD|suspended|4825.4053|0|2022-03-24
cngn1282|OHZBnUaB|BWP|close|5741.2397|1|2022-03-24
cngn1283|QBOKZcAo|JMD|open|9479.6465|0|2022-03-24
cngn1284|WSinTHlh|BBD|open|4017.1660|0|2022-03-24
cngn1285|uoEayVlE|GIP|suspended|1682.2751|1|2022-03-24
cngn1286|kBzeVTqL|GIP|open|840.5566|1|2022-03-24
cngn1287|pVjkqpdD|USD|suspended|1522.7433|0|2022-03-24
cngn1288|aRrxRkID|EUR|close|6470.8457|0|2022-03-24
cngn1289|AdPlkGIX|SEK|suspended|4862.4883|1|2022-03-24
cngn1290|NCpFXlUs|OMR|close|8188.9229|1|2022-03-24
cngn1291|foLqnZuZ|IQD|open|5724.7402|0|2022-03-24
cngn1292|RjtMtYVR|KGS|open|4643.3496|0|2022-03-24
cngn1293|JSVIJDqC|USD|suspended|5195.5464|1|2022-03-24
cngn1294|WMjgrqCG|GTQ|suspended|8352.7012|1|2022-03-24
cngn1295|UhqEfpWi|SAR|suspended|2642.5806|0|2022-03-24
cngn1296|GmZBEoGB|INR|suspended|6418.4458|0|2022-03-24
cngn1297|zTtyMJlI|DKK|close|5050.3828|1|2022-03-24
cngn1298|XRXTuhBM|COP|close|6000.5576|0|2022-03-24
cngn1299|xgpPloRm|DZD|suspended|1737.4246|1|2022-03-24
cngn1300|aZEeDBfK|VND|suspended|9385.5400|1|2022-03-24
cngn1301|bfvGZwPu|MDL|open|7870.2446|0|2022-03-24
cngn1302|poqThBid|KYD|suspended|5792.6665|1|2022-03-24
cngn1303|hAVSoqUr|JPY|open|7144.5693|1|2022-03-24
cngn1304|hrauiAnS|BGN|suspended|8260.4014|0|2022-03-24
cngn1305|koLloAHu|JPY|suspended|7989.3174|1|2022-03-24
cngn1306|QPkGvAoz|XAF|suspended|4662.6812|1|2022-03-24
cngn1307|TNYdRFPJ|MZN|open|942.2184|1|2022-03-24
cngn1308|kyuYfGPR|EUR|open|9930.6543|0|2022-03-24
cngn1309|lHHJZqfb|TMT|close|4959.6816|1|2022-03-24
cngn1310|gAYkKbmL|GYD|close|9068.3584|1|2022-03-24
cngn1311|IIabNViV|COP|close|2720.8740|0|2022-03-24
cngn1312|dmivoHzj|XAF|open|8794.2861|0|2022-03-24
cngn1313|wiBifdKY|NZD|suspended|1056.0549|1|2022-03-24
cngn1314|gNZroDHo|RUB|open|6978.7715|0|2022-03-24
cngn1315|KjvOscnT|ISK|suspended|9107.4541|1|2022-03-24
cngn1316|LVhqUvbr|OMR|open|1522.4319|0|2022-03-24
cngn1317|FEPJqLhI|EUR|close|1306.0005|0|2022-03-24
cngn1318|WGwwIUTx|KRW|suspended|5325.5576|0|2022-03-24
cngn1319|obuUUhPf|PLN|open|1291.6180|0|2022-03-24
cngn1320|JEfiDVOU|MOP|close|283.8313|0|2022-03-24
cngn1321|ralZFJkN|MUR|suspended|9256.8047|1|2022-03-24
cngn1322|CBtyktuo|HNL|open|3462.3499|1|2022-03-24
cngn1323|hCapTLMd|RON|close|5258.9258|1|2022-03-24
cngn1324|SqZJfeFb|HNL|open|4311.2144|1|2022-03-24
cngn1325|JWbBkmhu|CZK|close|519.7637|0|2022-03-24
cngn1326|srvzPVSX|BWP|open|1399.5321|1|2022-03-24
cngn1327|DquUeoHX|EUR|suspended|653.8264|0|2022-03-24
cngn1328|jYHQkNVh|LKR|close|2620.8562|1|2022-03-24
cngn1329|BdMwxPWJ|EUR|open|9319.8135|1|2022-03-24
cngn1330|eWgbRRXD|LKR|suspended|4016.3967|0|2022-03-24
cngn1331|ToMvOwJN|EUR|close|6074.8872|1|2022-03-24
cngn1332|UCgRvOij|NIO|close|2942.5120|1|2022-03-24
cngn1333|dFERlDlf|RSD|suspended|1300.6880|0|2022-03-24
cngn1334|BVujodzg|USD|close|579.6660|1|2022-03-24
cngn1335|JYgypezU|ALL|open|6274.8760|1|2022-03-24
cngn1336|LcnFldsA|MKD|open|8487.8428|1|2022-03-24
cngn1337|TqEEAAVC|CDF|close|9164.4219|0|2022-03-24
cngn1338|wkzjNNcz|RUB|suspended|4317.8413|1|2022-03-24
cngn1339|mWONNxAi|PLN|open|9836.2031|0|2022-03-24
cngn1340|AxBoqTFv|USD|open|861.5635|0|2022-03-24
cngn1341|wENDJqKs|MRU|suspended|6941.1450|0|2022-03-24
cngn1342|FtABaxPY|OMR|close|3505.7759|1|2022-03-24
cngn1343|BFFrtiQa|TJS|suspended|379.8417|0|2022-03-24
cngn1344|jDDKsbXq|CRC|open|3799.2061|0|2022-03-24
cngn1345|xufdHDpl|PYG|close|5141.6987|0|2022-03-24
cngn1346|oUDadznX|ARS|open|700.9866|0|2022-03-24
cngn1347|hLcCRZLM|GBP|close|5537.1938|0|2022-03-24
cngn1348|BPayrdLr|EUR|open|3742.3906|1|2022-03-24
cngn1349|VkJBbmDC|EUR|open|1928.4916|1|2022-03-24
cngn1350|WsvmiiOL|CVE|open|6764.1567|1|2022-03-24
cngn1351|cTakvSVg|MNT|open|1563.7079|0|2022-03-24
cngn1352|UQNakNNB|XAF|close|1753.5679|1|2022-03-24
cngn1353|frSyZGLh|EUR|close|9439.8525|0|2022-03-24
cngn1354|EZncwnfD|GTQ|open|4654.7910|1|2022-03-24
cngn1355|YbIfHsfd|DOP|close|8231.5957|1|2022-03-24
cngn1356|gcJxXsRt|GIP|suspended|2804.5515|1|2022-03-24
cngn1357|DAvZcFKT|XOF|suspended|5041.4302|1|2022-03-24
cngn1358|relEdeyx|CDF|close|1911.6343|0|2022-03-24
cngn1359|JQoCBkbp|HNL|close|5163.1240|0|2022-03-24
cngn1360|yVNoxuEK|JPY|open|8742.0010|1|2022-03-24
cngn1361|uRiRuJos|DOP|suspended|3675.2815|1|2022-03-24
cngn1362|GHoVPIJj|MUR|open|1775.8949|1|2022-03-24
cngn1363|QbzTUPrj|CHF|suspended|2324.1482|0|2022-03-24
cngn1364|wJKxUbHR|THB|suspended|4478.9668|1|2022-03-24
cngn1365|SlYgqOdX|NAD|suspended|2089.4036|1|2022-03-24
cngn1366|JyZsfmat|LYD|close|8377.1172|1|2022-03-24
cngn1367|eoNcHaBN|NGN|open|1178.3384|1|2022-03-24
cngn1368|APaEPprL|ISK|suspended|4148.3657|0|2022-03-24
cngn1369|bHNzMInR|LAK|suspended|467.5885|0|2022-03-24
cngn1370|PlfyhaYI|PKR|suspended|102.2124|1|2022-03-24
cngn1371|jisvKPAr|EUR|open|61.5818|0|2022-03-24
cngn1372|ojOoWQOO|USD|close|7765.7666|1|2022-03-24
cngn1373|vTpVagzQ|INR|close|2262.5518|1|2022-03-24
cngn1374|ZZZYoHRW|IDR|close|6172.2729|1|2022-03-24
cngn1375|JoTAsbMF|SAR|suspended|4074.0452|1|2022-03-24
cngn1376|uPdzgnPt|HUF|close|4107.4004|0|2022-03-24
cngn1377|IuPyHCJb|SGD|suspended|4103.9609|1|2022-03-24
cngn1378|qhqUMKVv|XAF|close|9900.7627|1|2022-03-24
cngn1379|DpJtpWDJ|ZAR|open|4077.2666|1|2022-03-24
cngn1380|NXmrhYjN|EUR|suspended|4252.1582|1|2022-03-24
cngn1381|PlkAEDoy|CDF|suspended|1592.9392|1|2022-03-24
cngn1382|ynOUZFKH|CZK|close|7846.0342|0|2022-03-24
cngn1383|RNrPMcTy|CHF|suspended|6398.1787|1|2022-03-24
cngn1384|vUOeqtSX|BYN|suspended|1644.2295|1|2022-03-24
cngn1385|eXMzSprl|CHF|open|2785.1018|0|2022-03-24
cngn1386|kWmbFWrQ|EUR|close|188.1978|0|2022-03-24
cngn1387|PzxpYxSa|CHF|close|8991.3828|0|2022-03-24
cngn1388|OFidiPma|AZN|open|8686.7480|0|2022-03-24
cngn1389|xVjnykxB|AOA|suspended|3545.6479|0|2022-03-24
cngn1390|KmUANnFI|ZAR|open|5061.6426|1|2022-03-24
cngn1391|MBgHWfob|XAF|close|5820.1914|1|2022-03-24
cngn1392|jLCutefD|DOP|suspended|1335.3890|1|2022-03-24
cngn1393|YvMUqDkN|EUR|close|9601.3848|1|2022-03-24
cngn1394|NyqzJqvz|SAR|suspended|7103.2427|1|2022-03-24
cngn1395|BHVxTfNu|EUR|suspended|9043.3506|0|2022-03-24
cngn1396|MsFmwRHu|MWK|suspended|58.6999|1|2022-03-24
cngn1397|liSyEugK|PLN|suspended|1700.8949|0|2022-03-24
cngn1398|aGqDlEXk|CHF|open|1699.9172|0|2022-03-24
cngn1399|VqpJRfur|SAR|close|3655.0273|0|2022-03-24
cngn1400|RriAcgym|EUR|suspended|7196.3535|0|2022-03-24
cngn1401|cgrzMalZ|ILS|close|6904.0654|0|2022-03-24
cngn1402|RTpKCCZq|LBP|open|6346.9048|1|2022-03-24
cngn1403|ODHPMlsy|SGD|close|5825.2661|0|2022-03-24
cngn1404|zMJyzgyJ|EUR|close|3765.4114|0|2022-03-24
cngn1405|sSUGDsCo|TTD|open|1825.5935|0|2022-03-24
cngn1406|mdEFjsuA|VEF|close|4298.2783|0|2022-03-24
cngn1407|DQTitACR|KGS|suspended|1335.8505|1|2022-03-24
cngn1408|cWwOCqdN|LBP|suspended|6583.8379|0|2022-03-24
cngn1409|QgElkHKa|EUR|open|8542.2100|0|2022-03-24
cngn1410|YVLbMPiJ|SZL|suspended|4158.9360|1|2022-03-24
cngn1411|vansLqtF|SEK|open|2624.2712|1|2022-03-24
cngn1412|wlRzdYna|HUF|suspended|6041.1899|0|2022-03-24
cngn1413|EYqftsie|XOF|open|1114.7252|0|2022-03-24
cngn1414|cAVLxNEj|CNY|open|601.9358|1|2022-03-24
cngn1415|xtoDwFwG|PGK|close|157.6703|0|2022-03-24
cngn1416|ahokGCit|SZL|close|1222.9095|0|2022-03-24
cngn1417|OYHMIwpA|NZD|suspended|7861.5801|0|2022-03-24
cngn1418|LjEYIbPG|GYD|open|1757.5729|1|2022-03-24
cngn1419|URhbWFzN|LBP|close|9588.2354|0|2022-03-24
cngn1420|aeXEkdbt|RUB|open|321.6335|1|2022-03-24
cngn1421|mVDCPfPE|KGS|open|359.4994|0|2022-03-24
cngn1422|BuLFCDVF|MNT|open|8641.3662|0|2022-03-24
cngn1423|PIYSTDTD|HUF|close|8765.2217|0|2022-03-24
cngn1424|ffQCsyXj|VND|suspended|8989.1348|1|2022-03-24
cngn1425|FOFLVZZs|DKK|close|4726.9004|0|2022-03-24
cngn1426|eSCrtsKF|UZS|open|3874.0466|1|2022-03-24
cngn1427|jLbUUJPs|TWD|suspended|7062.6582|1|2022-03-24
cngn1428|EfabtuXq|PEN|close|3854.0562|0|2022-03-24
cngn1429|LqWvhadI|AZN|open|870.6310|0|2022-03-24
cngn1430|TpHWsIKq|HKD|suspended|2278.9414|0|2022-03-24
cngn1431|SNDzJtjA|PHP|suspended|2381.8936|1|2022-03-24
cngn1432|LSnUuZPE|EUR|suspended|6484.5938|0|2022-03-24
cngn1433|tvFVratV|BRL|suspended|3733.8591|0|2022-03-24
cngn1434|QIcvHFsy|XCD|open|5033.8081|1|2022-03-24
cngn1435|LjGbiCcC|UZS|suspended|2627.5032|1|2022-03-24
cngn1436|dZAdWUUw|XCD|suspended|9973.4043|0|2022-03-24
cngn1437|TIvyaZHc|EUR|open|1681.0325|0|2022-03-24
cngn1438|HEyklhAr|SGD|open|3497.1860|0|2022-03-24
cngn1439|WfazUvJb|UGX|open|7322.1206|0|2022-03-24
cngn1440|CqntBdff|CVE|open|2743.6660|0|2022-03-24
cngn1441|nSYYXScs|CHF|suspended|7061.8008|1|2022-03-24
cngn1442|JkpeNdYo|VEF|close|6462.7314|0|2022-03-24
cngn1443|gGzzSXMd|CAD|open|1360.6331|1|2022-03-24
cngn1444|QCNqhSZT|JMD|close|7595.6343|0|2022-03-24
cngn1445|GuKCbMXb|SZL|close|4132.9443|1|2022-03-24
cngn1446|DJxNAhRq|JOD|close|8701.7314|0|2022-03-24
cngn1447|OkufVKtN|ALL|suspended|4897.4453|0|2022-03-24
cngn1448|MrLRFMNn|EUR|suspended|9409.9941|1|2022-03-24
cngn1449|ckMKEvfA|CNY|close|9662.3477|0|2022-03-24
cngn1450|jdMZTynN|XAF|close|2518.8823|0|2022-03-24
cngn1451|VNbAWqGY|GIP|open|7549.6416|1|2022-03-24
cngn1452|jhBRukZf|IDR|open|5036.4907|1|2022-03-24
cngn1453|SgWobODM|BMD|open|369.8870|1|2022-03-24
cngn1454|iTGCtRIQ|KGS|suspended|3663.5435|0|2022-03-24
cngn1455|IOYAzzeD|HNL|suspended|8566.4521|1|2022-03-24
cngn1456|hleXyDPR|GHS|open|1039.9532|0|2022-03-24
cngn1457|FxPHFaMW|EUR|suspended|1523.1606|0|2022-03-24
cngn1458|EDazJvYo|BRL|open|7888.6587|0|2022-03-24
cngn1459|rDsydTlF|EUR|close|556.2350|1|2022-03-24
cngn1460|iIqbmxOX|BAM|suspended|9673.0254|0|2022-03-24
cngn1461|VhgkVoBB|MAD|suspended|9363.8926|0|2022-03-24
cngn1462|DTBPwKCC|KYD|suspended|1547.4384|0|2022-03-24
cngn1463|jxBDaHUS|EUR|suspended|9550.9590|0|2022-03-24
cngn1464|thaHCZZD|MGA|open|1850.3357|1|2022-03-24
cngn1465|dSemNFNK|NZD|close|1579.7213|1|2022-03-24
cngn1466|HyEVLAna|NGN|suspended|6010.2852|0|2022-03-24
cngn1467|CDAuHvwz|EUR|open|6976.8237|0|2022-03-24
cngn1468|uzgPaBaZ|XAF|close|8358.0400|1|2022-03-24
cngn1469|mfsMtPcB|UGX|open|9333.2383|1|2022-03-24
cngn1470|iInbgfAW|IMP|close|9567.3242|1|2022-03-24
cngn1471|NKETYwEu|XAF|suspended|6645.2139|1|2022-03-24
cngn1472|pVIwPLfT|XAF|suspended|2428.7710|1|2022-03-24
cngn1473|EfUSleph|MXN|close|661.3505|1|2022-03-24
cngn1474|mwyWpkvA|CDF|close|4477.7427|1|2022-03-24
cngn1475|CpCNJBCY|KRW|open|6559.6943|0|2022-03-24
cngn1476|cDQymtZM|LBP|open|6033.9238|0|2022-03-24
cngn1477|TYNNFnts|LBP|open|7835.3286|1|2022-03-24
cngn1478|MPeAGHLs|CRC|close|2262.8936|0|2022-03-24
cngn1479|sBXthJFE|RWF|close|7611.3721|0|2022-03-24
cngn1480|wtAvJyQE|SZL|open|164.6543|1|2022-03-24
cngn1481|iKnRUUMk|GTQ|suspended|6020.7393|1|2022-03-24
cngn1482|XMXQnYcz|DZD|open|5714.2734|0|2022-03-24
cngn1483|gYhVgoez|MAD|suspended|8983.0400|0|2022-03-24
cngn1484|XBcSiMlD|EUR|open|1782.0494|0|2022-03-24
cngn1485|NcAAdRBM|QAR|suspended|1943.5243|0|2022-03-24
cngn1486|vHCoZNhx|ILS|close|3557.7720|0|2022-03-24
cngn1487|nlFJmxCP|PKR|open|1093.3301|0|2022-03-24
cngn1488|tWlreZDc|MZN|suspended|2506.0220|1|2022-03-24
cngn1489|ZfdEJfxo|EUR|open|8658.9648|0|2022-03-24
cngn1490|oEKKlCNh|THB|close|9616.5654|0|2022-03-24
cngn1491|snGigoTM|GEL|open|4789.1924|0|2022-03-24
cngn1492|wZBFupcd|EUR|close|1997.0845|1|2022-03-24
cngn1493|JPFHSKtj|CDF|open|8935.5186|0|2022-03-24
cngn1494|hzfjULth|BMD|suspended|5885.3481|1|2022-03-24
cngn1495|KXOaybxg|BRL|close|9831.8477|1|2022-03-24
cngn1496|urDzNvtu|LBP|close|933.9637|1|2022-03-24
cngn1497|qUmkhLpS|INR|suspended|5450.4033|0|2022-03-24
cngn1498|qLYrUnXt|USD|open|318.6616|1|2022-03-24
cngn1499|BajtEgjP|XAF|suspended|4128.6914|1|2022-03-24
cngn1500|IKDTHmBJ|SGD|suspended|282.1248|0|2022-03-24
cngn1501|avWPtgdm|TWD|suspended|4524.3813|0|2022-03-24
cngn1502|uhpbAlRs|EUR|suspended|1435.6080|0|2022-03-24
cngn1503|ycNzKyFA|UGX|open|8567.0586|1|2022-03-24
cngn1504|kLNPDydL|BBD|open|6480.6987|1|2022-03-24
cngn1505|liVmNRkr|NAD|close|2194.0278|1|2022-03-24
cngn1506|faVHnLvN|LAK|open|938.4719|1|2022-03-24
cngn1507|VvbzBfVv|DKK|close|3523.2661|0|2022-03-24
cngn1508|RBMtKZGn|CHF|open|2310.6160|0|2022-03-24
cngn1509|IJSfzGIm|GBP|close|9331.5645|1|2022-03-24
cngn1510|cxlxmQJg|MNT|close|9844.4082|1|2022-03-24
cngn1511|fKwuYzWY|GIP|suspended|2089.7454|0|2022-03-24
cngn1512|pNaIQFPq|ILS|close|4930.4541|1|2022-03-24
cngn1513|sqOqczBR|KWD|close|369.3857|1|2022-03-24
cngn1514|tUjRGOOr|TMT|open|8849.5918|1|2022-03-24
cngn1515|TMLMzUGF|ARS|close|2069.4639|0|2022-03-24
cngn1516|mFxHYbBm|VEF|open|1934.4800|0|2022-03-24
cngn1517|eIEgdcUB|TRY|suspended|6744.0757|0|2022-03-24
cngn1518|tIobjhab|MAD|suspended|7065.6260|0|2022-03-24
cngn1519|HrtDFPWM|TMT|open|2360.2622|0|2022-03-24
cngn1520|VOXIiqVK|XAF|close|673.7167|1|2022-03-24
cngn1521|QLGBZTHO|BOB|open|9877.0098|1|2022-03-24
cngn1522|CXxtIVeP|EUR|open|8606.8252|1|2022-03-24
cngn1523|BKbDHUtI|PGK|close|5494.4956|1|2022-03-24
cngn1524|yPCOAAyU|XAF|suspended|1554.7797|0|2022-03-24
cngn1525|FnxdjuPt|MNT|suspended|4365.5522|1|2022-03-24
cngn1526|IXfMsuTV|KGS|close|1826.5576|1|2022-03-24
cngn1527|bRUbhnUx|GBP|suspended|6463.6421|1|2022-03-24
cngn1528|tHecaRyX|KZT|open|3705.2935|1|2022-03-24
cngn1529|aOBAzOCw|IQD|suspended|2524.1885|1|2022-03-24
cngn1530|OWwwKgjo|KRW|open|1445.5259|0|2022-03-24
cngn1531|NbkNAWWI|LYD|close|8542.8721|0|2022-03-24
cngn1532|CSStZEtG|ZAR|suspended|5921.5801|1|2022-03-24
cngn1533|EUWbFSaK|BMD|suspended|9323.2676|0|2022-03-24
cngn1534|SHvLlIqI|MDL|open|137.8596|0|2022-03-24
cngn1535|DpZqzdYx|EUR|close|771.3206|1|2022-03-24
cngn1536|zAYdzQED|PLN|close|3334.9436|0|2022-03-24
cngn1537|QUmmaUmU|NIO|open|5897.8706|0|2022-03-24
cngn1538|gsWzbFTQ|OMR|suspended|8352.4238|0|2022-03-24
cngn1539|UjEBGGCj|AUD|open|3546.6370|1|2022-03-24
cngn1540|vLyiPKOG|PEN|open|3493.4680|0|2022-03-24
cngn1541|XeJkOybH|MVR|open|2700.0125|0|2022-03-24
cngn1542|WXjJJOur|PLN|suspended|3051.1240|1|2022-03-24
cngn1543|JQamPCsZ|VND|suspended|533.9407|1|2022-03-24
cngn1544|VDqfcVRT|GEL|suspended|5476.0771|1|2022-03-24
cngn1545|lCztNlzs|EUR|open|5777.0000|0|2022-03-24
cngn1546|jAaNVTPX|JPY|open|8359.2080|1|2022-03-24
cngn1547|YPulaVId|ARS|open|5833.3838|0|2022-03-24
cngn1548|pThHPkfU|ZWD|close|3544.3767|0|2022-03-24
cngn1549|JCVSraGP|EUR|open|1491.4398|1|2022-03-24
cngn1550|bqAnwjUT|KZT|open|9719.9482|1|2022-03-24
cngn1551|TdcvqmUd|QAR|suspended|8405.9414|0|2022-03-24
cngn1552|wQVQSDZF|PYG|suspended|7973.2085|1|2022-03-24
cngn1553|wbIjnflr|XAF|close|5346.8384|1|2022-03-24
cngn1554|klUWPwnz|EUR|close|4699.5645|1|2022-03-24
cngn1555|yFuOJkAO|DKK|close|4764.8306|0|2022-03-24
cngn1556|azhbSpVq|TMT|open|576.0504|0|2022-03-24
cngn1557|UNvhsjKr|UAH|open|7725.7788|1|2022-03-24
cngn1558|YaSuqstY|USD|suspended|6064.0791|0|2022-03-24
cngn1559|TyIolgza|BGN|suspended|9631.0850|0|2022-03-24
cngn1560|twblUfaD|TWD|open|9662.4795|1|2022-03-24
cngn1561|ymlMiwcB|CRC|close|3667.6938|0|2022-03-24
cngn1562|UTkhlfhb|ILS, USD, and JOD|close|9655.8311|0|2022-03-24
cngn1563|JTFsORSK|RWF|close|2314.5083|1|2022-03-24
cngn1564|GnVuhwDI|LKR|close|9558.5537|0|2022-03-24
cngn1565|Rsiemhwc|BGN|open|2783.8269|0|2022-03-24
cngn1566|wLkVugZf|DKK|open|9060.8232|0|2022-03-24
cngn1567|QtZreYWO|EUR|open|6508.6563|1|2022-03-24
cngn1568|nTGSFbpC|PEN|close|4521.6118|1|2022-03-24
cngn1569|blpsiSHY|BMD|open|1920.1278|0|2022-03-24
cngn1570|oBzctxsw|BAM|close|3002.7507|1|2022-03-24
cngn1571|eJNPnUdQ|JPY|open|76.0513|0|2022-03-24
cngn1572|PMaPwtUV|CNY|close|7128.7588|1|2022-03-24
cngn1573|mkGuJXBI|MOP|close|1672.8236|0|2022-03-24
cngn1574|VmHibWal|MKD|close|8293.5127|0|2022-03-24
cngn1575|KdQulkqO|DKK|suspended|9932.9053|1|2022-03-24
cngn1576|DcVzNjOE|MKD|suspended|1756.1699|1|2022-03-24
cngn1577|zeEyIihS|ISK|open|5317.9502|0|2022-03-24
cngn1578|uWxGGLoA|CZK|close|9773.1494|0|2022-03-24
cngn1579|EaswWIcF|PLN|suspended|9373.7637|1|2022-03-24
cngn1580|PqyqVpln|BOB|suspended|3847.7283|1|2022-03-24
cngn1581|pIjiFIbw|ZMW|suspended|6568.1875|1|2022-03-24
cngn1582|lKjIEGuH|LKR|open|8963.3203|0|2022-03-24
cngn1583|igREQklM|EUR|suspended|1103.2711|0|2022-03-24
cngn1584|siqfbbuJ|XOF|suspended|6417.9321|1|2022-03-24
cngn1585|AYUnAgCi|GBP|close|609.3242|0|2022-03-24
cngn1586|ObiuadIm|TND|suspended|983.5290|0|2022-03-24
cngn1587|kqBkbqzu|VEF|close|8604.4346|1|2022-03-24
cngn1588|BTKFDbVJ|LAK|open|2512.2974|1|2022-03-24
cngn1589|bheMlwqE|DKK|suspended|832.1714|0|2022-03-24
cngn1590|mwTxjlOg|LAK|open|5448.1655|0|2022-03-24
cngn1591|tHxuogeT|EUR|suspended|2090.1147|0|2022-03-24
cngn1592|XxoIcdlu|MRU|suspended|2748.5410|0|2022-03-24
cngn1593|AtjBFvOd|GHS|close|3824.9468|1|2022-03-24
cngn1594|JQhKCRJB|PHP|suspended|4306.7998|1|2022-03-24
cngn1595|yPsKZSoR|HRK|suspended|6323.9067|0|2022-03-24
cngn1596|pixrxATJ|GIP|close|5594.0122|0|2022-03-24
cngn1597|VwZdiqMx|EUR|suspended|4848.2456|0|2022-03-24
cngn1598|FihUqQAY|LYD|close|270.8487|0|2022-03-24
cngn1599|lUonOXZV|EUR|suspended|360.0448|1|2022-03-24
cngn1600|VIndFOwo|EUR|close|4187.4395|0|2022-03-24
cngn1601|wEcNrjyr|TTD|close|870.6239|0|2022-03-24
cngn1602|WwlQikgx|BAM|close|3084.4561|1|2022-03-24
cngn1603|kfHOHGAO|NGN|close|8883.6377|1|2022-03-24
cngn1604|NEzeCKOg|UAH|close|2659.8528|0|2022-03-24
cngn1605|aNbNLNzf|MXN|close|3044.4561|1|2022-03-24
cngn1606|EzeyuPeA|XOF|suspended|1147.8805|1|2022-03-24
cngn1607|ZoFBAkkt|EUR|open|8166.4873|0|2022-03-24
cngn1608|bWCnlnbH|ZWD|open|47.3029|1|2022-03-24
cngn1609|xGOeWjzv|HNL|suspended|3639.5903|1|2022-03-24
cngn1610|dlznOBkU|KWD|open|8421.5322|1|2022-03-24
cngn1611|TdWVMyeC|AOA|suspended|6351.3320|1|2022-03-24
cngn1612|WEPiqIZp|XAF|open|5103.8916|0|2022-03-24
cngn1613|urHrNjRL|GBP|open|6658.1445|1|2022-03-24
cngn1614|mWdkJVNr|TJS|suspended|7900.7178|1|2022-03-24
cngn1615|jVuQHTpI|SAR|close|4894.8677|0|2022-03-24
cngn1616|PlnZaWvS|MVR|suspended|8372.9150|0|2022-03-24
cngn1617|XsTezmfV|GEL|close|8047.6670|0|2022-03-24
cngn1618|EYEvrqEJ|JOD|close|3514.6833|1|2022-03-24
cngn1619|RayQphzZ|BOB|close|1095.8798|1|2022-03-24
cngn1620|QcScVzWq|AMD|close|1387.1896|0|2022-03-24
cngn1621|CNrBadcq|XOF|close|758.2291|0|2022-03-24
cngn1622|ALuOEFDs|TRY|suspended|1762.3466|1|2022-03-24
cngn1623|YBcSHALY|BMD|close|6917.7324|1|2022-03-24
cngn1624|GDvdTOVb|JMD|close|8890.5078|0|2022-03-24
cngn1625|HTdIrcNQ|CRC|suspended|6131.7368|1|2022-03-24
cngn1626|CMDiwcEW|AMD|close|9096.6406|0|2022-03-24
cngn1627|jTmgtGlT|MYR|close|9380.0381|0|2022-03-24
cngn1628|TOkFGPow|GIP|open|424.8304|0|2022-03-24
cngn1629|TeKFaupW|SEK|suspended|4819.7500|0|2022-03-24
cngn1630|pakXUBMP|ILS, USD, and JOD|close|1874.2596|1|2022-03-24
cngn1631|zWTygpwF|EUR|open|7293.2163|1|2022-03-24
cngn1632|VncCmxwb|DOP|suspended|7494.1880|1|2022-03-24
cngn1633|tNCysbLu|EUR|close|3469.1438|0|2022-03-24
cngn1634|MEELxAup|MMK|close|6239.1499|0|2022-03-24
cngn1635|qFNNZppg|KES|close|7444.8062|1|2022-03-24
cngn1636|CvFpXaxi|ALL|close|4884.0034|1|2022-03-24
cngn1637|SeihzHJq|BGN|close|5688.5869|0|2022-03-24
cngn1638|PgJWAhZq|EGP|open|7891.9917|0|2022-03-24
cngn1639|IGxmSHRP|XAF|open|4750.5972|1|2022-03-24
cngn1640|HaYUqPJq|XOF|suspended|6274.0464|1|2022-03-24
cngn1641|wFCxknTE|NZD|close|4892.3774|0|2022-03-24
cngn1642|fBLCggjR|CDF|suspended|5611.2993|1|2022-03-24
cngn1643|OWUnusBR|CZK|suspended|9847.0557|1|2022-03-24
cngn1644|VOOegDCQ|PGK|open|8765.5449|0|2022-03-24
cngn1645|QSvxsiWF|MXN|open|8172.1250|0|2022-03-24
cngn1646|itbhlEAQ|XAF|open|2701.3403|0|2022-03-24
cngn1647|FvuCrvNb|PYG|suspended|9639.1533|1|2022-03-24
cngn1648|SNdQASVn|EUR|suspended|8876.9844|1|2022-03-24
cngn1649|nJsOYZXC|ZAR|close|5939.9175|1|2022-03-24
cngn1650|YSVcQrHp|XAF|open|2810.8777|1|2022-03-24
cngn1651|gdbRYvFL|SGD|open|86.8307|0|2022-03-24
cngn1652|ePHqsvhX|HKD|suspended|5673.2183|0|2022-03-24
cngn1653|OgdHzsLM|BAM|suspended|3634.2139|0|2022-03-24
cngn1654|GsXKOlxV|ISK|suspended|6432.4023|1|2022-03-24
cngn1655|lMluvouK|AMD|suspended|2641.2112|0|2022-03-24
cngn1656|vzvLhlkz|DOP|close|1386.1803|0|2022-03-24
cngn1657|YxTOrRJs|GEL|close|4860.2373|0|2022-03-24
cngn1658|SDUeSVmM|RON|suspended|5473.0625|1|2022-03-24
cngn1659|IsufnKVL|USD|close|112.7423|1|2022-03-24
cngn1660|laVNDguQ|COP|close|5150.3711|1|2022-03-24
cngn1661|MjerYPcl|NZD|open|9130.0371|1|2022-03-24
cngn1662|UDOZvMXR|USD|close|1694.4003|0|2022-03-24
cngn1663|FqgZPcXK|EUR|close|397.1557|1|2022-03-24
cngn1664|jwXWWCtm|BRL|suspended|3018.4050|1|2022-03-24
cngn1665|wQsrXaDj|PEN|close|201.8456|1|2022-03-24
cngn1666|bJHRTCBA|PAB  and USD|close|1273.3627|0|2022-03-24
cngn1667|McoxfUGl|PEN|suspended|8283.1035|1|2022-03-24
cngn1668|JYfuTrPb|BRL|suspended|4562.4019|0|2022-03-24
cngn1669|vzTsBayI|USD|open|268.4252|0|2022-03-24
cngn1670|ONZvZhmB|EUR|open|9621.1328|0|2022-03-24
cngn1671|EOIYxYVf|USD|close|1409.2081|1|2022-03-24
cngn1672|SKmEtttg|EUR|open|9540.1650|1|2022-03-24
cngn1673|mlePhYDB|XOF|suspended|1937.7555|0|2022-03-24
cngn1674|SAHDxDSe|EGP|open|5330.2686|1|2022-03-24
cngn1675|KxeLTiOF|RSD|close|2636.8335|1|2022-03-24
cngn1676|vwokBprz|IQD|suspended|2975.6465|1|2022-03-24
cngn1677|YyYxzZnT|MXN|close|8675.8076|1|2022-03-24
cngn1678|NgPoVuAs|RSD|close|8594.6240|1|2022-03-24
cngn1679|nTtqZOTc|GTQ|open|4322.0308|0|2022-03-24
cngn1680|zwdtyQcY|EUR|close|4343.8281|0|2022-03-24
cngn1681|dDhSToKy|SAR|suspended|9938.0283|0|2022-03-24
cngn1682|yDNpEhRA|RUB|close|2057.5542|1|2022-03-24
cngn1683|SevXXVru|PHP|close|9581.7510|0|2022-03-24
cngn1684|fYTWXynE|USD|close|1798.9871|0|2022-03-24
cngn1685|wgJHZPWo|MGA|close|1537.2889|0|2022-03-24
cngn1686|qQPkUQjV|PGK|close|153.2645|1|2022-03-24
cngn1687|lnzjgCQr|TZS|close|431.6364|0|2022-03-24
cngn1688|XFDgqJAf|CHF|suspended|8783.5078|0|2022-03-24
cngn1689|sDNJZOcW|DZD|open|2118.9053|1|2022-03-24
cngn1690|FzPeoZNs|PLN|open|8886.5918|1|2022-03-24
cngn1691|twqEeQrv|HNL|open|6708.6543|1|2022-03-24
cngn1692|SfKZtbbn|COP|close|4123.5591|1|2022-03-24
cngn1693|CtqKjNcK|SGD|close|3606.3569|1|2022-03-24
cngn1694|SMYICjSh|JMD|close|1930.3618|1|2022-03-24
cngn1695|oSUrXpaP|MWK|open|1889.7032|1|2022-03-24
cngn1696|RKOfdjGJ|GBP|suspended|4027.5464|1|2022-03-24
cngn1697|UcUVjaLq|HKD|close|5981.6938|0|2022-03-24
cngn1698|GUFGReQF|SGD|suspended|9105.4092|1|2022-03-24
cngn1699|XWISjFJL|QAR|suspended|1547.5319|1|2022-03-24
cngn1700|fZvqSian|MAD|open|1018.4659|0|2022-03-24
cngn1701|EfoyOuAF|PGK|suspended|4565.4238|1|2022-03-24
cngn1702|MwyfiHBQ|CHF|open|3589.6011|0|2022-03-24
cngn1703|pJzIMvob|NZD|suspended|7318.1904|1|2022-03-24
cngn1704|OWHyuRmj|TRY|suspended|819.9332|0|2022-03-24
cngn1705|WKarITNX|GHS|open|1808.8143|1|2022-03-24
cngn1706|mPNaenna|RUB|close|6463.4775|0|2022-03-24
cngn1707|LMBYWYXe|USD|suspended|7697.3940|0|2022-03-24
cngn1708|JBxVbvTn|MOP|close|8326.3701|0|2022-03-24
cngn1709|AtXPseCV|EUR|suspended|3194.7722|1|2022-03-24
cngn1710|BWoxDjxB|USD|open|9575.4307|0|2022-03-24
cngn1711|NISgDswJ|VEF|close|6749.1479|0|2022-03-24
cngn1712|tQuzWwXg|XAF|open|2716.9363|0|2022-03-24
cngn1713|cyvEWVXS|GBP|open|2228.4199|0|2022-03-24
cngn1714|EBTkCuiZ|BHD|close|7109.5195|0|2022-03-24
cngn1715|uAYpkMjD|MMK|open|3703.5745|0|2022-03-24
cngn1716|zGwdrMhb|ZWD|open|2142.2510|1|2022-03-24
cngn1717|LRfmVvfg|TRY|open|7537.5518|1|2022-03-24
cngn1718|eRycOhyC|MOP|open|2288.8433|0|2022-03-24
cngn1719|eLPoEHpE|TZS|suspended|8636.7842|1|2022-03-24
cngn1720|bNgAchrv|HKD|open|677.5866|0|2022-03-24
cngn1721|hRkSBTDC|USD|close|3362.6487|0|2022-03-24
cngn1722|sctBPJRF|SAR|suspended|3193.7070|1|2022-03-24
cngn1723|jXXvHzOU|BOB|close|9625.8301|1|2022-03-24
cngn1724|iRqBWRAg|TND|suspended|4241.4458|0|2022-03-24
cngn1725|bYVIvkrf|EUR|open|5063.2378|1|2022-03-24
cngn1726|EAseCVdh|KRW|close|22.3893|0|2022-03-24
cngn1727|SKSQwiep|SAR|open|2783.2307|1|2022-03-24
cngn1728|QrDElBJi|EGP|open|3787.4739|0|2022-03-24
cngn1729|BgVendwp|XCD|close|4937.9180|0|2022-03-24
cngn1730|aEGUrNDe|TWD|suspended|8085.8081|1|2022-03-24
cngn1731|tjcsGzWB|MAD|open|1587.3204|0|2022-03-24
cngn1732|EJwMqTWZ|CNY|open|1839.3711|1|2022-03-24
cngn1733|ZsCXxHHo|FJD|suspended|9561.3877|1|2022-03-24
cngn1734|rxhFXale|KGS|close|6992.6270|0|2022-03-24
cngn1735|AYVuLQWd|BOB|open|4125.9834|1|2022-03-24
cngn1736|gNpCoUPf|EUR|suspended|1834.5598|1|2022-03-24
cngn1737|tpsYKsrS|TTD|open|2508.7197|0|2022-03-24
cngn1738|mirxpWPS|DOP|open|5506.8389|0|2022-03-24
cngn1739|rqRENoWB|GEL|close|4218.4111|1|2022-03-24
cngn1740|sdKoHQsg|EUR|suspended|7055.0464|1|2022-03-24
cngn1741|uuoTTCyo|EUR|open|2421.6680|1|2022-03-24
cngn1742|YtxpczII|MDL|suspended|6643.4263|1|2022-03-24
cngn1743|kVaQKrrX|XCD|close|4303.7461|0|2022-03-24
cngn1744|kgcHsZpv|CHF|suspended|103.3968|0|2022-03-24
cngn1745|GKEPrQFQ|FJD|open|3089.0791|0|2022-03-24
cngn1746|BSFYDSea|MVR|close|3263.7688|0|2022-03-24
cngn1747|JQDWUkXW|JMD|close|7160.3428|0|2022-03-24
cngn1748|HtuHpphl|NAD|close|2683.6912|0|2022-03-24
cngn1749|rtkztQNT|CNY|open|3984.9670|0|2022-03-24
cngn1750|TFurDoiE|EUR|open|5289.7896|1|2022-03-24
cngn1751|uBnVkslA|THB|close|9528.3359|0|2022-03-24
cngn1752|VvUUhVkR|AED|close|5970.2671|0|2022-03-24
cngn1753|JArnuVSN|BWP|suspended|6698.2729|1|2022-03-24
cngn1754|VIMHQwuI|XAF|open|7934.7603|0|2022-03-24
cngn1755|KGpqVdLH|LYD|open|2012.0909|0|2022-03-24
cngn1756|NPeItXoc|PHP|close|140.2647|0|2022-03-24
cngn1757|KNzuLsxN|XOF|close|7413.8638|1|2022-03-24
cngn1758|ECCBtDhn|KES|open|618.9663|0|2022-03-24
cngn1759|MbnFmRnS|GEL|close|5903.4106|0|2022-03-24
cngn1760|LCsKWWGv|KES|open|9736.3135|0|2022-03-24
cngn1761|POYurfhK|TRY|close|139.4947|1|2022-03-24
cngn1762|vgNzvUuW|SZL|open|8426.2646|1|2022-03-24
cngn1763|xaTHIuFR|CAD|close|2719.1716|0|2022-03-24
cngn1764|WDDDvBht|IDR|open|4665.8257|0|2022-03-24
cngn1765|GOecnuZv|XOF|suspended|1108.9785|0|2022-03-24
cngn1766|tpEMeZkm|ZAR|open|8183.7202|0|2022-03-24
cngn1767|rRQMcDPn|USD|open|5606.1016|0|2022-03-24
cngn1768|UFKzDpGy|INR|open|9208.7383|1|2022-03-24
cngn1769|VbKjWFtB|JPY|suspended|6061.9243|1|2022-03-24
cngn1770|cVYQwWZE|SZL|suspended|4783.0967|1|2022-03-24
cngn1771|pJyffjdM|EGP|open|3805.8198|1|2022-03-24
cngn1772|KwVOrGbF|NOK|close|432.0901|1|2022-03-24
cngn1773|iOMDtOFY|DZD|close|7880.5483|1|2022-03-24
cngn1774|QHcBStpF|DKK|open|9731.6191|0|2022-03-24
cngn1775|gmAthOnj|USD|open|575.0959|0|2022-03-24
cngn1776|HDJNjgEx|EUR|close|8801.5713|1|2022-03-24
cngn1777|aHpsXQos|HNL|close|128.1734|0|2022-03-24
cngn1778|fuOVuvbe|EUR|suspended|3718.3594|0|2022-03-24
cngn1779|jpUZYbMU|EUR|suspended|7481.7939|0|2022-03-24
cngn1780|ePOMqxCe|EUR|suspended|5166.4375|1|2022-03-24
cngn1781|cffmmTDA|PLN|open|8842.2012|0|2022-03-24
cngn1782|TzALGZtt|AED|open|8894.1826|1|2022-03-24
cngn1783|NpNfSIDC|XAF|close|3208.4277|0|2022-03-24
cngn1784|GTlhRJtF|NAD|open|9047.3896|0|2022-03-24
cngn1785|jlnlvSgs|CAD|close|970.1987|0|2022-03-24
cngn1786|QWxBkIZY|RON|open|3761.7190|0|2022-03-24
cngn1787|WqmGZoim|DZD|open|3022.0767|1|2022-03-24
cngn1788|WRlAYWVw|ALL|open|149.9824|0|2022-03-24
cngn1789|VzKxrvzc|RSD|open|7116.1011|1|2022-03-24
cngn1790|tNQBalUJ|AOA|open|3700.5806|0|2022-03-24
cngn1791|kglEDPgu|MMK|suspended|7446.0684|1|2022-03-24
cngn1792|OAYUALWL|RUB|close|1679.6837|0|2022-03-24
cngn1793|YTaJoPHk|BGN|open|3417.6487|0|2022-03-24
cngn1794|WlXvGJYt|AMD|suspended|1012.1898|1|2022-03-24
cngn1795|MtQSRUzb|NAD|suspended|9021.9541|0|2022-03-24
cngn1796|nNOslngw|TTD|suspended|6025.0869|1|2022-03-24
cngn1797|eGhzWrbZ|LYD|open|2245.6260|1|2022-03-24
cngn1798|hzTrozAM|EGP|open|192.4505|0|2022-03-24
cngn1799|tmTqhsPo|LBP|suspended|7146.4771|1|2022-03-24
cngn1800|cKMsuzMm|KES|suspended|8752.3076|1|2022-03-24
cngn1801|VxThJJJg|MZN|suspended|2883.1414|1|2022-03-24
cngn1802|ghjPtTZe|XOF|suspended|1185.0913|1|2022-03-24
cngn1803|uyzieZOx|LKR|open|2161.3572|0|2022-03-24
cngn1804|xXfMJdfW|EUR|open|9525.9209|0|2022-03-24
cngn1805|wlybAOwD|AOA|close|8983.3389|0|2022-03-24
cngn1806|xkBTymns|KRW|suspended|8289.1045|1|2022-03-24
cngn1807|RWLJIQqH|KGS|close|3022.5149|0|2022-03-24
cngn1808|DhvvjwiV|EUR|suspended|1857.6257|0|2022-03-24
cngn1809|CYRYvwag|TJS|suspended|9929.1973|0|2022-03-24
cngn1810|LeZgjspC|GBP|open|4882.3477|0|2022-03-24
cngn1811|BBcOCagD|TZS|suspended|3720.9224|1|2022-03-24
cngn1812|ecAbRUSh|BAM|open|8856.3281|0|2022-03-24
cngn1813|YSFAzGFO|EUR|open|5318.3501|1|2022-03-24
cngn1814|nvaqRoad|PEN|suspended|9256.1514|1|2022-03-24
cngn1815|nZTVydhG|CAD|suspended|3790.5381|0|2022-03-24
cngn1816|mduJiVcy|CDF|close|8488.6279|0|2022-03-24
cngn1817|QyhoqwUx|EUR|open|7591.4507|0|2022-03-24
cngn1818|DllqdZMs|BGN|close|730.7026|1|2022-03-24
cngn1819|jYwrRYPK|OMR|close|9048.0078|0|2022-03-24
cngn1820|uQrexlFR|CHF|open|8113.3389|0|2022-03-24
cngn1821|pVxRDAgM|GBP|suspended|3058.1687|0|2022-03-24
cngn1822|cAqBxQmR|CNY|close|3825.1714|0|2022-03-24
cngn1823|iFBSKVox|GTQ|open|1987.1201|1|2022-03-24
cngn1824|cgtiBLDm|MOP|suspended|8812.2920|1|2022-03-24
cngn1825|JKPPGAld|MUR|suspended|252.3838|0|2022-03-24
cngn1826|dpbhNVbZ|HNL|open|5373.7949|0|2022-03-24
cngn1827|gGkGUYwX|DZD|suspended|3293.8669|0|2022-03-24
cngn1828|ROmEgekZ|BAM|close|2242.2166|1|2022-03-24
cngn1829|CNNdzXBp|BYN|suspended|1285.8279|1|2022-03-24
cngn1830|sqRDEJOe|AOA|suspended|1637.6581|1|2022-03-24
cngn1831|TLCQVDFh|RUB|suspended|9890.6416|0|2022-03-24
cngn1832|lUWSfzvL|EUR|suspended|4922.0332|1|2022-03-24
cngn1833|IioZqPEx|ARS|open|2389.1011|1|2022-03-24
cngn1834|jQWJtAMw|LKR|open|401.3238|0|2022-03-24
cngn1835|ugBmhQXF|LKR|suspended|1043.3015|1|2022-03-24
cngn1836|YTCtuFzN|AUD|open|4359.8750|1|2022-03-24
cngn1837|tJAfgPKj|XOF|close|6973.4609|1|2022-03-24
cngn1838|vJQRiCui|PAB  and USD|open|5432.9614|0|2022-03-24
cngn1839|uCxKysFh|CAD|suspended|6619.9775|0|2022-03-24
cngn1840|sFjWabpa|VND|open|8915.9395|0|2022-03-24
cngn1841|hZJCvofw|SEK|close|7367.6309|0|2022-03-24
cngn1842|aajeABUd|MMK|close|3381.7739|1|2022-03-24
cngn1843|EnVTiOnN|GBP|close|6805.4893|0|2022-03-24
cngn1844|qlQTUChn|EUR|close|6867.9165|1|2022-03-24
cngn1845|asZrhTwH|EUR|close|9528.5684|1|2022-03-24
cngn1846|wnHgoBro|VEF|suspended|7937.4209|1|2022-03-24
cngn1847|VXTBBqvm|RSD|suspended|2839.7063|0|2022-03-24
cngn1848|RRPjkupC|DKK|close|3544.9548|1|2022-03-24
cngn1849|vKgxqWuI|EUR|open|1284.9216|1|2022-03-24
cngn1850|RRBAysFJ|EUR|open|4704.3296|1|2022-03-24
cngn1851|NfUWyVob|XOF|open|7739.1626|1|2022-03-24
cngn1852|IPvAchzB|ILS, USD, and JOD|close|6024.3818|1|2022-03-24
cngn1853|cxzIAVfL|RSD|suspended|5848.9644|1|2022-03-24
cngn1854|HoMvomrd|MRU|suspended|5490.2510|0|2022-03-24
cngn1855|sGaxHJVh|UZS|close|5950.5996|1|2022-03-24
cngn1856|dxnUNuSv|RUB|suspended|870.8972|1|2022-03-24
cngn1857|JZTvQHJe|GYD|open|4608.0342|0|2022-03-24
cngn1858|ztHXPwHC|MGA|close|2030.7268|1|2022-03-24
cngn1859|jNVgjEcU|MGA|close|27.0582|1|2022-03-24
cngn1860|ASekdQmG|GBP|suspended|7404.5845|1|2022-03-24
cngn1861|LIPzSNiP|TRY|suspended|456.8555|1|2022-03-24
cngn1862|ydcwvDXZ|ILS|open|101.0882|0|2022-03-24
cngn1863|cWcwXTHq|ARS|open|4645.7363|0|2022-03-24
cngn1864|rVyjofFb|UZS|open|528.5060|0|2022-03-24
cngn1865|mXOiOJAN|BBD|open|4958.0747|0|2022-03-24
cngn1866|VyPPuLio|FJD|suspended|1678.8304|0|2022-03-24
cngn1867|CRKKLGlz|KZT|suspended|5603.4292|0|2022-03-24
cngn1868|HGjuJvrB|UYU|close|6216.1084|1|2022-03-24
cngn1869|tUxbbFIk|RSD|suspended|821.6082|0|2022-03-24
cngn1870|QZjdFJAr|BMD|close|784.3527|1|2022-03-24
cngn1871|wNgvmDZd|USD|suspended|8446.3057|0|2022-03-24
cngn1872|ELxUVWYn|MGA|open|8718.3721|1|2022-03-24
cngn1873|vxVTcgzO|MOP|suspended|7314.1328|0|2022-03-24
cngn1874|FoXhBcKx|XAF|close|9826.7041|0|2022-03-24
cngn1875|RFDGevgf|CVE|open|6524.5044|0|2022-03-24
cngn1876|URAcNZXi|RUB|close|2041.2145|0|2022-03-24
cngn1877|hPjwQkdr|KES|suspended|1454.5958|0|2022-03-24
cngn1878|xIPNLwuz|ALL|open|5796.7920|0|2022-03-24
cngn1879|BxRBXGSY|BRL|suspended|4967.0933|0|2022-03-24
cngn1880|ceImFBZi|MYR|suspended|3288.7241|1|2022-03-24
cngn1881|RsrwSihI|EUR|suspended|4439.9146|0|2022-03-24
cngn1882|MxGKuyDK|MVR|suspended|6738.8628|1|2022-03-24
cngn1883|pnwjSiZR|MMK|suspended|9855.0605|0|2022-03-24
cngn1884|qwjYMPKy|GYD|close|2421.4929|0|2022-03-24
cngn1885|nUmTzPSe|BWP|open|1568.0309|1|2022-03-24
cngn1886|qsixvKhN|UGX|close|9656.7129|1|2022-03-24
cngn1887|nocsWAbV|USD|open|4629.7646|0|2022-03-24
cngn1888|gVorQYLO|JMD|close|8003.6348|0|2022-03-24
cngn1889|FhCOGObX|ARS|close|8912.8389|1|2022-03-24
cngn1890|KmdUmCNj|SAR|close|3955.2612|0|2022-03-24
cngn1891|uLBSUjqK|ARS|suspended|7574.7104|0|2022-03-24
cngn1892|JgpXdlQo|USD|close|3464.6106|1|2022-03-24
cngn1893|VZapgAjc|EUR|open|262.8536|1|2022-03-24
cngn1894|sJDXhYmS|MNT|suspended|2776.4646|1|2022-03-24
cngn1895|JIOjUOMv|ILS|suspended|472.3676|1|2022-03-24
cngn1896|YzpIirUp|CLP|open|1613.1583|1|2022-03-24
cngn1897|BFmwMrCg|ZWD|suspended|152.1743|1|2022-03-24
cngn1898|xoqNDhBC|EUR|suspended|8068.3589|0|2022-03-24
cngn1899|vjDjnPGl|EUR|open|2095.1807|1|2022-03-24
cngn1900|sgdXexOS|USD|open|8441.4961|0|2022-03-24
cngn1901|EciHlYmM|BBD|open|9998.6582|1|2022-03-24
cngn1902|PYuXhHdb|GHS|suspended|6903.7881|1|2022-03-24
cngn1903|PbBiSMyN|EUR|suspended|8265.9492|1|2022-03-24
cngn1904|ekqqoksd|MOP|open|2867.4031|0|2022-03-24
cngn1905|JoenLosp|PAB  and USD|open|4019.2495|1|2022-03-24
cngn1906|yhxpKiEz|PAB  and USD|suspended|4394.3291|1|2022-03-24
cngn1907|tPzlRNRD|IMP|close|54.6609|1|2022-03-24
cngn1908|IuuqcxJK|GEL|open|7404.1855|0|2022-03-24
cngn1909|SFlyFZGz|EUR|close|3921.1848|0|2022-03-24
cngn1910|gbvjkDVo|PYG|open|6752.5503|0|2022-03-24
cngn1911|jZeudRjQ|XAF|close|713.8745|0|2022-03-24
cngn1912|RsFVURVz|BBD|open|3491.3689|1|2022-03-24
cngn1913|whSRhrwF|JMD|suspended|438.9485|1|2022-03-24
cngn1914|wAGlcwqA|BBD|close|451.1684|0|2022-03-24
cngn1915|IdPAiynt|EUR|close|4047.3606|1|2022-03-24
cngn1916|UazLpYiy|KES|open|1679.9041|1|2022-03-24
cngn1917|InMhhmTs|HNL|close|4840.1787|0|2022-03-24
cngn1918|BDXxiKWH|GTQ|open|6399.3125|0|2022-03-24
cngn1919|BoSMzdNl|CLP|suspended|7576.2988|0|2022-03-24
cngn1920|Bfbmulcj|EUR|suspended|4820.7197|1|2022-03-24
cngn1921|eZLCsZlv|NIO|close|4007.5388|1|2022-03-24
cngn1922|DNFQKvTP|BAM|suspended|2419.0557|0|2022-03-24
cngn1923|QEqYndlx|HRK|suspended|4405.5811|1|2022-03-24
cngn1924|wVaJWXGZ|EUR|close|7295.7480|1|2022-03-24
cngn1925|GogntGTn|DKK|close|4492.3394|0|2022-03-24
cngn1926|QUnawIbW|COP|suspended|9578.9834|1|2022-03-24
cngn1927|mKaXLqfX|GEL|open|3051.2908|1|2022-03-24
cngn1928|iQEhpmGk|ILS, USD, and JOD|close|2540.3923|0|2022-03-24
cngn1929|XSuFdBFn|SZL|close|6187.4268|0|2022-03-24
cngn1930|jZFGYZpf|ALL|close|7206.8481|0|2022-03-24
cngn1931|UhHaLxhv|TRY|open|868.0378|1|2022-03-24
cngn1932|pcJAxznk|GEL|open|470.5229|1|2022-03-24
cngn1933|GYTRSrCU|THB|suspended|9250.7461|0|2022-03-24
cngn1934|vNsYYNCL|XAF|suspended|4420.5771|1|2022-03-24
cngn1935|ZONYaTSn|USD|suspended|95.3463|0|2022-03-24
cngn1936|umAPjwYT|MRU|suspended|6118.1377|1|2022-03-24
cngn1937|SfdkSQRN|CHF|suspended|2944.6514|0|2022-03-24
cngn1938|fQzGniph|UGX|open|9053.1123|1|2022-03-24
cngn1939|PUnlGXPR|GBP|suspended|7101.7344|0|2022-03-24
cngn1940|weEWDOwD|KES|open|6245.9712|1|2022-03-24
cngn1941|OJtZvVtS|MOP|suspended|4893.4224|1|2022-03-24
cngn1942|oySKdCot|EUR|suspended|6442.8003|0|2022-03-24
cngn1943|UpmWExut|ILS|suspended|1599.4683|1|2022-03-24
cngn1944|GWjMpGUx|INR|close|6153.7158|0|2022-03-24
cngn1945|YzrFoTiE|BAM|open|619.8470|1|2022-03-24
cngn1946|slrBGWdE|JOD|open|2390.4729|0|2022-03-24
cngn1947|ldKzvhXe|HKD|suspended|9395.4678|1|2022-03-24
cngn1948|MvqidkRi|BWP|open|9088.7100|0|2022-03-24
cngn1949|kncWnbUJ|RSD|open|6429.7495|1|2022-03-24
cngn1950|DWJiopDG|RWF|open|8648.8350|1|2022-03-24
cngn1951|qWlYcEcm|XOF|suspended|7562.5898|0|2022-03-24
cngn1952|qnHDVHDl|UZS|close|3181.5078|0|2022-03-24
cngn1953|rutpHirm|EUR|open|4128.0010|0|2022-03-24
cngn1954|gSiWrDQg|EUR|suspended|2008.4480|0|2022-03-24
cngn1955|hjkTLkuA|OMR|open|4371.0068|0|2022-03-24
cngn1956|kBVCJOmh|TTD|close|9946.7119|1|2022-03-24
cngn1957|WyJSmSsZ|JPY|open|914.1025|1|2022-03-24
cngn1958|EDZjgxyX|PAB  and USD|suspended|3620.2441|0|2022-03-24
cngn1959|YVkmhLMm|MZN|open|7761.9331|1|2022-03-24
cngn1960|BDhwBIVQ|RON|suspended|6249.8335|1|2022-03-24
cngn1961|gRynNmKX|ZWD|open|5796.6196|1|2022-03-24
cngn1962|WugwwUcr|LKR|suspended|7552.2153|1|2022-03-24
cngn1963|eNzlsbYa|ZWD|suspended|9783.1133|1|2022-03-24
cngn1964|vSEQMUFy|MKD|suspended|160.1587|1|2022-03-24
cngn1965|cSWszSyM|EUR|close|151.4794|1|2022-03-24
cngn1966|AgqyJHaD|TMT|open|691.4564|1|2022-03-24
cngn1967|UOQpDcOw|HRK|suspended|9699.8799|0|2022-03-24
cngn1968|auBGAGek|PYG|close|8144.1797|0|2022-03-24
cngn1969|MOuWbgNf|EUR|close|185.8905|0|2022-03-24
cngn1970|pRVNEzFK|AMD|suspended|1702.9974|0|2022-03-24
cngn1971|FZeaxhrm|NZD|suspended|6721.9429|1|2022-03-24
cngn1972|VFoWajac|EUR|suspended|6665.8682|0|2022-03-24
cngn1973|TKfaPGKx|NIO|suspended|7809.9521|1|2022-03-24
cngn1974|vZMlBJIY|CVE|open|748.7393|1|2022-03-24
cngn1975|cPgmRKOC|NAD|close|2469.1045|0|2022-03-24
cngn1976|KgUgTTOz|HKD|close|6763.9204|1|2022-03-24
cngn1977|yTfaKdHb|EUR|suspended|138.0936|0|2022-03-24
cngn1978|rigomgMF|HRK|suspended|489.9232|0|2022-03-24
cngn1979|GpmgfXYl|IMP|open|920.8543|1|2022-03-24
cngn1980|mFbAYltI|EGP|open|6777.3687|0|2022-03-24
cngn1981|PBaaLRmZ|CDF|open|169.5352|0|2022-03-24
cngn1982|wkcGDtEY|PKR|close|2150.9370|0|2022-03-24
cngn1983|nvBNcKcB|ISK|open|7952.0991|0|2022-03-24
cngn1984|XPMmJnub|XOF|close|9062.9248|1|2022-03-24
cngn1985|aoHBKuzo|EUR|open|1996.8612|1|2022-03-24
cngn1986|SKjCBRlf|BHD|close|9943.3203|1|2022-03-24
cngn1987|gADJEvsx|CZK|open|6189.3696|1|2022-03-24
cngn1988|XnZdLwFC|UYU|open|2878.9482|1|2022-03-24
cngn1989|MoayZGVK|XCD|suspended|2576.5005|1|2022-03-24
cngn1990|xcvzDDXC|SEK|suspended|4003.6023|0|2022-03-24
cngn1991|XDLelydT|MUR|open|2477.7529|0|2022-03-24
cngn1992|CKfAbeeP|EUR|close|4743.6953|1|2022-03-24
cngn1993|ywlhjsmv|GIP|suspended|3259.9192|0|2022-03-24
cngn1994|DzDlGgcW|NAD|close|5195.4487|1|2022-03-24
cngn1995|hpDjdpwq|HRK|close|2984.9451|1|2022-03-24
cngn1996|oGrqoXir|BMD|open|9521.7373|0|2022-03-24
cngn1997|eEYMhQQl|UGX|close|4646.3027|1|2022-03-24
cngn1998|oGTQBHVk|BRL|open|7173.3965|1|2022-03-24
cngn1999|KzKbhVhv|PEN|open|3196.4072|0|2022-03-24
cngn2000|zRpZIBQw|FJD|suspended|1682.3693|1|2022-03-24
