Transaction_Type_ID|Transaction_Type_Description|Monetary_Indicator|Cash|Reference_Date
trty1001|kvjMsuBC|0|0|2022-03-24
trty1002|DLsIlGNi|0|0|2022-03-24
trty1003|dpcEpJcP|1|0|2022-03-24
trty1004|aPxBCMYX|0|0|2022-03-24
trty1005|YyGdQLIW|0|1|2022-03-24
trty1006|HPLGagvl|1|0|2022-03-24
trty1007|PYeuzQWC|1|0|2022-03-24
trty1008|XZMkLxVU|1|1|2022-03-24
trty1009|DumvClKD|1|0|2022-03-24
trty1010|EWmmYgAB|0|1|2022-03-24
trty1011|IYjPbKsZ|1|0|2022-03-24
trty1012|XfFIBKBM|1|1|2022-03-24
trty1013|BoMspoFx|0|1|2022-03-24
trty1014|cCwTfyTN|1|0|2022-03-24
trty1015|COwiQexL|0|1|2022-03-24
trty1016|oqrkowMm|0|1|2022-03-24
trty1017|avtmKzBZ|0|1|2022-03-24
trty1018|MhYAtQtq|1|1|2022-03-24
trty1019|cTptSaQq|1|0|2022-03-24
trty1020|ThBsJRbb|1|0|2022-03-24
trty1021|bYiZuCYb|1|1|2022-03-24
trty1022|OPWQNIve|0|1|2022-03-24
trty1023|KxDoAwMd|1|0|2022-03-24
trty1024|CWIQRMbf|0|1|2022-03-24
trty1025|HlFOXuqM|1|1|2022-03-24
trty1026|GxpNbXDL|1|0|2022-03-24
trty1027|MLoXvaHG|0|1|2022-03-24
trty1028|IeeQdovC|1|0|2022-03-24
trty1029|podavJfe|0|0|2022-03-24
trty1030|RMSyhIlO|1|1|2022-03-24
trty1031|oChkasVB|1|1|2022-03-24
trty1032|rlERNpHK|0|1|2022-03-24
trty1033|bKhWvoty|0|0|2022-03-24
trty1034|lynRKCun|1|1|2022-03-24
trty1035|HNQRflre|0|1|2022-03-24
trty1036|ualGVNov|1|1|2022-03-24
trty1037|LxGRNSPO|0|1|2022-03-24
trty1038|SYIzGzyC|0|0|2022-03-24
trty1039|NryVhaIa|0|0|2022-03-24
trty1040|lZoyGTNP|0|0|2022-03-24
trty1041|gDMeppME|0|1|2022-03-24
trty1042|FDNZZEtE|1|1|2022-03-24
trty1043|atLctKxR|1|1|2022-03-24
trty1044|iKqIGXbs|0|0|2022-03-24
trty1045|cKTJqXmo|1|1|2022-03-24
trty1046|jUEEwuTV|0|0|2022-03-24
trty1047|aCmPGdyR|0|0|2022-03-24
trty1048|WdeMfGOW|1|1|2022-03-24
trty1049|JKTkzjMN|0|1|2022-03-24
trty1050|kzWYgiJd|0|1|2022-03-24
trty1051|oZiHkZRs|0|1|2022-03-24
trty1052|kroLEkBI|0|0|2022-03-24
trty1053|JHLefvDY|1|1|2022-03-24
trty1054|ANRMbdfZ|1|0|2022-03-24
trty1055|UUKQlCrL|1|0|2022-03-24
trty1056|iOTOXtFv|0|1|2022-03-24
trty1057|jlABkHeG|1|1|2022-03-24
trty1058|oRncEbyd|1|1|2022-03-24
trty1059|EVGWteaN|1|0|2022-03-24
trty1060|RjFFVDlz|1|0|2022-03-24
trty1061|SkSUxxlp|0|1|2022-03-24
trty1062|OWqZLpTW|1|1|2022-03-24
trty1063|UNJDZhdz|0|1|2022-03-24
trty1064|SmGiCqTN|0|1|2022-03-24
trty1065|eyzUVEwe|0|1|2022-03-24
trty1066|yRwgJfcv|0|0|2022-03-24
trty1067|ecOltckU|1|1|2022-03-24
trty1068|rtxoIZKd|1|0|2022-03-24
trty1069|EOeuowJo|1|0|2022-03-24
trty1070|yGewmdyS|0|0|2022-03-24
trty1071|LXxefzpi|0|1|2022-03-24
trty1072|zKxWDUyK|1|1|2022-03-24
trty1073|EoMYZVKi|1|1|2022-03-24
trty1074|aaRkPBgI|1|1|2022-03-24
trty1075|waEWUHED|0|0|2022-03-24
trty1076|FAwcRjiG|0|0|2022-03-24
trty1077|rWCDpswi|1|0|2022-03-24
trty1078|jHYtinYR|1|1|2022-03-24
trty1079|kBeZjQTk|0|1|2022-03-24
trty1080|YoLNTNMQ|0|0|2022-03-24
trty1081|EQyasaDZ|1|1|2022-03-24
trty1082|pYSgQCEx|0|1|2022-03-24
trty1083|VJLozoMG|1|0|2022-03-24
trty1084|njhvqOZA|1|1|2022-03-24
trty1085|WLlJLgaF|1|0|2022-03-24
trty1086|fOhrFybx|0|0|2022-03-24
trty1087|WVAuHJvR|1|1|2022-03-24
trty1088|BAZRFDIh|1|1|2022-03-24
trty1089|lXScSHug|1|1|2022-03-24
trty1090|tEQmuBvm|0|1|2022-03-24
trty1091|vuCDTpbf|0|1|2022-03-24
trty1092|kgdtqVOx|0|0|2022-03-24
trty1093|GbGXiHBj|1|1|2022-03-24
trty1094|DYDPRyUy|1|0|2022-03-24
trty1095|FXeljmTX|0|0|2022-03-24
trty1096|NrvbGlQC|1|1|2022-03-24
trty1097|XqDNZBWE|1|0|2022-03-24
trty1098|vpgYMeDl|0|1|2022-03-24
trty1099|UNnuYHag|0|1|2022-03-24
trty1100|KnEfBhEr|0|0|2022-03-24
trty1101|NjElGsEP|0|1|2022-03-24
trty1102|QqvdVIqw|1|1|2022-03-24
trty1103|JifKqAdw|0|1|2022-03-24
trty1104|XzIwvNTI|0|0|2022-03-24
trty1105|pOKVojba|0|0|2022-03-24
trty1106|jPBtcyrt|0|1|2022-03-24
trty1107|EoNmFIxF|0|1|2022-03-24
trty1108|EIhawjdB|1|1|2022-03-24
trty1109|qSTmlWST|0|1|2022-03-24
trty1110|oaJiuUpV|0|0|2022-03-24
trty1111|rOGIfgru|0|1|2022-03-24
trty1112|JgDJcIFP|0|1|2022-03-24
trty1113|FbxfWTie|0|1|2022-03-24
trty1114|wdpYqXwu|0|1|2022-03-24
trty1115|zSPVtcEy|1|0|2022-03-24
trty1116|veRjTneB|1|1|2022-03-24
trty1117|YlXTJfvv|0|0|2022-03-24
trty1118|VScHKLAM|0|0|2022-03-24
trty1119|WOXsSUDH|1|1|2022-03-24
trty1120|anzjKPJs|0|0|2022-03-24
trty1121|CxEEZOzf|0|1|2022-03-24
trty1122|BnFkoRjt|1|0|2022-03-24
trty1123|NYQWoadS|1|1|2022-03-24
trty1124|hWtIPfjf|1|1|2022-03-24
trty1125|VmcrltgH|0|1|2022-03-24
trty1126|DZsKSiRm|0|0|2022-03-24
trty1127|WqIvkzBm|1|1|2022-03-24
trty1128|qxipgkOK|1|0|2022-03-24
trty1129|vLQYZszK|0|1|2022-03-24
trty1130|JqoGbPee|1|0|2022-03-24
trty1131|vckgAnGg|1|0|2022-03-24
trty1132|LdjDqJmh|0|0|2022-03-24
trty1133|SYLuTsXz|1|0|2022-03-24
trty1134|ZrtOJMgp|1|0|2022-03-24
trty1135|Pzjlwhlf|0|1|2022-03-24
trty1136|MLSDCbwn|1|1|2022-03-24
trty1137|kdUWPxEi|1|0|2022-03-24
trty1138|nOsxRVaJ|1|1|2022-03-24
trty1139|ftzgRxKg|0|0|2022-03-24
trty1140|KLeQLbDY|1|1|2022-03-24
trty1141|PhHbPtVe|0|1|2022-03-24
trty1142|AGifNRHR|1|0|2022-03-24
trty1143|HffaqYNZ|1|1|2022-03-24
trty1144|AvOGwlpK|0|1|2022-03-24
trty1145|YMgGmTNq|1|1|2022-03-24
trty1146|reMvFEEh|0|1|2022-03-24
trty1147|GYzkzANx|0|1|2022-03-24
trty1148|grdRIlsn|0|0|2022-03-24
trty1149|UBjIVBhX|0|0|2022-03-24
trty1150|oQMeYHKm|1|0|2022-03-24
trty1151|iyVZMnOr|1|1|2022-03-24
trty1152|xFxWAELa|1|0|2022-03-24
trty1153|tRWpCQzv|1|1|2022-03-24
trty1154|ArikQKrQ|0|1|2022-03-24
trty1155|XEcGcWAv|1|1|2022-03-24
trty1156|lNINrxvX|0|1|2022-03-24
trty1157|LPzOzxmG|1|1|2022-03-24
trty1158|rCObfbga|1|1|2022-03-24
trty1159|ODSevLnM|1|1|2022-03-24
trty1160|yTpBythO|1|1|2022-03-24
trty1161|lWjfgItt|1|1|2022-03-24
trty1162|EjJoiEXJ|1|1|2022-03-24
trty1163|raPysBWL|1|1|2022-03-24
trty1164|iFTmgvct|1|1|2022-03-24
trty1165|DSxZRFpr|1|1|2022-03-24
trty1166|FIeTxYiB|0|1|2022-03-24
trty1167|IASCOBOd|0|1|2022-03-24
trty1168|tVefvtmB|0|1|2022-03-24
trty1169|BHTwGevb|0|0|2022-03-24
trty1170|AkfTXEOr|0|1|2022-03-24
trty1171|uARegQXL|0|0|2022-03-24
trty1172|VANaYpWb|0|1|2022-03-24
trty1173|wlBvfwWI|1|0|2022-03-24
trty1174|TXaYnYUf|1|1|2022-03-24
trty1175|wDxBNDcC|0|1|2022-03-24
trty1176|xwMNgEZo|1|1|2022-03-24
trty1177|vlrFwajR|1|1|2022-03-24
trty1178|ODccOvlT|0|1|2022-03-24
trty1179|XHGKWJFD|0|0|2022-03-24
trty1180|OqpDnIlV|0|0|2022-03-24
trty1181|lmlUOAvL|0|1|2022-03-24
trty1182|RIQiGWoY|0|0|2022-03-24
trty1183|daVfCYYZ|0|1|2022-03-24
trty1184|KuMomIVl|1|1|2022-03-24
trty1185|ERRiDNMZ|0|0|2022-03-24
trty1186|WRWCrvSb|1|0|2022-03-24
trty1187|LfjjmpMC|0|1|2022-03-24
trty1188|yFsoMvuc|1|1|2022-03-24
trty1189|aIkWHnVf|0|1|2022-03-24
trty1190|lDwQEmrl|1|1|2022-03-24
trty1191|rNQMcXWX|0|1|2022-03-24
trty1192|aWFZFbwC|0|0|2022-03-24
trty1193|frNPlztw|1|0|2022-03-24
trty1194|XhGsjbmR|1|1|2022-03-24
trty1195|JpdJVFOu|1|0|2022-03-24
trty1196|vhepwbhC|1|1|2022-03-24
trty1197|CtQpHTOp|1|0|2022-03-24
trty1198|UtsGYSsW|0|1|2022-03-24
trty1199|AvFSfAbe|1|1|2022-03-24
trty1200|FnUrppDe|0|1|2022-03-24
trty1201|vcjvIzMu|1|0|2022-03-24
trty1202|DAImyXtR|1|1|2022-03-24
trty1203|KvpIdCgL|1|0|2022-03-24
trty1204|BomtQevI|1|1|2022-03-24
trty1205|YHmYVIiv|0|1|2022-03-24
trty1206|qxIUvhOC|0|1|2022-03-24
trty1207|eRLFaqFV|1|0|2022-03-24
trty1208|dXgVyZeu|1|0|2022-03-24
trty1209|KoklQKhv|1|1|2022-03-24
trty1210|zBWsDSeO|1|1|2022-03-24
trty1211|DdgoFFLW|1|1|2022-03-24
trty1212|yBCIyuHj|1|0|2022-03-24
trty1213|UueFrGOK|1|1|2022-03-24
trty1214|wUQBqMek|1|1|2022-03-24
trty1215|EZsDtxyv|0|1|2022-03-24
trty1216|qznlFbiZ|1|0|2022-03-24
trty1217|idQMNcIa|0|1|2022-03-24
trty1218|SzsgIrkx|1|1|2022-03-24
trty1219|CXLHnJaB|1|1|2022-03-24
trty1220|IMqnTcat|1|1|2022-03-24
trty1221|AKqBlwDb|1|0|2022-03-24
trty1222|VtufmJQH|1|1|2022-03-24
trty1223|lrnSzfyi|1|1|2022-03-24
trty1224|ylLRKMTC|1|1|2022-03-24
trty1225|OgtqwkKy|1|0|2022-03-24
trty1226|BimyGUzy|0|0|2022-03-24
trty1227|SiPBZueu|1|0|2022-03-24
trty1228|cItJtDvL|0|0|2022-03-24
trty1229|JHwHxUrN|0|0|2022-03-24
trty1230|tlamYmer|1|0|2022-03-24
trty1231|UoOSCXVK|1|0|2022-03-24
trty1232|qdlNmhCk|1|1|2022-03-24
trty1233|PeTNFegO|0|1|2022-03-24
trty1234|GIDUMTrj|1|1|2022-03-24
trty1235|SaXjYZwZ|0|0|2022-03-24
trty1236|eXzuoOwt|0|0|2022-03-24
trty1237|cMKZLWQe|1|0|2022-03-24
trty1238|ffXsJVUt|0|1|2022-03-24
trty1239|SxsBZsvn|1|0|2022-03-24
trty1240|gUctSeBs|1|1|2022-03-24
trty1241|MDDupuSB|1|0|2022-03-24
trty1242|oxDaUZSf|1|1|2022-03-24
trty1243|YxKEPaxX|0|0|2022-03-24
trty1244|ccGOuZnY|1|0|2022-03-24
trty1245|SNDyqgtT|0|0|2022-03-24
trty1246|NQfOXGcW|1|0|2022-03-24
trty1247|iIjwTgGR|0|0|2022-03-24
trty1248|lHeUWIRx|0|0|2022-03-24
trty1249|VgPPVmMN|0|1|2022-03-24
trty1250|XzmncZvJ|1|1|2022-03-24
trty1251|ssKtalOD|1|0|2022-03-24
trty1252|BcyOJOvL|0|0|2022-03-24
trty1253|JPsNxvsM|0|0|2022-03-24
trty1254|EZUjpydi|0|0|2022-03-24
trty1255|AjgYWFkp|1|0|2022-03-24
trty1256|euXuusWE|1|1|2022-03-24
trty1257|podipkYr|0|1|2022-03-24
trty1258|ziZPYdDk|1|1|2022-03-24
trty1259|ZeSgyEVD|0|0|2022-03-24
trty1260|iKFvmnnl|1|1|2022-03-24
trty1261|bmyvyfJO|0|1|2022-03-24
trty1262|GRcoyBEP|1|1|2022-03-24
trty1263|AjDTHgGC|1|1|2022-03-24
trty1264|LNoVkxyO|1|1|2022-03-24
trty1265|aeiCTxOK|0|0|2022-03-24
trty1266|nDcGlRwG|0|1|2022-03-24
trty1267|sXeMCRqe|1|1|2022-03-24
trty1268|YkKZUyep|0|0|2022-03-24
trty1269|iiVTdLFL|0|0|2022-03-24
trty1270|sonVOUpX|0|1|2022-03-24
trty1271|ZpUDMIYB|1|1|2022-03-24
trty1272|fKXCSDQD|1|0|2022-03-24
trty1273|GbYqgVPH|0|1|2022-03-24
trty1274|IBcoSfyu|0|1|2022-03-24
trty1275|ldDkPlnF|1|0|2022-03-24
trty1276|sJWDUHVP|1|0|2022-03-24
trty1277|QtrCygBY|0|1|2022-03-24
trty1278|bvDeGFXQ|0|0|2022-03-24
trty1279|uZcQTOgR|1|1|2022-03-24
trty1280|kNKGvEKT|0|0|2022-03-24
trty1281|LHviCpRn|1|0|2022-03-24
trty1282|kQlmxjNd|1|1|2022-03-24
trty1283|kZQzOeeD|0|1|2022-03-24
trty1284|bRkotNaF|0|0|2022-03-24
trty1285|lyfMSHJB|0|1|2022-03-24
trty1286|asnIRRXh|0|1|2022-03-24
trty1287|nBzlSUAC|1|1|2022-03-24
trty1288|HZLbvAUR|1|0|2022-03-24
trty1289|vyNOwBuU|0|0|2022-03-24
trty1290|EjLDMIYg|0|0|2022-03-24
trty1291|bVrAlIZE|1|0|2022-03-24
trty1292|SWUJPMbV|1|0|2022-03-24
trty1293|IAcLLFDV|1|0|2022-03-24
trty1294|TOcKGtDY|0|0|2022-03-24
trty1295|fbBsjxEG|0|0|2022-03-24
trty1296|WvejDKLZ|1|0|2022-03-24
trty1297|XffCdzes|0|0|2022-03-24
trty1298|ZsTgRpSe|0|0|2022-03-24
trty1299|DVfKUVuS|0|1|2022-03-24
trty1300|FZVMNYNs|0|0|2022-03-24
trty1301|ZeUyBtRf|0|1|2022-03-24
trty1302|zRBmNHzO|1|1|2022-03-24
trty1303|yTBrFigz|1|0|2022-03-24
trty1304|zexvvJkb|0|0|2022-03-24
trty1305|RsIHqzHJ|0|0|2022-03-24
trty1306|ookVIDMm|1|1|2022-03-24
trty1307|BywLOFsA|1|0|2022-03-24
trty1308|itwgnGoG|1|0|2022-03-24
trty1309|PbfQZnsj|0|1|2022-03-24
trty1310|WUdmcHmq|0|1|2022-03-24
trty1311|BSKMpGvm|0|1|2022-03-24
trty1312|ZWMkNYzl|0|1|2022-03-24
trty1313|MpJlrojG|0|0|2022-03-24
trty1314|ycgkFMvU|1|1|2022-03-24
trty1315|fklbOSwM|0|0|2022-03-24
trty1316|qmdOECxE|0|1|2022-03-24
trty1317|VYhmrVBI|0|1|2022-03-24
trty1318|sHjRSZMw|0|0|2022-03-24
trty1319|vuXPjHYp|0|0|2022-03-24
trty1320|OZiniddp|0|1|2022-03-24
trty1321|PZtPJlch|0|0|2022-03-24
trty1322|Liumgwsf|1|1|2022-03-24
trty1323|OzsvpypV|0|1|2022-03-24
trty1324|Dujayawj|0|1|2022-03-24
trty1325|UsuugEwf|1|0|2022-03-24
trty1326|zIIwNlMD|0|0|2022-03-24
trty1327|ckdfGKok|0|1|2022-03-24
trty1328|uJhskJZX|0|1|2022-03-24
trty1329|AwmXyZnI|1|1|2022-03-24
trty1330|xHqakirs|1|1|2022-03-24
trty1331|cvytcQbY|0|1|2022-03-24
trty1332|zGezeuLC|1|1|2022-03-24
trty1333|FUrBOihh|0|1|2022-03-24
trty1334|vkUdEGVB|1|0|2022-03-24
trty1335|QZHiFUcb|0|1|2022-03-24
trty1336|vfqVdjkv|0|0|2022-03-24
trty1337|KwjroOxQ|0|1|2022-03-24
trty1338|oiIBPFoC|0|1|2022-03-24
trty1339|CQOxWaNE|0|0|2022-03-24
trty1340|AfRVdPVr|1|0|2022-03-24
trty1341|zEhyYFIq|0|0|2022-03-24
trty1342|WUvGNeAI|0|0|2022-03-24
trty1343|EhmODNPv|0|1|2022-03-24
trty1344|vaunMkjK|1|0|2022-03-24
trty1345|QYoLuOKN|1|0|2022-03-24
trty1346|iTjuyqGp|0|1|2022-03-24
trty1347|kKFdiVvc|0|1|2022-03-24
trty1348|AcuTslhG|0|0|2022-03-24
trty1349|kuBcFnEM|1|1|2022-03-24
trty1350|vNTQjycR|1|0|2022-03-24
trty1351|bqqHQezj|0|1|2022-03-24
trty1352|dGYuKvAA|0|0|2022-03-24
trty1353|GkEGYcvH|0|1|2022-03-24
trty1354|vXMIAYWO|1|1|2022-03-24
trty1355|wLtJXQeC|0|1|2022-03-24
trty1356|jkXwHSPF|1|0|2022-03-24
trty1357|iedplkgT|0|0|2022-03-24
trty1358|RLPdWtSL|1|0|2022-03-24
trty1359|JocavMFa|1|0|2022-03-24
trty1360|uetxqleA|1|1|2022-03-24
trty1361|mUJANrRD|0|1|2022-03-24
trty1362|mOiliFMm|1|1|2022-03-24
trty1363|CUEQufHF|1|1|2022-03-24
trty1364|rdZBtBKC|1|0|2022-03-24
trty1365|bmCbuyFo|1|1|2022-03-24
trty1366|bXNTEgvw|0|1|2022-03-24
trty1367|emhHcqlu|0|1|2022-03-24
trty1368|hJtfJsAQ|1|0|2022-03-24
trty1369|wXKPfZZJ|1|1|2022-03-24
trty1370|lXbeyIZH|1|0|2022-03-24
trty1371|KOhBRfRG|1|0|2022-03-24
trty1372|YrRrsCil|0|0|2022-03-24
trty1373|HvusTRYW|0|1|2022-03-24
trty1374|SNjTngMQ|1|0|2022-03-24
trty1375|aFyIbYPn|0|1|2022-03-24
trty1376|IldkeQGb|0|1|2022-03-24
trty1377|EguHXhLF|0|1|2022-03-24
trty1378|wcytEjjW|1|1|2022-03-24
trty1379|FduNwMBn|1|0|2022-03-24
trty1380|EtiLpzlQ|1|0|2022-03-24
trty1381|refOjyEv|0|1|2022-03-24
trty1382|sJGyikIl|1|0|2022-03-24
trty1383|cUSSpjjS|0|0|2022-03-24
trty1384|iVUQJaTm|1|1|2022-03-24
trty1385|KCspGOOJ|0|0|2022-03-24
trty1386|OIceLavK|0|1|2022-03-24
trty1387|VRBErRNX|1|0|2022-03-24
trty1388|mTZDrgov|0|0|2022-03-24
trty1389|uNyWPapu|1|0|2022-03-24
trty1390|grOKxbYj|0|1|2022-03-24
trty1391|lTNbqTvH|0|0|2022-03-24
trty1392|bDiwwNAY|1|0|2022-03-24
trty1393|MYbeOmNM|0|0|2022-03-24
trty1394|XyHatnVW|0|1|2022-03-24
trty1395|VoAbbpVW|0|0|2022-03-24
trty1396|xMBzNGfn|1|1|2022-03-24
trty1397|sRUqQKVf|1|0|2022-03-24
trty1398|TzpFvplY|1|1|2022-03-24
trty1399|TsJgIZgx|1|1|2022-03-24
trty1400|OIWDHfbm|0|1|2022-03-24
trty1401|dQLkaqkM|1|0|2022-03-24
trty1402|RcSVwasM|1|1|2022-03-24
trty1403|fDZMCmfk|0|0|2022-03-24
trty1404|LgcyaJvM|0|0|2022-03-24
trty1405|QQSNtmNT|0|1|2022-03-24
trty1406|vqkVNrFT|0|1|2022-03-24
trty1407|gxAbtOeM|1|0|2022-03-24
trty1408|jXynPgiY|0|0|2022-03-24
trty1409|tozGxONr|0|1|2022-03-24
trty1410|zTDAXJsL|1|1|2022-03-24
trty1411|FDBPiOVh|1|1|2022-03-24
trty1412|mmTWvaIq|1|1|2022-03-24
trty1413|YerCUAwI|1|1|2022-03-24
trty1414|jIkcxETE|0|1|2022-03-24
trty1415|GXpJhcLh|0|1|2022-03-24
trty1416|JROZOTJS|1|1|2022-03-24
trty1417|qlhKahWw|0|0|2022-03-24
trty1418|DiZpcjrq|0|1|2022-03-24
trty1419|qRzOTWNF|0|0|2022-03-24
trty1420|aYpwRIfq|1|1|2022-03-24
trty1421|bbDarYTz|0|1|2022-03-24
trty1422|LHihfNJG|0|0|2022-03-24
trty1423|GXZvyZrC|1|0|2022-03-24
trty1424|PqSxOwYD|0|1|2022-03-24
trty1425|UmMbBynL|1|1|2022-03-24
trty1426|LZxNdNTn|1|0|2022-03-24
trty1427|XGcKaIJY|0|1|2022-03-24
trty1428|zMIXDPDY|1|0|2022-03-24
trty1429|AmxOhnHr|1|1|2022-03-24
trty1430|cyDpedDr|1|0|2022-03-24
trty1431|DBldbwbi|1|0|2022-03-24
trty1432|WhbOliVH|1|0|2022-03-24
trty1433|VUcNAGHk|1|0|2022-03-24
trty1434|wFdJlLmS|0|1|2022-03-24
trty1435|MEnTddUB|0|1|2022-03-24
trty1436|jMakvnGY|1|0|2022-03-24
trty1437|WmREAbHk|1|1|2022-03-24
trty1438|KJGyVuoY|1|0|2022-03-24
trty1439|ccissMfj|1|1|2022-03-24
trty1440|OVfVRBXK|0|0|2022-03-24
trty1441|ARspIZII|0|0|2022-03-24
trty1442|hYgCRTpk|1|1|2022-03-24
trty1443|RKetTJnj|0|1|2022-03-24
trty1444|MCDWSjSX|0|1|2022-03-24
trty1445|tlDsLXIz|1|0|2022-03-24
trty1446|vZNSBRGq|1|0|2022-03-24
trty1447|uRxPBjnD|0|0|2022-03-24
trty1448|VWvaEUtn|1|1|2022-03-24
trty1449|XhuOltfv|1|0|2022-03-24
trty1450|MuTuDykQ|0|0|2022-03-24
trty1451|GDwmUSJE|1|0|2022-03-24
trty1452|xuQIAPit|0|1|2022-03-24
trty1453|YexobOFz|1|0|2022-03-24
trty1454|nWmFSnza|1|1|2022-03-24
trty1455|rpBOlQBz|0|0|2022-03-24
trty1456|ucnPINzI|0|1|2022-03-24
trty1457|uNSJHKRo|1|1|2022-03-24
trty1458|gDnIKbez|0|1|2022-03-24
trty1459|bxRvMpBM|1|0|2022-03-24
trty1460|vDJRBaLJ|0|1|2022-03-24
trty1461|EjfuyngY|1|0|2022-03-24
trty1462|nmBdwCqA|1|1|2022-03-24
trty1463|CLCvjKgt|1|1|2022-03-24
trty1464|KPoXDMBa|0|0|2022-03-24
trty1465|ThoNqzmt|1|1|2022-03-24
trty1466|plaVaCIO|0|0|2022-03-24
trty1467|nXyBPaya|0|0|2022-03-24
trty1468|xQPSZVrO|0|0|2022-03-24
trty1469|pQKdIGMf|0|0|2022-03-24
trty1470|MeaKBKai|0|0|2022-03-24
trty1471|NTEOsNwD|0|0|2022-03-24
trty1472|DnGoWkeT|0|0|2022-03-24
trty1473|wSdoGFgX|1|0|2022-03-24
trty1474|IXczoojU|0|1|2022-03-24
trty1475|aosQbYWs|1|1|2022-03-24
trty1476|QOHkJVdm|1|1|2022-03-24
trty1477|XzZvHHmW|0|0|2022-03-24
trty1478|tONkmzIT|0|0|2022-03-24
trty1479|TXMEAQWc|0|1|2022-03-24
trty1480|mCqFzlrK|0|1|2022-03-24
trty1481|igqTPwgs|0|1|2022-03-24
trty1482|bjsUcKdY|1|1|2022-03-24
trty1483|BaKgSmqm|0|0|2022-03-24
trty1484|sqlfstyS|0|1|2022-03-24
trty1485|fhfOpFZO|1|1|2022-03-24
trty1486|awUSzwXY|1|1|2022-03-24
trty1487|zrOuNdmw|0|0|2022-03-24
trty1488|tUnVISLS|1|0|2022-03-24
trty1489|QUrRfBpJ|1|0|2022-03-24
trty1490|UTOxKhuW|1|0|2022-03-24
trty1491|nfJEeSrO|0|1|2022-03-24
trty1492|jKsHTZrI|0|1|2022-03-24
trty1493|xMnlYzzd|1|1|2022-03-24
trty1494|DmmVUjis|0|0|2022-03-24
trty1495|LXMmbYCc|0|1|2022-03-24
trty1496|sceKYyKW|0|1|2022-03-24
trty1497|lRvjSnEY|1|0|2022-03-24
trty1498|wtvwwcFj|0|0|2022-03-24
trty1499|jVaMnGTA|0|1|2022-03-24
trty1500|pKafAhEn|1|0|2022-03-24
trty1501|wWbGAqBY|0|0|2022-03-24
trty1502|cBegBZLQ|1|1|2022-03-24
trty1503|GCzmaqCv|0|1|2022-03-24
trty1504|OyVzzSZi|1|1|2022-03-24
trty1505|NgNkHNSr|1|0|2022-03-24
trty1506|hOIRRtLq|1|1|2022-03-24
trty1507|MoWSutvF|0|1|2022-03-24
trty1508|femODwWj|1|0|2022-03-24
trty1509|imOMdRly|0|0|2022-03-24
trty1510|MBtrHnvp|0|1|2022-03-24
trty1511|NQbWQZHW|1|1|2022-03-24
trty1512|ALFcVTUX|0|0|2022-03-24
trty1513|irkssqdw|1|0|2022-03-24
trty1514|mDBhHTdx|1|0|2022-03-24
trty1515|zejkTIMN|0|0|2022-03-24
trty1516|udqkKKaL|1|1|2022-03-24
trty1517|OsLQOcGs|0|0|2022-03-24
trty1518|EtlCNkdc|1|0|2022-03-24
trty1519|xoVcozAj|1|1|2022-03-24
trty1520|NBbCFicO|0|1|2022-03-24
trty1521|OBfOQcvN|1|0|2022-03-24
trty1522|SGhYigwE|0|0|2022-03-24
trty1523|WbZWRxSp|1|1|2022-03-24
trty1524|CPnvgZVQ|1|1|2022-03-24
trty1525|GXnCVvCF|0|1|2022-03-24
trty1526|OeQDRWlr|0|1|2022-03-24
trty1527|rxUyMDru|1|1|2022-03-24
trty1528|kXMDvlZw|0|0|2022-03-24
trty1529|sBPMSYlx|0|1|2022-03-24
trty1530|AmbyAPMa|0|0|2022-03-24
trty1531|oeWzQWlh|0|1|2022-03-24
trty1532|ZsDgPWvi|1|0|2022-03-24
trty1533|bzVQoIVF|0|1|2022-03-24
trty1534|CbKKrmzk|1|0|2022-03-24
trty1535|BfjbSAGL|1|0|2022-03-24
trty1536|CnkuvMSJ|1|1|2022-03-24
trty1537|oQnlPsgF|0|0|2022-03-24
trty1538|NavujvLp|1|0|2022-03-24
trty1539|cuokbSHA|0|0|2022-03-24
trty1540|QxHicbnR|0|1|2022-03-24
trty1541|gfvctgcV|1|1|2022-03-24
trty1542|PmofOdlP|1|1|2022-03-24
trty1543|cMANVvAE|0|0|2022-03-24
trty1544|CkDwlJTr|1|0|2022-03-24
trty1545|ryiNrmdR|1|1|2022-03-24
trty1546|HAdqkZmK|1|1|2022-03-24
trty1547|pBlcaQUu|1|0|2022-03-24
trty1548|CuVYodjz|1|0|2022-03-24
trty1549|vjMCaZjr|0|1|2022-03-24
trty1550|aSiSXxwk|0|0|2022-03-24
trty1551|KXomsYRh|0|0|2022-03-24
trty1552|rRBKShkV|1|1|2022-03-24
trty1553|canNCDle|0|1|2022-03-24
trty1554|NAkHEqnr|1|1|2022-03-24
trty1555|DItXESCR|0|1|2022-03-24
trty1556|BjGFqfTh|0|0|2022-03-24
trty1557|EiVmoPTE|1|1|2022-03-24
trty1558|PGBlaQAX|1|0|2022-03-24
trty1559|XnxSGLuv|0|1|2022-03-24
trty1560|vepPRwjw|1|1|2022-03-24
trty1561|HkYYRSWF|0|1|2022-03-24
trty1562|qJhGgwyg|1|1|2022-03-24
trty1563|oMNsKnyn|0|1|2022-03-24
trty1564|mxwTucBu|1|0|2022-03-24
trty1565|HyGqpyMR|0|1|2022-03-24
trty1566|gmxWvckw|1|1|2022-03-24
trty1567|hJZJorIl|1|1|2022-03-24
trty1568|RWdUTabu|0|0|2022-03-24
trty1569|bCtpdWvU|0|1|2022-03-24
trty1570|GqizFRib|1|1|2022-03-24
trty1571|pHGDqfxG|1|0|2022-03-24
trty1572|OMjOsXbD|0|0|2022-03-24
trty1573|FmLrnXYW|1|1|2022-03-24
trty1574|JfIbrWdi|0|1|2022-03-24
trty1575|xwhrcBya|1|0|2022-03-24
trty1576|hERFQHQJ|1|1|2022-03-24
trty1577|njJmUtOF|0|0|2022-03-24
trty1578|kwfDoRAM|0|1|2022-03-24
trty1579|CZIAlLmd|1|0|2022-03-24
trty1580|CJsUyigv|0|1|2022-03-24
trty1581|oAarQrFv|0|0|2022-03-24
trty1582|egDWISju|0|1|2022-03-24
trty1583|rkoDlXnE|1|1|2022-03-24
trty1584|dRHtxcBG|1|1|2022-03-24
trty1585|rSRCHhRZ|0|0|2022-03-24
trty1586|sBLSFDza|0|1|2022-03-24
trty1587|niQgXLbI|1|1|2022-03-24
trty1588|esDwlxCb|0|1|2022-03-24
trty1589|OSgpYwkD|1|1|2022-03-24
trty1590|goWFmmuY|0|1|2022-03-24
trty1591|rGWyZMwV|1|1|2022-03-24
trty1592|SQqIIlTO|1|0|2022-03-24
trty1593|HRPzstBg|0|1|2022-03-24
trty1594|EHuUfAYP|1|1|2022-03-24
trty1595|MqQCSQHM|1|1|2022-03-24
trty1596|txTXZDcT|0|0|2022-03-24
trty1597|ohhaZVOv|1|0|2022-03-24
trty1598|tNeYTHDx|0|1|2022-03-24
trty1599|aBgDcSbU|0|0|2022-03-24
trty1600|TIJEQIjo|1|0|2022-03-24
trty1601|YjNsAHhm|1|1|2022-03-24
trty1602|FRDDWLhJ|0|0|2022-03-24
trty1603|RvqRzhwd|0|1|2022-03-24
trty1604|ejUsJwud|1|0|2022-03-24
trty1605|yWetTvzO|0|0|2022-03-24
trty1606|uPjXAlNl|1|1|2022-03-24
trty1607|ZItcXmTt|1|0|2022-03-24
trty1608|QRGryHxx|0|0|2022-03-24
trty1609|kwVvyyfG|1|0|2022-03-24
trty1610|EmuJKMME|0|1|2022-03-24
trty1611|ZFAlWQfD|1|0|2022-03-24
trty1612|jayVmUUw|1|1|2022-03-24
trty1613|cQzUtDQi|0|0|2022-03-24
trty1614|QXXuJwgm|0|0|2022-03-24
trty1615|oFuMwvSU|0|0|2022-03-24
trty1616|QzSStaex|1|0|2022-03-24
trty1617|UlVTeGHF|0|0|2022-03-24
trty1618|StjhLxvn|1|1|2022-03-24
trty1619|gBxharBx|0|0|2022-03-24
trty1620|HKuyFqwU|1|1|2022-03-24
trty1621|tMdrxoQu|1|1|2022-03-24
trty1622|yntSprUD|1|1|2022-03-24
trty1623|pGAjzAHS|0|1|2022-03-24
trty1624|uFlHnRIZ|0|0|2022-03-24
trty1625|VrxmkGGC|1|1|2022-03-24
trty1626|gpERiSOe|1|0|2022-03-24
trty1627|agPODAuB|1|1|2022-03-24
trty1628|AuaAOdlx|1|1|2022-03-24
trty1629|CcSTsKUy|1|0|2022-03-24
trty1630|kKlfyxoS|0|1|2022-03-24
trty1631|rbWqtksN|0|0|2022-03-24
trty1632|htbYeGkX|0|1|2022-03-24
trty1633|AtQoVaEb|1|1|2022-03-24
trty1634|VMQNLTiZ|0|1|2022-03-24
trty1635|CHkOvTwC|0|0|2022-03-24
trty1636|TBNwoWDg|1|1|2022-03-24
trty1637|qlusIDCF|0|0|2022-03-24
trty1638|ijUrIkOd|0|1|2022-03-24
trty1639|sMJwCayj|0|1|2022-03-24
trty1640|bdHPVuzw|1|0|2022-03-24
trty1641|FjTNOTFc|1|0|2022-03-24
trty1642|EHpUROqd|1|0|2022-03-24
trty1643|CsKadjED|1|0|2022-03-24
trty1644|TBSWSbFS|1|1|2022-03-24
trty1645|dPpOWFwi|0|0|2022-03-24
trty1646|WJIphwNR|1|0|2022-03-24
trty1647|xZMlTRyC|0|0|2022-03-24
trty1648|vnOovOEr|1|0|2022-03-24
trty1649|aVpgnBsX|1|0|2022-03-24
trty1650|ovQBqMMD|0|1|2022-03-24
trty1651|jdhuqfMo|1|1|2022-03-24
trty1652|OopsXdPc|1|1|2022-03-24
trty1653|zTmbmWiq|1|0|2022-03-24
trty1654|vXoBLltG|1|1|2022-03-24
trty1655|tNyTtCPH|0|0|2022-03-24
trty1656|vGDvpcEd|1|1|2022-03-24
trty1657|JFpxiBNw|0|0|2022-03-24
trty1658|TIwIzoyl|0|1|2022-03-24
trty1659|QWUzLQdw|1|0|2022-03-24
trty1660|yincDOBh|0|1|2022-03-24
trty1661|Sblzmzin|0|0|2022-03-24
trty1662|YRmTdfzg|0|1|2022-03-24
trty1663|uCyVtopL|1|1|2022-03-24
trty1664|iESRZbns|0|1|2022-03-24
trty1665|PTlsuoHU|1|0|2022-03-24
trty1666|UrNoGCUT|0|1|2022-03-24
trty1667|HIVHxIFp|1|0|2022-03-24
trty1668|jtpluNnM|1|1|2022-03-24
trty1669|cojQTYeL|1|1|2022-03-24
trty1670|asrwNpIu|1|1|2022-03-24
trty1671|swFopsRW|1|1|2022-03-24
trty1672|kMZTMwVv|0|0|2022-03-24
trty1673|OFNRPgvg|0|0|2022-03-24
trty1674|mBOMCVQH|0|0|2022-03-24
trty1675|XcjEUVpJ|1|1|2022-03-24
trty1676|wWEXArCD|1|0|2022-03-24
trty1677|mSrwhNWB|0|0|2022-03-24
trty1678|UXtplePP|1|1|2022-03-24
trty1679|tSGXEfER|1|0|2022-03-24
trty1680|NOhDERvz|1|1|2022-03-24
trty1681|XvTuewac|1|0|2022-03-24
trty1682|UDvqLiWf|0|0|2022-03-24
trty1683|xNKFMvXW|0|0|2022-03-24
trty1684|etvRBTTQ|1|0|2022-03-24
trty1685|mALnWHnF|0|0|2022-03-24
trty1686|fyfrtsRe|1|0|2022-03-24
trty1687|SlNOwgKF|1|0|2022-03-24
trty1688|aLxlbTOV|0|1|2022-03-24
trty1689|UYLYQCTp|1|1|2022-03-24
trty1690|kIFnzlKm|0|0|2022-03-24
trty1691|hPBSjpIF|0|0|2022-03-24
trty1692|BduNDRUT|0|0|2022-03-24
trty1693|xHpdvDiN|1|1|2022-03-24
trty1694|GKEKHlXj|0|0|2022-03-24
trty1695|buQYxxjb|1|0|2022-03-24
trty1696|VxhXQfJd|1|1|2022-03-24
trty1697|ImJOgDtB|0|0|2022-03-24
trty1698|WLaVVkgK|0|0|2022-03-24
trty1699|TwcvSKTK|1|0|2022-03-24
trty1700|JsWGLBaR|0|0|2022-03-24
trty1701|iZzcNBUe|0|1|2022-03-24
trty1702|TAgpaDyx|1|0|2022-03-24
trty1703|hWUaZHzz|0|1|2022-03-24
trty1704|ZfHilDeu|1|1|2022-03-24
trty1705|KZntvKow|1|1|2022-03-24
trty1706|jtSpKdFP|1|1|2022-03-24
trty1707|kAaykGQL|1|1|2022-03-24
trty1708|sTWbsZZd|0|1|2022-03-24
trty1709|JJovlgPR|0|1|2022-03-24
trty1710|meFFOXZk|1|1|2022-03-24
trty1711|AJlCKRRQ|0|0|2022-03-24
trty1712|xuHrFGAv|0|0|2022-03-24
trty1713|VmDihaPE|0|0|2022-03-24
trty1714|sLYZBdTF|0|0|2022-03-24
trty1715|omWYWuEY|0|1|2022-03-24
trty1716|ZGCRDdJp|0|1|2022-03-24
trty1717|UjPnfgDr|1|0|2022-03-24
trty1718|WyeNBrNu|0|1|2022-03-24
trty1719|xCwDXwZA|1|0|2022-03-24
trty1720|MRQPmrlt|1|1|2022-03-24
trty1721|hBrtwYWz|1|0|2022-03-24
trty1722|dQaADiVP|1|1|2022-03-24
trty1723|SaBnUrAa|0|1|2022-03-24
trty1724|yHXOWZWr|1|1|2022-03-24
trty1725|qbWdcYKa|0|0|2022-03-24
trty1726|AzjJVhKf|0|1|2022-03-24
trty1727|NgILPFlS|0|0|2022-03-24
trty1728|bkGVSHwb|0|1|2022-03-24
trty1729|AVrjCbwM|0|0|2022-03-24
trty1730|FoEZqlri|0|1|2022-03-24
trty1731|OOyTmmQh|1|1|2022-03-24
trty1732|acPwqujy|0|1|2022-03-24
trty1733|jjycWmDg|0|0|2022-03-24
trty1734|qVLInncV|0|1|2022-03-24
trty1735|PnDDkPpw|1|1|2022-03-24
trty1736|AdIgFPMH|1|1|2022-03-24
trty1737|enEuhkFL|0|1|2022-03-24
trty1738|TauFKRhm|0|0|2022-03-24
trty1739|zoaZFdkI|0|1|2022-03-24
trty1740|egYiTlDS|0|1|2022-03-24
trty1741|zYwEwTHY|1|0|2022-03-24
trty1742|EYwjFSVb|0|1|2022-03-24
trty1743|KqkjGAhx|0|1|2022-03-24
trty1744|KcjoeIre|0|1|2022-03-24
trty1745|ukNeOopv|0|1|2022-03-24
trty1746|ULXiZbVS|1|1|2022-03-24
trty1747|AcieZKbT|1|0|2022-03-24
trty1748|ZztyoJfY|1|1|2022-03-24
trty1749|TlczTbYJ|0|0|2022-03-24
trty1750|EdzrLsHm|1|0|2022-03-24
trty1751|KZifYZSe|0|1|2022-03-24
trty1752|qvdPJFLc|1|0|2022-03-24
trty1753|XyDkthEY|0|0|2022-03-24
trty1754|QAnmumRl|1|0|2022-03-24
trty1755|UluDABII|0|1|2022-03-24
trty1756|uvznUMRt|0|1|2022-03-24
trty1757|joQpTSEz|0|0|2022-03-24
trty1758|BTyMrKTF|1|1|2022-03-24
trty1759|WuCFOfWE|1|0|2022-03-24
trty1760|xffDkECf|0|1|2022-03-24
trty1761|FBLHsuEg|0|1|2022-03-24
trty1762|AiOTvlUH|0|1|2022-03-24
trty1763|BkwuSWpE|0|1|2022-03-24
trty1764|vJqWEDqp|1|1|2022-03-24
trty1765|zEdqoRyh|1|0|2022-03-24
trty1766|CLNFOyua|0|1|2022-03-24
trty1767|TsuJieRc|0|0|2022-03-24
trty1768|MOkgBSbF|0|1|2022-03-24
trty1769|UuWYNwFA|0|1|2022-03-24
trty1770|sywPfEIt|1|1|2022-03-24
trty1771|kVbmZJWK|0|1|2022-03-24
trty1772|wpjtFTQj|0|1|2022-03-24
trty1773|bXlFbJuN|0|1|2022-03-24
trty1774|dLDjxmiI|1|1|2022-03-24
trty1775|YMnXcKMa|0|0|2022-03-24
trty1776|AJMOBVLr|1|0|2022-03-24
trty1777|lpTGVsxI|1|0|2022-03-24
trty1778|LmuWEMqt|0|0|2022-03-24
trty1779|JDolZyWp|0|1|2022-03-24
trty1780|DIPoZULv|0|0|2022-03-24
trty1781|NpYgGvfK|1|1|2022-03-24
trty1782|LYfLHWAx|0|0|2022-03-24
trty1783|twdoBHPE|0|0|2022-03-24
trty1784|owJxPzlJ|1|0|2022-03-24
trty1785|zPZvyHkA|0|0|2022-03-24
trty1786|hQFCRCOo|0|0|2022-03-24
trty1787|ITnSGwbI|1|1|2022-03-24
trty1788|BNIgmXhF|0|1|2022-03-24
trty1789|faLsFRlQ|0|0|2022-03-24
trty1790|pGoBIejP|0|0|2022-03-24
trty1791|HZyKQBhX|0|1|2022-03-24
trty1792|KhFfQsKg|1|0|2022-03-24
trty1793|iKSaaYUl|1|1|2022-03-24
trty1794|DLehblBR|0|1|2022-03-24
trty1795|fxeCZwfX|1|0|2022-03-24
trty1796|vCOYnjtr|1|0|2022-03-24
trty1797|bzIWgwBS|0|0|2022-03-24
trty1798|XhbVYddg|1|1|2022-03-24
trty1799|uTPLnGkS|1|1|2022-03-24
trty1800|dFVyzQGH|0|0|2022-03-24
trty1801|LLYUYEJy|0|0|2022-03-24
trty1802|aqnExfDY|1|1|2022-03-24
trty1803|zxfoZalF|1|1|2022-03-24
trty1804|dahNScBc|0|0|2022-03-24
trty1805|nNFhYCJL|1|1|2022-03-24
trty1806|UrZjaInu|1|0|2022-03-24
trty1807|tprvILzT|0|1|2022-03-24
trty1808|AFeThpqA|1|1|2022-03-24
trty1809|yTBheUHc|1|1|2022-03-24
trty1810|wqjrpYCA|0|1|2022-03-24
trty1811|uZBRjIDQ|1|1|2022-03-24
trty1812|VlnBaCsD|0|0|2022-03-24
trty1813|BmVGqmSQ|1|0|2022-03-24
trty1814|DQvkbXaP|0|1|2022-03-24
trty1815|fAxxAQph|1|1|2022-03-24
trty1816|qmDoDXeg|0|0|2022-03-24
trty1817|roghICir|1|1|2022-03-24
trty1818|hrqDFPFY|1|0|2022-03-24
trty1819|FlUUVSVz|1|0|2022-03-24
trty1820|sgeVyGGD|0|0|2022-03-24
trty1821|MXWkalTk|0|1|2022-03-24
trty1822|TVlVGYtx|1|1|2022-03-24
trty1823|SPuYnFSa|1|0|2022-03-24
trty1824|lsqMhvJo|1|1|2022-03-24
trty1825|qsJuJEws|0|0|2022-03-24
trty1826|yphULhcn|0|0|2022-03-24
trty1827|OOKYzGlX|0|0|2022-03-24
trty1828|UrkSCClf|0|0|2022-03-24
trty1829|YFBGVkTj|0|0|2022-03-24
trty1830|YhgITlcB|1|0|2022-03-24
trty1831|XZOOILjO|1|0|2022-03-24
trty1832|fjxBKaMN|1|0|2022-03-24
trty1833|rLoZTWWT|0|0|2022-03-24
trty1834|ICUxSPZL|1|0|2022-03-24
trty1835|iSOghHnl|0|1|2022-03-24
trty1836|HMbDOUvm|0|1|2022-03-24
trty1837|kFscsAOa|0|1|2022-03-24
trty1838|PPrdGuTo|0|1|2022-03-24
trty1839|bxToWEff|1|0|2022-03-24
trty1840|daUuHiNI|1|1|2022-03-24
trty1841|hhaEXJyu|0|1|2022-03-24
trty1842|NjGluMyX|1|1|2022-03-24
trty1843|OoeNobUz|0|0|2022-03-24
trty1844|uyBNnjvB|0|1|2022-03-24
trty1845|QGNGMPap|0|1|2022-03-24
trty1846|yLbKJJiK|1|0|2022-03-24
trty1847|XcFnWGKZ|1|1|2022-03-24
trty1848|PtWUFrMt|1|0|2022-03-24
trty1849|UjSeuhrH|1|0|2022-03-24
trty1850|TTbrZGzj|0|0|2022-03-24
trty1851|twtnqNgz|0|0|2022-03-24
trty1852|fBEUvfdD|1|0|2022-03-24
trty1853|UmolrmiV|0|0|2022-03-24
trty1854|iPeYuSnd|1|1|2022-03-24
trty1855|BODGbVWm|1|1|2022-03-24
trty1856|DiMsztiQ|1|0|2022-03-24
trty1857|KYMDrFTS|1|1|2022-03-24
trty1858|NAqPnAFm|0|1|2022-03-24
trty1859|JOoPpTiG|1|0|2022-03-24
trty1860|eekVmkmD|0|0|2022-03-24
trty1861|JKCRcJDn|1|1|2022-03-24
trty1862|HkGgOxCk|0|1|2022-03-24
trty1863|nXckYqqV|0|1|2022-03-24
trty1864|eoWnfZPq|0|1|2022-03-24
trty1865|IGbxncir|1|1|2022-03-24
trty1866|SPLuoSCe|0|1|2022-03-24
trty1867|GpxnOoBh|0|0|2022-03-24
trty1868|RGsqvQkv|0|0|2022-03-24
trty1869|QZKlPxOi|1|0|2022-03-24
trty1870|aPPAHvoY|0|1|2022-03-24
trty1871|IHoPWmMw|1|0|2022-03-24
trty1872|XwnkqrgT|1|1|2022-03-24
trty1873|VxqIhdbn|0|0|2022-03-24
trty1874|GOEBEDBa|0|1|2022-03-24
trty1875|tkXcrLqb|0|1|2022-03-24
trty1876|DavkfNgS|0|1|2022-03-24
trty1877|DoHcNHmR|0|0|2022-03-24
trty1878|MaouUNpz|1|0|2022-03-24
trty1879|hcGWJiBA|1|0|2022-03-24
trty1880|vxhFSFoa|0|1|2022-03-24
trty1881|EgJOBUcf|0|0|2022-03-24
trty1882|WuUIruWr|1|0|2022-03-24
trty1883|zaaNCIqs|0|0|2022-03-24
trty1884|SwsPxZXY|0|0|2022-03-24
trty1885|RdRqoYmt|0|0|2022-03-24
trty1886|UMITEODM|1|0|2022-03-24
trty1887|VUWLODfQ|1|1|2022-03-24
trty1888|ghaoQhfY|0|1|2022-03-24
trty1889|wciHRjti|0|0|2022-03-24
trty1890|oyQWDDHS|1|1|2022-03-24
trty1891|GjOodAAT|0|1|2022-03-24
trty1892|wUGvSnSR|0|1|2022-03-24
trty1893|SLCtfWAU|1|0|2022-03-24
trty1894|oByRyfMz|1|1|2022-03-24
trty1895|jrmypDzB|0|1|2022-03-24
trty1896|ijowXhaO|1|0|2022-03-24
trty1897|RhAnNuOI|0|0|2022-03-24
trty1898|xlwmtFnE|0|1|2022-03-24
trty1899|foAmNXzp|1|0|2022-03-24
trty1900|XhLPXnTv|1|1|2022-03-24
trty1901|pqJjLoJQ|0|1|2022-03-24
trty1902|XdNpumau|0|1|2022-03-24
trty1903|RgWfrmwf|0|0|2022-03-24
trty1904|fpSJrsRi|1|1|2022-03-24
trty1905|xSdObmfR|0|0|2022-03-24
trty1906|wICeuUgH|0|1|2022-03-24
trty1907|CqQNkhIU|1|1|2022-03-24
trty1908|EhOgfZyB|0|0|2022-03-24
trty1909|wdKGlBVU|1|1|2022-03-24
trty1910|gYEpxYrN|1|1|2022-03-24
trty1911|KlKrFZsB|0|1|2022-03-24
trty1912|JoAeVzLD|1|1|2022-03-24
trty1913|OpjTqYTC|0|1|2022-03-24
trty1914|piXSKKCT|0|1|2022-03-24
trty1915|kcxpIHFO|0|1|2022-03-24
trty1916|TSYMtTxa|0|1|2022-03-24
trty1917|qmFRdjPT|0|1|2022-03-24
trty1918|dIXLtPTd|0|0|2022-03-24
trty1919|gqyrxLKc|1|0|2022-03-24
trty1920|hRvVFRwM|1|1|2022-03-24
trty1921|dKReyxlM|1|1|2022-03-24
trty1922|QyzWWPlb|1|1|2022-03-24
trty1923|YzIbYhsT|0|1|2022-03-24
trty1924|wPXzJMHV|1|1|2022-03-24
trty1925|EJZbyCww|0|0|2022-03-24
trty1926|wUfIzaLP|0|0|2022-03-24
trty1927|IODuWEBg|1|0|2022-03-24
trty1928|DhUnvPRS|0|1|2022-03-24
trty1929|DOMjTDOs|1|0|2022-03-24
trty1930|goNEHvWl|0|1|2022-03-24
trty1931|dBJnHrhO|0|1|2022-03-24
trty1932|CcIMSlIL|0|1|2022-03-24
trty1933|GwNqcKff|0|0|2022-03-24
trty1934|YEvQZVTK|0|1|2022-03-24
trty1935|UBuQioBf|1|1|2022-03-24
trty1936|mMwkkEsJ|0|0|2022-03-24
trty1937|rifdQhKw|1|1|2022-03-24
trty1938|pTwNwuWE|1|0|2022-03-24
trty1939|HacIjrvg|1|0|2022-03-24
trty1940|UusrVLLr|0|0|2022-03-24
trty1941|SVWDbklj|1|0|2022-03-24
trty1942|uvEZwdms|0|1|2022-03-24
trty1943|xzdCGSSe|1|0|2022-03-24
trty1944|ASibiPeL|1|1|2022-03-24
trty1945|zhZoGlci|1|1|2022-03-24
trty1946|wxpNZyDc|1|1|2022-03-24
trty1947|OEPssQRe|0|0|2022-03-24
trty1948|YULMVnIH|0|1|2022-03-24
trty1949|LwnogUPp|0|0|2022-03-24
trty1950|JJpatgxA|0|1|2022-03-24
trty1951|DNnlMGHY|0|0|2022-03-24
trty1952|YdEwCveB|1|1|2022-03-24
trty1953|ftDYWiug|0|0|2022-03-24
trty1954|wuOqBzSC|1|0|2022-03-24
trty1955|ZUnCGsfL|0|0|2022-03-24
trty1956|wcWdIhlO|1|0|2022-03-24
trty1957|NeBroQjr|0|0|2022-03-24
trty1958|hjbypqnW|1|1|2022-03-24
trty1959|KNVAhMWV|1|1|2022-03-24
trty1960|dIxEBCXh|0|1|2022-03-24
trty1961|DxuSmSXF|0|0|2022-03-24
trty1962|bUiRyhmu|1|1|2022-03-24
trty1963|HyzETMuU|0|1|2022-03-24
trty1964|tosbqzxn|0|0|2022-03-24
trty1965|rbcWgqup|1|1|2022-03-24
trty1966|acRVzpFs|0|1|2022-03-24
trty1967|wCyQtnTy|0|1|2022-03-24
trty1968|fxyIEGks|0|1|2022-03-24
trty1969|QtdBRWHv|1|0|2022-03-24
trty1970|rWxliley|0|0|2022-03-24
trty1971|WHlbtYkm|1|1|2022-03-24
trty1972|frkEvwwE|1|1|2022-03-24
trty1973|zXxKTAjf|0|0|2022-03-24
trty1974|GzKMyOZx|1|0|2022-03-24
trty1975|TtdiUNKs|0|1|2022-03-24
trty1976|OzXtUzDF|1|1|2022-03-24
trty1977|wudUIaqm|0|0|2022-03-24
trty1978|hCHcRpKB|0|0|2022-03-24
trty1979|aiXHXecP|1|0|2022-03-24
trty1980|rissKTkF|0|0|2022-03-24
trty1981|ehaERXgi|0|1|2022-03-24
trty1982|HlZzTdCZ|1|1|2022-03-24
trty1983|EZkEHVqF|0|0|2022-03-24
trty1984|gNSbqjWf|1|0|2022-03-24
trty1985|WQNBkhdh|0|1|2022-03-24
trty1986|HgREFznh|1|1|2022-03-24
trty1987|yRBHZDAd|1|0|2022-03-24
trty1988|jrbcsaFC|0|1|2022-03-24
trty1989|OXxBNXQI|0|1|2022-03-24
trty1990|QweUjjyv|0|0|2022-03-24
trty1991|uHjiFNxj|0|1|2022-03-24
trty1992|TQbjSHzM|0|1|2022-03-24
trty1993|MALEtbsD|1|1|2022-03-24
trty1994|qlIHmeqm|1|1|2022-03-24
trty1995|turaUkNb|0|0|2022-03-24
trty1996|bynjzyVi|1|0|2022-03-24
trty1997|npUfzJZr|1|0|2022-03-24
trty1998|CVOvdKQc|1|0|2022-03-24
trty1999|cFzUhLkf|1|1|2022-03-24
trty2000|vkeqZFCQ|0|1|2022-03-24
