Code|Name|Reference_Date
code1001|hbXbbgvM|2022-03-24
code1002|juTKaIry|2022-03-24
code1003|lcuGVNKO|2022-03-24
code1004|NyaDAvhl|2022-03-24
code1005|BgxKSTeA|2022-03-24
code1006|WVrSlDTC|2022-03-24
code1007|sHTXTiki|2022-03-24
code1008|isvXPBGU|2022-03-24
code1009|KlFAIaeC|2022-03-24
code1010|tYnfkHtQ|2022-03-24
code1011|KYNkFhbI|2022-03-24
code1012|rkFMrgKK|2022-03-24
code1013|qPJCsoGX|2022-03-24
code1014|DSTJxWoX|2022-03-24
code1015|pxrVAXHD|2022-03-24
code1016|FWgKfLdt|2022-03-24
code1017|kXZBWzYL|2022-03-24
code1018|vWIHtdQu|2022-03-24
code1019|GGpiqFdQ|2022-03-24
code1020|ptXajdKF|2022-03-24
code1021|ZvZILmQD|2022-03-24
code1022|iORReboH|2022-03-24
code1023|nFuOhtFF|2022-03-24
code1024|kWEgfSIl|2022-03-24
code1025|bGkxEWPt|2022-03-24
code1026|XDBUECYT|2022-03-24
code1027|OTTtLMIf|2022-03-24
code1028|xDqdiCgk|2022-03-24
code1029|CMUnfmPP|2022-03-24
code1030|cuaMWEJs|2022-03-24
code1031|kIdRAuiH|2022-03-24
code1032|mWvHdtNc|2022-03-24
code1033|EaBBEzIn|2022-03-24
code1034|pmWRDKhJ|2022-03-24
code1035|oAaGiCOi|2022-03-24
code1036|mbDHrCjy|2022-03-24
code1037|ORpizdPs|2022-03-24
code1038|DfhdcEPd|2022-03-24
code1039|dcIlBYmG|2022-03-24
code1040|QisbbmKB|2022-03-24
code1041|dpODAVyN|2022-03-24
code1042|gZuUImPv|2022-03-24
code1043|EUnbRSzU|2022-03-24
code1044|ekqtdvPk|2022-03-24
code1045|jtjWjjdk|2022-03-24
code1046|ycBMusxw|2022-03-24
code1047|YLbfXQch|2022-03-24
code1048|oCNMDWta|2022-03-24
code1049|jjSAjYxE|2022-03-24
code1050|QNwJnmNk|2022-03-24
code1051|fqIwhWIQ|2022-03-24
code1052|qshUxTNT|2022-03-24
code1053|wsvpieol|2022-03-24
code1054|jbhwxUak|2022-03-24
code1055|ZIFMrNLk|2022-03-24
code1056|qWQKfFEu|2022-03-24
code1057|NtAcFcuW|2022-03-24
code1058|yOzvbrCn|2022-03-24
code1059|GvlUWetZ|2022-03-24
code1060|cPZoBNMK|2022-03-24
code1061|txBPMXcm|2022-03-24
code1062|wqwyfaIf|2022-03-24
code1063|pvUjXiQQ|2022-03-24
code1064|pvTWwHye|2022-03-24
code1065|JwCKyQoo|2022-03-24
code1066|TTbWqtdU|2022-03-24
code1067|sMSMwOEJ|2022-03-24
code1068|qqzmRDBP|2022-03-24
code1069|ivRJZCqs|2022-03-24
code1070|fvqKwUme|2022-03-24
code1071|TYFEnWyV|2022-03-24
code1072|dZsTcyTL|2022-03-24
code1073|GNTsTnDN|2022-03-24
code1074|gSOsQaoN|2022-03-24
code1075|onBSFhUb|2022-03-24
code1076|vUIqReXh|2022-03-24
code1077|HYfYZwrz|2022-03-24
code1078|jyLCBYWC|2022-03-24
code1079|DuQayJgc|2022-03-24
code1080|dWEafRQN|2022-03-24
code1081|iqMWYjfQ|2022-03-24
code1082|lnfTvVWO|2022-03-24
code1083|tvcXnIMN|2022-03-24
code1084|lHgKtile|2022-03-24
code1085|HExGElCQ|2022-03-24
code1086|bfYnPAKJ|2022-03-24
code1087|zhNZSkLN|2022-03-24
code1088|FLDpemDH|2022-03-24
code1089|XsJmexML|2022-03-24
code1090|uPykBMXC|2022-03-24
code1091|SfsjwMFe|2022-03-24
code1092|uKrCcocv|2022-03-24
code1093|GMLVGztE|2022-03-24
code1094|rZZUtNtf|2022-03-24
code1095|UcLlpPkW|2022-03-24
code1096|vRHJWmsF|2022-03-24
code1097|UKLfiAyn|2022-03-24
code1098|KzcoeIdI|2022-03-24
code1099|vRgAxMuT|2022-03-24
code1100|rqbApFYw|2022-03-24
code1101|TJvYPPcf|2022-03-24
code1102|hjeItcjc|2022-03-24
code1103|DgWHiTsD|2022-03-24
code1104|YTHJXiFt|2022-03-24
code1105|ZhGAWRoO|2022-03-24
code1106|LLvzJqFl|2022-03-24
code1107|dstwiOMP|2022-03-24
code1108|zSWMhhPZ|2022-03-24
code1109|RbywsAVE|2022-03-24
code1110|KqElFtiS|2022-03-24
code1111|DhwgdtXK|2022-03-24
code1112|fROhzcZp|2022-03-24
code1113|ztwCnGDZ|2022-03-24
code1114|rYDqVkLi|2022-03-24
code1115|NFcUzLeF|2022-03-24
code1116|xmLtrwFC|2022-03-24
code1117|ihrUnASL|2022-03-24
code1118|uHskIgCg|2022-03-24
code1119|UnPYolto|2022-03-24
code1120|tjPbijwF|2022-03-24
code1121|TVeuybjq|2022-03-24
code1122|gFoHrGRn|2022-03-24
code1123|waBRgmom|2022-03-24
code1124|tjWstOvO|2022-03-24
code1125|usoJPDaL|2022-03-24
code1126|qjEYNZTW|2022-03-24
code1127|dQymKeDW|2022-03-24
code1128|BbGqNxZW|2022-03-24
code1129|YkYxmDqE|2022-03-24
code1130|MBWirAWA|2022-03-24
code1131|SPkwUPHA|2022-03-24
code1132|bRYcOquO|2022-03-24
code1133|yTrfPYkB|2022-03-24
code1134|BGhBDyXn|2022-03-24
code1135|QZVGilvf|2022-03-24
code1136|sJrsyImc|2022-03-24
code1137|AVBisuRw|2022-03-24
code1138|HzkgqETl|2022-03-24
code1139|QqNYmgrO|2022-03-24
code1140|BMGYPple|2022-03-24
code1141|TMCFFGFL|2022-03-24
code1142|DmezUdUX|2022-03-24
code1143|dOJqqJPz|2022-03-24
code1144|mSxtKUWY|2022-03-24
code1145|FfREjIOh|2022-03-24
code1146|PdHXqagj|2022-03-24
code1147|wNUuYtYU|2022-03-24
code1148|oSlaAtaN|2022-03-24
code1149|vXyheodu|2022-03-24
code1150|uBBwkbsx|2022-03-24
code1151|IHUPxeAe|2022-03-24
code1152|whsvlGhf|2022-03-24
code1153|VMSIVEUk|2022-03-24
code1154|IqOMyOWY|2022-03-24
code1155|uyGsSfxy|2022-03-24
code1156|wTnaesoB|2022-03-24
code1157|fmEwHyUj|2022-03-24
code1158|ugmibgtl|2022-03-24
code1159|aDjLXgLh|2022-03-24
code1160|dCzMdBMU|2022-03-24
code1161|hjYIuynQ|2022-03-24
code1162|iZkmdQvI|2022-03-24
code1163|AzmTfnsZ|2022-03-24
code1164|cwAtroLn|2022-03-24
code1165|VsvpdZoJ|2022-03-24
code1166|llMUowDD|2022-03-24
code1167|SaldkryM|2022-03-24
code1168|yMtCgCKr|2022-03-24
code1169|txNfwjTN|2022-03-24
code1170|RPggJJuo|2022-03-24
code1171|CntzBJYn|2022-03-24
code1172|YFABTAnO|2022-03-24
code1173|lbElZkGC|2022-03-24
code1174|BrlTXqcg|2022-03-24
code1175|LRwSCvnZ|2022-03-24
code1176|TurGAJWd|2022-03-24
code1177|kEqANPHT|2022-03-24
code1178|AfPuJlcf|2022-03-24
code1179|aLrgrltR|2022-03-24
code1180|dclEbpDz|2022-03-24
code1181|XdJzKqeR|2022-03-24
code1182|nLagOnlo|2022-03-24
code1183|FCqNOXNf|2022-03-24
code1184|SLSlUeWS|2022-03-24
code1185|nHnBLnHu|2022-03-24
code1186|wJoWobkr|2022-03-24
code1187|TmJLfXcf|2022-03-24
code1188|tIxXOrPq|2022-03-24
code1189|wEXXRrYs|2022-03-24
code1190|dPlyEoyW|2022-03-24
code1191|ogeEtqCG|2022-03-24
code1192|DIWgVgDF|2022-03-24
code1193|buJhgmdO|2022-03-24
code1194|FXrfFcjK|2022-03-24
code1195|YgWMdhEh|2022-03-24
code1196|zbHRdDxZ|2022-03-24
code1197|gEfHsHTW|2022-03-24
code1198|IQjmFGwf|2022-03-24
code1199|xdmRzTjL|2022-03-24
code1200|lMjZOYZN|2022-03-24
code1201|RolCRgPN|2022-03-24
code1202|OrXdVfKu|2022-03-24
code1203|FpGGjgLx|2022-03-24
code1204|ABWdqnWT|2022-03-24
code1205|QZQiEOzZ|2022-03-24
code1206|hhoLjqvQ|2022-03-24
code1207|lwTbDHjl|2022-03-24
code1208|dkDjfexE|2022-03-24
code1209|gDkHgOMq|2022-03-24
code1210|CYuuFxIr|2022-03-24
code1211|kPrsBNIB|2022-03-24
code1212|BTUZrmUd|2022-03-24
code1213|OiWTDGKS|2022-03-24
code1214|fjIMbpXS|2022-03-24
code1215|HoMmsMpy|2022-03-24
code1216|pRUlvlxx|2022-03-24
code1217|CRlVEssT|2022-03-24
code1218|UMKizikM|2022-03-24
code1219|AHmzPxwL|2022-03-24
code1220|bVVTWUnk|2022-03-24
code1221|HsXPBVjD|2022-03-24
code1222|WbKzeYle|2022-03-24
code1223|ogacKGbI|2022-03-24
code1224|kbsKwLCL|2022-03-24
code1225|VNufvKym|2022-03-24
code1226|oDQIdDJS|2022-03-24
code1227|AcMPaveu|2022-03-24
code1228|dsdZnQiX|2022-03-24
code1229|oPrGpicx|2022-03-24
code1230|QGRMGCmz|2022-03-24
code1231|FHmiteJm|2022-03-24
code1232|pEHnFqtG|2022-03-24
code1233|yrMtMKIa|2022-03-24
code1234|vauKpfOV|2022-03-24
code1235|FxYPxyUi|2022-03-24
code1236|tiSbBacA|2022-03-24
code1237|LxvOkamT|2022-03-24
code1238|ZsWTeTOm|2022-03-24
code1239|RmXukZnk|2022-03-24
code1240|nzYFPwCW|2022-03-24
code1241|BFbWQBRY|2022-03-24
code1242|zXVVEoZR|2022-03-24
code1243|yXdRJlJQ|2022-03-24
code1244|dZoqppSo|2022-03-24
code1245|UBYxpGSi|2022-03-24
code1246|hglzzhlR|2022-03-24
code1247|jFVdzyfO|2022-03-24
code1248|fiLowRIT|2022-03-24
code1249|zIbYZbXA|2022-03-24
code1250|QRMtpSek|2022-03-24
code1251|QSUsurOa|2022-03-24
code1252|NKNMOlji|2022-03-24
code1253|xgjfctPv|2022-03-24
code1254|mSERgSaZ|2022-03-24
code1255|FVmTGQSa|2022-03-24
code1256|srFjqvzt|2022-03-24
code1257|QGhZCgKf|2022-03-24
code1258|FtviYrHB|2022-03-24
code1259|bNNZpolA|2022-03-24
code1260|fXxyrEEy|2022-03-24
code1261|SvwaZksq|2022-03-24
code1262|GHkuRCiS|2022-03-24
code1263|SoUBVBmK|2022-03-24
code1264|VzpPFlyy|2022-03-24
code1265|oSzuLDYa|2022-03-24
code1266|AKFPInXB|2022-03-24
code1267|nkKJItkd|2022-03-24
code1268|nxvKFUNd|2022-03-24
code1269|vrrPGzXq|2022-03-24
code1270|BgAeObqy|2022-03-24
code1271|jZPKpYgz|2022-03-24
code1272|uaOHkFwA|2022-03-24
code1273|HENQDdku|2022-03-24
code1274|ujBVzEBz|2022-03-24
code1275|cmGRAFfc|2022-03-24
code1276|ICkBeZuv|2022-03-24
code1277|XvDhKAsZ|2022-03-24
code1278|pEzZZISc|2022-03-24
code1279|GKfhaObo|2022-03-24
code1280|kVIacgij|2022-03-24
code1281|bqQtLFPq|2022-03-24
code1282|nbkKGOxf|2022-03-24
code1283|AFiGyrFl|2022-03-24
code1284|wKwZBqMU|2022-03-24
code1285|zkcespUC|2022-03-24
code1286|iJcMHjTT|2022-03-24
code1287|YcibCuUu|2022-03-24
code1288|xVZOCwtV|2022-03-24
code1289|xtAygiJL|2022-03-24
code1290|SZCamFpN|2022-03-24
code1291|qABOqwUJ|2022-03-24
code1292|HXnXbSuz|2022-03-24
code1293|TpZxVTyz|2022-03-24
code1294|vvTScNmk|2022-03-24
code1295|vGnCPSVp|2022-03-24
code1296|wAkwfTfn|2022-03-24
code1297|xFXuVITe|2022-03-24
code1298|NAxJDxmx|2022-03-24
code1299|ZNilxEgx|2022-03-24
code1300|zoDEvKNi|2022-03-24
code1301|WTkTglRI|2022-03-24
code1302|ZyuUQkSB|2022-03-24
code1303|VLAzFxCs|2022-03-24
code1304|EdkbYBWT|2022-03-24
code1305|SKujAPjx|2022-03-24
code1306|CZmkhDVs|2022-03-24
code1307|lRnspLNg|2022-03-24
code1308|XtIhmLXi|2022-03-24
code1309|HgIRNJXZ|2022-03-24
code1310|ZyYbKbPB|2022-03-24
code1311|HmqTXlxz|2022-03-24
code1312|qPbyNpFy|2022-03-24
code1313|wyjtAUGo|2022-03-24
code1314|XAVuGnDe|2022-03-24
code1315|OgcxTCzW|2022-03-24
code1316|KhWOswtu|2022-03-24
code1317|NRfKuGOw|2022-03-24
code1318|etxILZEa|2022-03-24
code1319|cEZmZMOP|2022-03-24
code1320|PsSmEfvH|2022-03-24
code1321|KAHPRbWS|2022-03-24
code1322|uzNbUJyD|2022-03-24
code1323|IKbgEIaT|2022-03-24
code1324|bvspmXVd|2022-03-24
code1325|DNmKQFya|2022-03-24
code1326|yiOqnJcH|2022-03-24
code1327|CNNFyrBd|2022-03-24
code1328|nMgZsAcA|2022-03-24
code1329|WSnYUHgj|2022-03-24
code1330|JAFdGqSt|2022-03-24
code1331|VARyzHZI|2022-03-24
code1332|zHwMJgLW|2022-03-24
code1333|VUhFKpzq|2022-03-24
code1334|ZoqAywXL|2022-03-24
code1335|TJIpGHoi|2022-03-24
code1336|pkrCChVo|2022-03-24
code1337|OGEToOBz|2022-03-24
code1338|TlmvYmfA|2022-03-24
code1339|GQNloZVp|2022-03-24
code1340|uKFOpzJO|2022-03-24
code1341|mJgKJGwu|2022-03-24
code1342|PfShIkzE|2022-03-24
code1343|KKWRvbuE|2022-03-24
code1344|FRzJqWqX|2022-03-24
code1345|EmdCfNEF|2022-03-24
code1346|CwkSLBLD|2022-03-24
code1347|beZXffLh|2022-03-24
code1348|yZkqEvNH|2022-03-24
code1349|yyhXTksb|2022-03-24
code1350|KZvRtMLc|2022-03-24
code1351|XqRHkfUD|2022-03-24
code1352|XWfhZVNJ|2022-03-24
code1353|zjlGaKyE|2022-03-24
code1354|MBcreskH|2022-03-24
code1355|wGkEyDmr|2022-03-24
code1356|KZhiXMqv|2022-03-24
code1357|RjNVwbzS|2022-03-24
code1358|RappQlDk|2022-03-24
code1359|nEZNezoG|2022-03-24
code1360|NvJxvvsr|2022-03-24
code1361|GFkeLcFB|2022-03-24
code1362|wYHijILC|2022-03-24
code1363|fFAgSIJV|2022-03-24
code1364|FxqwvbpY|2022-03-24
code1365|aucEqtaO|2022-03-24
code1366|axrsZWXX|2022-03-24
code1367|KxRlHCil|2022-03-24
code1368|MzyrVvVx|2022-03-24
code1369|jATUDFug|2022-03-24
code1370|dIHJXOaK|2022-03-24
code1371|XpVpUHtS|2022-03-24
code1372|mdbOzWVq|2022-03-24
code1373|NhLkrPbb|2022-03-24
code1374|NXWpNrGe|2022-03-24
code1375|hRmTJETs|2022-03-24
code1376|HOSPqfnz|2022-03-24
code1377|OBZJZpes|2022-03-24
code1378|FKSWsacA|2022-03-24
code1379|OgLBZdem|2022-03-24
code1380|nedTBoSy|2022-03-24
code1381|kXfdKKrg|2022-03-24
code1382|IStWaPfe|2022-03-24
code1383|VdPjwwDx|2022-03-24
code1384|gsuaBeUf|2022-03-24
code1385|ShcEkRFO|2022-03-24
code1386|ppHgpyvM|2022-03-24
code1387|sxHEaAca|2022-03-24
code1388|AJGvMFvM|2022-03-24
code1389|vwmoeoAF|2022-03-24
code1390|kFxlJDjU|2022-03-24
code1391|rbXpOGQU|2022-03-24
code1392|jqtrwHEu|2022-03-24
code1393|IiBYYhGj|2022-03-24
code1394|nfgqVisx|2022-03-24
code1395|sKkYoYaQ|2022-03-24
code1396|tRaiblMj|2022-03-24
code1397|NnvyGMbF|2022-03-24
code1398|ugQLRdvZ|2022-03-24
code1399|OYUywkxK|2022-03-24
code1400|FXFkEYVE|2022-03-24
code1401|aUWtyAGB|2022-03-24
code1402|iWDOfApL|2022-03-24
code1403|zIUywvQc|2022-03-24
code1404|aabjUoWJ|2022-03-24
code1405|HgcgGRRY|2022-03-24
code1406|ALfmZAre|2022-03-24
code1407|ieUauVwl|2022-03-24
code1408|abuopSTq|2022-03-24
code1409|xQZCmKpI|2022-03-24
code1410|WKfvYZHN|2022-03-24
code1411|lnVyZViA|2022-03-24
code1412|NICPhaDf|2022-03-24
code1413|oehtRSWC|2022-03-24
code1414|itJmfsTS|2022-03-24
code1415|iQdOHJpA|2022-03-24
code1416|cPlfNEjE|2022-03-24
code1417|tuvCdTWx|2022-03-24
code1418|vwzJTLjN|2022-03-24
code1419|ZGTxzdgY|2022-03-24
code1420|znLYXADX|2022-03-24
code1421|onUkrpDV|2022-03-24
code1422|OirdDxIk|2022-03-24
code1423|wPsoiRzU|2022-03-24
code1424|mqKhXIXh|2022-03-24
code1425|ezOCrPWG|2022-03-24
code1426|PHQCxDRF|2022-03-24
code1427|cXDMqzKe|2022-03-24
code1428|mgUukwrO|2022-03-24
code1429|hynzxiEg|2022-03-24
code1430|WemThrrp|2022-03-24
code1431|wVvMfbfN|2022-03-24
code1432|BwgNgwXG|2022-03-24
code1433|PofPjfmg|2022-03-24
code1434|IHYsYxgo|2022-03-24
code1435|fxInszYC|2022-03-24
code1436|dtSXhKAt|2022-03-24
code1437|fCQJlAJc|2022-03-24
code1438|pqJJdRfl|2022-03-24
code1439|QsEhSLOB|2022-03-24
code1440|CUSXDbHj|2022-03-24
code1441|gGcARfhS|2022-03-24
code1442|kRGNeIqp|2022-03-24
code1443|ZfFsByEq|2022-03-24
code1444|xfSYSqAp|2022-03-24
code1445|edUmMQSY|2022-03-24
code1446|KSErJlIg|2022-03-24
code1447|UvwUmXYb|2022-03-24
code1448|iQtzGWuo|2022-03-24
code1449|ccyamfJJ|2022-03-24
code1450|CPEIBXKa|2022-03-24
code1451|lgeuPzsC|2022-03-24
code1452|KFVmkhhi|2022-03-24
code1453|uritzRep|2022-03-24
code1454|pOfHjuXb|2022-03-24
code1455|mIgfSQPk|2022-03-24
code1456|qreTWMfJ|2022-03-24
code1457|IGJUXcMa|2022-03-24
code1458|zmeSDGal|2022-03-24
code1459|IRhwdvFy|2022-03-24
code1460|gfzAZmwt|2022-03-24
code1461|NSGQgwDt|2022-03-24
code1462|DfgdgqyK|2022-03-24
code1463|MySPHmbk|2022-03-24
code1464|NbNFTQmj|2022-03-24
code1465|iQfLYJIX|2022-03-24
code1466|loGtnNFd|2022-03-24
code1467|xNcajlOt|2022-03-24
code1468|viLTQLZP|2022-03-24
code1469|rwFJRWdO|2022-03-24
code1470|tkyWYCPO|2022-03-24
code1471|tNhjJGmV|2022-03-24
code1472|IeSaLLgZ|2022-03-24
code1473|anxKhstz|2022-03-24
code1474|VALfcVsH|2022-03-24
code1475|HwcKINfr|2022-03-24
code1476|DGPAOkYh|2022-03-24
code1477|ascHXIIJ|2022-03-24
code1478|hDzNlaUm|2022-03-24
code1479|NuUygIOs|2022-03-24
code1480|LveGVqBJ|2022-03-24
code1481|MxwnbCIt|2022-03-24
code1482|UCtLxpjZ|2022-03-24
code1483|HGkGuAfP|2022-03-24
code1484|OmjnnVKB|2022-03-24
code1485|RTcfYpWO|2022-03-24
code1486|xntYXuHU|2022-03-24
code1487|oKAbZhbq|2022-03-24
code1488|sooVBWBg|2022-03-24
code1489|LXEHVBYh|2022-03-24
code1490|kQLCmfZj|2022-03-24
code1491|opRcFvRc|2022-03-24
code1492|xgjwSwxZ|2022-03-24
code1493|OFOWDwLK|2022-03-24
code1494|oqzvzUsp|2022-03-24
code1495|mAxcylkh|2022-03-24
code1496|wfolrOdE|2022-03-24
code1497|kIGWsgfK|2022-03-24
code1498|bJzhnxer|2022-03-24
code1499|PzfUCKgJ|2022-03-24
code1500|aiDAAxxA|2022-03-24
code1501|INWlVzhM|2022-03-24
code1502|EuwJSlVO|2022-03-24
code1503|PTQayZFm|2022-03-24
code1504|ONBZCftc|2022-03-24
code1505|CNRpbEfY|2022-03-24
code1506|ZhYvADfW|2022-03-24
code1507|GcEecVmj|2022-03-24
code1508|RelcSsxy|2022-03-24
code1509|rIwCRdDP|2022-03-24
code1510|ltMulXCL|2022-03-24
code1511|gWmoyGxa|2022-03-24
code1512|gjHhSupI|2022-03-24
code1513|TeNAdLvi|2022-03-24
code1514|evyGCmZq|2022-03-24
code1515|QEFaFasC|2022-03-24
code1516|GZwTEIdG|2022-03-24
code1517|hWXToQFF|2022-03-24
code1518|LmkibNSF|2022-03-24
code1519|qrencIjK|2022-03-24
code1520|KCHlgodq|2022-03-24
code1521|ZpiRLEnc|2022-03-24
code1522|jEPntyNS|2022-03-24
code1523|xOypIQpH|2022-03-24
code1524|LSHvIuSb|2022-03-24
code1525|jJiPdnIw|2022-03-24
code1526|ykuZUAGA|2022-03-24
code1527|WtovUxqT|2022-03-24
code1528|lkKJXLNR|2022-03-24
code1529|cLYVrZgB|2022-03-24
code1530|scZZBRer|2022-03-24
code1531|pmosReyt|2022-03-24
code1532|XTEFGwTX|2022-03-24
code1533|aWAjxNTx|2022-03-24
code1534|wyFrKtvD|2022-03-24
code1535|CFuyviSP|2022-03-24
code1536|zVrvCATJ|2022-03-24
code1537|mQzZyNgG|2022-03-24
code1538|eLAgHvSI|2022-03-24
code1539|subzRlZL|2022-03-24
code1540|SmUZioHx|2022-03-24
code1541|bsPHIrvH|2022-03-24
code1542|aRticZiq|2022-03-24
code1543|VnyPjulo|2022-03-24
code1544|jEiXOGNL|2022-03-24
code1545|IfEkrWLM|2022-03-24
code1546|wsvoWLNt|2022-03-24
code1547|PFLxsula|2022-03-24
code1548|mFOZcKef|2022-03-24
code1549|lqPbRZao|2022-03-24
code1550|scNSbUcv|2022-03-24
code1551|tGFUpqxO|2022-03-24
code1552|DEiFycah|2022-03-24
code1553|BFyFezCO|2022-03-24
code1554|bczNAPHP|2022-03-24
code1555|ezZcYXRQ|2022-03-24
code1556|yvcEnXvN|2022-03-24
code1557|Bnjcsnyr|2022-03-24
code1558|QsNroUHu|2022-03-24
code1559|wyGMfIjc|2022-03-24
code1560|BRJAXXGK|2022-03-24
code1561|exNzyxqk|2022-03-24
code1562|ueZXQKpg|2022-03-24
code1563|asFEsAEK|2022-03-24
code1564|UEvoIoWF|2022-03-24
code1565|KRDQQonI|2022-03-24
code1566|XwMtbRhO|2022-03-24
code1567|eDgOMzdN|2022-03-24
code1568|bogyQpNm|2022-03-24
code1569|vkgZNZbe|2022-03-24
code1570|tMTlgrvo|2022-03-24
code1571|OpdWcrXl|2022-03-24
code1572|tHRUFHzf|2022-03-24
code1573|jrdkNFue|2022-03-24
code1574|AzKgMEWn|2022-03-24
code1575|NfvHUNkN|2022-03-24
code1576|DLWpbDJa|2022-03-24
code1577|piuIkDuY|2022-03-24
code1578|vgLxxOXY|2022-03-24
code1579|UxYpEvIo|2022-03-24
code1580|NmvqSzlw|2022-03-24
code1581|GVhSKNLr|2022-03-24
code1582|RJcEDFsk|2022-03-24
code1583|NBwuqFMe|2022-03-24
code1584|SVHcrUSB|2022-03-24
code1585|NPoVPcEL|2022-03-24
code1586|fPkTsYyE|2022-03-24
code1587|RsNtOSrp|2022-03-24
code1588|MhwnZwvr|2022-03-24
code1589|fmtDMBTk|2022-03-24
code1590|DkUoADJn|2022-03-24
code1591|tjDAoEQQ|2022-03-24
code1592|cLWdwGik|2022-03-24
code1593|hlIDfsLN|2022-03-24
code1594|DyhJBAjW|2022-03-24
code1595|FSdYyfuY|2022-03-24
code1596|sZqHdOcR|2022-03-24
code1597|lPpXVURx|2022-03-24
code1598|hQALsJiX|2022-03-24
code1599|BWFZagwt|2022-03-24
code1600|hRvPMDZU|2022-03-24
code1601|jDcsvWWO|2022-03-24
code1602|NGzXAjEg|2022-03-24
code1603|dDMiDOPH|2022-03-24
code1604|cvDoAAfP|2022-03-24
code1605|mvBZHiHE|2022-03-24
code1606|sLfdieOU|2022-03-24
code1607|VkMXkvbM|2022-03-24
code1608|MkpSasHs|2022-03-24
code1609|dtYMqNuU|2022-03-24
code1610|pTTnaVkd|2022-03-24
code1611|vUEWcEXo|2022-03-24
code1612|cSBFsTWs|2022-03-24
code1613|RknoKKui|2022-03-24
code1614|pmQHiPyw|2022-03-24
code1615|ohUATAfR|2022-03-24
code1616|vhZHDBnE|2022-03-24
code1617|FdDxOJnY|2022-03-24
code1618|OtBRdcrj|2022-03-24
code1619|hlxRDPri|2022-03-24
code1620|hqHbHPBt|2022-03-24
code1621|zIirwnPC|2022-03-24
code1622|dwxZOTGE|2022-03-24
code1623|RzLVrdhf|2022-03-24
code1624|MYJXeHYv|2022-03-24
code1625|bqjOkGVq|2022-03-24
code1626|pYaavlLx|2022-03-24
code1627|weiZBAFe|2022-03-24
code1628|kxGsUAcA|2022-03-24
code1629|ILdExlZD|2022-03-24
code1630|SinlBpYj|2022-03-24
code1631|PorVesJg|2022-03-24
code1632|NdlDWJSv|2022-03-24
code1633|sMiXMocI|2022-03-24
code1634|cgEiHhxW|2022-03-24
code1635|OnCXhbrn|2022-03-24
code1636|VUndswMz|2022-03-24
code1637|BLOAcTLU|2022-03-24
code1638|IbvkwUDt|2022-03-24
code1639|fuUFbhiH|2022-03-24
code1640|sYRCSudi|2022-03-24
code1641|CjVpFbHJ|2022-03-24
code1642|SpPZRpPx|2022-03-24
code1643|OhFnEJBh|2022-03-24
code1644|MRXFlwGL|2022-03-24
code1645|jonLJNwa|2022-03-24
code1646|TPIqNjXk|2022-03-24
code1647|GcUFCOHs|2022-03-24
code1648|UjbTxkdR|2022-03-24
code1649|NxPsBonI|2022-03-24
code1650|FYDcJjst|2022-03-24
code1651|pBTOGNHO|2022-03-24
code1652|oxUxamNT|2022-03-24
code1653|vKaoWVju|2022-03-24
code1654|nNCTwJJK|2022-03-24
code1655|cehnSegS|2022-03-24
code1656|WKserUSZ|2022-03-24
code1657|GfFMTZXr|2022-03-24
code1658|NuUnonTK|2022-03-24
code1659|xohoZBPr|2022-03-24
code1660|JZZfKnZH|2022-03-24
code1661|TOgpxouo|2022-03-24
code1662|VZZBMXbT|2022-03-24
code1663|VOjiYsEW|2022-03-24
code1664|fCMOfnJl|2022-03-24
code1665|pkzSjSFE|2022-03-24
code1666|BNxbdxfv|2022-03-24
code1667|HOUcwNoI|2022-03-24
code1668|JjAQcBfu|2022-03-24
code1669|qAAkfuiQ|2022-03-24
code1670|WjCEzept|2022-03-24
code1671|WDKviGdj|2022-03-24
code1672|BOaFuScx|2022-03-24
code1673|nLhwuwSH|2022-03-24
code1674|YFAiRlDg|2022-03-24
code1675|bARqOJDy|2022-03-24
code1676|dqnKwdnk|2022-03-24
code1677|ONYBdYiF|2022-03-24
code1678|tpiXJRWp|2022-03-24
code1679|keiEQAmA|2022-03-24
code1680|WfVrvGna|2022-03-24
code1681|IDCmLGhR|2022-03-24
code1682|WZGNyMOy|2022-03-24
code1683|ZQyVSWaU|2022-03-24
code1684|tNhNdMYi|2022-03-24
code1685|zKNGcjTx|2022-03-24
code1686|YlyiPUEw|2022-03-24
code1687|dJAFqAQF|2022-03-24
code1688|AMdwbgJN|2022-03-24
code1689|TRcYUZTq|2022-03-24
code1690|OcRoNCVL|2022-03-24
code1691|beWXzxMh|2022-03-24
code1692|vTwtcioI|2022-03-24
code1693|QPOEyNOd|2022-03-24
code1694|boDcaIDX|2022-03-24
code1695|hdgoUTbS|2022-03-24
code1696|DPxKkgkI|2022-03-24
code1697|gbIxkpAl|2022-03-24
code1698|dtZyPGyw|2022-03-24
code1699|SFdxWruo|2022-03-24
code1700|MAEOXEaA|2022-03-24
code1701|zzCyRGKT|2022-03-24
code1702|AYKcymGO|2022-03-24
code1703|oFoituOo|2022-03-24
code1704|MkEOqeDG|2022-03-24
code1705|NSPCDfLo|2022-03-24
code1706|LxEXpEXL|2022-03-24
code1707|gozmmkPw|2022-03-24
code1708|rQuKAHWt|2022-03-24
code1709|WrYdfUlV|2022-03-24
code1710|zDpMHoxm|2022-03-24
code1711|yVDACEMZ|2022-03-24
code1712|tCHgTDUZ|2022-03-24
code1713|tLzkUIPO|2022-03-24
code1714|tABBpqPg|2022-03-24
code1715|tOpMWFar|2022-03-24
code1716|tqtVrjCS|2022-03-24
code1717|mjxEgZQs|2022-03-24
code1718|hhHwgEFm|2022-03-24
code1719|xkqWEMWF|2022-03-24
code1720|FWyMNxaF|2022-03-24
code1721|LEEqJUvN|2022-03-24
code1722|WyqeMVPr|2022-03-24
code1723|bNOOFBXJ|2022-03-24
code1724|hsGGlnhA|2022-03-24
code1725|dYHODoIC|2022-03-24
code1726|jlRwTpSA|2022-03-24
code1727|LujoBySE|2022-03-24
code1728|ZuSOKMZv|2022-03-24
code1729|QfZVvqGD|2022-03-24
code1730|hpiKNOpX|2022-03-24
code1731|JlyjUGGk|2022-03-24
code1732|OvSUvGgP|2022-03-24
code1733|yKQyatJi|2022-03-24
code1734|jOSJCCie|2022-03-24
code1735|ZGhqAsxx|2022-03-24
code1736|cHqShdkc|2022-03-24
code1737|LnWBskyc|2022-03-24
code1738|PvOAWlEv|2022-03-24
code1739|LXmVgJoC|2022-03-24
code1740|wVierHer|2022-03-24
code1741|nrAsMkyT|2022-03-24
code1742|sdRKOUlS|2022-03-24
code1743|hMvmlpLX|2022-03-24
code1744|thOozobW|2022-03-24
code1745|UGnjhgAm|2022-03-24
code1746|PjJZLjMJ|2022-03-24
code1747|QbZmokEj|2022-03-24
code1748|iCeSUPrJ|2022-03-24
code1749|qmVGdSYo|2022-03-24
code1750|oEZOmPgw|2022-03-24
code1751|zqVyIYGj|2022-03-24
code1752|aJDxrrmq|2022-03-24
code1753|zxVZtrld|2022-03-24
code1754|euCbLJWa|2022-03-24
code1755|rgTCdkVJ|2022-03-24
code1756|zmZRohHL|2022-03-24
code1757|NLQlAIfL|2022-03-24
code1758|tiCQRRjW|2022-03-24
code1759|UPemQZsN|2022-03-24
code1760|SxvQEegx|2022-03-24
code1761|NMqTJFaS|2022-03-24
code1762|sNpsXMCb|2022-03-24
code1763|CJYKXtzA|2022-03-24
code1764|LJsAuMNM|2022-03-24
code1765|dXKClqrZ|2022-03-24
code1766|cylLOCiQ|2022-03-24
code1767|fktHQYIK|2022-03-24
code1768|imnrlMWd|2022-03-24
code1769|fpBIsTEm|2022-03-24
code1770|UGvvGbuG|2022-03-24
code1771|IihiyNrH|2022-03-24
code1772|oKyYGTIr|2022-03-24
code1773|IlNKvICo|2022-03-24
code1774|lOLJVTEc|2022-03-24
code1775|jWcmUMAS|2022-03-24
code1776|vsJHYsoE|2022-03-24
code1777|qlPcmyYh|2022-03-24
code1778|SdrwzzpM|2022-03-24
code1779|MhnRlZYm|2022-03-24
code1780|nClAHeCl|2022-03-24
code1781|DYIHghkO|2022-03-24
code1782|SASrfoxd|2022-03-24
code1783|UfZzWjFe|2022-03-24
code1784|IqQsiFZy|2022-03-24
code1785|jjjSzhzE|2022-03-24
code1786|VhVufBMo|2022-03-24
code1787|ObdKeULO|2022-03-24
code1788|aHACeVGo|2022-03-24
code1789|FPpjvloO|2022-03-24
code1790|qAncGPor|2022-03-24
code1791|iXKlvczm|2022-03-24
code1792|mdBCwyyd|2022-03-24
code1793|kNlwgrqS|2022-03-24
code1794|NJpJDZno|2022-03-24
code1795|hXyERsUk|2022-03-24
code1796|aymMgqMm|2022-03-24
code1797|zNigrPsf|2022-03-24
code1798|JUtlBzEJ|2022-03-24
code1799|YXMajUQA|2022-03-24
code1800|aVUwUzvn|2022-03-24
code1801|FvfdqMez|2022-03-24
code1802|crnzsmlD|2022-03-24
code1803|oSdEncby|2022-03-24
code1804|pbXBDVKZ|2022-03-24
code1805|CfgTDcza|2022-03-24
code1806|jAarkSin|2022-03-24
code1807|trKpEamO|2022-03-24
code1808|dFVcUDth|2022-03-24
code1809|PrsohcdD|2022-03-24
code1810|ddCNMSZQ|2022-03-24
code1811|FpSGWUjL|2022-03-24
code1812|pdOwlNSV|2022-03-24
code1813|bpmyAAtr|2022-03-24
code1814|vkxsPxpF|2022-03-24
code1815|lBcdcBKw|2022-03-24
code1816|cjUhZBcs|2022-03-24
code1817|rinlqRUY|2022-03-24
code1818|dpsuixqy|2022-03-24
code1819|GkTncmdG|2022-03-24
code1820|IPmlRFWq|2022-03-24
code1821|oScZvsvr|2022-03-24
code1822|zCONqKWz|2022-03-24
code1823|kwmoBSHH|2022-03-24
code1824|onTBPpWc|2022-03-24
code1825|LDgVAmti|2022-03-24
code1826|gevHyZYH|2022-03-24
code1827|VcIlHBQA|2022-03-24
code1828|bXLmfAoA|2022-03-24
code1829|RRRuMphc|2022-03-24
code1830|WSJzIwIJ|2022-03-24
code1831|AfwAYuwz|2022-03-24
code1832|xbvSBOQq|2022-03-24
code1833|ZKiKoZVW|2022-03-24
code1834|xiGkOzWg|2022-03-24
code1835|kRsfMQUU|2022-03-24
code1836|sFKANGdf|2022-03-24
code1837|DkXixGqU|2022-03-24
code1838|PnppETSb|2022-03-24
code1839|ligbTCGE|2022-03-24
code1840|udTsbyhD|2022-03-24
code1841|UjHvzxdE|2022-03-24
code1842|BSicCGZA|2022-03-24
code1843|KDZCVNVd|2022-03-24
code1844|myRccumV|2022-03-24
code1845|oPHlTClw|2022-03-24
code1846|lokPeuXO|2022-03-24
code1847|BpOpgfhj|2022-03-24
code1848|MArWOJyz|2022-03-24
code1849|AUMnBMvD|2022-03-24
code1850|UkrCcrYG|2022-03-24
code1851|iweJLWte|2022-03-24
code1852|MFumSDbh|2022-03-24
code1853|jGLsWsod|2022-03-24
code1854|qiumdOnI|2022-03-24
code1855|KUHsEknW|2022-03-24
code1856|jQSLzhtI|2022-03-24
code1857|OAMrOcRn|2022-03-24
code1858|EiwUDiLk|2022-03-24
code1859|PDzYnwBP|2022-03-24
code1860|XGWbaRRa|2022-03-24
code1861|XexEZRDF|2022-03-24
code1862|jGcxKrhU|2022-03-24
code1863|gOoIgPta|2022-03-24
code1864|qFBzPobe|2022-03-24
code1865|eICLVfZL|2022-03-24
code1866|mGHXJPbt|2022-03-24
code1867|lfNZhDve|2022-03-24
code1868|datqlQYM|2022-03-24
code1869|qMMgxaex|2022-03-24
code1870|fdsWcUFw|2022-03-24
code1871|nEZvDehd|2022-03-24
code1872|cAyBESLd|2022-03-24
code1873|EPohgjKI|2022-03-24
code1874|xVbeOpdO|2022-03-24
code1875|aIjXhAzl|2022-03-24
code1876|VCZEcaNa|2022-03-24
code1877|YIgXBuKa|2022-03-24
code1878|uyroWlOE|2022-03-24
code1879|GxpIBQNh|2022-03-24
code1880|EbNEuIom|2022-03-24
code1881|pbIkkGMD|2022-03-24
code1882|bBddHveK|2022-03-24
code1883|QdeeWiof|2022-03-24
code1884|NudpSJJz|2022-03-24
code1885|mmsjhsbN|2022-03-24
code1886|WMOJpuuV|2022-03-24
code1887|RNfetVaZ|2022-03-24
code1888|xBfrYDnI|2022-03-24
code1889|tGnBJNUF|2022-03-24
code1890|wWIHWadh|2022-03-24
code1891|ChRLyyMy|2022-03-24
code1892|uiEuVHXW|2022-03-24
code1893|jeNRxUuM|2022-03-24
code1894|CUJsdLea|2022-03-24
code1895|ANEPZGUj|2022-03-24
code1896|nIiXgHQQ|2022-03-24
code1897|lLXpIZco|2022-03-24
code1898|nXaareFL|2022-03-24
code1899|oOPZEqFD|2022-03-24
code1900|eeblWSeg|2022-03-24
code1901|JfSZPwMd|2022-03-24
code1902|hWxtcjal|2022-03-24
code1903|QpLritxl|2022-03-24
code1904|JCeKxZgH|2022-03-24
code1905|XhXxbIpE|2022-03-24
code1906|WNbPBjvW|2022-03-24
code1907|MXCnmuJh|2022-03-24
code1908|smlOYlHC|2022-03-24
code1909|uXhcHDKl|2022-03-24
code1910|BpYNQNmd|2022-03-24
code1911|lnhyoLLz|2022-03-24
code1912|XhFnDxtt|2022-03-24
code1913|JjDmffSX|2022-03-24
code1914|pEtWEsEL|2022-03-24
code1915|cOMyFVhV|2022-03-24
code1916|TLPaQnkL|2022-03-24
code1917|rPGSksZa|2022-03-24
code1918|UYAFxSBW|2022-03-24
code1919|CtSotEpF|2022-03-24
code1920|eHjRivwI|2022-03-24
code1921|QYomsKZn|2022-03-24
code1922|RgzzMRKP|2022-03-24
code1923|dlFrYKYd|2022-03-24
code1924|GNexqYoQ|2022-03-24
code1925|KRvGXTjz|2022-03-24
code1926|TsUXTXTL|2022-03-24
code1927|nOcZcJXn|2022-03-24
code1928|SlhMozHA|2022-03-24
code1929|ciRlITwm|2022-03-24
code1930|fKujkPLz|2022-03-24
code1931|mCMAUAom|2022-03-24
code1932|hKBFvhmK|2022-03-24
code1933|buKGmcMH|2022-03-24
code1934|OaZsLqdy|2022-03-24
code1935|rFSQBCnh|2022-03-24
code1936|BcRhPyIv|2022-03-24
code1937|CrwIRhyi|2022-03-24
code1938|CEquckgd|2022-03-24
code1939|CXTdNceq|2022-03-24
code1940|ZQEuJdSY|2022-03-24
code1941|cmszUJro|2022-03-24
code1942|cGnzsbzI|2022-03-24
code1943|GuGrpMBv|2022-03-24
code1944|JejFWDqv|2022-03-24
code1945|TSkDFVRd|2022-03-24
code1946|dkyLIMmk|2022-03-24
code1947|BKOqFUuN|2022-03-24
code1948|qzuEiLUj|2022-03-24
code1949|YuxygHjU|2022-03-24
code1950|wudNDxZE|2022-03-24
code1951|tlJhiMKH|2022-03-24
code1952|KJlYZUUn|2022-03-24
code1953|rabJSPgC|2022-03-24
code1954|gDzBibRA|2022-03-24
code1955|MTVuczhj|2022-03-24
code1956|TJogyATH|2022-03-24
code1957|BJkwcuaT|2022-03-24
code1958|fGMtOyNY|2022-03-24
code1959|hxXPuehV|2022-03-24
code1960|zPBXLAyx|2022-03-24
code1961|CQmnPJGk|2022-03-24
code1962|qKtkPpTd|2022-03-24
code1963|nNeBsjsz|2022-03-24
code1964|AYWrUjcK|2022-03-24
code1965|PDczedAc|2022-03-24
code1966|vZhLcyEU|2022-03-24
code1967|AKJMIfyL|2022-03-24
code1968|MXPdXYAJ|2022-03-24
code1969|UoKAPuhY|2022-03-24
code1970|wxeeWWLn|2022-03-24
code1971|BLcqwnge|2022-03-24
code1972|LaJhScCP|2022-03-24
code1973|BaVUtExG|2022-03-24
code1974|wHmsMsKt|2022-03-24
code1975|VABMgSsz|2022-03-24
code1976|XxItysAP|2022-03-24
code1977|BMWKaYnK|2022-03-24
code1978|jkThiRAl|2022-03-24
code1979|lkHwXDRj|2022-03-24
code1980|xbJeSpJX|2022-03-24
code1981|aYJVspzF|2022-03-24
code1982|HXwUYlLl|2022-03-24
code1983|KQPdvmKF|2022-03-24
code1984|hHRMbbOw|2022-03-24
code1985|wunAuNDb|2022-03-24
code1986|JFbhJzEi|2022-03-24
code1987|bOEQiuAP|2022-03-24
code1988|CrnKDefe|2022-03-24
code1989|kyzwsLiK|2022-03-24
code1990|rjECinsg|2022-03-24
code1991|VNFNDwcX|2022-03-24
code1992|KgKiBfBN|2022-03-24
code1993|gjGIjFme|2022-03-24
code1994|tXNzPVeQ|2022-03-24
code1995|RQilxdJB|2022-03-24
code1996|aRKERPSF|2022-03-24
code1997|wSxiJCGW|2022-03-24
code1998|oBzcsxJA|2022-03-24
code1999|vIuoHFxH|2022-03-24
code2000|iNwXEWJl|2022-03-24
