Party_ID|Source|Reference_Date
prty1001|JvKsPjgg|2022-03-24
prty1002|KXDEDwmv|2022-03-24
prty1003|ZFyCyrxw|2022-03-24
prty1004|dFVrPIZq|2022-03-24
prty1005|qFMAXlbJ|2022-03-24
prty1006|WDBoTJYa|2022-03-24
prty1007|XARpIqeR|2022-03-24
prty1008|bgNsJcVV|2022-03-24
prty1009|rkMMOGSW|2022-03-24
prty1010|rmqQHKwW|2022-03-24
prty1011|zaSnAdvs|2022-03-24
prty1012|gyZcgOKA|2022-03-24
prty1013|YAknNeJp|2022-03-24
prty1014|MnmCKifv|2022-03-24
prty1015|MQalSUXD|2022-03-24
prty1016|aQFhLMEG|2022-03-24
prty1017|wKhEOcke|2022-03-24
prty1018|CkfqOOLx|2022-03-24
prty1019|KjHyKmvX|2022-03-24
prty1020|sNwfWQjP|2022-03-24
prty1021|BGYBVwFz|2022-03-24
prty1022|NAlMdGrK|2022-03-24
prty1023|ZoMzjhzB|2022-03-24
prty1024|ovKTRzCW|2022-03-24
prty1025|ErcDAHNR|2022-03-24
prty1026|vjtXFdqW|2022-03-24
prty1027|isUlIkKF|2022-03-24
prty1028|DSPiSDVg|2022-03-24
prty1029|aWkuABwj|2022-03-24
prty1030|UICrIDfy|2022-03-24
prty1031|RKsRoaam|2022-03-24
prty1032|hqDXQmPO|2022-03-24
prty1033|uTuLuLft|2022-03-24
prty1034|JKjXvgIG|2022-03-24
prty1035|vcHykBGR|2022-03-24
prty1036|bSYGUqbi|2022-03-24
prty1037|MkiMXPqo|2022-03-24
prty1038|qnPIcsQu|2022-03-24
prty1039|YzEsJGdP|2022-03-24
prty1040|lBgkMmgy|2022-03-24
prty1041|neBxhJVY|2022-03-24
prty1042|tCUNcxmC|2022-03-24
prty1043|dsnSkWEk|2022-03-24
prty1044|ApwAALdQ|2022-03-24
prty1045|rnHAAAzk|2022-03-24
prty1046|aNQJghHq|2022-03-24
prty1047|VqGYmJCU|2022-03-24
prty1048|ZtTWCuwV|2022-03-24
prty1049|ajaUrIxW|2022-03-24
prty1050|SucdycwX|2022-03-24
prty1051|ALwRfHGE|2022-03-24
prty1052|UPSIiEko|2022-03-24
prty1053|JYGBPjXy|2022-03-24
prty1054|mSCMjBuk|2022-03-24
prty1055|YjUzvnLI|2022-03-24
prty1056|IcvJRxfT|2022-03-24
prty1057|XPGRkmqq|2022-03-24
prty1058|UTIDwbWf|2022-03-24
prty1059|rGrJqqmn|2022-03-24
prty1060|TdjYbDTD|2022-03-24
prty1061|zgNlYsTN|2022-03-24
prty1062|sCenlwdo|2022-03-24
prty1063|VSOYjKAM|2022-03-24
prty1064|oAPQTlSF|2022-03-24
prty1065|hOFbWRMg|2022-03-24
prty1066|TPwqglxl|2022-03-24
prty1067|VQnlvcsZ|2022-03-24
prty1068|OGXvdxCq|2022-03-24
prty1069|BVYENeqA|2022-03-24
prty1070|XDodnRJl|2022-03-24
prty1071|lxbLSoyw|2022-03-24
prty1072|JxtLWnbE|2022-03-24
prty1073|zmyUiylE|2022-03-24
prty1074|iROgFehJ|2022-03-24
prty1075|lUGHNEsW|2022-03-24
prty1076|rIttrqvP|2022-03-24
prty1077|sMZLPpLp|2022-03-24
prty1078|GeVqKENO|2022-03-24
prty1079|wiADoveF|2022-03-24
prty1080|MmYOnnoN|2022-03-24
prty1081|OmzfrRDY|2022-03-24
prty1082|MzSRTXRk|2022-03-24
prty1083|DhoejeXh|2022-03-24
prty1084|uZmeShii|2022-03-24
prty1085|JzwdmYQL|2022-03-24
prty1086|JjzCEdNw|2022-03-24
prty1087|IOMBwshL|2022-03-24
prty1088|hXMqoZfd|2022-03-24
prty1089|zoRPsFbW|2022-03-24
prty1090|zVjEpuTi|2022-03-24
prty1091|wWlGpgmK|2022-03-24
prty1092|ocVjuVLJ|2022-03-24
prty1093|PxoHEFKo|2022-03-24
prty1094|YUwvQqSP|2022-03-24
prty1095|icvaULGc|2022-03-24
prty1096|QjIYaLhr|2022-03-24
prty1097|lQJuRKEP|2022-03-24
prty1098|avqVlORu|2022-03-24
prty1099|fUhOnpyU|2022-03-24
prty1100|gkdSPIJe|2022-03-24
prty1101|KdmpGYFw|2022-03-24
prty1102|YfCcuWhb|2022-03-24
prty1103|UjjUVmfC|2022-03-24
prty1104|jvXVOaKa|2022-03-24
prty1105|VWZucFgw|2022-03-24
prty1106|HQgGhlqF|2022-03-24
prty1107|KtWXjEUW|2022-03-24
prty1108|YNXetPMD|2022-03-24
prty1109|TvhEmzdE|2022-03-24
prty1110|zIklWUxT|2022-03-24
prty1111|xLkArLTN|2022-03-24
prty1112|IvXJAykD|2022-03-24
prty1113|JZLUejmZ|2022-03-24
prty1114|NgtWwpnU|2022-03-24
prty1115|PGOabRKD|2022-03-24
prty1116|SRDghHmC|2022-03-24
prty1117|MJjvdfzc|2022-03-24
prty1118|FQcCeaQr|2022-03-24
prty1119|wlRFFPAW|2022-03-24
prty1120|KAqUEZhH|2022-03-24
prty1121|Hqcwqnsj|2022-03-24
prty1122|VKmfEiQm|2022-03-24
prty1123|HctjdAgQ|2022-03-24
prty1124|RQNtkgSk|2022-03-24
prty1125|nAgHMBhX|2022-03-24
prty1126|qfphMpyX|2022-03-24
prty1127|uGnjssWs|2022-03-24
prty1128|daBzkENZ|2022-03-24
prty1129|MwiMUtgk|2022-03-24
prty1130|vDGQHNUz|2022-03-24
prty1131|ZQDcLFxH|2022-03-24
prty1132|EiyGvsWD|2022-03-24
prty1133|yjlXcMLz|2022-03-24
prty1134|zADDNtBE|2022-03-24
prty1135|bwoqUpBD|2022-03-24
prty1136|dgXkmYEE|2022-03-24
prty1137|FyyaxZym|2022-03-24
prty1138|fGplrdLr|2022-03-24
prty1139|nAXNRBCo|2022-03-24
prty1140|wxfiYjbL|2022-03-24
prty1141|IqTIMedZ|2022-03-24
prty1142|QJNSxdyR|2022-03-24
prty1143|ZuVaEoXr|2022-03-24
prty1144|mJIPdIyA|2022-03-24
prty1145|kfLnQEXl|2022-03-24
prty1146|UkRagYmm|2022-03-24
prty1147|KVtwxAnJ|2022-03-24
prty1148|sfxymJjH|2022-03-24
prty1149|GUNdwVjM|2022-03-24
prty1150|FpyteAqz|2022-03-24
prty1151|bSoRFIsG|2022-03-24
prty1152|aFzlyaEH|2022-03-24
prty1153|vurnKbEy|2022-03-24
prty1154|YcShTTyh|2022-03-24
prty1155|zJUwSTAH|2022-03-24
prty1156|QyOmDZDh|2022-03-24
prty1157|QhIjIICW|2022-03-24
prty1158|onvWDsXW|2022-03-24
prty1159|BkZENsks|2022-03-24
prty1160|ozivKKtj|2022-03-24
prty1161|aowlogwA|2022-03-24
prty1162|VbEmlYHj|2022-03-24
prty1163|wWpQlziW|2022-03-24
prty1164|OWUXVJaP|2022-03-24
prty1165|psCExnSA|2022-03-24
prty1166|MTLtEbsJ|2022-03-24
prty1167|MvCLLESP|2022-03-24
prty1168|pfWnnXdB|2022-03-24
prty1169|LTsWehvb|2022-03-24
prty1170|dVywkxeh|2022-03-24
prty1171|EKWtPOQp|2022-03-24
prty1172|HEkJaSzD|2022-03-24
prty1173|MVcMgcJg|2022-03-24
prty1174|ImaMNnvT|2022-03-24
prty1175|LADGcOWd|2022-03-24
prty1176|dHSOuSLO|2022-03-24
prty1177|vvwltAwW|2022-03-24
prty1178|QIRpKyJP|2022-03-24
prty1179|raeRPjFg|2022-03-24
prty1180|TJYUyPAn|2022-03-24
prty1181|sClJfulK|2022-03-24
prty1182|eahJFoTp|2022-03-24
prty1183|ZOTYXbzE|2022-03-24
prty1184|VuYxLJsy|2022-03-24
prty1185|tmJmqqkP|2022-03-24
prty1186|wSxWdQjq|2022-03-24
prty1187|HLwcVneF|2022-03-24
prty1188|eWDeiLGs|2022-03-24
prty1189|vNcDMQBY|2022-03-24
prty1190|XgxFgwZa|2022-03-24
prty1191|vShwiAhH|2022-03-24
prty1192|ClnSEQNu|2022-03-24
prty1193|pnTPkNHk|2022-03-24
prty1194|IdXISGIG|2022-03-24
prty1195|jjtmYKyY|2022-03-24
prty1196|rsDlVdbq|2022-03-24
prty1197|UxCwYcJW|2022-03-24
prty1198|pELOgoTs|2022-03-24
prty1199|JCDXlyDp|2022-03-24
prty1200|DHiFJRET|2022-03-24
prty1201|RgiGfmZD|2022-03-24
prty1202|VPutxQMn|2022-03-24
prty1203|fevdDHGb|2022-03-24
prty1204|nvNzWhKO|2022-03-24
prty1205|mPiIzAkX|2022-03-24
prty1206|iwWPEBpr|2022-03-24
prty1207|issWRiCB|2022-03-24
prty1208|ElsAzsSR|2022-03-24
prty1209|lRsTPvpU|2022-03-24
prty1210|DFCQbuTr|2022-03-24
prty1211|TdjklHez|2022-03-24
prty1212|dfnRCxFR|2022-03-24
prty1213|ipPPGexZ|2022-03-24
prty1214|QsdhBvEs|2022-03-24
prty1215|ICWBQDJH|2022-03-24
prty1216|zBTSufcI|2022-03-24
prty1217|zRceuSjR|2022-03-24
prty1218|hjJlaXBf|2022-03-24
prty1219|XtGzRMRj|2022-03-24
prty1220|CyxlQqqG|2022-03-24
prty1221|JOvrfQnq|2022-03-24
prty1222|GphhzSUu|2022-03-24
prty1223|CImGxRvP|2022-03-24
prty1224|AqmlcBVq|2022-03-24
prty1225|rMaPKkyl|2022-03-24
prty1226|vccsizCV|2022-03-24
prty1227|urpWiOkc|2022-03-24
prty1228|vRAafRpF|2022-03-24
prty1229|FhJlaBfP|2022-03-24
prty1230|GVFzEKhn|2022-03-24
prty1231|JIBMVSJO|2022-03-24
prty1232|BDodUjuE|2022-03-24
prty1233|GcsDbolq|2022-03-24
prty1234|OoyESaUZ|2022-03-24
prty1235|lQfviDRK|2022-03-24
prty1236|fzsMJsnb|2022-03-24
prty1237|jViWMPRc|2022-03-24
prty1238|NOrrAgAx|2022-03-24
prty1239|RJIEpcFz|2022-03-24
prty1240|ZOWJSVge|2022-03-24
prty1241|opqHLmdx|2022-03-24
prty1242|ypCujcIU|2022-03-24
prty1243|SXfMBKrC|2022-03-24
prty1244|rvHmRkAL|2022-03-24
prty1245|omowQmeL|2022-03-24
prty1246|mbusGjbO|2022-03-24
prty1247|vQegZMmn|2022-03-24
prty1248|tawrJiSc|2022-03-24
prty1249|glhZLrZo|2022-03-24
prty1250|OqaJNeXG|2022-03-24
prty1251|tLmdCjzV|2022-03-24
prty1252|xGQnEniV|2022-03-24
prty1253|IuOQrmUv|2022-03-24
prty1254|SRwVeHVb|2022-03-24
prty1255|tpPuHHcP|2022-03-24
prty1256|CcIBvIda|2022-03-24
prty1257|mqNuNbdU|2022-03-24
prty1258|NIhfaSRJ|2022-03-24
prty1259|RuwccObr|2022-03-24
prty1260|uOgjPuPL|2022-03-24
prty1261|mwGMzVOd|2022-03-24
prty1262|gPSerhpG|2022-03-24
prty1263|luAvwsAF|2022-03-24
prty1264|CyzshNfg|2022-03-24
prty1265|MigASVAW|2022-03-24
prty1266|YvPsHBUf|2022-03-24
prty1267|JasXcvZD|2022-03-24
prty1268|QgFAQgGL|2022-03-24
prty1269|sSZTPLxn|2022-03-24
prty1270|OZalqUAD|2022-03-24
prty1271|fPEUPpUt|2022-03-24
prty1272|hoxmrFMl|2022-03-24
prty1273|IwBOKijs|2022-03-24
prty1274|tzxmnUul|2022-03-24
prty1275|osGXaRWC|2022-03-24
prty1276|ArHpNwBe|2022-03-24
prty1277|conJRQwe|2022-03-24
prty1278|HDkFEQnb|2022-03-24
prty1279|XLEdJezw|2022-03-24
prty1280|gMyobUqK|2022-03-24
prty1281|BZVjdymK|2022-03-24
prty1282|UoRnffOk|2022-03-24
prty1283|cgszOeab|2022-03-24
prty1284|ixywbHpz|2022-03-24
prty1285|azhupnuU|2022-03-24
prty1286|HLCxOPLM|2022-03-24
prty1287|xYKEEdHN|2022-03-24
prty1288|BklaDTFw|2022-03-24
prty1289|bSJxjwdb|2022-03-24
prty1290|ANitzuiH|2022-03-24
prty1291|vaRxPSgv|2022-03-24
prty1292|tHiYCJou|2022-03-24
prty1293|jysJycpD|2022-03-24
prty1294|sltbPkgt|2022-03-24
prty1295|GXWhjOhE|2022-03-24
prty1296|zxCERZpY|2022-03-24
prty1297|RzXdozjv|2022-03-24
prty1298|oeaVaVTp|2022-03-24
prty1299|yrQhxxED|2022-03-24
prty1300|OrpIYRTg|2022-03-24
prty1301|GRtKMtms|2022-03-24
prty1302|BapvbBHb|2022-03-24
prty1303|OiaKZbBo|2022-03-24
prty1304|OyGGMpLw|2022-03-24
prty1305|XvZbmGTL|2022-03-24
prty1306|fyvFlCFs|2022-03-24
prty1307|TaZZDxye|2022-03-24
prty1308|wowhpCSZ|2022-03-24
prty1309|IhOWcxbD|2022-03-24
prty1310|DncNfUPk|2022-03-24
prty1311|JMrBYqrI|2022-03-24
prty1312|dAGzmLZU|2022-03-24
prty1313|leunBejL|2022-03-24
prty1314|BsABVMCX|2022-03-24
prty1315|CmgDPoIJ|2022-03-24
prty1316|XPNnYRZy|2022-03-24
prty1317|mtOcQrey|2022-03-24
prty1318|BTPnlXvc|2022-03-24
prty1319|pjlwRrQg|2022-03-24
prty1320|GHhFeENU|2022-03-24
prty1321|ylPBbbCH|2022-03-24
prty1322|YwIcfTDz|2022-03-24
prty1323|MkkZpIJg|2022-03-24
prty1324|wvllhxtq|2022-03-24
prty1325|dTnsvCIM|2022-03-24
prty1326|nVsBpzUJ|2022-03-24
prty1327|RxPBQNiB|2022-03-24
prty1328|MusdeqWZ|2022-03-24
prty1329|MEQQkYyC|2022-03-24
prty1330|NJJhHrEx|2022-03-24
prty1331|gMeNbyVB|2022-03-24
prty1332|bTzYXUTt|2022-03-24
prty1333|UakKeEpQ|2022-03-24
prty1334|aHfYZyul|2022-03-24
prty1335|zkYcqyfR|2022-03-24
prty1336|eHBoYVKQ|2022-03-24
prty1337|HKYEpRbH|2022-03-24
prty1338|mzWtwIuk|2022-03-24
prty1339|DdVNXgOB|2022-03-24
prty1340|IbErnnOg|2022-03-24
prty1341|KCHbGADD|2022-03-24
prty1342|GyZDVOcH|2022-03-24
prty1343|ieGFDMtI|2022-03-24
prty1344|GxjQnYvG|2022-03-24
prty1345|pQiDuMNY|2022-03-24
prty1346|QeWCgUVN|2022-03-24
prty1347|dpuOvgpy|2022-03-24
prty1348|rDLQNWKq|2022-03-24
prty1349|gRHrgxiG|2022-03-24
prty1350|WdcpjXCZ|2022-03-24
prty1351|rMOGfOry|2022-03-24
prty1352|DizrckAd|2022-03-24
prty1353|XmRwHjWs|2022-03-24
prty1354|sLywmrMk|2022-03-24
prty1355|tIpLwaHe|2022-03-24
prty1356|SPWalKPh|2022-03-24
prty1357|hPSciGqB|2022-03-24
prty1358|MxVMYLpl|2022-03-24
prty1359|ioqiXEbM|2022-03-24
prty1360|ucFhGmgE|2022-03-24
prty1361|nBSKllFJ|2022-03-24
prty1362|tPQovcBJ|2022-03-24
prty1363|LuyjvWjA|2022-03-24
prty1364|vSxWRWsd|2022-03-24
prty1365|OkTegvrN|2022-03-24
prty1366|HEjmIbkz|2022-03-24
prty1367|QAqyzZJd|2022-03-24
prty1368|UfYBXEPb|2022-03-24
prty1369|TqcCGeEk|2022-03-24
prty1370|BNzZRbaE|2022-03-24
prty1371|TNLVgzRz|2022-03-24
prty1372|IvVnzKQw|2022-03-24
prty1373|tDhVREuo|2022-03-24
prty1374|abUCdDqJ|2022-03-24
prty1375|lYjQpAbT|2022-03-24
prty1376|SXCVdPmT|2022-03-24
prty1377|PQblQKna|2022-03-24
prty1378|wzzIXDvE|2022-03-24
prty1379|fZbaEOhu|2022-03-24
prty1380|RrkYwwIi|2022-03-24
prty1381|VGxPdEmH|2022-03-24
prty1382|lcdOnFsV|2022-03-24
prty1383|aunzAiLE|2022-03-24
prty1384|sKytEHlP|2022-03-24
prty1385|lSRHjAjN|2022-03-24
prty1386|NRsjaRqB|2022-03-24
prty1387|jBldAqOz|2022-03-24
prty1388|oHsDLCIU|2022-03-24
prty1389|oqKBZnfT|2022-03-24
prty1390|WmgRwZSz|2022-03-24
prty1391|eCLLtvav|2022-03-24
prty1392|rAvzRqtm|2022-03-24
prty1393|YJlXtuhV|2022-03-24
prty1394|JclnlKGC|2022-03-24
prty1395|lAYbDeDq|2022-03-24
prty1396|taSSNByo|2022-03-24
prty1397|WRRyvtbA|2022-03-24
prty1398|PMOIgtZr|2022-03-24
prty1399|ArtWLibW|2022-03-24
prty1400|ImkrmFTl|2022-03-24
prty1401|vBLMmmOz|2022-03-24
prty1402|IJGkBniL|2022-03-24
prty1403|XaajQfJw|2022-03-24
prty1404|prFLurAA|2022-03-24
prty1405|XAQAQcHv|2022-03-24
prty1406|TzMPgLie|2022-03-24
prty1407|YTjEAMXS|2022-03-24
prty1408|IBiDtKal|2022-03-24
prty1409|qBmsWvgt|2022-03-24
prty1410|GrWpplMy|2022-03-24
prty1411|IVBibLBe|2022-03-24
prty1412|eknFZmgx|2022-03-24
prty1413|tLVoOFuP|2022-03-24
prty1414|xvTCxgPk|2022-03-24
prty1415|CnboagYJ|2022-03-24
prty1416|POdnuzfY|2022-03-24
prty1417|TzHqiioz|2022-03-24
prty1418|aKIxAiOm|2022-03-24
prty1419|xNXwCQrw|2022-03-24
prty1420|EkMQkmxj|2022-03-24
prty1421|MSCjvjho|2022-03-24
prty1422|AeKOhEou|2022-03-24
prty1423|jOXXJkYP|2022-03-24
prty1424|dUFxxAGB|2022-03-24
prty1425|EqgBnYqc|2022-03-24
prty1426|ntHVMczf|2022-03-24
prty1427|hoiMVgTF|2022-03-24
prty1428|CIBsgFXX|2022-03-24
prty1429|RlHdkWYO|2022-03-24
prty1430|vWHPUbaC|2022-03-24
prty1431|hNxfDUlj|2022-03-24
prty1432|ccAfLWSk|2022-03-24
prty1433|kWVCdXIx|2022-03-24
prty1434|PnljBDqS|2022-03-24
prty1435|LOaNpTap|2022-03-24
prty1436|LJNKQpui|2022-03-24
prty1437|NefBjcLs|2022-03-24
prty1438|NeJXCoBK|2022-03-24
prty1439|jvlSCPcZ|2022-03-24
prty1440|gGlFwooE|2022-03-24
prty1441|wmlZIauW|2022-03-24
prty1442|LoWhqOmB|2022-03-24
prty1443|xUMjpxXe|2022-03-24
prty1444|xkndhrJX|2022-03-24
prty1445|KXBBoLkG|2022-03-24
prty1446|pTtLsPPG|2022-03-24
prty1447|eAhcwaCW|2022-03-24
prty1448|zlncmCUD|2022-03-24
prty1449|GZUKTWxo|2022-03-24
prty1450|Neqyyppr|2022-03-24
prty1451|LBssLLbv|2022-03-24
prty1452|BNUVXOVv|2022-03-24
prty1453|TCGMYQKt|2022-03-24
prty1454|vTjqwyBG|2022-03-24
prty1455|QOanNkdc|2022-03-24
prty1456|bHxukFwY|2022-03-24
prty1457|HfWIyfVo|2022-03-24
prty1458|PIwwQcMZ|2022-03-24
prty1459|KWeSSMYo|2022-03-24
prty1460|HvHSRmjk|2022-03-24
prty1461|dYTDlFUq|2022-03-24
prty1462|rIGCOMIo|2022-03-24
prty1463|VUTxlgLC|2022-03-24
prty1464|oJtdkLsc|2022-03-24
prty1465|MVGpDAcn|2022-03-24
prty1466|QJwFTYpl|2022-03-24
prty1467|cpNheeGe|2022-03-24
prty1468|ZNwvmehJ|2022-03-24
prty1469|lRbXFRot|2022-03-24
prty1470|xDoFhMUD|2022-03-24
prty1471|OBRxQdkp|2022-03-24
prty1472|qrHCrxUV|2022-03-24
prty1473|DKgYxOoK|2022-03-24
prty1474|LyRePefa|2022-03-24
prty1475|gqUUGFmo|2022-03-24
prty1476|qCPUNhnr|2022-03-24
prty1477|jWzUNNQe|2022-03-24
prty1478|uVbPZGie|2022-03-24
prty1479|jpfggTPf|2022-03-24
prty1480|EfJMTADL|2022-03-24
prty1481|agKWuLAO|2022-03-24
prty1482|kTArtYvL|2022-03-24
prty1483|QwOinBJx|2022-03-24
prty1484|mBhaTnxg|2022-03-24
prty1485|WIRzBuvq|2022-03-24
prty1486|DGvPPJDq|2022-03-24
prty1487|XWiqdMvO|2022-03-24
prty1488|YddXTKAC|2022-03-24
prty1489|KuCBPpWr|2022-03-24
prty1490|PDwayzdC|2022-03-24
prty1491|SIZgGmjO|2022-03-24
prty1492|BNYwbOoW|2022-03-24
prty1493|ggpUdjGk|2022-03-24
prty1494|UbmuQeAr|2022-03-24
prty1495|ASfspwkV|2022-03-24
prty1496|CfRaVpLE|2022-03-24
prty1497|ifRUewms|2022-03-24
prty1498|imgqMXsM|2022-03-24
prty1499|UQNGBxZn|2022-03-24
prty1500|OZphpWOK|2022-03-24
prty1501|EhPLgaCt|2022-03-24
prty1502|CFtCpoPS|2022-03-24
prty1503|urZYQOot|2022-03-24
prty1504|wPgpVBKZ|2022-03-24
prty1505|ykVGmNdm|2022-03-24
prty1506|zPXOjrSs|2022-03-24
prty1507|AiKviRuX|2022-03-24
prty1508|QVwtZzPh|2022-03-24
prty1509|TPMXDwtq|2022-03-24
prty1510|ZFksGRQM|2022-03-24
prty1511|IbXHZZIP|2022-03-24
prty1512|wKpPlEcD|2022-03-24
prty1513|lHBkRqWP|2022-03-24
prty1514|yFfduIpf|2022-03-24
prty1515|iQAXvzZK|2022-03-24
prty1516|EmWWLdCc|2022-03-24
prty1517|uEQeSeGH|2022-03-24
prty1518|YLlshPOl|2022-03-24
prty1519|KRkEFBSH|2022-03-24
prty1520|PEwWWjar|2022-03-24
prty1521|lFLJmoDi|2022-03-24
prty1522|FlEcGqLy|2022-03-24
prty1523|lFEAvgSD|2022-03-24
prty1524|WRNpknIo|2022-03-24
prty1525|lumUvxWO|2022-03-24
prty1526|DlsqEkGz|2022-03-24
prty1527|MdpcIVoi|2022-03-24
prty1528|KmWfOpJt|2022-03-24
prty1529|LqvwYwSi|2022-03-24
prty1530|XdQHtfTh|2022-03-24
prty1531|xBHiXmcu|2022-03-24
prty1532|toWAdKco|2022-03-24
prty1533|OHmlivxf|2022-03-24
prty1534|UYgMfEeR|2022-03-24
prty1535|uKxfjvzT|2022-03-24
prty1536|wJoUiDkl|2022-03-24
prty1537|SNaaCcfE|2022-03-24
prty1538|EtFLhsvQ|2022-03-24
prty1539|CKcEHRGZ|2022-03-24
prty1540|hotSWgcH|2022-03-24
prty1541|wVllBRIt|2022-03-24
prty1542|sGPKmaFt|2022-03-24
prty1543|hGANPUyS|2022-03-24
prty1544|MCZuoIOw|2022-03-24
prty1545|TsxLNhaO|2022-03-24
prty1546|qSkQGsgj|2022-03-24
prty1547|DZpRvBbH|2022-03-24
prty1548|psrMbVFE|2022-03-24
prty1549|xvHGnHUf|2022-03-24
prty1550|DIbhsgUd|2022-03-24
prty1551|tteEUOLQ|2022-03-24
prty1552|brqtIdiw|2022-03-24
prty1553|rRaqfJGJ|2022-03-24
prty1554|QeqSpLHP|2022-03-24
prty1555|aaRsdnqm|2022-03-24
prty1556|szroanWo|2022-03-24
prty1557|aRMhgpHg|2022-03-24
prty1558|JYUObbfU|2022-03-24
prty1559|tTcAwfNx|2022-03-24
prty1560|fwHwSqEp|2022-03-24
prty1561|VTsgLsdK|2022-03-24
prty1562|iuNsfMjB|2022-03-24
prty1563|HfuYzWaT|2022-03-24
prty1564|rtLFPEnA|2022-03-24
prty1565|dHhnhcIz|2022-03-24
prty1566|tOndJIIC|2022-03-24
prty1567|qMRWqRZi|2022-03-24
prty1568|rrdJXzJe|2022-03-24
prty1569|oIcxAKdT|2022-03-24
prty1570|paQvaYNS|2022-03-24
prty1571|fYFeSBgo|2022-03-24
prty1572|ALoKRzUC|2022-03-24
prty1573|asJlCydx|2022-03-24
prty1574|YCFbBOSC|2022-03-24
prty1575|sWweJtAp|2022-03-24
prty1576|cfFNXrfh|2022-03-24
prty1577|vJSjQPcw|2022-03-24
prty1578|AfGGpDBJ|2022-03-24
prty1579|FcMuSWWD|2022-03-24
prty1580|pOvUNMHj|2022-03-24
prty1581|yUpjqjZD|2022-03-24
prty1582|PtVCwVRn|2022-03-24
prty1583|uizuBgHJ|2022-03-24
prty1584|drFNUtqK|2022-03-24
prty1585|RxdfsBze|2022-03-24
prty1586|UiDvsRDi|2022-03-24
prty1587|AoMrdFkf|2022-03-24
prty1588|IDAiyqDX|2022-03-24
prty1589|tmLmVIht|2022-03-24
prty1590|PynMajlm|2022-03-24
prty1591|dPMGuXJF|2022-03-24
prty1592|XuHPgNnU|2022-03-24
prty1593|VHlTbtiW|2022-03-24
prty1594|BeHhUfVs|2022-03-24
prty1595|dyCdFPdZ|2022-03-24
prty1596|iWldnCYg|2022-03-24
prty1597|USKtmWeT|2022-03-24
prty1598|xJLZzNCP|2022-03-24
prty1599|wnCsAZVh|2022-03-24
prty1600|mUBQvSEE|2022-03-24
prty1601|VwnrThgX|2022-03-24
prty1602|RPFTZDwU|2022-03-24
prty1603|CkOanQjh|2022-03-24
prty1604|FdxLBgma|2022-03-24
prty1605|WoXhxuEN|2022-03-24
prty1606|kLqnhRUB|2022-03-24
prty1607|ZdQzuQyH|2022-03-24
prty1608|CpWqXUro|2022-03-24
prty1609|dVsfFWtU|2022-03-24
prty1610|TMQaOrLr|2022-03-24
prty1611|fzRdZFXB|2022-03-24
prty1612|UQLidFeg|2022-03-24
prty1613|SlKIGmsC|2022-03-24
prty1614|KYJROHQS|2022-03-24
prty1615|yEQVrXfg|2022-03-24
prty1616|ZcJuTwha|2022-03-24
prty1617|fYrPzVMa|2022-03-24
prty1618|gUMpWoWg|2022-03-24
prty1619|excVNEVN|2022-03-24
prty1620|XJSiInwN|2022-03-24
prty1621|hrhQIglo|2022-03-24
prty1622|pwSJpYXP|2022-03-24
prty1623|FPFALoTU|2022-03-24
prty1624|WnAplTTo|2022-03-24
prty1625|nbNocgTz|2022-03-24
prty1626|YEOTjnfl|2022-03-24
prty1627|udcRKoeC|2022-03-24
prty1628|eSUkghax|2022-03-24
prty1629|LqElQiER|2022-03-24
prty1630|ctLNMils|2022-03-24
prty1631|mNqGwKqT|2022-03-24
prty1632|absmITjh|2022-03-24
prty1633|dvKRFBtA|2022-03-24
prty1634|ZosLzzaH|2022-03-24
prty1635|QnpoeXlB|2022-03-24
prty1636|tJbRuXyq|2022-03-24
prty1637|pRZqbEBI|2022-03-24
prty1638|eXUDzagf|2022-03-24
prty1639|ViqujMXG|2022-03-24
prty1640|chBAlMqO|2022-03-24
prty1641|oQnhIZyy|2022-03-24
prty1642|NjFeuwWf|2022-03-24
prty1643|aegmXFCo|2022-03-24
prty1644|pStTfGfS|2022-03-24
prty1645|fUgpKBTw|2022-03-24
prty1646|CxNScdDK|2022-03-24
prty1647|VyyPvUwd|2022-03-24
prty1648|sLhQwdsW|2022-03-24
prty1649|aqRKbfeL|2022-03-24
prty1650|ezsynbrC|2022-03-24
prty1651|JNbAsnuE|2022-03-24
prty1652|NscEzwqR|2022-03-24
prty1653|xlzCoRPp|2022-03-24
prty1654|BVTtqpLj|2022-03-24
prty1655|aigLukRV|2022-03-24
prty1656|EUbZFIRR|2022-03-24
prty1657|GktVVOEO|2022-03-24
prty1658|HxAqYbDM|2022-03-24
prty1659|DRKRFLHd|2022-03-24
prty1660|SCyFGELj|2022-03-24
prty1661|vceqCPjr|2022-03-24
prty1662|YpuVklyZ|2022-03-24
prty1663|nqHGHQkP|2022-03-24
prty1664|QMDzjdur|2022-03-24
prty1665|TNhYScFA|2022-03-24
prty1666|IQPcvWDi|2022-03-24
prty1667|TrUTYCae|2022-03-24
prty1668|HuKbpffZ|2022-03-24
prty1669|EhQKUuGc|2022-03-24
prty1670|LaNUvVcW|2022-03-24
prty1671|NGYsSQTa|2022-03-24
prty1672|eqbKQSnJ|2022-03-24
prty1673|HZOITmus|2022-03-24
prty1674|tjmpJWEB|2022-03-24
prty1675|TpkXVjVA|2022-03-24
prty1676|VRwFZOWH|2022-03-24
prty1677|YVmpvBfJ|2022-03-24
prty1678|IciwiIDD|2022-03-24
prty1679|ERoHmMGE|2022-03-24
prty1680|ERfJilSp|2022-03-24
prty1681|ZdPIdfSO|2022-03-24
prty1682|iBLqcwgE|2022-03-24
prty1683|ibYydlsh|2022-03-24
prty1684|IereIKbO|2022-03-24
prty1685|bpDHncAm|2022-03-24
prty1686|QTBydgmO|2022-03-24
prty1687|UeXYbpVb|2022-03-24
prty1688|TIICkXNf|2022-03-24
prty1689|QJSurbQx|2022-03-24
prty1690|ERbwHJuf|2022-03-24
prty1691|msjPNCYK|2022-03-24
prty1692|MPBEhFHD|2022-03-24
prty1693|msIfnVvO|2022-03-24
prty1694|GeNNwoMZ|2022-03-24
prty1695|YdZvkcEe|2022-03-24
prty1696|xBdwpkPE|2022-03-24
prty1697|XWBedtYQ|2022-03-24
prty1698|CcbBPMPK|2022-03-24
prty1699|MKGPnKeS|2022-03-24
prty1700|uBhIgnsh|2022-03-24
prty1701|UiqjoAeJ|2022-03-24
prty1702|iUynNcUA|2022-03-24
prty1703|crBLzzVv|2022-03-24
prty1704|mAfArDWW|2022-03-24
prty1705|sFKoTctu|2022-03-24
prty1706|CwGsguiX|2022-03-24
prty1707|ZzIRZUfQ|2022-03-24
prty1708|WjWLVMhh|2022-03-24
prty1709|cfFfwDwL|2022-03-24
prty1710|JZfVgXgz|2022-03-24
prty1711|HqZPULUJ|2022-03-24
prty1712|VTqfTFFW|2022-03-24
prty1713|VggpSJHa|2022-03-24
prty1714|xYVUnICB|2022-03-24
prty1715|PeaKOFnd|2022-03-24
prty1716|ZQivxpIv|2022-03-24
prty1717|qJIcXoET|2022-03-24
prty1718|VzCTwYsn|2022-03-24
prty1719|ELLnaiKn|2022-03-24
prty1720|kBcpYaLr|2022-03-24
prty1721|TGPFNhMr|2022-03-24
prty1722|FjyLCQQH|2022-03-24
prty1723|nGqGjNKL|2022-03-24
prty1724|UryiGCkE|2022-03-24
prty1725|MkaAfNmB|2022-03-24
prty1726|xNyzQrkt|2022-03-24
prty1727|bPpNMkAd|2022-03-24
prty1728|NZmvpNzR|2022-03-24
prty1729|ezHMHozf|2022-03-24
prty1730|vOtCrvXZ|2022-03-24
prty1731|BFFbNzOA|2022-03-24
prty1732|AZcBwxyf|2022-03-24
prty1733|mTLIxGjf|2022-03-24
prty1734|NyfLFjIy|2022-03-24
prty1735|SFLLvEYy|2022-03-24
prty1736|vFqxTLDg|2022-03-24
prty1737|dozrbchi|2022-03-24
prty1738|qZWKVSLx|2022-03-24
prty1739|pHKYSGbm|2022-03-24
prty1740|lBzppqfr|2022-03-24
prty1741|iDhiXzHv|2022-03-24
prty1742|hotepQyL|2022-03-24
prty1743|BuQsWfRl|2022-03-24
prty1744|JfhsgHSi|2022-03-24
prty1745|fVFehBNP|2022-03-24
prty1746|aPibXkHW|2022-03-24
prty1747|qXSODmIg|2022-03-24
prty1748|JviXxMsP|2022-03-24
prty1749|hofLLgfX|2022-03-24
prty1750|xQgzsIMg|2022-03-24
prty1751|XxTQMpDY|2022-03-24
prty1752|lczrzPpp|2022-03-24
prty1753|KZZqvPkC|2022-03-24
prty1754|mIgPiIMd|2022-03-24
prty1755|EIzyHUyp|2022-03-24
prty1756|uGQnXKoU|2022-03-24
prty1757|ddHbLfKv|2022-03-24
prty1758|lWLYRTve|2022-03-24
prty1759|zdxRnMQj|2022-03-24
prty1760|VFQagMWY|2022-03-24
prty1761|xbBIYuDs|2022-03-24
prty1762|gLWleGLr|2022-03-24
prty1763|xHgkOItJ|2022-03-24
prty1764|KupzFzCl|2022-03-24
prty1765|fCAhvILg|2022-03-24
prty1766|VxUMqtSn|2022-03-24
prty1767|wbxTYoDa|2022-03-24
prty1768|nVpgaNcs|2022-03-24
prty1769|BgvXDkHJ|2022-03-24
prty1770|EmsfHTMC|2022-03-24
prty1771|GxeFwiww|2022-03-24
prty1772|NJcdvIzG|2022-03-24
prty1773|FdYrpxqP|2022-03-24
prty1774|jIQZLZkn|2022-03-24
prty1775|KzKMvNjh|2022-03-24
prty1776|NkHmpPyv|2022-03-24
prty1777|ppXSLmtm|2022-03-24
prty1778|LXWySzWA|2022-03-24
prty1779|YkXgWPJx|2022-03-24
prty1780|TmgccTrx|2022-03-24
prty1781|UpMvFYbF|2022-03-24
prty1782|cpjvdmYv|2022-03-24
prty1783|oePrjZbA|2022-03-24
prty1784|AlXSYLmH|2022-03-24
prty1785|iGOScXSd|2022-03-24
prty1786|CzcvbpMm|2022-03-24
prty1787|qUpatVhZ|2022-03-24
prty1788|AGVgoxsX|2022-03-24
prty1789|gZIupHwc|2022-03-24
prty1790|VcDzDjfV|2022-03-24
prty1791|rLpiMUJs|2022-03-24
prty1792|jWxbFjIv|2022-03-24
prty1793|aXQAKfOs|2022-03-24
prty1794|QwAjdfjn|2022-03-24
prty1795|okSuMZXD|2022-03-24
prty1796|hHdCRIsO|2022-03-24
prty1797|UWopbFFm|2022-03-24
prty1798|bBvUJVaH|2022-03-24
prty1799|DvcCNSyM|2022-03-24
prty1800|blUlEplY|2022-03-24
prty1801|zEBLakxC|2022-03-24
prty1802|MVSUkmuq|2022-03-24
prty1803|BrHiIGAG|2022-03-24
prty1804|bNHzQVkj|2022-03-24
prty1805|iMlSShrl|2022-03-24
prty1806|MfwmnwNL|2022-03-24
prty1807|TNDuWSKD|2022-03-24
prty1808|iTjfgQYR|2022-03-24
prty1809|IbYpWQCv|2022-03-24
prty1810|WVeCtqdy|2022-03-24
prty1811|rDhpDWuu|2022-03-24
prty1812|wEVaHJwJ|2022-03-24
prty1813|fRsnmSgT|2022-03-24
prty1814|lsXKwkYH|2022-03-24
prty1815|GTaxIQeT|2022-03-24
prty1816|OIdKrjFQ|2022-03-24
prty1817|JBoZkMVb|2022-03-24
prty1818|cnJdAJoE|2022-03-24
prty1819|odtmnjzj|2022-03-24
prty1820|OqWpNbtI|2022-03-24
prty1821|PEyEJAFZ|2022-03-24
prty1822|bPEhBSbk|2022-03-24
prty1823|AhvpRHET|2022-03-24
prty1824|FvDAtPsL|2022-03-24
prty1825|lfdOhzcu|2022-03-24
prty1826|LvrsDKpR|2022-03-24
prty1827|iIJXgRrF|2022-03-24
prty1828|RvyjkCtH|2022-03-24
prty1829|bDfxbjKI|2022-03-24
prty1830|gFXYlsTZ|2022-03-24
prty1831|VLTYmTFb|2022-03-24
prty1832|MLYdWwiG|2022-03-24
prty1833|arobKNmN|2022-03-24
prty1834|GJvecKxD|2022-03-24
prty1835|ssGxIABk|2022-03-24
prty1836|gBdkCcpV|2022-03-24
prty1837|ZWOEMXvf|2022-03-24
prty1838|AJkzubyV|2022-03-24
prty1839|PNjeHFTj|2022-03-24
prty1840|xoAtJKBQ|2022-03-24
prty1841|CvcNxond|2022-03-24
prty1842|tlgnHTgD|2022-03-24
prty1843|gAACNrWk|2022-03-24
prty1844|hQzEcIbm|2022-03-24
prty1845|xmwAvkVc|2022-03-24
prty1846|DRKdNxpB|2022-03-24
prty1847|iCNfAcbp|2022-03-24
prty1848|CixaBXNX|2022-03-24
prty1849|vHPLKhxy|2022-03-24
prty1850|baVIwXnU|2022-03-24
prty1851|SkmKKaNF|2022-03-24
prty1852|UHIeRPJc|2022-03-24
prty1853|oVMGQyUv|2022-03-24
prty1854|znAcWCDo|2022-03-24
prty1855|EHmMyibM|2022-03-24
prty1856|hjOmkUJf|2022-03-24
prty1857|WXmwdcYp|2022-03-24
prty1858|aGsescEI|2022-03-24
prty1859|DsLhqCin|2022-03-24
prty1860|wXRppgii|2022-03-24
prty1861|wWEAmeDy|2022-03-24
prty1862|wvbcWemA|2022-03-24
prty1863|bYgidibc|2022-03-24
prty1864|TumWpryi|2022-03-24
prty1865|BGgTHDzz|2022-03-24
prty1866|RMUuySVa|2022-03-24
prty1867|CzAdjDvA|2022-03-24
prty1868|hsCUwckA|2022-03-24
prty1869|rYsDHTQh|2022-03-24
prty1870|IWrdHIGT|2022-03-24
prty1871|xMZOyPGT|2022-03-24
prty1872|wgUeOQem|2022-03-24
prty1873|cSAXpnUS|2022-03-24
prty1874|VNMaXxDo|2022-03-24
prty1875|dOeerkSC|2022-03-24
prty1876|bbHvXthf|2022-03-24
prty1877|UnZFPWAp|2022-03-24
prty1878|ZVyLyHeC|2022-03-24
prty1879|HZypLxYR|2022-03-24
prty1880|mSXxcMFS|2022-03-24
prty1881|VNESmlxc|2022-03-24
prty1882|TAHZqCet|2022-03-24
prty1883|zFDFTzBH|2022-03-24
prty1884|eMXdDwDj|2022-03-24
prty1885|mobPBsbz|2022-03-24
prty1886|oSrWFRFw|2022-03-24
prty1887|muboAKjD|2022-03-24
prty1888|USowEenL|2022-03-24
prty1889|ESzSwxXB|2022-03-24
prty1890|EZRxbtEi|2022-03-24
prty1891|WTxLHsPA|2022-03-24
prty1892|BPbISMtd|2022-03-24
prty1893|SUaqaixK|2022-03-24
prty1894|kgEvWtVx|2022-03-24
prty1895|LGTprekv|2022-03-24
prty1896|QPVVWhQI|2022-03-24
prty1897|XrkTYvcf|2022-03-24
prty1898|ZypifTHu|2022-03-24
prty1899|OPyAcMBj|2022-03-24
prty1900|xyXaQZDX|2022-03-24
prty1901|ijrjMFTX|2022-03-24
prty1902|LwJNSwRH|2022-03-24
prty1903|KEJpGIpT|2022-03-24
prty1904|pZeNMBNo|2022-03-24
prty1905|NynzjcUk|2022-03-24
prty1906|TJkVMNCQ|2022-03-24
prty1907|PypJeBWE|2022-03-24
prty1908|PbmAYHLq|2022-03-24
prty1909|dySNgTId|2022-03-24
prty1910|plKPEMNo|2022-03-24
prty1911|YvIIRVHK|2022-03-24
prty1912|njZjPhqh|2022-03-24
prty1913|kSDvRqPo|2022-03-24
prty1914|fNYTtwck|2022-03-24
prty1915|OJWoFbFk|2022-03-24
prty1916|VmsdBEfA|2022-03-24
prty1917|AibIZBzp|2022-03-24
prty1918|irKRMUgv|2022-03-24
prty1919|pLEqGpED|2022-03-24
prty1920|ILUFpDUg|2022-03-24
prty1921|TKMGkByg|2022-03-24
prty1922|hLZCglsQ|2022-03-24
prty1923|qmCGGhhQ|2022-03-24
prty1924|zUXaYzTz|2022-03-24
prty1925|yetKGyPT|2022-03-24
prty1926|pNUQWRHK|2022-03-24
prty1927|oBeSdVnI|2022-03-24
prty1928|jCtoSpUv|2022-03-24
prty1929|caGTZJcR|2022-03-24
prty1930|scpFawUW|2022-03-24
prty1931|rQodGepJ|2022-03-24
prty1932|TdDIfAZK|2022-03-24
prty1933|LQoXibGA|2022-03-24
prty1934|OXGBAFuU|2022-03-24
prty1935|RfTpjetS|2022-03-24
prty1936|xxgoORzQ|2022-03-24
prty1937|anxjxaLM|2022-03-24
prty1938|SMkRGxZf|2022-03-24
prty1939|llpxBDHt|2022-03-24
prty1940|SZgrhEWf|2022-03-24
prty1941|kPlpMlgx|2022-03-24
prty1942|pcVFfgeT|2022-03-24
prty1943|LaBpPfwa|2022-03-24
prty1944|tYcHRJPr|2022-03-24
prty1945|QeNJPIOY|2022-03-24
prty1946|jzggfCAn|2022-03-24
prty1947|GmbiDJYq|2022-03-24
prty1948|XbOGzMHS|2022-03-24
prty1949|JYwCRoKM|2022-03-24
prty1950|JoWhdsLA|2022-03-24
prty1951|QPGpECLx|2022-03-24
prty1952|PQoEvYsc|2022-03-24
prty1953|wUtUwcKK|2022-03-24
prty1954|tmZAVols|2022-03-24
prty1955|usvhlAEb|2022-03-24
prty1956|eqGkoFOE|2022-03-24
prty1957|sUNfeUbv|2022-03-24
prty1958|aMwsGrMi|2022-03-24
prty1959|aKcjHcBE|2022-03-24
prty1960|zXZhhHia|2022-03-24
prty1961|ZsinnmzD|2022-03-24
prty1962|WSlnWQaB|2022-03-24
prty1963|uHQeBhte|2022-03-24
prty1964|sWFHnmnt|2022-03-24
prty1965|DIFMQgtD|2022-03-24
prty1966|uSHNclwx|2022-03-24
prty1967|cbbGcXKm|2022-03-24
prty1968|vZwUWRvi|2022-03-24
prty1969|PbhDEkGR|2022-03-24
prty1970|rusebvih|2022-03-24
prty1971|HeghWVOM|2022-03-24
prty1972|RlVgdMXQ|2022-03-24
prty1973|EsfUubXM|2022-03-24
prty1974|meWSIEZO|2022-03-24
prty1975|lDGBYSpi|2022-03-24
prty1976|spQFsRHd|2022-03-24
prty1977|KTdGnyeA|2022-03-24
prty1978|OiujLeHA|2022-03-24
prty1979|hjlEXNWU|2022-03-24
prty1980|yjClEFSv|2022-03-24
prty1981|kjvYZVyh|2022-03-24
prty1982|UkRYCWEB|2022-03-24
prty1983|pKtxsqBJ|2022-03-24
prty1984|xjGFjbDW|2022-03-24
prty1985|QSVvGwJJ|2022-03-24
prty1986|bpMLmDlr|2022-03-24
prty1987|OVLtHHng|2022-03-24
prty1988|qcYKTLlO|2022-03-24
prty1989|CbvpbAFF|2022-03-24
prty1990|qjaZCFbO|2022-03-24
prty1991|RkMHYqus|2022-03-24
prty1992|nEAfvVUT|2022-03-24
prty1993|BOeNlKCP|2022-03-24
prty1994|OgZFkBCF|2022-03-24
prty1995|HziygixI|2022-03-24
prty1996|GYFgNePy|2022-03-24
prty1997|eFzckgQt|2022-03-24
prty1998|actohHtR|2022-03-24
prty1999|pXWEyODt|2022-03-24
prty2000|mGUDSdIi|2022-03-24
