Organization_ID|Organization_BIC|Organization_Name|Reference_Date
orgn1001|JMXhXeCM|thvrwVIt|2022-03-24
orgn1002|lwCJiJan|DsIiKAgU|2022-03-24
orgn1003|qMhDSRoS|dchEKBfF|2022-03-24
orgn1004|CKKrHimT|kkTzHffS|2022-03-24
orgn1005|yyWzWVRI|BoLgXGac|2022-03-24
orgn1006|PhPncyId|AbqxlGuF|2022-03-24
orgn1007|fdSGxlRL|nHtSOTEV|2022-03-24
orgn1008|fluaBBEO|izOIXksH|2022-03-24
orgn1009|sOWVplFB|DLfoTXPH|2022-03-24
orgn1010|XsQMprFe|KCqHsoNr|2022-03-24
orgn1011|jUcWmdRP|NtAmwkOI|2022-03-24
orgn1012|qCvtOUKg|GGhppcpV|2022-03-24
orgn1013|LofkuwXv|hcNJARue|2022-03-24
orgn1014|qfvZqhxL|TzNYKUEq|2022-03-24
orgn1015|tfKJstXL|KOtlKMmY|2022-03-24
orgn1016|jyfdXmEw|SdTWYlJF|2022-03-24
orgn1017|hsxUxexX|OYqHMuay|2022-03-24
orgn1018|XbKLOtuW|xhrGVePG|2022-03-24
orgn1019|gFsoxaWS|XaaosauQ|2022-03-24
orgn1020|VnbmRGkH|VKnAmYSS|2022-03-24
orgn1021|tyEoWest|ZxDzcxir|2022-03-24
orgn1022|QTQwcmvO|BdWKZZAQ|2022-03-24
orgn1023|iANxnYNv|nhcQsMNy|2022-03-24
orgn1024|MZqUSumT|mtMJfdBS|2022-03-24
orgn1025|bhmgCupv|BTHYWGAt|2022-03-24
orgn1026|QtjinfYH|wEnlEQIq|2022-03-24
orgn1027|otKcGJKF|OyxvpOwL|2022-03-24
orgn1028|zSltzRcO|XARJjJcG|2022-03-24
orgn1029|xscyibiF|iryiYXUj|2022-03-24
orgn1030|eAjDRfpV|fnaaRcDy|2022-03-24
orgn1031|MneJjTND|hlFeaBNq|2022-03-24
orgn1032|fqTaStIT|tRsLdDPu|2022-03-24
orgn1033|mAuPmJfz|KKMtPWba|2022-03-24
orgn1034|tOHctOlH|AfVuNZqV|2022-03-24
orgn1035|tLFhvcPp|ufExseIN|2022-03-24
orgn1036|caDtceaa|GpJQJYtp|2022-03-24
orgn1037|asWWlsVI|gRJnWwvC|2022-03-24
orgn1038|NAxZyCJg|nayWKgwy|2022-03-24
orgn1039|PbjqdrXm|REhJiAtP|2022-03-24
orgn1040|wOWsfDWc|SVjnYmTf|2022-03-24
orgn1041|rkIPoOnY|dDARyWHM|2022-03-24
orgn1042|PreaEqpx|wYvkxPRM|2022-03-24
orgn1043|LppkuRKn|gAzAvfOb|2022-03-24
orgn1044|LbwlwGwr|lRbCXCVe|2022-03-24
orgn1045|tBparaFI|GikcORTo|2022-03-24
orgn1046|JnqHJZYN|IBzMmXvC|2022-03-24
orgn1047|WvhWxkAX|SlkKNCGI|2022-03-24
orgn1048|MfsJhUUo|DPCfaXYr|2022-03-24
orgn1049|HTKufAod|BKIiDBLC|2022-03-24
orgn1050|jQTOsopv|LwKzcbCB|2022-03-24
orgn1051|cjKpdmRc|uExhmDeB|2022-03-24
orgn1052|ZMdpNOmY|VqhyNaXH|2022-03-24
orgn1053|nIFpHPPE|WnsgRpFK|2022-03-24
orgn1054|uRLDtYmk|EtvvnIMe|2022-03-24
orgn1055|OBfGsgSf|IkgCPXpJ|2022-03-24
orgn1056|xhsXLjOB|erTqLzVG|2022-03-24
orgn1057|PtlpnZGe|PTWCtlGg|2022-03-24
orgn1058|dQdmydXz|FkfzBhIJ|2022-03-24
orgn1059|siNrKhHp|hxahsyKD|2022-03-24
orgn1060|segYhYZF|uQhsEirg|2022-03-24
orgn1061|mVyTlpNA|rlZwqjpL|2022-03-24
orgn1062|ZCUQgtcV|hEMtbpkC|2022-03-24
orgn1063|nRnsCfdE|VngcVvhg|2022-03-24
orgn1064|YpeNKoIH|aMvTHuSt|2022-03-24
orgn1065|fXrhYIiU|kNLiQKlV|2022-03-24
orgn1066|EfetAIpn|Rvonzqjf|2022-03-24
orgn1067|HGwlPuXC|dQvuLiAv|2022-03-24
orgn1068|EWaxiaXw|TyDenCyO|2022-03-24
orgn1069|QegqAPaK|PDiERGDb|2022-03-24
orgn1070|LgPgtSgV|uScwRWHK|2022-03-24
orgn1071|BtoglYxO|fLXlmcKQ|2022-03-24
orgn1072|FlmUnPdo|TdkGjSqF|2022-03-24
orgn1073|GNJNwNCG|OIzKmQpM|2022-03-24
orgn1074|EjuwPppU|gCiQCXCE|2022-03-24
orgn1075|LEEgEoRX|dtUhliPL|2022-03-24
orgn1076|qlXBZqvn|jntmeVid|2022-03-24
orgn1077|gcwRMdoW|jjRiMFcR|2022-03-24
orgn1078|QLaCDTga|KKbyleAZ|2022-03-24
orgn1079|KNouvoOX|lBFgxhvi|2022-03-24
orgn1080|DbSzYfdD|xMVyQiIn|2022-03-24
orgn1081|kAKaJDSq|oDYXThMI|2022-03-24
orgn1082|OIuEuJEW|RhLjXFPD|2022-03-24
orgn1083|agGLDRZh|JCblAXXX|2022-03-24
orgn1084|rOipuAav|DjXvEOyD|2022-03-24
orgn1085|odtmwuKn|xYgnaTby|2022-03-24
orgn1086|TUsArsLy|VZcVbgRl|2022-03-24
orgn1087|zPxisFxL|nQmNEoGY|2022-03-24
orgn1088|GNYwWngp|ZhViNHRw|2022-03-24
orgn1089|ORAhqdRP|nhuBcpXf|2022-03-24
orgn1090|GKqlTrWD|vMMYnilz|2022-03-24
orgn1091|BhaDutXQ|mEpIpCMe|2022-03-24
orgn1092|KsXeaLgh|QMsCBwEp|2022-03-24
orgn1093|UfbNNkKY|OlfsTmuF|2022-03-24
orgn1094|OgJWRwTD|slIizPqP|2022-03-24
orgn1095|zvyHbZpH|UUBtDvyY|2022-03-24
orgn1096|RaynqpPZ|xpQXgyuG|2022-03-24
orgn1097|Lltvqsok|nwnPARBV|2022-03-24
orgn1098|LQLLSQMG|hPOauHFv|2022-03-24
orgn1099|JvoMNOYT|eBZolhBc|2022-03-24
orgn1100|lPEuoYGS|HBRZBnMq|2022-03-24
orgn1101|DVfekYBA|rqvToTEe|2022-03-24
orgn1102|pqCocKcO|kLodedjQ|2022-03-24
orgn1103|alVhwSOg|KpHfpNWe|2022-03-24
orgn1104|rXUuKgsB|CuYaenSK|2022-03-24
orgn1105|lNohGQTo|cQeFTiWu|2022-03-24
orgn1106|ikBkPZfW|eCnfMwcT|2022-03-24
orgn1107|QIxzOnDa|iaxdcemD|2022-03-24
orgn1108|XODbcXLB|xvokyRld|2022-03-24
orgn1109|ZYusQpUU|lZTFAKHh|2022-03-24
orgn1110|itRUdWTn|JbwXVwne|2022-03-24
orgn1111|WeTZWAyE|kePHuAJZ|2022-03-24
orgn1112|ObiKQWTC|LNiCnHce|2022-03-24
orgn1113|ltfZCytS|hDCvSmNp|2022-03-24
orgn1114|LAUFeBsF|oluvdWOW|2022-03-24
orgn1115|EfOAwswY|wZNSMibz|2022-03-24
orgn1116|MjQTegIt|cfJigLCF|2022-03-24
orgn1117|dSuvSsKz|ErbddoNf|2022-03-24
orgn1118|zbTuKuFX|TUeLnhno|2022-03-24
orgn1119|CLCTBvXd|qKzfEeoE|2022-03-24
orgn1120|IaWDaitQ|onvxXuIB|2022-03-24
orgn1121|pxYtxBaL|BChgJQQh|2022-03-24
orgn1122|WIaZmLgn|dCbrfJAV|2022-03-24
orgn1123|sNuOhTaV|ZvRgqzQj|2022-03-24
orgn1124|hrUWILbY|jbmjdtjV|2022-03-24
orgn1125|LMEKYnNN|BnRETBYT|2022-03-24
orgn1126|buyYtDub|tzxctKVz|2022-03-24
orgn1127|wRTKfQto|duInQDHi|2022-03-24
orgn1128|vNZjEWNl|xOkgxmgy|2022-03-24
orgn1129|imuOjEsM|xncYEwCy|2022-03-24
orgn1130|xkMyiLsx|hytPASea|2022-03-24
orgn1131|CYQmmQKk|XhqXMufD|2022-03-24
orgn1132|KLDxMVnW|RSqgzUJh|2022-03-24
orgn1133|YRKPQOqN|YTFghlaD|2022-03-24
orgn1134|vmQBVbAQ|esQIjECu|2022-03-24
orgn1135|dIJyVyAa|ZdVVKKIM|2022-03-24
orgn1136|hwMpinJU|yuftCmFZ|2022-03-24
orgn1137|uLEOyaJs|XCPQpfoH|2022-03-24
orgn1138|GXRJjJCY|XxpPMvoF|2022-03-24
orgn1139|lneOTguH|wHWOIssg|2022-03-24
orgn1140|fzmGfhGQ|eihsVeHK|2022-03-24
orgn1141|AtvZWzsN|wLNkbxUB|2022-03-24
orgn1142|BtRmBAWS|mWhUHMqE|2022-03-24
orgn1143|byXWazaN|gGBHGPeG|2022-03-24
orgn1144|aZGcqPXP|ULfjJSQn|2022-03-24
orgn1145|OLXYHkcG|oUmgtFVp|2022-03-24
orgn1146|rYebDCjh|OOpOYOIy|2022-03-24
orgn1147|bQLvHQQN|StYdzqaT|2022-03-24
orgn1148|GLveMSWm|eyDJFtvc|2022-03-24
orgn1149|ftVDQqfS|UZNHvJYQ|2022-03-24
orgn1150|cUFPxaiV|FeuWVKXd|2022-03-24
orgn1151|KFMiRZcb|CYTGLGcz|2022-03-24
orgn1152|oZKmeahl|seroljpT|2022-03-24
orgn1153|RdOQNsPN|kYRgaZGQ|2022-03-24
orgn1154|JXBgAqVH|UHRVpJRI|2022-03-24
orgn1155|gqxWmiOX|jSZWFHOm|2022-03-24
orgn1156|LGAAWtGk|cEMpNCfD|2022-03-24
orgn1157|aSBaoqbJ|dsnzsrvY|2022-03-24
orgn1158|YJcrTchl|shLngpff|2022-03-24
orgn1159|KZUACWTi|wiqxxaJB|2022-03-24
orgn1160|UXScERIA|ifNZjmcX|2022-03-24
orgn1161|KsDUyaDo|mWYVHetq|2022-03-24
orgn1162|hpvWvMnU|FHgZUfIJ|2022-03-24
orgn1163|cdohCtZX|DpNPeDjg|2022-03-24
orgn1164|WhOFaXUS|aEntrwfe|2022-03-24
orgn1165|tYujmWMT|oAiMgMWC|2022-03-24
orgn1166|tKDWCKza|WQQyjHXH|2022-03-24
orgn1167|raiLwwfj|VtRMExnC|2022-03-24
orgn1168|zFPhnDzw|xIsuAoaa|2022-03-24
orgn1169|TQBsqRnp|zldVrGFa|2022-03-24
orgn1170|mXaUsbNe|ldzsDRMJ|2022-03-24
orgn1171|PBAkiVRp|lyLkFwRD|2022-03-24
orgn1172|eeFiyHII|IFdiVEQG|2022-03-24
orgn1173|mjeoVJhh|aaKGUcTg|2022-03-24
orgn1174|torpYEoL|pEYfIdwt|2022-03-24
orgn1175|TRjgLILN|bUzZiocZ|2022-03-24
orgn1176|ZaDEHmZU|lVorjQvf|2022-03-24
orgn1177|sPaCgCio|vzpbVFtp|2022-03-24
orgn1178|dorkQBXN|QDfgirML|2022-03-24
orgn1179|FWnGXCdB|DmfOPnCr|2022-03-24
orgn1180|vJqorFxd|HEpVCAqS|2022-03-24
orgn1181|LvOzWLwt|zTqNMekw|2022-03-24
orgn1182|YsKkisiZ|RWnqeiuv|2022-03-24
orgn1183|zHvqHpba|rvAxcnlF|2022-03-24
orgn1184|cNRCXkTB|NzBWsAUS|2022-03-24
orgn1185|EFTKceEu|mZKVHFhi|2022-03-24
orgn1186|lQjqafBI|oGybHkhS|2022-03-24
orgn1187|qXeAmnAO|bcpAkWNq|2022-03-24
orgn1188|WWSzPxfx|psyEIvzW|2022-03-24
orgn1189|cjPwjHqY|jKadEnMr|2022-03-24
orgn1190|WOOXgxgx|sxoaOzuq|2022-03-24
orgn1191|FHtWmtxb|ogkDoRGu|2022-03-24
orgn1192|XULsLTOV|wGUaKlfx|2022-03-24
orgn1193|atqfIfnf|ltiwDXKW|2022-03-24
orgn1194|ykdUXgrz|JHUKZoIi|2022-03-24
orgn1195|vPRrgBJX|tZslHMOn|2022-03-24
orgn1196|GzwiLMfx|akbbuPEC|2022-03-24
orgn1197|ULNJiEXL|CZBgjPiI|2022-03-24
orgn1198|zvhxUhDa|SanQCqSb|2022-03-24
orgn1199|VqIcqWaa|kDEXXOpV|2022-03-24
orgn1200|uBBxGGFy|LiDADUyX|2022-03-24
orgn1201|UyVAhsYn|KtdtaZyH|2022-03-24
orgn1202|yKoOxBSh|AfancUat|2022-03-24
orgn1203|uvcOcuoF|hbUFjawl|2022-03-24
orgn1204|NRCpClxS|EvidWWEO|2022-03-24
orgn1205|RhwrClxx|bkOznsee|2022-03-24
orgn1206|wXoBzisW|wsjpcRUk|2022-03-24
orgn1207|hlhKYMMO|gnqUFMpZ|2022-03-24
orgn1208|JJmavJTh|NdHwVIEZ|2022-03-24
orgn1209|FscVKcXN|RtUdjfWN|2022-03-24
orgn1210|ZJxBaoJr|gXiDwlfu|2022-03-24
orgn1211|gNtrcuVG|rMzAuVPQ|2022-03-24
orgn1212|zxDUBBeq|xoehUPzG|2022-03-24
orgn1213|NJfmvzNA|VLWANEcD|2022-03-24
orgn1214|BpmquYLD|GvIdjmXw|2022-03-24
orgn1215|HaHkuFes|NIpFfsNK|2022-03-24
orgn1216|YfWWryNk|yxXaCqFQ|2022-03-24
orgn1217|tINVrYJQ|JjojyRxU|2022-03-24
orgn1218|zmxPSIRO|OuXpWdVG|2022-03-24
orgn1219|wdyOjsJg|anBJsrJt|2022-03-24
orgn1220|uxJQSOIk|CuHpLNRW|2022-03-24
orgn1221|oQMjGshY|tVHBxBtk|2022-03-24
orgn1222|WSnPNKGM|faRvTPvo|2022-03-24
orgn1223|rPadczWp|HAPRzvaO|2022-03-24
orgn1224|FOrKZAuD|htIXIUAf|2022-03-24
orgn1225|WhrjhgYI|QlMKPEOg|2022-03-24
orgn1226|lqIJGsfP|JGdEiKIG|2022-03-24
orgn1227|BkhNDIHo|zatnZHpT|2022-03-24
orgn1228|XHVMyyVA|PoQGAbMB|2022-03-24
orgn1229|kBNQkGSM|nLPlGofv|2022-03-24
orgn1230|gZVfLSyy|lAyuSHzc|2022-03-24
orgn1231|XmDupRPX|BhmdmGzI|2022-03-24
orgn1232|uMINRzOz|gJdEWimA|2022-03-24
orgn1233|SobnqTlr|onPPHQys|2022-03-24
orgn1234|LyDbQAFZ|nEGAalct|2022-03-24
orgn1235|fwiAjRUC|MpHAnaKZ|2022-03-24
orgn1236|bIaYTfAk|MeNCQsuO|2022-03-24
orgn1237|rCWwRpnx|TsycqOZG|2022-03-24
orgn1238|hhMfLvli|uHWgXxlp|2022-03-24
orgn1239|ixQWntCc|eJxrbzaU|2022-03-24
orgn1240|nRLLgSjW|hboMXuWU|2022-03-24
orgn1241|taFNMtoP|UoUqyTzz|2022-03-24
orgn1242|qZBmjFGt|HRdHjNgD|2022-03-24
orgn1243|LfQqLEVf|YRAIncHl|2022-03-24
orgn1244|UibGJVBX|bCoDSdfG|2022-03-24
orgn1245|hShDBgtw|OLLgiLnV|2022-03-24
orgn1246|FCaUvpab|obsJocUq|2022-03-24
orgn1247|ZtcFvrVD|mTqQKgEU|2022-03-24
orgn1248|RqHAZDgn|YxsAjMVV|2022-03-24
orgn1249|MIcDgCcI|gZGtKkJZ|2022-03-24
orgn1250|MvWPGKCN|KmbUwzzm|2022-03-24
orgn1251|GcgQRQVN|tTWfioAj|2022-03-24
orgn1252|WQtiFqfe|FTcALehZ|2022-03-24
orgn1253|ALyhOLVv|GYknkpPX|2022-03-24
orgn1254|rYIBmlhL|EoKlJBnn|2022-03-24
orgn1255|KpyyckOI|MCzHdcrC|2022-03-24
orgn1256|PbCRBXhu|vaKYkQzy|2022-03-24
orgn1257|DfvqlNDw|BgztUQul|2022-03-24
orgn1258|ZaxpDTJq|LifwyIGK|2022-03-24
orgn1259|JTSUteRY|ExKMTkbC|2022-03-24
orgn1260|czaUYhVK|iUCMxNKM|2022-03-24
orgn1261|qKyjBbhZ|ruzaUsZl|2022-03-24
orgn1262|uloqkmar|NFBhooyy|2022-03-24
orgn1263|BeJmWvrV|OADqiZUU|2022-03-24
orgn1264|UVoEcsAd|AfpYQmjL|2022-03-24
orgn1265|JXzpyTwq|WnuvDxqL|2022-03-24
orgn1266|qTNkKGrh|pfFCnHyU|2022-03-24
orgn1267|SNbYZOPH|aOTCdpZF|2022-03-24
orgn1268|fEYoWWFy|wVRxGvrP|2022-03-24
orgn1269|jeqEyVdT|RLIlgTtt|2022-03-24
orgn1270|hHJkkfBi|qrPvfbkB|2022-03-24
orgn1271|ZWCSPvVt|lHGuFlbR|2022-03-24
orgn1272|WMMDYPjI|uSUMnPmt|2022-03-24
orgn1273|BlfCGTeh|olavvHxq|2022-03-24
orgn1274|rbTUEnCR|muCuUXls|2022-03-24
orgn1275|pwXntuAW|HvxxOLkj|2022-03-24
orgn1276|KhkkoswG|xZuGtYJe|2022-03-24
orgn1277|SGdKGjqC|UrbNYuCX|2022-03-24
orgn1278|UMoKraYF|SfChdyGU|2022-03-24
orgn1279|dhPTOQHQ|MfArgEBJ|2022-03-24
orgn1280|ryMSemNi|vhcjJlYe|2022-03-24
orgn1281|JvIyxwSk|mfaIeuGk|2022-03-24
orgn1282|qSqycrVn|juDycDkt|2022-03-24
orgn1283|wdZmiaZD|WNHDjIbh|2022-03-24
orgn1284|kcXJesAX|OERqCkpN|2022-03-24
orgn1285|KwmvYiwN|JkHcXHnW|2022-03-24
orgn1286|lPdOyFVW|pdjqGFOM|2022-03-24
orgn1287|JFjEqdXd|ELHLIyVr|2022-03-24
orgn1288|uDisyImG|LeMyQSzJ|2022-03-24
orgn1289|GzvVMjjN|kvRwuvcD|2022-03-24
orgn1290|bgfmMHuE|fUnZRsga|2022-03-24
orgn1291|YVggxyrm|DnXMKrUw|2022-03-24
orgn1292|GxOkdsZX|xSXutZfi|2022-03-24
orgn1293|TYawkpqN|TisRuXfn|2022-03-24
orgn1294|GpIkseBK|FnQItzEA|2022-03-24
orgn1295|mTfAsXHZ|ojsdrGPG|2022-03-24
orgn1296|gayNPNiq|zJRfROFC|2022-03-24
orgn1297|zxsnoMBm|HsxoDQzv|2022-03-24
orgn1298|LcoxGFFF|skPxHggL|2022-03-24
orgn1299|UbxCHjMv|AeKestzM|2022-03-24
orgn1300|gseysZHL|rAKKfBNW|2022-03-24
orgn1301|vIoZLdJV|twZEBeJT|2022-03-24
orgn1302|zXkYFTaY|CJWQTOau|2022-03-24
orgn1303|glJQXnwG|FeSnkpOS|2022-03-24
orgn1304|iuVOdtxH|NAKLdvqD|2022-03-24
orgn1305|EKnXnJrX|NJSERUZg|2022-03-24
orgn1306|SCtCOSYx|xFAAJAex|2022-03-24
orgn1307|FZCnmvxT|kiuDOUiF|2022-03-24
orgn1308|meHPCCWe|DKJrUmlD|2022-03-24
orgn1309|KdmnYVkX|XHTVKdtf|2022-03-24
orgn1310|jIFtpKNy|BlqbKqNM|2022-03-24
orgn1311|xVQjHzoL|zzzXKNuU|2022-03-24
orgn1312|TyXYpTHp|VYVmAYZH|2022-03-24
orgn1313|XAbosVTS|vZnpzTjz|2022-03-24
orgn1314|fuGRkxNk|tpvIjBoY|2022-03-24
orgn1315|jISyIEFa|GtvqdCyy|2022-03-24
orgn1316|RQZvbUmQ|eNPQzXkD|2022-03-24
orgn1317|WJxTRNig|npmSdpBD|2022-03-24
orgn1318|JabZlvyx|ddNTTvUJ|2022-03-24
orgn1319|SVXJrqbk|vaVoXUil|2022-03-24
orgn1320|PeodsLyd|uywPvNuj|2022-03-24
orgn1321|mtyJvGlV|hNnbbftL|2022-03-24
orgn1322|ISOEVxWo|AeszTQpw|2022-03-24
orgn1323|OsYGfMqe|KewBodJG|2022-03-24
orgn1324|NlOIkUsE|jbRvUDGP|2022-03-24
orgn1325|DoolsVki|AuUFdKJm|2022-03-24
orgn1326|AycgaJAb|WnHYOdrn|2022-03-24
orgn1327|WjqUMrKV|DZUiAsXd|2022-03-24
orgn1328|igaqlUxU|gCOQirEe|2022-03-24
orgn1329|CapvoSKV|bJPYJLeG|2022-03-24
orgn1330|UmZvAtNo|lXoHJoEx|2022-03-24
orgn1331|lGSTUpCE|yXxKsLBz|2022-03-24
orgn1332|hzHwnfIc|lVCTNZgM|2022-03-24
orgn1333|zmqZCgDy|fnLKyYeB|2022-03-24
orgn1334|RDnjTxhg|CoWBWksI|2022-03-24
orgn1335|NfLLsTnv|cGlcEWsP|2022-03-24
orgn1336|WIykryqt|qZsiKMVE|2022-03-24
orgn1337|WdtrfYaA|XtcSCpQv|2022-03-24
orgn1338|EIXPIUtJ|HLXliFyP|2022-03-24
orgn1339|xyAHcDqs|vfKixELB|2022-03-24
orgn1340|fDpyzawz|QvyTNUuC|2022-03-24
orgn1341|tzcAZMgj|QOdpdWMG|2022-03-24
orgn1342|PMIkGgrW|DrxuNCNu|2022-03-24
orgn1343|WVugiMZU|jvWDfyKk|2022-03-24
orgn1344|DDcSkNeB|fhUMhaTW|2022-03-24
orgn1345|rAcbOeYu|sNPGeptL|2022-03-24
orgn1346|rPeVRtYn|oUxxmtsA|2022-03-24
orgn1347|FLmtpPtP|kUTFVtRX|2022-03-24
orgn1348|JPHqbgwT|TiphqMCC|2022-03-24
orgn1349|GcnNOnaB|fcddpJZC|2022-03-24
orgn1350|EovOEjAj|rKzrwpTG|2022-03-24
orgn1351|OjMeakeF|SFblLTSM|2022-03-24
orgn1352|BfgrzuQD|WxTSIXOG|2022-03-24
orgn1353|Koyeurqr|ovZNQxvL|2022-03-24
orgn1354|ZDgNTJSo|RIjuKRRS|2022-03-24
orgn1355|XAqLDfUN|UICXVYHA|2022-03-24
orgn1356|QxAdIAeN|GLQsvtFM|2022-03-24
orgn1357|qxkIwiIW|CICNjKPp|2022-03-24
orgn1358|NZaAaUZg|IoJXPIVe|2022-03-24
orgn1359|HxaeQAeT|XFRKtwar|2022-03-24
orgn1360|VXzXOpfC|eIQgFTxz|2022-03-24
orgn1361|GTeGkZzk|vgelezmx|2022-03-24
orgn1362|BlIizyQx|sQCFDlYc|2022-03-24
orgn1363|wYUBsmAy|QTmrwWkG|2022-03-24
orgn1364|BNqZxDoa|LzYEfFEQ|2022-03-24
orgn1365|cvNINkQY|McdMlJUn|2022-03-24
orgn1366|qmIHVjfn|KZpeXuMM|2022-03-24
orgn1367|LMInGOyZ|NNEvdpbA|2022-03-24
orgn1368|mhgxwQAi|vZUPtpJm|2022-03-24
orgn1369|WgrXAAPn|PJYxVzEz|2022-03-24
orgn1370|JFegtAwG|TALsziRr|2022-03-24
orgn1371|zuwdgzsA|VbcWWFSB|2022-03-24
orgn1372|YTXNTZBc|zVknngpo|2022-03-24
orgn1373|SloBXCYU|SeilfNtA|2022-03-24
orgn1374|qaIkSPtL|bmDuPtAx|2022-03-24
orgn1375|NZNuOXXT|rVoLXkqG|2022-03-24
orgn1376|uaQDAdYB|UALEMbrM|2022-03-24
orgn1377|JhWaNktK|BJVwyyOj|2022-03-24
orgn1378|ZNxqsgom|HqvKmmkd|2022-03-24
orgn1379|mMiUdhVF|uHcJIuAx|2022-03-24
orgn1380|rqpnwNaH|rYGSaCHL|2022-03-24
orgn1381|czcEPBpl|nqGSPeAM|2022-03-24
orgn1382|JlzvAPfP|TjYpytbo|2022-03-24
orgn1383|nkRwwXcy|qyEOCOEL|2022-03-24
orgn1384|dnhvUFiI|iqhczkVM|2022-03-24
orgn1385|RCEmwFCO|pTKAgASC|2022-03-24
orgn1386|mKUGpozw|fAcjsAXH|2022-03-24
orgn1387|SZxyrXzA|vjHsjIxY|2022-03-24
orgn1388|yCntEgRF|dJZeqQcv|2022-03-24
orgn1389|mqkDOYha|ACoHrLlV|2022-03-24
orgn1390|qxfdeGxL|hTsTtKix|2022-03-24
orgn1391|NuQQYChn|ybiKyrBI|2022-03-24
orgn1392|yBdssylc|rRESZNdy|2022-03-24
orgn1393|vJdxteuG|LDZHHTOP|2022-03-24
orgn1394|AZOpnJbQ|nyklNAiJ|2022-03-24
orgn1395|OEBNzEPx|qfIaPnzk|2022-03-24
orgn1396|YPoTcMcH|itCietdF|2022-03-24
orgn1397|pUhGHZce|yuCcgdTO|2022-03-24
orgn1398|EDTNjbLc|sWPlIPPd|2022-03-24
orgn1399|ufKTOobp|imMUCTKo|2022-03-24
orgn1400|MyxcBzmk|OVqyjwlb|2022-03-24
orgn1401|otDQIvzi|IwwyHapi|2022-03-24
orgn1402|PfMijkDJ|fdSjcEcK|2022-03-24
orgn1403|TFLCGPZm|PBDDxJhy|2022-03-24
orgn1404|pXLcnlKW|wXWNfBEm|2022-03-24
orgn1405|RQcJwRhI|OsgIEPgs|2022-03-24
orgn1406|KoFnZPnZ|XDaohYdS|2022-03-24
orgn1407|asuElLVS|fpTpcoFI|2022-03-24
orgn1408|mrhrjbJN|PsudluqE|2022-03-24
orgn1409|pRZhfADP|HxAoCjgy|2022-03-24
orgn1410|zbQDPtvD|rnALLdSM|2022-03-24
orgn1411|bHQRVTMZ|nddhVYQa|2022-03-24
orgn1412|QXHtEntB|RbcQodgv|2022-03-24
orgn1413|xMhhWVLc|EQBWeBmj|2022-03-24
orgn1414|GLKBmmbL|pvFWWaOU|2022-03-24
orgn1415|JErXcTkS|oUmvALEo|2022-03-24
orgn1416|FlxcGRJB|xGLCijIT|2022-03-24
orgn1417|QwbRQpVj|eTWNjQyI|2022-03-24
orgn1418|KSUdYbaa|YxNBVgrq|2022-03-24
orgn1419|CFLJlGpU|WJPqKLUB|2022-03-24
orgn1420|YfyPsHGk|TgbADZPd|2022-03-24
orgn1421|aTQmhnfR|hjMbkyAY|2022-03-24
orgn1422|PSnMOVrS|rCLDexVd|2022-03-24
orgn1423|wcXFnJUp|psneWesR|2022-03-24
orgn1424|aVxBPwFy|hsXHEQWp|2022-03-24
orgn1425|OwObuFXK|DhTchmHM|2022-03-24
orgn1426|MkqCDzkh|DaIdzaDf|2022-03-24
orgn1427|CgQsXWwa|fsklnQPa|2022-03-24
orgn1428|FxhPtKZg|hHxLsxPQ|2022-03-24
orgn1429|JORFHexg|jueFnXXI|2022-03-24
orgn1430|BYvnWItI|xyRQHvrZ|2022-03-24
orgn1431|cijbvzTQ|EJTwLYVe|2022-03-24
orgn1432|YOQLilqp|obGuHyBM|2022-03-24
orgn1433|OmQWeTpW|FYMzgTjz|2022-03-24
orgn1434|SyTrrXjj|kvfLQdgb|2022-03-24
orgn1435|leiJoIAt|AGqNTriv|2022-03-24
orgn1436|HAianmXI|ewzpedLn|2022-03-24
orgn1437|ynWlPvMe|fvaAXLpC|2022-03-24
orgn1438|cdRPXSmX|mnioWlXY|2022-03-24
orgn1439|aEjIHnKT|jdKoXxMp|2022-03-24
orgn1440|HrtqsHIq|CKmnbcgn|2022-03-24
orgn1441|hNTWWZWX|VsImMWFr|2022-03-24
orgn1442|ERcvQeTE|aDCVrwNx|2022-03-24
orgn1443|tGxAqQWx|AktFjXrQ|2022-03-24
orgn1444|ETqAmZhG|boUBMali|2022-03-24
orgn1445|WsoJpGYl|ysREfxns|2022-03-24
orgn1446|ZXJqugsv|HbVKNQlx|2022-03-24
orgn1447|XwahQLWZ|XMZgNoxs|2022-03-24
orgn1448|CHyuLeuP|QIvWrrsg|2022-03-24
orgn1449|RGBpTNuV|THcygxWA|2022-03-24
orgn1450|YjtxLpfm|yELJsLxU|2022-03-24
orgn1451|bUbhYEuw|EHtYyoTy|2022-03-24
orgn1452|JdPcXSTz|urdmIexj|2022-03-24
orgn1453|nAXMlTQF|IelXEjZj|2022-03-24
orgn1454|TysWLYVF|Thdabtld|2022-03-24
orgn1455|WUIlfxtt|VZdrxxMt|2022-03-24
orgn1456|AquBPeWo|nmqTaGZf|2022-03-24
orgn1457|OIZFPbmT|wxDrcanH|2022-03-24
orgn1458|kmmcqTcm|vPRrfnaF|2022-03-24
orgn1459|qocofQVm|MVxonSuj|2022-03-24
orgn1460|jTxLFsHJ|DnZnhHaI|2022-03-24
orgn1461|pEswsTfT|rSEWVPmk|2022-03-24
orgn1462|lVDhhzlG|XfCMtyXe|2022-03-24
orgn1463|pWqetiOC|tGeedxvz|2022-03-24
orgn1464|RkQBaZWX|BKFgCWVd|2022-03-24
orgn1465|QuBKjZXA|KGowxeQb|2022-03-24
orgn1466|xVgwsHnV|YEqLEniW|2022-03-24
orgn1467|lfAKxAaj|qNIRdlLf|2022-03-24
orgn1468|OZLCxETE|JVNlBpuf|2022-03-24
orgn1469|LZNrtQZm|ObEPgBdV|2022-03-24
orgn1470|CoDxPTgh|YvcnYdBG|2022-03-24
orgn1471|KDotzMmz|frAAvALE|2022-03-24
orgn1472|qwsnXpaA|uIehFhOB|2022-03-24
orgn1473|QgGDqaoW|skRTPKWk|2022-03-24
orgn1474|ihVnfmdA|ZiSKpydP|2022-03-24
orgn1475|fdGPpOkB|ZQrpERJM|2022-03-24
orgn1476|NCPTUcBM|SfgiToKC|2022-03-24
orgn1477|XdWQvsNK|wHYVIcwJ|2022-03-24
orgn1478|YpyoOQun|rUSQEZtb|2022-03-24
orgn1479|XOcYnNJF|NGKMBUUO|2022-03-24
orgn1480|vMcXVUEz|irAbneUx|2022-03-24
orgn1481|SzOIgOMM|xNbWsqOW|2022-03-24
orgn1482|mcituVHz|fofmhPWN|2022-03-24
orgn1483|GwJzvWyy|cieRAUWJ|2022-03-24
orgn1484|kTKztpWM|YahtcHYs|2022-03-24
orgn1485|cewgTBSE|mTcTmIoR|2022-03-24
orgn1486|RKnuIBjw|KbsoWhOl|2022-03-24
orgn1487|vFiSuDOW|psgnycot|2022-03-24
orgn1488|RvwuopZY|rmrjmYyP|2022-03-24
orgn1489|LllJbvbW|kXNQyEfG|2022-03-24
orgn1490|cTXZkYtY|eiRErqQh|2022-03-24
orgn1491|fZkpXHmJ|oQmPjtaB|2022-03-24
orgn1492|adVzyDWI|kTqSZvgO|2022-03-24
orgn1493|ygOJUsom|NXGuhGSA|2022-03-24
orgn1494|qIGETgVQ|KTlhxmax|2022-03-24
orgn1495|NbxAArvW|VMmsDzGu|2022-03-24
orgn1496|lMkCIdkt|PCXAIDLU|2022-03-24
orgn1497|BuMYZlZY|WlKBkWju|2022-03-24
orgn1498|XxTBDMIz|hzAosLyf|2022-03-24
orgn1499|wwNprUzJ|mKVBcbDs|2022-03-24
orgn1500|ORUYIfFc|bCfSKUMO|2022-03-24
orgn1501|ZLPiidqR|GwzyuZsS|2022-03-24
orgn1502|EZIKeIqa|VvsniAiS|2022-03-24
orgn1503|YlHJycyF|pSMnROYW|2022-03-24
orgn1504|ClsPSpbi|asLvITPM|2022-03-24
orgn1505|UeMTsdvA|oWjSQtUF|2022-03-24
orgn1506|HGpnooEZ|idKAxfnQ|2022-03-24
orgn1507|QrVhKYjj|MBXXkdxd|2022-03-24
orgn1508|VnqYMiuk|gmWEASsW|2022-03-24
orgn1509|hTERUdma|kNpZfgIG|2022-03-24
orgn1510|lPUdFxlP|OJusiYlh|2022-03-24
orgn1511|drLGJzSn|JKkDkWpf|2022-03-24
orgn1512|cZXeDncY|cCMdOXMr|2022-03-24
orgn1513|QUCjkpSA|VjfOsQul|2022-03-24
orgn1514|XZCeehIH|bfkxiYGX|2022-03-24
orgn1515|KAupTRjL|vIyplsRL|2022-03-24
orgn1516|NvOiwYUR|qqQFzlru|2022-03-24
orgn1517|TLAkdtzi|lPelCZLh|2022-03-24
orgn1518|FJiefgaC|iuCguicX|2022-03-24
orgn1519|JAOJrgjh|VOjQHsuq|2022-03-24
orgn1520|AQlVNGWB|RYqWZDlL|2022-03-24
orgn1521|VPgRkfRQ|MaMNCBOY|2022-03-24
orgn1522|WkfOXKVT|DHaIeyEr|2022-03-24
orgn1523|jYSBHFxq|JRWAcVUk|2022-03-24
orgn1524|DfFdnKvM|IqJXlvrn|2022-03-24
orgn1525|vxbgNkkh|OjPWfDUJ|2022-03-24
orgn1526|WEcUJgLw|FzfDHDdO|2022-03-24
orgn1527|jYcIjSCy|aHIRfhdV|2022-03-24
orgn1528|LUkAcIAF|ALZlATGy|2022-03-24
orgn1529|PwzsIfoO|wWweXjHw|2022-03-24
orgn1530|hgsncmNJ|RmqMdYUu|2022-03-24
orgn1531|yowIbwXw|twyeQBxz|2022-03-24
orgn1532|lcwJKMYq|PHkqbJtW|2022-03-24
orgn1533|oPQctCXZ|VIOGakOt|2022-03-24
orgn1534|CFgdGqGU|yYDJZBff|2022-03-24
orgn1535|xoURtBkv|eogEmGts|2022-03-24
orgn1536|OSZSfVGs|rwQiIJpw|2022-03-24
orgn1537|TMuYodYI|pEZAgOhi|2022-03-24
orgn1538|ZDmlgCLJ|vCqDwkhV|2022-03-24
orgn1539|GDabbmGT|dCvilsOa|2022-03-24
orgn1540|yGQXattM|wNMLxkfb|2022-03-24
orgn1541|GngHuBbv|knVTONpi|2022-03-24
orgn1542|pHSRTviK|rgelvaVG|2022-03-24
orgn1543|JDHvwNnJ|OcRAVwgd|2022-03-24
orgn1544|jaHGhBio|ZtVOizAI|2022-03-24
orgn1545|MuEDkqJK|okruzVaD|2022-03-24
orgn1546|feCBOhnF|fZVKANAH|2022-03-24
orgn1547|KYmdyDJb|hSCJZylW|2022-03-24
orgn1548|ZUQTPosA|UeKipwPd|2022-03-24
orgn1549|uHGEdojP|CYcBXAZc|2022-03-24
orgn1550|eEfUNcUo|NwYhEBge|2022-03-24
orgn1551|EoPOfoOr|IiLFutOz|2022-03-24
orgn1552|sZkJbdjD|FcRTRoIn|2022-03-24
orgn1553|FbCkyyou|SxqOkHVo|2022-03-24
orgn1554|WZGoFELR|XGTXtDNb|2022-03-24
orgn1555|aUpTSsEW|MwzxUbwJ|2022-03-24
orgn1556|zYWJMQtu|jhEEYeiE|2022-03-24
orgn1557|LGULVpen|zRSQTiXT|2022-03-24
orgn1558|IkTEAjSn|AlIWpjLZ|2022-03-24
orgn1559|VhepELGy|dOyWMcmo|2022-03-24
orgn1560|sAHIroJW|uiYYjFEG|2022-03-24
orgn1561|QEcRWWrJ|EInTcJUf|2022-03-24
orgn1562|rriBfavS|yOMkpJzW|2022-03-24
orgn1563|EHfGduwf|fpDJViKH|2022-03-24
orgn1564|aQLiEOLK|vfaBSlxu|2022-03-24
orgn1565|uZpqmUbt|nNKwUWNF|2022-03-24
orgn1566|iOrUsqhV|jjRrHDVz|2022-03-24
orgn1567|ZxmQHsvY|LasimELI|2022-03-24
orgn1568|eIuXtecX|PfothcPS|2022-03-24
orgn1569|bUajavDx|PXBeVeDd|2022-03-24
orgn1570|pajAOnBJ|keWlFwsj|2022-03-24
orgn1571|sYahuYXz|ZOYWArAJ|2022-03-24
orgn1572|RtfBRsjb|zLfivRrT|2022-03-24
orgn1573|fwLESJnX|oHcEvYyy|2022-03-24
orgn1574|pgxgDNWt|TWMQuibt|2022-03-24
orgn1575|CsOMbowp|eEkMpZcE|2022-03-24
orgn1576|jbkQkhLX|vsRXSlsl|2022-03-24
orgn1577|mexcPGRc|ZRhIXWlQ|2022-03-24
orgn1578|mwFAzdGS|EhFBjAOf|2022-03-24
orgn1579|elfwOTst|xFNoXjfi|2022-03-24
orgn1580|gROIsHjw|bIgwlHig|2022-03-24
orgn1581|NGLPigCL|pPEZWNeE|2022-03-24
orgn1582|dXzYWGuZ|uUSVeEod|2022-03-24
orgn1583|SSGKSwnu|JURciLPu|2022-03-24
orgn1584|wPlSjDPB|sCYZfHXN|2022-03-24
orgn1585|RHiHFjFN|aoQwiMcD|2022-03-24
orgn1586|hIalzfan|PbUIIMqY|2022-03-24
orgn1587|UfzCdWis|WgfyhPEQ|2022-03-24
orgn1588|YvBMOMTS|rouKarFA|2022-03-24
orgn1589|qvKVvbup|nbRVuuVG|2022-03-24
orgn1590|StZLPhHc|XgKiKZCX|2022-03-24
orgn1591|AjQtgIqM|QGpZKtAx|2022-03-24
orgn1592|deYaSPJY|RjNqvXcd|2022-03-24
orgn1593|mOFRfOvE|XxJVrJCy|2022-03-24
orgn1594|oZufyMaQ|TYSQjyJG|2022-03-24
orgn1595|ErwZVGfN|hykepBbM|2022-03-24
orgn1596|XcJJxmgX|kzeTtPCw|2022-03-24
orgn1597|vtBIrUKa|aZIxlXAF|2022-03-24
orgn1598|mebyqYTh|JIjoiIbl|2022-03-24
orgn1599|lAVilyax|whcMQdwx|2022-03-24
orgn1600|kVzvhFHz|jfGyycIz|2022-03-24
orgn1601|ivQnWohj|FufNJqEt|2022-03-24
orgn1602|KRwOvcYi|xvkDCvGY|2022-03-24
orgn1603|JpPOFPKo|daUyzZyz|2022-03-24
orgn1604|JSGISoXK|lkfOBMfu|2022-03-24
orgn1605|aiErytok|bwqjAprw|2022-03-24
orgn1606|ucTtlyRj|FxyiwKjd|2022-03-24
orgn1607|DpwYqtyb|soaUidlF|2022-03-24
orgn1608|emeTRWUd|SiCbnMMA|2022-03-24
orgn1609|MMiMDGZd|CHntTViy|2022-03-24
orgn1610|EurVsSuZ|SAEFpUTy|2022-03-24
orgn1611|wJDOsRRy|RDIedlvU|2022-03-24
orgn1612|RbAizArB|Vgehycsx|2022-03-24
orgn1613|rjwuNMtq|pCmdCjQu|2022-03-24
orgn1614|LyftJksJ|kNfmYwpC|2022-03-24
orgn1615|qaAyfbML|peaHPTWl|2022-03-24
orgn1616|UFrjKtRH|nocpNuCP|2022-03-24
orgn1617|hIWYfOyi|GHloNtjM|2022-03-24
orgn1618|prLywGTf|QMNWQULK|2022-03-24
orgn1619|qkKMpndH|BnbZTDNX|2022-03-24
orgn1620|VuAdSRFe|jYRsxybW|2022-03-24
orgn1621|daChsyaS|pWWIuGue|2022-03-24
orgn1622|eMKfDAub|dpOTLCMb|2022-03-24
orgn1623|rrWFYVqT|dAbCiNFN|2022-03-24
orgn1624|xyEcfGuF|tSnizsdN|2022-03-24
orgn1625|uHXHXmaa|tqpVcMwu|2022-03-24
orgn1626|rIUnPcYi|LNpGUlgl|2022-03-24
orgn1627|IcalUCFY|UlFMcgbI|2022-03-24
orgn1628|PTfEcMhe|OFlIicOy|2022-03-24
orgn1629|uVuhGTYw|RPWHJGBs|2022-03-24
orgn1630|KxZRYmnx|ZgtUFzSG|2022-03-24
orgn1631|PyNoiuLz|MtrBCKYr|2022-03-24
orgn1632|DOvVyXih|BqvHgkEN|2022-03-24
orgn1633|atvyOMXk|NdoWcIid|2022-03-24
orgn1634|vMpestSt|mnkmcgou|2022-03-24
orgn1635|avZFDxlP|fCxYMoxz|2022-03-24
orgn1636|kqyLOLzu|ocAqOzkM|2022-03-24
orgn1637|AdaUYnTu|pnvmmCNb|2022-03-24
orgn1638|chROGnPG|TMyODpeq|2022-03-24
orgn1639|pnjzIGBD|xsKEGomz|2022-03-24
orgn1640|WSUHbVtv|oLdCjjNY|2022-03-24
orgn1641|XkgPcrFc|vSCLngYY|2022-03-24
orgn1642|VTaIvnNI|IlXdjvKn|2022-03-24
orgn1643|JSfPyhDN|rpFmUtem|2022-03-24
orgn1644|PydBOOKI|nuRGAMIQ|2022-03-24
orgn1645|IUpPkEbx|FynmmQhj|2022-03-24
orgn1646|OgdkvSrs|VieuzAwk|2022-03-24
orgn1647|guqXRSVQ|BebbLpWu|2022-03-24
orgn1648|kBmwYYhE|rWvQuWvq|2022-03-24
orgn1649|zhmGoJse|qjzmkMeq|2022-03-24
orgn1650|EjHKHooP|GBGBPcSY|2022-03-24
orgn1651|MmWhJDfl|ByWhYHFL|2022-03-24
orgn1652|UVWfxjyy|NxDLaXle|2022-03-24
orgn1653|KQSrVXLU|kNKOjFZv|2022-03-24
orgn1654|NbBCBihz|VSgUZvEf|2022-03-24
orgn1655|uPJcGJnq|rIGnFVVY|2022-03-24
orgn1656|hhkmJyvm|sGAmhjCR|2022-03-24
orgn1657|rsVzZKee|sBAEMbXl|2022-03-24
orgn1658|BamhiAcq|TtxwsxcG|2022-03-24
orgn1659|nUxLRDtV|VrIAyThi|2022-03-24
orgn1660|YgoKhKkC|xuiPYsbD|2022-03-24
orgn1661|bEHiGIDd|whlnmgLT|2022-03-24
orgn1662|CREIDlZs|dnqjTxHd|2022-03-24
orgn1663|zfRtxQWK|vDzpxVoo|2022-03-24
orgn1664|OePhLtfW|qGaXzQTB|2022-03-24
orgn1665|eEumJYzw|WAsVoKbA|2022-03-24
orgn1666|CAlpsHha|GwabeFcv|2022-03-24
orgn1667|cEdlPQXL|LzFbJNcC|2022-03-24
orgn1668|rJKqCaWH|pFHXZrDo|2022-03-24
orgn1669|CgjMLjze|HRmtmmHS|2022-03-24
orgn1670|DfaqXWAk|qEtcGnkt|2022-03-24
orgn1671|wxYWbKvw|bkvSjRtH|2022-03-24
orgn1672|vFgeaagf|IBTHlQQc|2022-03-24
orgn1673|fhTWMAbw|mgrcvjcf|2022-03-24
orgn1674|FwzHAxrR|KbNvONmH|2022-03-24
orgn1675|LejVmJOr|aOBVNTUd|2022-03-24
orgn1676|zkqzUMsM|vJWkqPfI|2022-03-24
orgn1677|lzbFdoUU|dTtZNxaG|2022-03-24
orgn1678|BRuKRvDN|NJKkmVxG|2022-03-24
orgn1679|WCkdiekU|gsOxBYbh|2022-03-24
orgn1680|xPyWrvMi|iBNOxQPr|2022-03-24
orgn1681|OYDReKSw|gPlhAxry|2022-03-24
orgn1682|XaJyWvFp|mKbwrvJj|2022-03-24
orgn1683|XFzEdFpX|WBkdJMHJ|2022-03-24
orgn1684|NkRYWCNE|qeBudqcs|2022-03-24
orgn1685|UBLVyqce|hztswrZt|2022-03-24
orgn1686|rgqiLuRa|pKXCaDOh|2022-03-24
orgn1687|YuOKvuzk|kPDvEbya|2022-03-24
orgn1688|gZWqhdYg|EHkMpqsv|2022-03-24
orgn1689|cgIkEGLv|ISxTJjTK|2022-03-24
orgn1690|fhSERBfh|lANMxumA|2022-03-24
orgn1691|NaMFwFUb|qpHLtFCQ|2022-03-24
orgn1692|yEDYpTrD|Jpebwfld|2022-03-24
orgn1693|ACnUoTyA|VpmMYaBo|2022-03-24
orgn1694|iQcJpSwB|UfqgGCnq|2022-03-24
orgn1695|NYOaEyMf|nDBQAyJC|2022-03-24
orgn1696|cOAWzdoP|Piyjrzkg|2022-03-24
orgn1697|nHAMsPJP|VvUxnJQQ|2022-03-24
orgn1698|QaGYiINL|xCjiEcZZ|2022-03-24
orgn1699|qwWcAXIc|OZpAZTqS|2022-03-24
orgn1700|BHtTeszh|ymSDCHCK|2022-03-24
orgn1701|GlUxktLa|bawEoGGb|2022-03-24
orgn1702|IFqRXYAp|aoexrIQg|2022-03-24
orgn1703|CWqFwJbW|ecuRZcEQ|2022-03-24
orgn1704|FplRAQyH|xcuOshpp|2022-03-24
orgn1705|jjNJLoXE|PSOuQdtv|2022-03-24
orgn1706|WWWHJpCL|EDyCCodN|2022-03-24
orgn1707|PJAyctjY|AcohoCtu|2022-03-24
orgn1708|IJgqLXns|ljdPHLsv|2022-03-24
orgn1709|mIHHoydz|jbPkTkNr|2022-03-24
orgn1710|ERIZoWuX|xbZRepkQ|2022-03-24
orgn1711|FUifbvfR|OiaysYrJ|2022-03-24
orgn1712|DfbVwPVj|ttzvCHRR|2022-03-24
orgn1713|WDrbePQR|SlsZFSri|2022-03-24
orgn1714|JEMQOAyC|AzbSeHEn|2022-03-24
orgn1715|sLMFaRKp|zeQIvGOD|2022-03-24
orgn1716|VTGFWoHj|GlwyDsbg|2022-03-24
orgn1717|gDgpETHe|rRNsGOEJ|2022-03-24
orgn1718|xITsVJRB|IXRdBmpI|2022-03-24
orgn1719|qWvmEqex|EEZWuoBj|2022-03-24
orgn1720|YnlLrAZf|qQugQtro|2022-03-24
orgn1721|SYFBvaOm|lGptYfQU|2022-03-24
orgn1722|ddEOdUpa|xsyfKAmC|2022-03-24
orgn1723|qvifSsIw|FPYuVXqB|2022-03-24
orgn1724|idZnFdki|AWfRHRiz|2022-03-24
orgn1725|lVtooxml|JNqXeLio|2022-03-24
orgn1726|UjNyFtlB|ZVyjpVDy|2022-03-24
orgn1727|XIiXpapX|MoLeQmAq|2022-03-24
orgn1728|AspeRbFZ|zInSBGKb|2022-03-24
orgn1729|VTKclrHd|auCwDsqt|2022-03-24
orgn1730|EgQCYucM|VfgVPnmk|2022-03-24
orgn1731|sAPBsmug|vvcuVkIB|2022-03-24
orgn1732|hdWTJrnX|lfAGUEBH|2022-03-24
orgn1733|UAJrsbDv|VoCnAYhy|2022-03-24
orgn1734|NTocBoZM|NYtbXuWD|2022-03-24
orgn1735|BlBTxRBu|dRhOwebd|2022-03-24
orgn1736|UQjAUbLo|sqeCMECD|2022-03-24
orgn1737|Ckoiqkpw|IYNAryGw|2022-03-24
orgn1738|uBauEJSI|iHRuQRPW|2022-03-24
orgn1739|VRTDRYHR|UOEWctGU|2022-03-24
orgn1740|AEcXaHmp|sYtlxjDK|2022-03-24
orgn1741|MBZrbLJw|sfgrUMnC|2022-03-24
orgn1742|GKBmXLuU|SBDMkMsd|2022-03-24
orgn1743|UNkXkSoX|aXgCIkSN|2022-03-24
orgn1744|xRQsvBCM|ezkMiUHT|2022-03-24
orgn1745|LzDcymeJ|ToGwvTHz|2022-03-24
orgn1746|qDWHOIFf|scoxWvNc|2022-03-24
orgn1747|afqVIgxz|uWCPbBXz|2022-03-24
orgn1748|mBMfxbHO|CqAMTwiY|2022-03-24
orgn1749|IMZIYbGo|iTTmWZwO|2022-03-24
orgn1750|YMiVkHNT|pbXYAXka|2022-03-24
orgn1751|xIuCReuL|cziMOlYc|2022-03-24
orgn1752|GHBHkhfC|EhwjCdLM|2022-03-24
orgn1753|FSoxRtqp|jkZjlarJ|2022-03-24
orgn1754|xSbULbKJ|jhIHHBkV|2022-03-24
orgn1755|rbsMFlTg|jRYmCxze|2022-03-24
orgn1756|BWIWioqk|fuJkPNRp|2022-03-24
orgn1757|YQWvnBYt|SWZkZxQw|2022-03-24
orgn1758|zSKnWgfX|KrzxcpNy|2022-03-24
orgn1759|SaRsDjFB|kwqENOAB|2022-03-24
orgn1760|UqIpxoMb|RGPYiTxI|2022-03-24
orgn1761|efisTLkK|xjvqxntF|2022-03-24
orgn1762|ZrmFiuGe|BRFWQjkw|2022-03-24
orgn1763|QDZJZRkI|LNVHkUQR|2022-03-24
orgn1764|keDqAkma|mYzovdoU|2022-03-24
orgn1765|AigsiXru|KsKgiIEi|2022-03-24
orgn1766|TmfDXXPf|ETwbkRpZ|2022-03-24
orgn1767|DHmviaBd|skPvZLef|2022-03-24
orgn1768|QpRavobK|VosEluHz|2022-03-24
orgn1769|MmLueDIn|AXaZBAXF|2022-03-24
orgn1770|GYzSPrDb|mUUmKBTn|2022-03-24
orgn1771|pXqdVcma|jppSHgiP|2022-03-24
orgn1772|DBbdGWxy|resBeRAX|2022-03-24
orgn1773|CYxMCGVU|BhCfvmGz|2022-03-24
orgn1774|moPGWwOE|BZrmOqni|2022-03-24
orgn1775|qtbZgrxF|jxUgEhEz|2022-03-24
orgn1776|OudxCWDa|UGlRCWIi|2022-03-24
orgn1777|QVMimXhd|kKWUQZkU|2022-03-24
orgn1778|ErwHILRR|WJoKNSic|2022-03-24
orgn1779|jXINLrLt|TqHZHbYB|2022-03-24
orgn1780|sAIJqWHA|lefhLiOD|2022-03-24
orgn1781|ODhNGlkP|VJENlvQY|2022-03-24
orgn1782|jGZugmXK|xkcxGKir|2022-03-24
orgn1783|dzwfUbFT|YYoBiHGo|2022-03-24
orgn1784|OznsLPsX|HqosIpHm|2022-03-24
orgn1785|tcsPwGMH|vBAgbAXZ|2022-03-24
orgn1786|dNEWQlhd|covcJxec|2022-03-24
orgn1787|tLrAKQPW|AmuoVbjh|2022-03-24
orgn1788|OrZhuaSd|FKbyhfhP|2022-03-24
orgn1789|KXKRwwrO|zEbdLIDh|2022-03-24
orgn1790|KiyZPBsR|dyleQotj|2022-03-24
orgn1791|ukJhUnks|WZrVYzFc|2022-03-24
orgn1792|wjwghdVu|HKFdKPWr|2022-03-24
orgn1793|bgWImdmb|NYusLikg|2022-03-24
orgn1794|AyGFbpHx|rdzDXCMx|2022-03-24
orgn1795|jNcFyguw|UMDiLCtI|2022-03-24
orgn1796|CNgwZLJB|zCbUZMwu|2022-03-24
orgn1797|shGJxFGR|FlogtNuK|2022-03-24
orgn1798|qQTDxIvT|HqUIebEv|2022-03-24
orgn1799|oJEUZWXP|skCUyNdI|2022-03-24
orgn1800|rfxXCwdZ|sRRrBebV|2022-03-24
orgn1801|grSPKWZU|FKjMNrPg|2022-03-24
orgn1802|vkRYvKvQ|aZCDvIuR|2022-03-24
orgn1803|UtwKBxCb|UnAKRocM|2022-03-24
orgn1804|AdSHYzXU|tYsYCSvk|2022-03-24
orgn1805|XJExIAOo|FUoslsqT|2022-03-24
orgn1806|yPqUsujK|eNTGsbel|2022-03-24
orgn1807|cbbYhCxp|CDYwkxLM|2022-03-24
orgn1808|tKsMFvVR|mXIZMlHL|2022-03-24
orgn1809|dlIoryGk|FnmFqScb|2022-03-24
orgn1810|KpIQbaLa|MyKnIWuU|2022-03-24
orgn1811|vjQTFEra|fGqWWNuV|2022-03-24
orgn1812|Gudtztdz|EPwEKjgh|2022-03-24
orgn1813|lcrrxvui|SrsvexZy|2022-03-24
orgn1814|uWeHMYqc|QbvEmYaE|2022-03-24
orgn1815|qUEHOvBF|PNqpEmGJ|2022-03-24
orgn1816|LypNirIZ|sIjBlaXB|2022-03-24
orgn1817|JGKBKdJa|waNYegLZ|2022-03-24
orgn1818|GZPoRgpJ|LghXRjWv|2022-03-24
orgn1819|RVfKzUyY|SGLApmxh|2022-03-24
orgn1820|iwJhMXMM|XGqGTUwy|2022-03-24
orgn1821|oCkAfHNv|WHBoOKhb|2022-03-24
orgn1822|aXhTwOVF|gsWjUzte|2022-03-24
orgn1823|OBBoSdXU|CZzQAteE|2022-03-24
orgn1824|SqkdmwIv|azvEbwdB|2022-03-24
orgn1825|loteADyA|wcMWHzlk|2022-03-24
orgn1826|JXdIeMTq|NLIObcxI|2022-03-24
orgn1827|RrPtOEaY|yjomckpi|2022-03-24
orgn1828|mCsoLrXD|MuwriyMs|2022-03-24
orgn1829|ikkUUxJR|QxbLGybY|2022-03-24
orgn1830|mMZdvwQq|lSFvNZqn|2022-03-24
orgn1831|scYNtsZJ|DrRplAgn|2022-03-24
orgn1832|iQoyjrlr|llFTvOYA|2022-03-24
orgn1833|MnKvBJdH|MXoeruwG|2022-03-24
orgn1834|cTSkuJpg|qTXyQduo|2022-03-24
orgn1835|NUGtxSIb|lZqbczDV|2022-03-24
orgn1836|ibgicWOJ|TAUWjBRs|2022-03-24
orgn1837|MATxdaTF|yIsozXPi|2022-03-24
orgn1838|MUxuFTva|JSdxsxng|2022-03-24
orgn1839|ZWmLToRe|NkvPiNZM|2022-03-24
orgn1840|xyWTdlnl|xrFaoaRl|2022-03-24
orgn1841|XgyOchkm|PgBjXfDP|2022-03-24
orgn1842|pAXbQukJ|rtOYBXON|2022-03-24
orgn1843|GDDmbxUd|excstJyQ|2022-03-24
orgn1844|QbUkpaau|eyJYxBJr|2022-03-24
orgn1845|DDTetMMu|IozgtVwd|2022-03-24
orgn1846|qvbqOnqd|xduMAYHV|2022-03-24
orgn1847|zSpZUKsF|fDIurDUa|2022-03-24
orgn1848|eoeGWCbs|WiAtimPm|2022-03-24
orgn1849|FGpPbeiA|WOPIMJYP|2022-03-24
orgn1850|MKoCXSmE|AkYPfVLF|2022-03-24
orgn1851|ytpbxOuj|IxmOIOkm|2022-03-24
orgn1852|UNRdPAyg|GxqLJdKa|2022-03-24
orgn1853|LDErsxBs|eQBagPUD|2022-03-24
orgn1854|neornbuf|IGtXluDM|2022-03-24
orgn1855|PUerRbsE|sHgqnihH|2022-03-24
orgn1856|RVakLIim|OXsDjFpP|2022-03-24
orgn1857|YXfLiPWu|rGnaPBBe|2022-03-24
orgn1858|vAfBSwFt|ZAkjTjPB|2022-03-24
orgn1859|ezlDBJeh|RYmNLxPB|2022-03-24
orgn1860|ElucGhbo|SmdXVNaL|2022-03-24
orgn1861|QNQKWKKH|dwqhBJhQ|2022-03-24
orgn1862|ZlQkvtjf|wIpfzZur|2022-03-24
orgn1863|IdfZWMKk|ntvxgHFn|2022-03-24
orgn1864|otwJfZGr|ieXgbpPA|2022-03-24
orgn1865|GJIiULLR|bUXjAECl|2022-03-24
orgn1866|YEypuetx|ktPoahyd|2022-03-24
orgn1867|naswMEBu|ejdaZQvb|2022-03-24
orgn1868|KijphTuN|geLtZiLI|2022-03-24
orgn1869|IAACjPyF|wXaYKxUK|2022-03-24
orgn1870|DNtKWCfN|hIvWMwrw|2022-03-24
orgn1871|ZjszobJf|FhygKtoU|2022-03-24
orgn1872|hGgikGjT|DxmiFqHl|2022-03-24
orgn1873|KOjbVGWU|oqdKuEPM|2022-03-24
orgn1874|vksojZvd|EjUujCSt|2022-03-24
orgn1875|hnnQJiYO|obvgpnVz|2022-03-24
orgn1876|VxqKjeqn|mJLeIovw|2022-03-24
orgn1877|GkhpUuEo|KCQnbhTn|2022-03-24
orgn1878|PyloVETL|EdkkbmOA|2022-03-24
orgn1879|ftElOBfa|ggTLxpSg|2022-03-24
orgn1880|rKxKykdT|uTEdGLuY|2022-03-24
orgn1881|PVMrOaGK|OUqmJFEP|2022-03-24
orgn1882|rWCAfPXP|KBdjceiE|2022-03-24
orgn1883|LdEKFKix|psoXYAJk|2022-03-24
orgn1884|wFpuTbZA|LoqhvDud|2022-03-24
orgn1885|scidXBWz|zXFDMBTf|2022-03-24
orgn1886|FjZVSifK|XTgzbhvw|2022-03-24
orgn1887|tJFNZcjR|hFyqduEU|2022-03-24
orgn1888|mFglsUDJ|KnFlgzkX|2022-03-24
orgn1889|HNjZgMRA|aGlKPyLi|2022-03-24
orgn1890|nUNCcEnZ|gGopSrWB|2022-03-24
orgn1891|DJSFrOBf|YgsqrVFk|2022-03-24
orgn1892|iWwRUhTv|pUJhoMVz|2022-03-24
orgn1893|eizByiWr|ImKHXSaa|2022-03-24
orgn1894|qukwQkLy|AqngQSlG|2022-03-24
orgn1895|UBGvBRDi|SceLxfSs|2022-03-24
orgn1896|vIvluMxB|pAJxpSen|2022-03-24
orgn1897|UlrxsflE|VFjaSelr|2022-03-24
orgn1898|baWfAdLG|EaVpezeL|2022-03-24
orgn1899|mEAZFERB|ojPNvtdq|2022-03-24
orgn1900|IDjmhyjx|QpdlcwDl|2022-03-24
orgn1901|zxsCzNqN|rPsGVeZO|2022-03-24
orgn1902|QKOcNnKf|XHouMdws|2022-03-24
orgn1903|ElUqEXPH|pajejYny|2022-03-24
orgn1904|ZrLOalgU|ZxJMJFsH|2022-03-24
orgn1905|rreFMYzp|WooNNszF|2022-03-24
orgn1906|wAcCEJvS|tYymhpqI|2022-03-24
orgn1907|douVbFbb|zWesKgqr|2022-03-24
orgn1908|qsvqFitj|YACXXLDB|2022-03-24
orgn1909|uSwAUrhe|IoQKgyYW|2022-03-24
orgn1910|ysHIjHWn|tVteBasW|2022-03-24
orgn1911|XJtgMCWn|BUOYQEco|2022-03-24
orgn1912|xtbNYLzG|VyGiGbJg|2022-03-24
orgn1913|WjruipMk|oAQIcvNm|2022-03-24
orgn1914|KAgPpeWz|hhcaWGGO|2022-03-24
orgn1915|OPcpSXvu|RkxELdAd|2022-03-24
orgn1916|tYMCcFcI|KnRhbaxP|2022-03-24
orgn1917|PoIbusgf|opEwbKLm|2022-03-24
orgn1918|RhLcFTRl|kFhoFNRi|2022-03-24
orgn1919|fiVpFYpB|PlPkEDmG|2022-03-24
orgn1920|jGxbYzET|BtJcGBJH|2022-03-24
orgn1921|KhmDYkWm|GnYtmZGq|2022-03-24
orgn1922|wfzhJkbl|uxnjNyMz|2022-03-24
orgn1923|JplZbdBu|YUGyUScw|2022-03-24
orgn1924|NtKwzLTc|xJLXCUbo|2022-03-24
orgn1925|KuqwOrcX|fpkSYnwH|2022-03-24
orgn1926|ImivwSFT|ljCJimni|2022-03-24
orgn1927|FBytCKpy|ZZWrPinZ|2022-03-24
orgn1928|ZgqRkIPA|TXADWaCX|2022-03-24
orgn1929|yElFvmrz|pVOGdXwB|2022-03-24
orgn1930|qVAhKSmW|sYdJEdft|2022-03-24
orgn1931|YEpiqpwC|ovURwIqD|2022-03-24
orgn1932|Ywkmxsfy|WKDwziiN|2022-03-24
orgn1933|WEcyfEik|oAvdWBDN|2022-03-24
orgn1934|wsPTRDDz|HqWCZuSt|2022-03-24
orgn1935|rkXEHBxA|rmxeOhsO|2022-03-24
orgn1936|wyvWhVeK|sMBugooX|2022-03-24
orgn1937|JQwMiSSf|CvCwaVDj|2022-03-24
orgn1938|hczhpsDc|LgIPhONW|2022-03-24
orgn1939|nEsTesCy|cgekxeyC|2022-03-24
orgn1940|svrrVYZA|CydYtDIN|2022-03-24
orgn1941|eTHVqlea|eaHQWJLx|2022-03-24
orgn1942|qCBwnehI|NHqmZtLJ|2022-03-24
orgn1943|MhDotdac|bTMOqgVl|2022-03-24
orgn1944|jOYEJfVS|eLCMiNXB|2022-03-24
orgn1945|fHFZfbQe|mHmnVqdH|2022-03-24
orgn1946|WTqcEhxf|fuRunuke|2022-03-24
orgn1947|ahZtdvvM|QQBTMVEY|2022-03-24
orgn1948|JkWUatWq|yOrZHflP|2022-03-24
orgn1949|vmEoZFrU|HvXYZjqh|2022-03-24
orgn1950|JrZnSOWu|uVcPsuRY|2022-03-24
orgn1951|XvjWXRoc|fTqDUSwW|2022-03-24
orgn1952|RQYbSQsz|WKGLhBKj|2022-03-24
orgn1953|NdQwUPKs|jXrWGzlf|2022-03-24
orgn1954|isjRmnQW|iVUbtKES|2022-03-24
orgn1955|KWEsGYKD|tiBaUjge|2022-03-24
orgn1956|sRTXdOUY|gmEmDJay|2022-03-24
orgn1957|BoJfkfkh|wVKTVdwc|2022-03-24
orgn1958|cakwlIUK|BCKquGpE|2022-03-24
orgn1959|bYkQcKqw|DJtDoZFJ|2022-03-24
orgn1960|KbKUIXLH|VPNsBHoO|2022-03-24
orgn1961|pKyAvQWX|nEvlsVur|2022-03-24
orgn1962|YamJKwDa|QccaGsAE|2022-03-24
orgn1963|DYolkBaV|SiMAZIpK|2022-03-24
orgn1964|YJAFljMi|zNOvhJqC|2022-03-24
orgn1965|nZabtTrB|dUGzXOHD|2022-03-24
orgn1966|GuiDhvmP|jpbJXTLl|2022-03-24
orgn1967|zrbeFkCO|vAUoFcFu|2022-03-24
orgn1968|UtUMnccA|gPTyjOGA|2022-03-24
orgn1969|awLqsZJy|iOpZFVyl|2022-03-24
orgn1970|JYUBeQLn|tOqMnyRM|2022-03-24
orgn1971|aYUbHVye|BMsXgwEo|2022-03-24
orgn1972|hjVupYbI|zTkPjpOo|2022-03-24
orgn1973|DADYfgmd|vKYYLzmv|2022-03-24
orgn1974|SyXSwkeY|CRRHlvmX|2022-03-24
orgn1975|kPaDMzMX|lfeBEFHD|2022-03-24
orgn1976|zkfvIjBc|VglGodkb|2022-03-24
orgn1977|QzEfOSzS|JBFpBFOP|2022-03-24
orgn1978|LHWkHreG|brtKsrZp|2022-03-24
orgn1979|NxnoSnZs|jgsewOag|2022-03-24
orgn1980|HRHSEoOM|GpLBnNhE|2022-03-24
orgn1981|QHkBKvwF|eGYFZwzg|2022-03-24
orgn1982|PGnOOqkV|vHXjKXhg|2022-03-24
orgn1983|hMFeGGiE|XGUMlmto|2022-03-24
orgn1984|gMmJxaCI|HJvzLrFB|2022-03-24
orgn1985|xAhKtZhR|DNHnlyTA|2022-03-24
orgn1986|KZDkcJop|TPfpmAWw|2022-03-24
orgn1987|QwrYpRGa|YGRPQPYr|2022-03-24
orgn1988|XWRtNkFY|hWYfPJlq|2022-03-24
orgn1989|IoUykvPI|RVBKZPIe|2022-03-24
orgn1990|EQHfTTbk|BOdflzEX|2022-03-24
orgn1991|gbjOPrPa|hEIdRzfC|2022-03-24
orgn1992|vAyWfZOM|FvTqxstf|2022-03-24
orgn1993|UybTVLdf|XryGtRHi|2022-03-24
orgn1994|uWdYfmLV|aQIAkLdp|2022-03-24
orgn1995|lpPQDNKt|jkfpzFZx|2022-03-24
orgn1996|bnxqXgED|ambxuPWA|2022-03-24
orgn1997|YtlkmqVa|iYCCYsGq|2022-03-24
orgn1998|YMOiNhfn|hGCNksbV|2022-03-24
orgn1999|LZlrmycg|WCSekIJG|2022-03-24
orgn2000|CwRatLNN|OgiRFHKc|2022-03-24
