Transaction_ID|Deposit_Number|Account_ID|Cheque_Type|Cheque_Number|Reference_Date
trns1001|estpYYPe|accn1001|bearer cheque|3122|2022-03-24
trns1002|MlqvErHr|accn1002|bearer cheque|9543|2022-03-24
trns1003|rJFsLkXZ|accn1003|personal cheque|557|2022-03-24
trns1004|lCqasSla|accn1004|bearer cheque|5613|2022-03-24
trns1005|iQrPGoDV|accn1005|bearer cheque|8426|2022-03-24
trns1006|qgMNGIHW|accn1006|personal cheque|2294|2022-03-24
trns1007|dMzaovVF|accn1007|personal cheque|3176|2022-03-24
trns1008|LWehFGLb|accn1008|personal cheque|7841|2022-03-24
trns1009|JvjMMkhG|accn1009|bearer cheque|7853|2022-03-24
trns1010|qgVSkEaF|accn1010|bearer cheque|2067|2022-03-24
trns1011|zcMoEKmu|accn1011|bearer cheque|513|2022-03-24
trns1012|OeHIOZnp|accn1012|bearer cheque|1571|2022-03-24
trns1013|YoqQmdOc|accn1013|personal cheque|3865|2022-03-24
trns1014|DTKvQFBg|accn1014|personal cheque|4609|2022-03-24
trns1015|XikwPPWo|accn1015|bearer cheque|5293|2022-03-24
trns1016|dLUXJxVn|accn1016|personal cheque|9016|2022-03-24
trns1017|eguwbKhO|accn1017|bearer cheque|8467|2022-03-24
trns1018|cumsKgHK|accn1018|bearer cheque|663|2022-03-24
trns1019|PMPFIoUm|accn1019|bearer cheque|241|2022-03-24
trns1020|PLlEbZjq|accn1020|bearer cheque|4852|2022-03-24
trns1021|oaUppUsp|accn1021|personal cheque|7971|2022-03-24
trns1022|xJDZQVbk|accn1022|personal cheque|2452|2022-03-24
trns1023|EdXkRYnI|accn1023|bearer cheque|764|2022-03-24
trns1024|mnDNuDjA|accn1024|personal cheque|3261|2022-03-24
trns1025|SsStLGei|accn1025|personal cheque|1295|2022-03-24
trns1026|PUtTCekQ|accn1026|bearer cheque|8956|2022-03-24
trns1027|aaSZZBpX|accn1027|bearer cheque|6669|2022-03-24
trns1028|pgBQyXiO|accn1028|bearer cheque|3845|2022-03-24
trns1029|MFKAYVFK|accn1029|personal cheque|1758|2022-03-24
trns1030|ECzeerqO|accn1030|personal cheque|7059|2022-03-24
trns1031|NKcIbWYR|accn1031|personal cheque|9231|2022-03-24
trns1032|gSNwxpIc|accn1032|personal cheque|9760|2022-03-24
trns1033|QtGnhEzl|accn1033|bearer cheque|5857|2022-03-24
trns1034|KgzqKEyo|accn1034|bearer cheque|8821|2022-03-24
trns1035|CkUkoDmo|accn1035|personal cheque|3073|2022-03-24
trns1036|yNADGgzI|accn1036|bearer cheque|9332|2022-03-24
trns1037|PxpCXxzE|accn1037|bearer cheque|6903|2022-03-24
trns1038|yAGklUyz|accn1038|personal cheque|6369|2022-03-24
trns1039|UWzlSDhI|accn1039|personal cheque|8203|2022-03-24
trns1040|deorjwSY|accn1040|bearer cheque|3816|2022-03-24
trns1041|XqFnhpTv|accn1041|bearer cheque|2629|2022-03-24
trns1042|ucIRHGQl|accn1042|personal cheque|2089|2022-03-24
trns1043|LlxZqgdH|accn1043|bearer cheque|8349|2022-03-24
trns1044|OYFgEGox|accn1044|personal cheque|7836|2022-03-24
trns1045|baLHyDCE|accn1045|bearer cheque|4270|2022-03-24
trns1046|fxqNhqEA|accn1046|bearer cheque|6986|2022-03-24
trns1047|EqoRBttd|accn1047|bearer cheque|4714|2022-03-24
trns1048|EPHrMxYC|accn1048|bearer cheque|4741|2022-03-24
trns1049|pHPkPkEm|accn1049|personal cheque|9633|2022-03-24
trns1050|GueZzals|accn1050|personal cheque|8549|2022-03-24
trns1051|ylKIxyEu|accn1051|bearer cheque|6923|2022-03-24
trns1052|SMWRLviZ|accn1052|personal cheque|7284|2022-03-24
trns1053|asCHHIdK|accn1053|personal cheque|1124|2022-03-24
trns1054|uuUqawDY|accn1054|bearer cheque|6368|2022-03-24
trns1055|UuAchnaC|accn1055|bearer cheque|1692|2022-03-24
trns1056|sSKKjcsL|accn1056|bearer cheque|2440|2022-03-24
trns1057|MuJFwQUz|accn1057|personal cheque|5357|2022-03-24
trns1058|pOVweYBk|accn1058|personal cheque|8112|2022-03-24
trns1059|VWQdqXXz|accn1059|bearer cheque|9667|2022-03-24
trns1060|TxnQpxYi|accn1060|personal cheque|6751|2022-03-24
trns1061|knPDxnSo|accn1061|personal cheque|2311|2022-03-24
trns1062|UoJTfQsE|accn1062|bearer cheque|4280|2022-03-24
trns1063|ihkFHIgF|accn1063|bearer cheque|3697|2022-03-24
trns1064|ibTirRmP|accn1064|bearer cheque|9823|2022-03-24
trns1065|ZsyonvHP|accn1065|bearer cheque|3635|2022-03-24
trns1066|oecJmfly|accn1066|bearer cheque|1928|2022-03-24
trns1067|ZuvNneLt|accn1067|personal cheque|1557|2022-03-24
trns1068|tXJzkJUy|accn1068|personal cheque|6519|2022-03-24
trns1069|VJKujpes|accn1069|personal cheque|5327|2022-03-24
trns1070|ZYwcNPUv|accn1070|bearer cheque|9651|2022-03-24
trns1071|ItInTrip|accn1071|bearer cheque|7932|2022-03-24
trns1072|DhUKXQnb|accn1072|bearer cheque|5410|2022-03-24
trns1073|ZmxQJchG|accn1073|personal cheque|2737|2022-03-24
trns1074|CFhCJgsw|accn1074|bearer cheque|3582|2022-03-24
trns1075|jQmnNMCT|accn1075|bearer cheque|3894|2022-03-24
trns1076|AuVvDwqX|accn1076|personal cheque|9183|2022-03-24
trns1077|QvqslOgM|accn1077|personal cheque|5646|2022-03-24
trns1078|umjCDERy|accn1078|personal cheque|7019|2022-03-24
trns1079|boUFFDmX|accn1079|bearer cheque|1208|2022-03-24
trns1080|nvPFDQqM|accn1080|personal cheque|9800|2022-03-24
trns1081|fIAIqhgV|accn1081|personal cheque|6639|2022-03-24
trns1082|emaLSQTP|accn1082|personal cheque|9201|2022-03-24
trns1083|sXbYtJhF|accn1083|personal cheque|2442|2022-03-24
trns1084|PrvzuHeH|accn1084|bearer cheque|247|2022-03-24
trns1085|WozZMVkI|accn1085|bearer cheque|3667|2022-03-24
trns1086|NFfyBmUX|accn1086|bearer cheque|1758|2022-03-24
trns1087|RPKUQiAb|accn1087|bearer cheque|8178|2022-03-24
trns1088|QapDgprm|accn1088|bearer cheque|1218|2022-03-24
trns1089|qklScvvY|accn1089|bearer cheque|4391|2022-03-24
trns1090|sJCEssmj|accn1090|bearer cheque|1078|2022-03-24
trns1091|iRENCMdd|accn1091|personal cheque|6038|2022-03-24
trns1092|vMCifRNL|accn1092|personal cheque|5284|2022-03-24
trns1093|ZrxdtkKI|accn1093|personal cheque|1960|2022-03-24
trns1094|wWrqykgp|accn1094|bearer cheque|8295|2022-03-24
trns1095|NrHvNysV|accn1095|bearer cheque|9348|2022-03-24
trns1096|hbgWnTyc|accn1096|bearer cheque|476|2022-03-24
trns1097|eHUaMmww|accn1097|bearer cheque|5731|2022-03-24
trns1098|JEFmwEZz|accn1098|personal cheque|5990|2022-03-24
trns1099|RlUAmKlw|accn1099|personal cheque|6131|2022-03-24
trns1100|ksELXtXB|accn1100|personal cheque|2009|2022-03-24
trns1101|dJGyeUpS|accn1101|bearer cheque|3082|2022-03-24
trns1102|lAnvGuDQ|accn1102|personal cheque|9644|2022-03-24
trns1103|EpIyMIcK|accn1103|personal cheque|1806|2022-03-24
trns1104|nfyyvfxe|accn1104|personal cheque|2902|2022-03-24
trns1105|USaIziHb|accn1105|personal cheque|5600|2022-03-24
trns1106|gNyjWqUB|accn1106|bearer cheque|8110|2022-03-24
trns1107|jrHNlyNe|accn1107|bearer cheque|4147|2022-03-24
trns1108|WddrlNZS|accn1108|personal cheque|6413|2022-03-24
trns1109|GBKacfog|accn1109|bearer cheque|7469|2022-03-24
trns1110|PMKgVCxK|accn1110|bearer cheque|1874|2022-03-24
trns1111|bevxpiNX|accn1111|personal cheque|6954|2022-03-24
trns1112|INSlVKUd|accn1112|personal cheque|9624|2022-03-24
trns1113|XHLYHgqv|accn1113|bearer cheque|9276|2022-03-24
trns1114|yQGxGSRl|accn1114|bearer cheque|5721|2022-03-24
trns1115|fsyVIivg|accn1115|personal cheque|4090|2022-03-24
trns1116|moZkfxHn|accn1116|bearer cheque|6853|2022-03-24
trns1117|wFFjWGhX|accn1117|bearer cheque|6102|2022-03-24
trns1118|kmCOdzBy|accn1118|bearer cheque|1990|2022-03-24
trns1119|jbvXWCOO|accn1119|personal cheque|5104|2022-03-24
trns1120|zGArbJTN|accn1120|personal cheque|9152|2022-03-24
trns1121|ALodNqmE|accn1121|personal cheque|9194|2022-03-24
trns1122|WDsxmwcO|accn1122|personal cheque|3191|2022-03-24
trns1123|xklwOAxM|accn1123|bearer cheque|7742|2022-03-24
trns1124|TzGuCljf|accn1124|personal cheque|599|2022-03-24
trns1125|HWtmEhit|accn1125|personal cheque|604|2022-03-24
trns1126|lwVjVeoQ|accn1126|bearer cheque|8719|2022-03-24
trns1127|evGlELXb|accn1127|personal cheque|2018|2022-03-24
trns1128|BKAytyEl|accn1128|bearer cheque|2179|2022-03-24
trns1129|LyxYXqdW|accn1129|bearer cheque|231|2022-03-24
trns1130|jUeBRvpK|accn1130|bearer cheque|8292|2022-03-24
trns1131|axxjKRhI|accn1131|bearer cheque|3138|2022-03-24
trns1132|kvJrKzAg|accn1132|bearer cheque|1059|2022-03-24
trns1133|cIEkUKTm|accn1133|bearer cheque|709|2022-03-24
trns1134|uAXTGScM|accn1134|personal cheque|9992|2022-03-24
trns1135|CQHAsnTB|accn1135|personal cheque|3776|2022-03-24
trns1136|vZlqyGSz|accn1136|bearer cheque|9192|2022-03-24
trns1137|FZMvtExE|accn1137|bearer cheque|4794|2022-03-24
trns1138|xZmbBAab|accn1138|personal cheque|6065|2022-03-24
trns1139|WOMoaqKJ|accn1139|bearer cheque|6158|2022-03-24
trns1140|ZqCTKYlM|accn1140|personal cheque|3071|2022-03-24
trns1141|AhyfwDXH|accn1141|bearer cheque|9944|2022-03-24
trns1142|HKRBYPLl|accn1142|personal cheque|2191|2022-03-24
trns1143|NnVTjrfP|accn1143|bearer cheque|570|2022-03-24
trns1144|eKoZMVkf|accn1144|bearer cheque|3640|2022-03-24
trns1145|HqQdLVfB|accn1145|personal cheque|1857|2022-03-24
trns1146|VHwcXSCG|accn1146|personal cheque|7654|2022-03-24
trns1147|BGGvIciP|accn1147|personal cheque|4073|2022-03-24
trns1148|EnZDmqMD|accn1148|personal cheque|3267|2022-03-24
trns1149|BFvgIwWE|accn1149|bearer cheque|6940|2022-03-24
trns1150|CLLItHxj|accn1150|personal cheque|1174|2022-03-24
trns1151|XgmZBjmm|accn1151|personal cheque|8855|2022-03-24
trns1152|AvTYkmKE|accn1152|personal cheque|9317|2022-03-24
trns1153|aYOkkHnM|accn1153|bearer cheque|616|2022-03-24
trns1154|YqyuDceO|accn1154|personal cheque|9079|2022-03-24
trns1155|WTBOzCoG|accn1155|bearer cheque|3083|2022-03-24
trns1156|IsQVONwr|accn1156|bearer cheque|9799|2022-03-24
trns1157|IRSdhZva|accn1157|bearer cheque|796|2022-03-24
trns1158|usxirvTS|accn1158|personal cheque|7036|2022-03-24
trns1159|IraJSChl|accn1159|personal cheque|9437|2022-03-24
trns1160|JUCvRnZB|accn1160|personal cheque|2377|2022-03-24
trns1161|jLQQsYVF|accn1161|personal cheque|5081|2022-03-24
trns1162|prjljvzX|accn1162|bearer cheque|1135|2022-03-24
trns1163|NkaMrMoq|accn1163|bearer cheque|3963|2022-03-24
trns1164|RIUQlzdI|accn1164|personal cheque|3738|2022-03-24
trns1165|nXbcqOxW|accn1165|personal cheque|2259|2022-03-24
trns1166|oykocEvj|accn1166|bearer cheque|2253|2022-03-24
trns1167|PqdYRpyW|accn1167|bearer cheque|731|2022-03-24
trns1168|eEPRUyrQ|accn1168|bearer cheque|9858|2022-03-24
trns1169|rpfjnegl|accn1169|personal cheque|429|2022-03-24
trns1170|ULwUdBQQ|accn1170|personal cheque|5971|2022-03-24
trns1171|qGNJWSDg|accn1171|bearer cheque|2122|2022-03-24
trns1172|hIPjxeJx|accn1172|personal cheque|7022|2022-03-24
trns1173|lqIbDldZ|accn1173|personal cheque|1934|2022-03-24
trns1174|yUtJGnUR|accn1174|personal cheque|2063|2022-03-24
trns1175|EDDtwAjt|accn1175|personal cheque|9032|2022-03-24
trns1176|sMsMSMLB|accn1176|personal cheque|2390|2022-03-24
trns1177|xQYjEiDf|accn1177|bearer cheque|9412|2022-03-24
trns1178|ewLXkkEy|accn1178|bearer cheque|5999|2022-03-24
trns1179|oIKsvKGZ|accn1179|bearer cheque|9386|2022-03-24
trns1180|lDGwsMyX|accn1180|bearer cheque|8532|2022-03-24
trns1181|GAVDjjFI|accn1181|bearer cheque|4538|2022-03-24
trns1182|mKWYHMAX|accn1182|bearer cheque|8517|2022-03-24
trns1183|UdsycPwm|accn1183|personal cheque|6492|2022-03-24
trns1184|hekaKcFJ|accn1184|bearer cheque|3002|2022-03-24
trns1185|BLfvQuPA|accn1185|personal cheque|1160|2022-03-24
trns1186|iOXlmtPC|accn1186|bearer cheque|8622|2022-03-24
trns1187|mlfOaebD|accn1187|personal cheque|3638|2022-03-24
trns1188|JHZxmmMo|accn1188|bearer cheque|4690|2022-03-24
trns1189|BkplYcQw|accn1189|personal cheque|1247|2022-03-24
trns1190|zAyjKxmj|accn1190|personal cheque|2410|2022-03-24
trns1191|ESlzYuwG|accn1191|personal cheque|4354|2022-03-24
trns1192|dqchNCAZ|accn1192|personal cheque|1170|2022-03-24
trns1193|aaLHAygG|accn1193|bearer cheque|2216|2022-03-24
trns1194|hmUFXuLM|accn1194|personal cheque|4930|2022-03-24
trns1195|pJhHhxPp|accn1195|personal cheque|6673|2022-03-24
trns1196|WHGShuCC|accn1196|personal cheque|4419|2022-03-24
trns1197|hbQjjxqL|accn1197|personal cheque|646|2022-03-24
trns1198|NglQqrFN|accn1198|personal cheque|6958|2022-03-24
trns1199|NtJlpizZ|accn1199|bearer cheque|8657|2022-03-24
trns1200|VQsHHaQd|accn1200|personal cheque|628|2022-03-24
trns1201|LbtMuxpV|accn1201|personal cheque|6392|2022-03-24
trns1202|gYAZilqJ|accn1202|bearer cheque|6275|2022-03-24
trns1203|frZubLVk|accn1203|bearer cheque|7616|2022-03-24
trns1204|rCMNVwoZ|accn1204|personal cheque|8160|2022-03-24
trns1205|cRrufTAo|accn1205|bearer cheque|9813|2022-03-24
trns1206|xOmWpZjM|accn1206|personal cheque|5707|2022-03-24
trns1207|WFFvFwzF|accn1207|bearer cheque|581|2022-03-24
trns1208|LROxNvvt|accn1208|personal cheque|9735|2022-03-24
trns1209|VmxTceGs|accn1209|bearer cheque|7729|2022-03-24
trns1210|jUpshjHt|accn1210|personal cheque|2054|2022-03-24
trns1211|RcOJPAQZ|accn1211|personal cheque|4377|2022-03-24
trns1212|ZSBJcoho|accn1212|bearer cheque|8328|2022-03-24
trns1213|iqyMBFNg|accn1213|personal cheque|7842|2022-03-24
trns1214|lFrLsYUR|accn1214|personal cheque|8164|2022-03-24
trns1215|OVZAaSFE|accn1215|bearer cheque|7024|2022-03-24
trns1216|pzZTPpsT|accn1216|personal cheque|9676|2022-03-24
trns1217|qsPkAfsN|accn1217|personal cheque|5304|2022-03-24
trns1218|CHwaNSxf|accn1218|personal cheque|1716|2022-03-24
trns1219|zfyFFhIw|accn1219|bearer cheque|8266|2022-03-24
trns1220|UbhxDzHW|accn1220|personal cheque|203|2022-03-24
trns1221|dwTYGfHn|accn1221|personal cheque|3682|2022-03-24
trns1222|uzfVXudm|accn1222|bearer cheque|9702|2022-03-24
trns1223|geqsmgWo|accn1223|personal cheque|423|2022-03-24
trns1224|BKkHVspT|accn1224|bearer cheque|7290|2022-03-24
trns1225|xjXWJhdh|accn1225|personal cheque|6524|2022-03-24
trns1226|cujkvlmh|accn1226|personal cheque|6333|2022-03-24
trns1227|ubifcfpM|accn1227|personal cheque|2107|2022-03-24
trns1228|PXAhBEQn|accn1228|personal cheque|9370|2022-03-24
trns1229|LVrqXhFu|accn1229|bearer cheque|2429|2022-03-24
trns1230|AApeTFuY|accn1230|personal cheque|2587|2022-03-24
trns1231|WxkjRPLQ|accn1231|bearer cheque|1459|2022-03-24
trns1232|ApKJBDgA|accn1232|personal cheque|2076|2022-03-24
trns1233|lccbFUGR|accn1233|bearer cheque|8714|2022-03-24
trns1234|PQuqeTmn|accn1234|personal cheque|594|2022-03-24
trns1235|xLCEMAsS|accn1235|personal cheque|5420|2022-03-24
trns1236|sBldpavn|accn1236|personal cheque|3111|2022-03-24
trns1237|kcDMvmwQ|accn1237|personal cheque|5129|2022-03-24
trns1238|esopJbAS|accn1238|bearer cheque|965|2022-03-24
trns1239|rnbppCOh|accn1239|personal cheque|6656|2022-03-24
trns1240|fadCGdAy|accn1240|bearer cheque|9840|2022-03-24
trns1241|xeDRLKrO|accn1241|personal cheque|5565|2022-03-24
trns1242|UHTPyPgl|accn1242|personal cheque|5963|2022-03-24
trns1243|WuxUCAZy|accn1243|bearer cheque|2565|2022-03-24
trns1244|KRTNqEkl|accn1244|bearer cheque|1814|2022-03-24
trns1245|UgIhjCDM|accn1245|bearer cheque|5929|2022-03-24
trns1246|JdzAdxZH|accn1246|personal cheque|15|2022-03-24
trns1247|tSeHeHEH|accn1247|personal cheque|4735|2022-03-24
trns1248|iUlFxDLv|accn1248|bearer cheque|1171|2022-03-24
trns1249|fzQBjigh|accn1249|personal cheque|123|2022-03-24
trns1250|DXwnHhRJ|accn1250|personal cheque|309|2022-03-24
trns1251|amiiBwAW|accn1251|bearer cheque|1261|2022-03-24
trns1252|OuZvYDir|accn1252|bearer cheque|1683|2022-03-24
trns1253|AlKhZuTl|accn1253|personal cheque|5106|2022-03-24
trns1254|WPqvQeFN|accn1254|bearer cheque|8663|2022-03-24
trns1255|HoothefE|accn1255|bearer cheque|9256|2022-03-24
trns1256|LBdXKuNu|accn1256|personal cheque|455|2022-03-24
trns1257|pnjaerSE|accn1257|personal cheque|1812|2022-03-24
trns1258|nLkzwlrj|accn1258|personal cheque|1921|2022-03-24
trns1259|UYvHmvgb|accn1259|personal cheque|5426|2022-03-24
trns1260|JRSuQbun|accn1260|bearer cheque|7107|2022-03-24
trns1261|sQXvrekq|accn1261|bearer cheque|4977|2022-03-24
trns1262|XIAhhBZO|accn1262|bearer cheque|5150|2022-03-24
trns1263|TOIxIXwX|accn1263|personal cheque|7583|2022-03-24
trns1264|XgLIZxoH|accn1264|bearer cheque|9665|2022-03-24
trns1265|PrjKVyHW|accn1265|personal cheque|5187|2022-03-24
trns1266|uJysNNri|accn1266|bearer cheque|5059|2022-03-24
trns1267|aTEGsguW|accn1267|personal cheque|2770|2022-03-24
trns1268|coAQwUFh|accn1268|bearer cheque|2578|2022-03-24
trns1269|VSoBekNt|accn1269|bearer cheque|7611|2022-03-24
trns1270|dVhIdQZh|accn1270|bearer cheque|3149|2022-03-24
trns1271|nykHrXnJ|accn1271|personal cheque|4986|2022-03-24
trns1272|joFcITgX|accn1272|personal cheque|8004|2022-03-24
trns1273|oBouVXOc|accn1273|personal cheque|3052|2022-03-24
trns1274|kfsBfiGx|accn1274|personal cheque|4103|2022-03-24
trns1275|yJIwpMRG|accn1275|personal cheque|2022|2022-03-24
trns1276|LkugviQT|accn1276|bearer cheque|152|2022-03-24
trns1277|cErgdDgt|accn1277|personal cheque|3991|2022-03-24
trns1278|xLQQqmAm|accn1278|personal cheque|2582|2022-03-24
trns1279|XrbgoVmR|accn1279|bearer cheque|6221|2022-03-24
trns1280|cmjhFsJK|accn1280|personal cheque|9585|2022-03-24
trns1281|wSejVmKi|accn1281|personal cheque|652|2022-03-24
trns1282|YOvhKQKA|accn1282|bearer cheque|3338|2022-03-24
trns1283|XUyLReOC|accn1283|bearer cheque|1428|2022-03-24
trns1284|DgZSFCXe|accn1284|bearer cheque|6678|2022-03-24
trns1285|HbHQBGnK|accn1285|bearer cheque|34|2022-03-24
trns1286|JjwtVWFR|accn1286|bearer cheque|5789|2022-03-24
trns1287|hHpYZFOt|accn1287|personal cheque|1718|2022-03-24
trns1288|axsgBNNI|accn1288|personal cheque|4848|2022-03-24
trns1289|LHjNNHDE|accn1289|personal cheque|6831|2022-03-24
trns1290|TnypFdZE|accn1290|personal cheque|8685|2022-03-24
trns1291|vtbcMOpm|accn1291|personal cheque|9195|2022-03-24
trns1292|RZPPiMoc|accn1292|bearer cheque|9032|2022-03-24
trns1293|vXFMMEFu|accn1293|personal cheque|8004|2022-03-24
trns1294|YAdqrPLS|accn1294|bearer cheque|1167|2022-03-24
trns1295|EAdciDCh|accn1295|bearer cheque|6596|2022-03-24
trns1296|GWVmdRrR|accn1296|personal cheque|2707|2022-03-24
trns1297|uxsydmsR|accn1297|personal cheque|1266|2022-03-24
trns1298|wnBUMowF|accn1298|personal cheque|4828|2022-03-24
trns1299|ppqbZuOF|accn1299|personal cheque|8987|2022-03-24
trns1300|IhrBmwCs|accn1300|personal cheque|2385|2022-03-24
trns1301|vvExJywH|accn1301|personal cheque|4916|2022-03-24
trns1302|tZpNYCBW|accn1302|bearer cheque|3230|2022-03-24
trns1303|twEYTVtr|accn1303|personal cheque|5927|2022-03-24
trns1304|pInXtqGB|accn1304|bearer cheque|9861|2022-03-24
trns1305|ZIDIqBOf|accn1305|personal cheque|5495|2022-03-24
trns1306|rQZAIwul|accn1306|personal cheque|9638|2022-03-24
trns1307|lwbwydHe|accn1307|bearer cheque|6033|2022-03-24
trns1308|hbITEiFp|accn1308|bearer cheque|375|2022-03-24
trns1309|FgYrpQAz|accn1309|bearer cheque|4063|2022-03-24
trns1310|vMkjHMld|accn1310|personal cheque|3324|2022-03-24
trns1311|LonrAkGo|accn1311|personal cheque|8977|2022-03-24
trns1312|vldWhTuN|accn1312|bearer cheque|5572|2022-03-24
trns1313|jVyTmlal|accn1313|personal cheque|4716|2022-03-24
trns1314|pzktHEBf|accn1314|personal cheque|914|2022-03-24
trns1315|SoubKuLf|accn1315|bearer cheque|9009|2022-03-24
trns1316|otRWzxRI|accn1316|personal cheque|2001|2022-03-24
trns1317|syXtZkQB|accn1317|bearer cheque|7164|2022-03-24
trns1318|IhdFAFMz|accn1318|bearer cheque|4404|2022-03-24
trns1319|mKyGELEe|accn1319|personal cheque|6286|2022-03-24
trns1320|xreqlwpe|accn1320|bearer cheque|7342|2022-03-24
trns1321|ufccTvfH|accn1321|personal cheque|7026|2022-03-24
trns1322|UErhtZoe|accn1322|bearer cheque|1373|2022-03-24
trns1323|HLOdqoeq|accn1323|bearer cheque|9893|2022-03-24
trns1324|EwmXFHsl|accn1324|personal cheque|3331|2022-03-24
trns1325|DDQZCTou|accn1325|bearer cheque|5881|2022-03-24
trns1326|cVywfyzD|accn1326|bearer cheque|4145|2022-03-24
trns1327|qWVbHZCd|accn1327|personal cheque|7755|2022-03-24
trns1328|OIxMUBoT|accn1328|bearer cheque|6170|2022-03-24
trns1329|HkqYcIzO|accn1329|personal cheque|1323|2022-03-24
trns1330|LrZmBBoq|accn1330|personal cheque|9826|2022-03-24
trns1331|pwlJLkSR|accn1331|bearer cheque|4072|2022-03-24
trns1332|MbhrXgBF|accn1332|personal cheque|3784|2022-03-24
trns1333|KpheYqWg|accn1333|personal cheque|4929|2022-03-24
trns1334|iXTNAVTE|accn1334|bearer cheque|6778|2022-03-24
trns1335|aNiacaux|accn1335|bearer cheque|6307|2022-03-24
trns1336|urptJlxV|accn1336|personal cheque|2637|2022-03-24
trns1337|vlmXXofo|accn1337|personal cheque|8768|2022-03-24
trns1338|bLjmGyne|accn1338|bearer cheque|630|2022-03-24
trns1339|DmRWYfDN|accn1339|bearer cheque|6699|2022-03-24
trns1340|UOcGzZKv|accn1340|bearer cheque|1217|2022-03-24
trns1341|ncaXOtUi|accn1341|personal cheque|9269|2022-03-24
trns1342|htcxuLKH|accn1342|personal cheque|208|2022-03-24
trns1343|BbwRzSIY|accn1343|bearer cheque|4577|2022-03-24
trns1344|vamaSYXi|accn1344|bearer cheque|9987|2022-03-24
trns1345|IhSWVeQE|accn1345|bearer cheque|1401|2022-03-24
trns1346|GQJBuuxh|accn1346|bearer cheque|7468|2022-03-24
trns1347|SmHGUkPD|accn1347|bearer cheque|1043|2022-03-24
trns1348|kLiEKHEh|accn1348|personal cheque|1700|2022-03-24
trns1349|vQaOijUm|accn1349|bearer cheque|9855|2022-03-24
trns1350|CoLWIVhE|accn1350|personal cheque|4684|2022-03-24
trns1351|AoCSZeVC|accn1351|bearer cheque|4232|2022-03-24
trns1352|oIIYexal|accn1352|personal cheque|2976|2022-03-24
trns1353|dFHVODpX|accn1353|bearer cheque|7024|2022-03-24
trns1354|YpAVCJQu|accn1354|personal cheque|1021|2022-03-24
trns1355|XfMASINd|accn1355|bearer cheque|388|2022-03-24
trns1356|XqvnlgOI|accn1356|personal cheque|1335|2022-03-24
trns1357|FrixldyR|accn1357|bearer cheque|1093|2022-03-24
trns1358|enKKUNFq|accn1358|bearer cheque|8558|2022-03-24
trns1359|ATjSJVtU|accn1359|bearer cheque|6323|2022-03-24
trns1360|wymtVOkL|accn1360|personal cheque|887|2022-03-24
trns1361|DfYAlOpv|accn1361|bearer cheque|984|2022-03-24
trns1362|jQbskXaD|accn1362|personal cheque|4710|2022-03-24
trns1363|SrYkgqlF|accn1363|personal cheque|4074|2022-03-24
trns1364|peacWXIA|accn1364|bearer cheque|1619|2022-03-24
trns1365|OoPSegwg|accn1365|personal cheque|8400|2022-03-24
trns1366|dhtJeadm|accn1366|personal cheque|9488|2022-03-24
trns1367|RdrFqHoM|accn1367|bearer cheque|1518|2022-03-24
trns1368|AQjayxnU|accn1368|bearer cheque|8293|2022-03-24
trns1369|ArmOEmur|accn1369|personal cheque|1401|2022-03-24
trns1370|mmVvdEoF|accn1370|bearer cheque|6124|2022-03-24
trns1371|lyNAWxEi|accn1371|bearer cheque|8443|2022-03-24
trns1372|IIZYzHJg|accn1372|bearer cheque|7941|2022-03-24
trns1373|CRocnBFD|accn1373|personal cheque|1190|2022-03-24
trns1374|mxpCAEDz|accn1374|bearer cheque|7041|2022-03-24
trns1375|GmVIKsRJ|accn1375|bearer cheque|5354|2022-03-24
trns1376|gqzCZnKo|accn1376|personal cheque|2348|2022-03-24
trns1377|MOlrnNLX|accn1377|personal cheque|911|2022-03-24
trns1378|yElPAIKN|accn1378|bearer cheque|9626|2022-03-24
trns1379|mfQyFLZH|accn1379|personal cheque|5597|2022-03-24
trns1380|PdHlNMOG|accn1380|personal cheque|4947|2022-03-24
trns1381|rxWhMJuc|accn1381|personal cheque|7720|2022-03-24
trns1382|Vyupcfbf|accn1382|bearer cheque|8556|2022-03-24
trns1383|IuAUNbPJ|accn1383|bearer cheque|7406|2022-03-24
trns1384|JfiCXqfY|accn1384|bearer cheque|8049|2022-03-24
trns1385|hIHqQNdv|accn1385|bearer cheque|6633|2022-03-24
trns1386|PxjPJntk|accn1386|bearer cheque|5988|2022-03-24
trns1387|QtOktRqW|accn1387|bearer cheque|9061|2022-03-24
trns1388|yfLNADNI|accn1388|personal cheque|2803|2022-03-24
trns1389|aKVXByNb|accn1389|personal cheque|2289|2022-03-24
trns1390|lJwMUsyn|accn1390|bearer cheque|6235|2022-03-24
trns1391|nsRzUGEM|accn1391|personal cheque|4758|2022-03-24
trns1392|fkDiFkqQ|accn1392|bearer cheque|5753|2022-03-24
trns1393|CQsvYtXy|accn1393|bearer cheque|3027|2022-03-24
trns1394|JBSYHnOn|accn1394|bearer cheque|6407|2022-03-24
trns1395|ndaAnByA|accn1395|bearer cheque|34|2022-03-24
trns1396|FsMVEgsu|accn1396|personal cheque|7959|2022-03-24
trns1397|KSiYRTQq|accn1397|personal cheque|2110|2022-03-24
trns1398|HcuJGZZQ|accn1398|bearer cheque|3299|2022-03-24
trns1399|iZJyrSkz|accn1399|personal cheque|3823|2022-03-24
trns1400|EhRmYIFr|accn1400|personal cheque|2284|2022-03-24
trns1401|ZKjJItGE|accn1401|personal cheque|9936|2022-03-24
trns1402|OIPGTugB|accn1402|bearer cheque|774|2022-03-24
trns1403|oeonlesx|accn1403|personal cheque|6742|2022-03-24
trns1404|SvsxDQLf|accn1404|personal cheque|4006|2022-03-24
trns1405|vHgaqnaq|accn1405|bearer cheque|5543|2022-03-24
trns1406|ahhJDqzf|accn1406|bearer cheque|5831|2022-03-24
trns1407|yXLiDsKz|accn1407|bearer cheque|2461|2022-03-24
trns1408|thxecOqh|accn1408|bearer cheque|8017|2022-03-24
trns1409|kGSjPocb|accn1409|personal cheque|1226|2022-03-24
trns1410|oXHABIQu|accn1410|personal cheque|1449|2022-03-24
trns1411|JbXihoVK|accn1411|bearer cheque|1352|2022-03-24
trns1412|odbnasNU|accn1412|bearer cheque|755|2022-03-24
trns1413|sNhJcHEx|accn1413|personal cheque|3270|2022-03-24
trns1414|TkCPVgwf|accn1414|bearer cheque|7131|2022-03-24
trns1415|sjpsqhUC|accn1415|bearer cheque|240|2022-03-24
trns1416|BLqtIfEc|accn1416|bearer cheque|5750|2022-03-24
trns1417|mSMatOVU|accn1417|personal cheque|978|2022-03-24
trns1418|AmctZWCc|accn1418|bearer cheque|5363|2022-03-24
trns1419|JvGtjvva|accn1419|personal cheque|9990|2022-03-24
trns1420|WtGGGIQv|accn1420|personal cheque|7136|2022-03-24
trns1421|ViSwiJSL|accn1421|bearer cheque|6096|2022-03-24
trns1422|RfSgujoM|accn1422|bearer cheque|5788|2022-03-24
trns1423|uMzBbbNl|accn1423|bearer cheque|3900|2022-03-24
trns1424|EYdgpsHy|accn1424|bearer cheque|6830|2022-03-24
trns1425|mtghpUgG|accn1425|personal cheque|6623|2022-03-24
trns1426|uiOJIVod|accn1426|bearer cheque|5347|2022-03-24
trns1427|EUwVATcb|accn1427|bearer cheque|9637|2022-03-24
trns1428|UbYnxGEo|accn1428|bearer cheque|9152|2022-03-24
trns1429|tUxtgAGP|accn1429|bearer cheque|1032|2022-03-24
trns1430|mCbJxOBS|accn1430|personal cheque|7046|2022-03-24
trns1431|CTYrumuw|accn1431|personal cheque|5127|2022-03-24
trns1432|bSjmqRUE|accn1432|bearer cheque|7363|2022-03-24
trns1433|ojdYkcoC|accn1433|personal cheque|3964|2022-03-24
trns1434|GqDPXYaf|accn1434|personal cheque|9005|2022-03-24
trns1435|cZMZrlnV|accn1435|personal cheque|3230|2022-03-24
trns1436|tWXMMXZv|accn1436|bearer cheque|1384|2022-03-24
trns1437|HDlLiBnP|accn1437|bearer cheque|2529|2022-03-24
trns1438|kGwjaPEC|accn1438|bearer cheque|2392|2022-03-24
trns1439|anZtQaon|accn1439|bearer cheque|4490|2022-03-24
trns1440|PbVAbRPr|accn1440|personal cheque|4013|2022-03-24
trns1441|MQueScEq|accn1441|personal cheque|5816|2022-03-24
trns1442|crwhsTsQ|accn1442|bearer cheque|4254|2022-03-24
trns1443|SaRQYiWb|accn1443|bearer cheque|5972|2022-03-24
trns1444|FFaeCgjn|accn1444|bearer cheque|5616|2022-03-24
trns1445|dICxHrhX|accn1445|personal cheque|1259|2022-03-24
trns1446|hItWtNRe|accn1446|personal cheque|9249|2022-03-24
trns1447|auHHiOro|accn1447|personal cheque|5296|2022-03-24
trns1448|VDbtRYai|accn1448|bearer cheque|1109|2022-03-24
trns1449|aDwNkkKY|accn1449|bearer cheque|6033|2022-03-24
trns1450|nkPmyYKU|accn1450|personal cheque|4454|2022-03-24
trns1451|MjHkKoIN|accn1451|bearer cheque|262|2022-03-24
trns1452|UoTnQfrC|accn1452|bearer cheque|2170|2022-03-24
trns1453|NKHuCquP|accn1453|personal cheque|6946|2022-03-24
trns1454|rsmukrVr|accn1454|personal cheque|9752|2022-03-24
trns1455|SJUXyUPS|accn1455|bearer cheque|7570|2022-03-24
trns1456|AxvNKmAm|accn1456|personal cheque|8805|2022-03-24
trns1457|WbeepSXe|accn1457|bearer cheque|290|2022-03-24
trns1458|jthTRCna|accn1458|bearer cheque|879|2022-03-24
trns1459|yrGNxCJB|accn1459|personal cheque|7706|2022-03-24
trns1460|VTiMcUvb|accn1460|bearer cheque|928|2022-03-24
trns1461|UobkjaKA|accn1461|bearer cheque|114|2022-03-24
trns1462|SlnblsaJ|accn1462|bearer cheque|7929|2022-03-24
trns1463|YnXxEwvP|accn1463|bearer cheque|7172|2022-03-24
trns1464|LCgOFBkP|accn1464|personal cheque|8680|2022-03-24
trns1465|wQJaPipS|accn1465|personal cheque|5263|2022-03-24
trns1466|zqMiTcQO|accn1466|bearer cheque|2770|2022-03-24
trns1467|OnixFuGr|accn1467|personal cheque|8043|2022-03-24
trns1468|FaxUuubg|accn1468|bearer cheque|8032|2022-03-24
trns1469|CVphUNuz|accn1469|bearer cheque|3590|2022-03-24
trns1470|LxjmAAqn|accn1470|personal cheque|8487|2022-03-24
trns1471|HnpqAcQs|accn1471|bearer cheque|9011|2022-03-24
trns1472|IEcsqIDe|accn1472|bearer cheque|3089|2022-03-24
trns1473|aUEgfJLP|accn1473|personal cheque|5048|2022-03-24
trns1474|jVDsoCrA|accn1474|bearer cheque|7267|2022-03-24
trns1475|ZdmdCtsL|accn1475|bearer cheque|226|2022-03-24
trns1476|KjKLNSmj|accn1476|personal cheque|290|2022-03-24
trns1477|OhySvSuI|accn1477|personal cheque|4785|2022-03-24
trns1478|OCICvVZi|accn1478|bearer cheque|2562|2022-03-24
trns1479|eZfDicmL|accn1479|personal cheque|5545|2022-03-24
trns1480|EAIqlJtC|accn1480|personal cheque|8141|2022-03-24
trns1481|yjpbjTAa|accn1481|personal cheque|8697|2022-03-24
trns1482|iyPNBWgV|accn1482|bearer cheque|5805|2022-03-24
trns1483|RgauXagm|accn1483|bearer cheque|682|2022-03-24
trns1484|AzMmWLel|accn1484|personal cheque|8493|2022-03-24
trns1485|yZCFcTqT|accn1485|personal cheque|6947|2022-03-24
trns1486|EdEQZuAb|accn1486|personal cheque|9908|2022-03-24
trns1487|mStYHAyI|accn1487|personal cheque|2185|2022-03-24
trns1488|LtIDLTfb|accn1488|bearer cheque|4017|2022-03-24
trns1489|sbaMdlQh|accn1489|personal cheque|3827|2022-03-24
trns1490|dnGQtSiu|accn1490|personal cheque|9702|2022-03-24
trns1491|oOMBdPPb|accn1491|personal cheque|6366|2022-03-24
trns1492|WrdhkdDv|accn1492|bearer cheque|7724|2022-03-24
trns1493|kEEJZvNS|accn1493|personal cheque|4853|2022-03-24
trns1494|pafxGojR|accn1494|bearer cheque|7651|2022-03-24
trns1495|DGhymjts|accn1495|personal cheque|8517|2022-03-24
trns1496|qTLGAZhT|accn1496|bearer cheque|4615|2022-03-24
trns1497|jvLvcZFg|accn1497|bearer cheque|1456|2022-03-24
trns1498|uAsZXVhO|accn1498|bearer cheque|6746|2022-03-24
trns1499|FhDjlGDF|accn1499|personal cheque|6062|2022-03-24
trns1500|aSIqiagO|accn1500|personal cheque|1562|2022-03-24
trns1501|CIrrPmfS|accn1501|personal cheque|8146|2022-03-24
trns1502|DUTmkmNs|accn1502|bearer cheque|6639|2022-03-24
trns1503|pqmLZiIU|accn1503|personal cheque|566|2022-03-24
trns1504|yWKtJQEx|accn1504|bearer cheque|5087|2022-03-24
trns1505|xSeDsYVe|accn1505|personal cheque|1510|2022-03-24
trns1506|vECuSolR|accn1506|personal cheque|3763|2022-03-24
trns1507|MwDpBZxt|accn1507|bearer cheque|3033|2022-03-24
trns1508|duadQuLA|accn1508|personal cheque|7920|2022-03-24
trns1509|eDPEVtTA|accn1509|personal cheque|9321|2022-03-24
trns1510|RPuriZBa|accn1510|bearer cheque|70|2022-03-24
trns1511|NHXTckVW|accn1511|bearer cheque|8261|2022-03-24
trns1512|PhYZmZCm|accn1512|bearer cheque|6405|2022-03-24
trns1513|IjxfLAyf|accn1513|personal cheque|4309|2022-03-24
trns1514|vDeXThEj|accn1514|personal cheque|5818|2022-03-24
trns1515|MNwKaKgg|accn1515|bearer cheque|603|2022-03-24
trns1516|lzMdaYrd|accn1516|bearer cheque|2341|2022-03-24
trns1517|djJGRSLj|accn1517|bearer cheque|1452|2022-03-24
trns1518|mJprxugo|accn1518|bearer cheque|3369|2022-03-24
trns1519|xWIJEmkW|accn1519|bearer cheque|3840|2022-03-24
trns1520|diuLXnkF|accn1520|personal cheque|9998|2022-03-24
trns1521|qlPLCFdy|accn1521|personal cheque|2693|2022-03-24
trns1522|blwGqKkc|accn1522|bearer cheque|7981|2022-03-24
trns1523|ZsFLzkzN|accn1523|bearer cheque|7373|2022-03-24
trns1524|BYiQQiHe|accn1524|bearer cheque|9727|2022-03-24
trns1525|BCLVAfFT|accn1525|bearer cheque|1750|2022-03-24
trns1526|UaQHldDa|accn1526|personal cheque|6807|2022-03-24
trns1527|lDBXBKcx|accn1527|personal cheque|3813|2022-03-24
trns1528|DjGEqvnD|accn1528|personal cheque|8989|2022-03-24
trns1529|EyxHquUj|accn1529|personal cheque|4565|2022-03-24
trns1530|VzQWXprz|accn1530|personal cheque|5847|2022-03-24
trns1531|gLmspBEl|accn1531|bearer cheque|9956|2022-03-24
trns1532|JuYAvIAo|accn1532|bearer cheque|8735|2022-03-24
trns1533|oYtCmHuk|accn1533|bearer cheque|37|2022-03-24
trns1534|HvPuhSJb|accn1534|bearer cheque|2445|2022-03-24
trns1535|OxCGITCw|accn1535|bearer cheque|8785|2022-03-24
trns1536|EgodBAHC|accn1536|personal cheque|4611|2022-03-24
trns1537|ZiTTYKYf|accn1537|bearer cheque|7661|2022-03-24
trns1538|DQySXzOL|accn1538|personal cheque|182|2022-03-24
trns1539|dHILNJpV|accn1539|personal cheque|3306|2022-03-24
trns1540|COAWkExG|accn1540|personal cheque|4538|2022-03-24
trns1541|QlGmzoXR|accn1541|bearer cheque|2379|2022-03-24
trns1542|AiAxPdrS|accn1542|personal cheque|5954|2022-03-24
trns1543|NMsEGUNn|accn1543|personal cheque|66|2022-03-24
trns1544|UVFYtrcs|accn1544|personal cheque|550|2022-03-24
trns1545|iyUgjkpd|accn1545|personal cheque|1899|2022-03-24
trns1546|fvWghKlN|accn1546|bearer cheque|9101|2022-03-24
trns1547|RSaWVShV|accn1547|bearer cheque|808|2022-03-24
trns1548|HDbBbkOw|accn1548|bearer cheque|1855|2022-03-24
trns1549|VjfqiZGk|accn1549|personal cheque|5957|2022-03-24
trns1550|yrNWXNma|accn1550|personal cheque|9724|2022-03-24
trns1551|RPmgZRbC|accn1551|bearer cheque|3352|2022-03-24
trns1552|QAGaYszB|accn1552|bearer cheque|5432|2022-03-24
trns1553|vZzNUIeg|accn1553|personal cheque|3835|2022-03-24
trns1554|kGOGYbwR|accn1554|bearer cheque|2522|2022-03-24
trns1555|gzQluYfe|accn1555|personal cheque|7277|2022-03-24
trns1556|cQrSzjfJ|accn1556|bearer cheque|841|2022-03-24
trns1557|rikXAgRL|accn1557|bearer cheque|6725|2022-03-24
trns1558|FYNlZYrj|accn1558|bearer cheque|3236|2022-03-24
trns1559|KLwIoToZ|accn1559|personal cheque|8449|2022-03-24
trns1560|PdUusrRr|accn1560|bearer cheque|424|2022-03-24
trns1561|TqydsWhk|accn1561|bearer cheque|5652|2022-03-24
trns1562|mwbgHUiW|accn1562|bearer cheque|2243|2022-03-24
trns1563|OvcDmeZW|accn1563|bearer cheque|9561|2022-03-24
trns1564|ydeVKlEi|accn1564|bearer cheque|9688|2022-03-24
trns1565|DGEUGTDx|accn1565|bearer cheque|8303|2022-03-24
trns1566|FxcQbQkF|accn1566|bearer cheque|2995|2022-03-24
trns1567|TObnvpms|accn1567|bearer cheque|4531|2022-03-24
trns1568|VsyIBCly|accn1568|bearer cheque|1061|2022-03-24
trns1569|TvuzePAE|accn1569|bearer cheque|1968|2022-03-24
trns1570|EjRXqgYC|accn1570|bearer cheque|198|2022-03-24
trns1571|VsdNTrEy|accn1571|personal cheque|3343|2022-03-24
trns1572|zbPfLeQB|accn1572|bearer cheque|4811|2022-03-24
trns1573|GojavloQ|accn1573|personal cheque|1383|2022-03-24
trns1574|WLaPTzHH|accn1574|bearer cheque|5705|2022-03-24
trns1575|omNiWCNb|accn1575|bearer cheque|9512|2022-03-24
trns1576|qlHVvfBg|accn1576|bearer cheque|5347|2022-03-24
trns1577|TZKKfmVB|accn1577|personal cheque|8930|2022-03-24
trns1578|nYyEBtbY|accn1578|bearer cheque|2361|2022-03-24
trns1579|VVtDODfZ|accn1579|personal cheque|8555|2022-03-24
trns1580|MmtkAnCe|accn1580|personal cheque|3888|2022-03-24
trns1581|kTKYlotq|accn1581|personal cheque|485|2022-03-24
trns1582|FTarUeBD|accn1582|bearer cheque|3911|2022-03-24
trns1583|QFXDukQS|accn1583|personal cheque|9306|2022-03-24
trns1584|AsVygCZC|accn1584|bearer cheque|9764|2022-03-24
trns1585|yiBQPsyR|accn1585|personal cheque|7683|2022-03-24
trns1586|tUpsiAoZ|accn1586|bearer cheque|9454|2022-03-24
trns1587|xyMzRJPn|accn1587|bearer cheque|449|2022-03-24
trns1588|UAdtBPED|accn1588|bearer cheque|9867|2022-03-24
trns1589|lNWoqXhw|accn1589|personal cheque|7391|2022-03-24
trns1590|wRDnCdvm|accn1590|personal cheque|4326|2022-03-24
trns1591|XVSrhGwu|accn1591|bearer cheque|6253|2022-03-24
trns1592|kohmjqNu|accn1592|bearer cheque|3060|2022-03-24
trns1593|FZmUVudx|accn1593|bearer cheque|5347|2022-03-24
trns1594|HVerzpSB|accn1594|bearer cheque|4480|2022-03-24
trns1595|cymWCUQl|accn1595|personal cheque|2258|2022-03-24
trns1596|MGzlJOPy|accn1596|personal cheque|3255|2022-03-24
trns1597|VvhzofQo|accn1597|personal cheque|1750|2022-03-24
trns1598|WXQGbvCA|accn1598|personal cheque|7120|2022-03-24
trns1599|fJdydVnE|accn1599|bearer cheque|1888|2022-03-24
trns1600|gbOiyLoA|accn1600|personal cheque|1012|2022-03-24
trns1601|TryrtIuh|accn1601|bearer cheque|518|2022-03-24
trns1602|tlZrvBkO|accn1602|personal cheque|3977|2022-03-24
trns1603|QLhmrQQt|accn1603|bearer cheque|9563|2022-03-24
trns1604|EnTcGDnK|accn1604|bearer cheque|6530|2022-03-24
trns1605|iJToPnNl|accn1605|personal cheque|4296|2022-03-24
trns1606|yJLSwBdM|accn1606|personal cheque|1223|2022-03-24
trns1607|yTxtZaDa|accn1607|personal cheque|2244|2022-03-24
trns1608|WCZHUMQX|accn1608|personal cheque|6188|2022-03-24
trns1609|AsAsNCGw|accn1609|bearer cheque|1290|2022-03-24
trns1610|eJejXmcy|accn1610|bearer cheque|4801|2022-03-24
trns1611|WQteeNsq|accn1611|bearer cheque|9651|2022-03-24
trns1612|bqVFyWHu|accn1612|personal cheque|5557|2022-03-24
trns1613|UwYZrXAZ|accn1613|personal cheque|1963|2022-03-24
trns1614|jkFgQNdo|accn1614|bearer cheque|9516|2022-03-24
trns1615|OBbLyFzN|accn1615|personal cheque|994|2022-03-24
trns1616|GTBKjdad|accn1616|bearer cheque|7863|2022-03-24
trns1617|FLrIcapk|accn1617|bearer cheque|6281|2022-03-24
trns1618|dctIukFn|accn1618|bearer cheque|5032|2022-03-24
trns1619|KLmRCnZP|accn1619|bearer cheque|7812|2022-03-24
trns1620|vnniPFci|accn1620|bearer cheque|2120|2022-03-24
trns1621|hVnIdAUf|accn1621|personal cheque|6790|2022-03-24
trns1622|PYyGZBwl|accn1622|personal cheque|9174|2022-03-24
trns1623|HEpcVPut|accn1623|bearer cheque|8740|2022-03-24
trns1624|cGfWSmBu|accn1624|bearer cheque|2956|2022-03-24
trns1625|CoXxVvFw|accn1625|personal cheque|8926|2022-03-24
trns1626|ZkoXYXmC|accn1626|bearer cheque|4883|2022-03-24
trns1627|CnIyduGG|accn1627|personal cheque|324|2022-03-24
trns1628|ZgNAmCmI|accn1628|bearer cheque|1907|2022-03-24
trns1629|snJPedEw|accn1629|bearer cheque|3445|2022-03-24
trns1630|tYaGEuIz|accn1630|bearer cheque|9111|2022-03-24
trns1631|Rhdpnpol|accn1631|bearer cheque|8623|2022-03-24
trns1632|NhhyCQfw|accn1632|bearer cheque|4204|2022-03-24
trns1633|bVOdIsDH|accn1633|personal cheque|4257|2022-03-24
trns1634|eYZQZJnQ|accn1634|personal cheque|7909|2022-03-24
trns1635|smbeoRxz|accn1635|personal cheque|8377|2022-03-24
trns1636|RuwYmeUd|accn1636|personal cheque|4459|2022-03-24
trns1637|tZtGfNDv|accn1637|personal cheque|2272|2022-03-24
trns1638|iyTOJVwt|accn1638|personal cheque|3874|2022-03-24
trns1639|ShAcXSKy|accn1639|bearer cheque|6793|2022-03-24
trns1640|vpTiadrX|accn1640|personal cheque|1414|2022-03-24
trns1641|scOqdiUm|accn1641|personal cheque|6541|2022-03-24
trns1642|ewitRdIl|accn1642|bearer cheque|6176|2022-03-24
trns1643|kqvYnaIo|accn1643|personal cheque|1090|2022-03-24
trns1644|PHATVGua|accn1644|bearer cheque|8964|2022-03-24
trns1645|TbFOxpAB|accn1645|personal cheque|7216|2022-03-24
trns1646|SHGZIMEt|accn1646|bearer cheque|7106|2022-03-24
trns1647|PGxrGSBL|accn1647|personal cheque|9441|2022-03-24
trns1648|HZhBquTd|accn1648|personal cheque|3641|2022-03-24
trns1649|YCAepTGi|accn1649|bearer cheque|3856|2022-03-24
trns1650|rjRrnbrF|accn1650|bearer cheque|1098|2022-03-24
trns1651|GFPlnTFI|accn1651|bearer cheque|8064|2022-03-24
trns1652|YXnUZMmi|accn1652|bearer cheque|3133|2022-03-24
trns1653|pebaFPmX|accn1653|personal cheque|6832|2022-03-24
trns1654|oqfIrCtv|accn1654|personal cheque|9661|2022-03-24
trns1655|kdkABnpg|accn1655|bearer cheque|9343|2022-03-24
trns1656|ZuEHSgms|accn1656|personal cheque|4247|2022-03-24
trns1657|oysnbdYP|accn1657|bearer cheque|3350|2022-03-24
trns1658|lJflQUtw|accn1658|personal cheque|1240|2022-03-24
trns1659|tZYNdXns|accn1659|personal cheque|3453|2022-03-24
trns1660|JnyWzrTP|accn1660|bearer cheque|9504|2022-03-24
trns1661|EhyTQscY|accn1661|personal cheque|7194|2022-03-24
trns1662|lTPXpcsM|accn1662|personal cheque|4112|2022-03-24
trns1663|GtyAMShL|accn1663|bearer cheque|2242|2022-03-24
trns1664|bOOOCHRC|accn1664|bearer cheque|5984|2022-03-24
trns1665|mpQFDwHE|accn1665|personal cheque|6865|2022-03-24
trns1666|LUFyswLc|accn1666|personal cheque|3294|2022-03-24
trns1667|rusJnFhT|accn1667|bearer cheque|138|2022-03-24
trns1668|ALxwSDGr|accn1668|personal cheque|1028|2022-03-24
trns1669|gKgNWtnR|accn1669|bearer cheque|8926|2022-03-24
trns1670|cymBULTJ|accn1670|bearer cheque|3125|2022-03-24
trns1671|EoQcvvhY|accn1671|bearer cheque|1508|2022-03-24
trns1672|HLjHpGBD|accn1672|bearer cheque|8501|2022-03-24
trns1673|GccZBans|accn1673|bearer cheque|6770|2022-03-24
trns1674|ocNfYXsL|accn1674|bearer cheque|7883|2022-03-24
trns1675|RbftPRSu|accn1675|bearer cheque|5152|2022-03-24
trns1676|ROVSqpsU|accn1676|personal cheque|6716|2022-03-24
trns1677|OBWUeRnW|accn1677|personal cheque|8417|2022-03-24
trns1678|LMOYHPlq|accn1678|bearer cheque|4630|2022-03-24
trns1679|mLAoSNsF|accn1679|bearer cheque|6056|2022-03-24
trns1680|uYZuXuZj|accn1680|personal cheque|7267|2022-03-24
trns1681|BXmuOepj|accn1681|bearer cheque|9892|2022-03-24
trns1682|JWnVrbBA|accn1682|bearer cheque|8477|2022-03-24
trns1683|nOoMBpqo|accn1683|bearer cheque|8464|2022-03-24
trns1684|vcuxlPJw|accn1684|personal cheque|556|2022-03-24
trns1685|dSSlInbw|accn1685|personal cheque|9880|2022-03-24
trns1686|zEvLejMr|accn1686|bearer cheque|9759|2022-03-24
trns1687|yfPapQbo|accn1687|bearer cheque|634|2022-03-24
trns1688|qUgBbHal|accn1688|bearer cheque|2599|2022-03-24
trns1689|PMghBUqN|accn1689|personal cheque|1008|2022-03-24
trns1690|AgOtanbj|accn1690|bearer cheque|1579|2022-03-24
trns1691|tXAZFygO|accn1691|personal cheque|8426|2022-03-24
trns1692|ZxedXSPP|accn1692|personal cheque|1149|2022-03-24
trns1693|ojpsWthY|accn1693|personal cheque|5725|2022-03-24
trns1694|LlsLymwq|accn1694|bearer cheque|6498|2022-03-24
trns1695|ZduekVNF|accn1695|personal cheque|1982|2022-03-24
trns1696|eflcSOrF|accn1696|personal cheque|2921|2022-03-24
trns1697|WEsDZTlt|accn1697|personal cheque|7245|2022-03-24
trns1698|xChUeUmh|accn1698|bearer cheque|7271|2022-03-24
trns1699|yCGSCsDy|accn1699|bearer cheque|4193|2022-03-24
trns1700|obqCCwjF|accn1700|personal cheque|2944|2022-03-24
trns1701|gWxmOcmc|accn1701|personal cheque|9109|2022-03-24
trns1702|oJxJVYVv|accn1702|bearer cheque|1954|2022-03-24
trns1703|KHxtolyu|accn1703|personal cheque|4680|2022-03-24
trns1704|ceOfNiSX|accn1704|personal cheque|133|2022-03-24
trns1705|gUKdifCJ|accn1705|personal cheque|5675|2022-03-24
trns1706|aDnxuoqy|accn1706|personal cheque|1226|2022-03-24
trns1707|sPwvdUIw|accn1707|personal cheque|9916|2022-03-24
trns1708|HwjYyngd|accn1708|bearer cheque|7779|2022-03-24
trns1709|iWzTeluZ|accn1709|personal cheque|5793|2022-03-24
trns1710|KDQRqZEF|accn1710|personal cheque|1290|2022-03-24
trns1711|QXPfFGwj|accn1711|personal cheque|3252|2022-03-24
trns1712|gmFZwYEd|accn1712|personal cheque|9734|2022-03-24
trns1713|tQIxSINM|accn1713|bearer cheque|5307|2022-03-24
trns1714|AIBKeqjO|accn1714|personal cheque|628|2022-03-24
trns1715|FEEIaPJC|accn1715|bearer cheque|3159|2022-03-24
trns1716|GuPrUhrK|accn1716|bearer cheque|4870|2022-03-24
trns1717|hSyvOCVC|accn1717|bearer cheque|231|2022-03-24
trns1718|KcIthvUP|accn1718|bearer cheque|3504|2022-03-24
trns1719|BGwEDvmn|accn1719|personal cheque|9841|2022-03-24
trns1720|MKdFfaWo|accn1720|personal cheque|8887|2022-03-24
trns1721|FpZkXskW|accn1721|personal cheque|4301|2022-03-24
trns1722|hTCbdOdC|accn1722|bearer cheque|2791|2022-03-24
trns1723|hylIEUtR|accn1723|personal cheque|8253|2022-03-24
trns1724|IbnKwcSW|accn1724|personal cheque|8169|2022-03-24
trns1725|uNefCLQk|accn1725|bearer cheque|4708|2022-03-24
trns1726|llEgyQki|accn1726|personal cheque|2824|2022-03-24
trns1727|nCMRjwxN|accn1727|bearer cheque|8042|2022-03-24
trns1728|XZDVahYO|accn1728|personal cheque|4355|2022-03-24
trns1729|osczscTE|accn1729|personal cheque|7483|2022-03-24
trns1730|xMeAkaiA|accn1730|bearer cheque|9259|2022-03-24
trns1731|pkLayXjr|accn1731|personal cheque|8007|2022-03-24
trns1732|tbswTrYM|accn1732|bearer cheque|7444|2022-03-24
trns1733|MCYczjNe|accn1733|bearer cheque|9357|2022-03-24
trns1734|KYtcciea|accn1734|personal cheque|6567|2022-03-24
trns1735|pnIGrbbn|accn1735|personal cheque|5600|2022-03-24
trns1736|tiZpvjJF|accn1736|personal cheque|7440|2022-03-24
trns1737|vspiQgph|accn1737|bearer cheque|3751|2022-03-24
trns1738|nQxcbOdq|accn1738|bearer cheque|8875|2022-03-24
trns1739|KFGJsSdJ|accn1739|personal cheque|4041|2022-03-24
trns1740|ciXjWHAA|accn1740|personal cheque|6086|2022-03-24
trns1741|WxBuobgW|accn1741|bearer cheque|1764|2022-03-24
trns1742|UGViAczz|accn1742|bearer cheque|7175|2022-03-24
trns1743|tBtWTlci|accn1743|bearer cheque|8664|2022-03-24
trns1744|Orbiyegw|accn1744|bearer cheque|5959|2022-03-24
trns1745|fjBGKIcO|accn1745|personal cheque|583|2022-03-24
trns1746|gREeBhIp|accn1746|bearer cheque|3618|2022-03-24
trns1747|dsBQIrpo|accn1747|personal cheque|7798|2022-03-24
trns1748|PwHhaNta|accn1748|personal cheque|6515|2022-03-24
trns1749|XuRAMpfs|accn1749|bearer cheque|9982|2022-03-24
trns1750|xLiOulTm|accn1750|personal cheque|5662|2022-03-24
trns1751|zXWQwSWk|accn1751|bearer cheque|8293|2022-03-24
trns1752|GPLgCkuS|accn1752|personal cheque|8175|2022-03-24
trns1753|ziunhxbV|accn1753|personal cheque|242|2022-03-24
trns1754|uDBZfJAq|accn1754|bearer cheque|1603|2022-03-24
trns1755|IOsZHzoy|accn1755|personal cheque|8548|2022-03-24
trns1756|yjZlgtqD|accn1756|bearer cheque|3491|2022-03-24
trns1757|VivkmXOG|accn1757|personal cheque|9915|2022-03-24
trns1758|YytsofAT|accn1758|personal cheque|7165|2022-03-24
trns1759|fcMzNssy|accn1759|personal cheque|4979|2022-03-24
trns1760|tgGxnYDr|accn1760|personal cheque|4754|2022-03-24
trns1761|SjahXOvv|accn1761|bearer cheque|2567|2022-03-24
trns1762|aPjvrDTa|accn1762|bearer cheque|4220|2022-03-24
trns1763|YyKQwUfQ|accn1763|bearer cheque|9453|2022-03-24
trns1764|RbzHkcmv|accn1764|bearer cheque|2242|2022-03-24
trns1765|zEjwMGeN|accn1765|personal cheque|9757|2022-03-24
trns1766|qtHnMxrF|accn1766|personal cheque|2034|2022-03-24
trns1767|wwZqWUxb|accn1767|bearer cheque|8790|2022-03-24
trns1768|ckTDwIbl|accn1768|personal cheque|1807|2022-03-24
trns1769|GYQDelwQ|accn1769|bearer cheque|2951|2022-03-24
trns1770|dprZUukL|accn1770|personal cheque|3037|2022-03-24
trns1771|ucfsYihK|accn1771|bearer cheque|6823|2022-03-24
trns1772|XGioXhxW|accn1772|bearer cheque|7834|2022-03-24
trns1773|mshZVfkz|accn1773|personal cheque|5096|2022-03-24
trns1774|NNLZatID|accn1774|bearer cheque|6680|2022-03-24
trns1775|emCGkhks|accn1775|bearer cheque|8556|2022-03-24
trns1776|bCYYkcfi|accn1776|personal cheque|6540|2022-03-24
trns1777|lKMNxmgq|accn1777|bearer cheque|90|2022-03-24
trns1778|AOHvHmij|accn1778|bearer cheque|4885|2022-03-24
trns1779|zHfPizKu|accn1779|bearer cheque|7957|2022-03-24
trns1780|QwiqLugA|accn1780|bearer cheque|385|2022-03-24
trns1781|uJiLXSAf|accn1781|bearer cheque|1640|2022-03-24
trns1782|VDOFiIYR|accn1782|personal cheque|7519|2022-03-24
trns1783|gNQKgbyR|accn1783|bearer cheque|3540|2022-03-24
trns1784|rONEapTs|accn1784|personal cheque|5649|2022-03-24
trns1785|rCFTnHUk|accn1785|personal cheque|5432|2022-03-24
trns1786|GzAtDVGo|accn1786|personal cheque|4868|2022-03-24
trns1787|EVrReeAB|accn1787|personal cheque|2020|2022-03-24
trns1788|ZIhIVzjR|accn1788|personal cheque|3551|2022-03-24
trns1789|AEHvkoem|accn1789|personal cheque|6909|2022-03-24
trns1790|NrBJUNvw|accn1790|personal cheque|9498|2022-03-24
trns1791|MNbUkRrP|accn1791|bearer cheque|2282|2022-03-24
trns1792|bwakhhXi|accn1792|personal cheque|3740|2022-03-24
trns1793|ZkNfJAUc|accn1793|bearer cheque|4739|2022-03-24
trns1794|xjdAQFPz|accn1794|bearer cheque|4736|2022-03-24
trns1795|IlRZYosN|accn1795|bearer cheque|9269|2022-03-24
trns1796|ZprdPqkS|accn1796|personal cheque|7029|2022-03-24
trns1797|zpnizHoS|accn1797|bearer cheque|3124|2022-03-24
trns1798|qutboFZc|accn1798|personal cheque|7385|2022-03-24
trns1799|KUzuCrGB|accn1799|personal cheque|595|2022-03-24
trns1800|XPJCNRKv|accn1800|bearer cheque|6864|2022-03-24
trns1801|OVnLoseg|accn1801|bearer cheque|6395|2022-03-24
trns1802|djzKeXjt|accn1802|bearer cheque|5855|2022-03-24
trns1803|dgUZHmAd|accn1803|bearer cheque|6456|2022-03-24
trns1804|SHDbAtxe|accn1804|personal cheque|9408|2022-03-24
trns1805|uFcCDRex|accn1805|personal cheque|6991|2022-03-24
trns1806|lodjlziC|accn1806|personal cheque|7755|2022-03-24
trns1807|NQZwyYcg|accn1807|bearer cheque|7535|2022-03-24
trns1808|ILQwrAsO|accn1808|personal cheque|7740|2022-03-24
trns1809|QuWFBEwL|accn1809|personal cheque|6389|2022-03-24
trns1810|XUOWiNmG|accn1810|personal cheque|7455|2022-03-24
trns1811|YDVgrGbZ|accn1811|bearer cheque|1725|2022-03-24
trns1812|tyKXRGjZ|accn1812|personal cheque|8504|2022-03-24
trns1813|QnYFxpXY|accn1813|bearer cheque|1344|2022-03-24
trns1814|BbnlHatm|accn1814|bearer cheque|2762|2022-03-24
trns1815|XRfceVdh|accn1815|personal cheque|1309|2022-03-24
trns1816|VtUMmBCU|accn1816|personal cheque|4020|2022-03-24
trns1817|cWrDWJmV|accn1817|personal cheque|25|2022-03-24
trns1818|HZyZPtJY|accn1818|bearer cheque|3271|2022-03-24
trns1819|RRswDdPY|accn1819|personal cheque|4098|2022-03-24
trns1820|RnZJRwYE|accn1820|bearer cheque|1481|2022-03-24
trns1821|jSNsIHUQ|accn1821|bearer cheque|495|2022-03-24
trns1822|IMeXADBV|accn1822|bearer cheque|3931|2022-03-24
trns1823|seGlToPH|accn1823|personal cheque|9556|2022-03-24
trns1824|iCldahGw|accn1824|personal cheque|4224|2022-03-24
trns1825|DmVgPgpR|accn1825|bearer cheque|2577|2022-03-24
trns1826|ktUPnJwO|accn1826|personal cheque|8600|2022-03-24
trns1827|YuBtEHlH|accn1827|bearer cheque|9248|2022-03-24
trns1828|meUYsmci|accn1828|bearer cheque|7667|2022-03-24
trns1829|fNNFKqOd|accn1829|bearer cheque|7433|2022-03-24
trns1830|IDYdoCsR|accn1830|bearer cheque|7868|2022-03-24
trns1831|ywNyUlJV|accn1831|personal cheque|1356|2022-03-24
trns1832|zSmocKoQ|accn1832|bearer cheque|7940|2022-03-24
trns1833|QrthZzBH|accn1833|bearer cheque|2519|2022-03-24
trns1834|vurSuWgk|accn1834|personal cheque|5290|2022-03-24
trns1835|SigCuZvz|accn1835|personal cheque|5046|2022-03-24
trns1836|eoFsTZjA|accn1836|personal cheque|2943|2022-03-24
trns1837|XbWxvKyB|accn1837|bearer cheque|9877|2022-03-24
trns1838|yNiJtvMp|accn1838|bearer cheque|9973|2022-03-24
trns1839|MqGjJDjG|accn1839|personal cheque|5564|2022-03-24
trns1840|lXYGQGLx|accn1840|personal cheque|6106|2022-03-24
trns1841|iARMzvIH|accn1841|personal cheque|6221|2022-03-24
trns1842|oJsfubAx|accn1842|personal cheque|9184|2022-03-24
trns1843|pWyhlaEP|accn1843|bearer cheque|6450|2022-03-24
trns1844|AmSWuZoh|accn1844|personal cheque|2210|2022-03-24
trns1845|SIODAJkC|accn1845|bearer cheque|7769|2022-03-24
trns1846|jBmaqdXo|accn1846|personal cheque|3108|2022-03-24
trns1847|HBkarnLD|accn1847|personal cheque|4444|2022-03-24
trns1848|eBhoERQd|accn1848|personal cheque|1135|2022-03-24
trns1849|ivAMqIfb|accn1849|personal cheque|3147|2022-03-24
trns1850|uEyHXjMh|accn1850|bearer cheque|6895|2022-03-24
trns1851|sDTdmEtK|accn1851|personal cheque|1441|2022-03-24
trns1852|oUHfNnlx|accn1852|bearer cheque|4359|2022-03-24
trns1853|iUXxfIJD|accn1853|bearer cheque|3449|2022-03-24
trns1854|MYgjMkZj|accn1854|personal cheque|4015|2022-03-24
trns1855|qyEaJwRK|accn1855|bearer cheque|4977|2022-03-24
trns1856|ZAqQKEYL|accn1856|personal cheque|4988|2022-03-24
trns1857|XCapFnTD|accn1857|bearer cheque|4260|2022-03-24
trns1858|mrQmQmAI|accn1858|bearer cheque|4776|2022-03-24
trns1859|ippjSloZ|accn1859|personal cheque|5554|2022-03-24
trns1860|gvNdqbuf|accn1860|bearer cheque|7003|2022-03-24
trns1861|syMWORvb|accn1861|personal cheque|5318|2022-03-24
trns1862|wOfNCrkL|accn1862|personal cheque|9766|2022-03-24
trns1863|XlQmxYXO|accn1863|personal cheque|8724|2022-03-24
trns1864|sfgBWuYJ|accn1864|bearer cheque|2813|2022-03-24
trns1865|tAumRjUK|accn1865|personal cheque|1024|2022-03-24
trns1866|LkwzpGLC|accn1866|bearer cheque|8930|2022-03-24
trns1867|gYkInXTm|accn1867|bearer cheque|6744|2022-03-24
trns1868|fWruOuFw|accn1868|personal cheque|5506|2022-03-24
trns1869|uNBFFqJe|accn1869|personal cheque|9664|2022-03-24
trns1870|xtxAiQFy|accn1870|bearer cheque|7181|2022-03-24
trns1871|uqyOsRcM|accn1871|personal cheque|8426|2022-03-24
trns1872|SvaCTnJA|accn1872|personal cheque|48|2022-03-24
trns1873|fICvhyGr|accn1873|personal cheque|8056|2022-03-24
trns1874|SegcgNKU|accn1874|personal cheque|7777|2022-03-24
trns1875|YWuoqZvR|accn1875|personal cheque|8917|2022-03-24
trns1876|ffBSqDqY|accn1876|bearer cheque|7977|2022-03-24
trns1877|dfdzqDVi|accn1877|personal cheque|2802|2022-03-24
trns1878|nKNukiMO|accn1878|personal cheque|3759|2022-03-24
trns1879|WPLYZaRY|accn1879|personal cheque|8612|2022-03-24
trns1880|nUzLKRLQ|accn1880|personal cheque|1547|2022-03-24
trns1881|mQPLRzDX|accn1881|personal cheque|3600|2022-03-24
trns1882|BjPQSWpc|accn1882|personal cheque|5167|2022-03-24
trns1883|qlTBEQbo|accn1883|personal cheque|4590|2022-03-24
trns1884|IKpauDyH|accn1884|personal cheque|5435|2022-03-24
trns1885|YHChdFpZ|accn1885|personal cheque|3183|2022-03-24
trns1886|ELedqeGo|accn1886|personal cheque|9491|2022-03-24
trns1887|txSEgawU|accn1887|bearer cheque|7764|2022-03-24
trns1888|vEbbCzmW|accn1888|bearer cheque|7350|2022-03-24
trns1889|GCJaVwKI|accn1889|personal cheque|1706|2022-03-24
trns1890|HXEFSAxk|accn1890|personal cheque|9273|2022-03-24
trns1891|WnuElzlG|accn1891|personal cheque|7578|2022-03-24
trns1892|yrXvzewU|accn1892|bearer cheque|5141|2022-03-24
trns1893|AgQarkOy|accn1893|bearer cheque|728|2022-03-24
trns1894|JqhyPAcb|accn1894|bearer cheque|7478|2022-03-24
trns1895|nMZkNXcT|accn1895|bearer cheque|7084|2022-03-24
trns1896|KosQMwVK|accn1896|personal cheque|6966|2022-03-24
trns1897|hPBfChVf|accn1897|personal cheque|8808|2022-03-24
trns1898|fsheXPWU|accn1898|personal cheque|3397|2022-03-24
trns1899|zKmZsiRo|accn1899|bearer cheque|1819|2022-03-24
trns1900|lsoGLPnD|accn1900|bearer cheque|7293|2022-03-24
trns1901|gWMmVuCB|accn1901|personal cheque|3499|2022-03-24
trns1902|fLrOBhvP|accn1902|personal cheque|6606|2022-03-24
trns1903|wLHhWxPf|accn1903|personal cheque|8594|2022-03-24
trns1904|gMZaSlCP|accn1904|personal cheque|3570|2022-03-24
trns1905|vqBVZgSd|accn1905|personal cheque|6985|2022-03-24
trns1906|FSstKFLz|accn1906|personal cheque|8094|2022-03-24
trns1907|dmBjGPGi|accn1907|personal cheque|2581|2022-03-24
trns1908|nOCvJsuq|accn1908|personal cheque|6470|2022-03-24
trns1909|yWTkHWGX|accn1909|personal cheque|925|2022-03-24
trns1910|NNNzVosk|accn1910|bearer cheque|4352|2022-03-24
trns1911|PAIamKJS|accn1911|bearer cheque|8904|2022-03-24
trns1912|MLTJZsWw|accn1912|personal cheque|4637|2022-03-24
trns1913|JOrwdcVu|accn1913|personal cheque|1883|2022-03-24
trns1914|jCxpYIRq|accn1914|bearer cheque|3497|2022-03-24
trns1915|GNndnhOX|accn1915|personal cheque|5243|2022-03-24
trns1916|zamVCMuY|accn1916|bearer cheque|7449|2022-03-24
trns1917|ZUinxemQ|accn1917|personal cheque|5619|2022-03-24
trns1918|hxqKHVsJ|accn1918|bearer cheque|7974|2022-03-24
trns1919|soSneOTK|accn1919|bearer cheque|2333|2022-03-24
trns1920|CWGawmHX|accn1920|personal cheque|6425|2022-03-24
trns1921|JHUXxutp|accn1921|personal cheque|3500|2022-03-24
trns1922|cBUkajoS|accn1922|bearer cheque|853|2022-03-24
trns1923|SnAggTdS|accn1923|personal cheque|4283|2022-03-24
trns1924|TQJZmjpi|accn1924|bearer cheque|980|2022-03-24
trns1925|lTfMTnAQ|accn1925|personal cheque|1224|2022-03-24
trns1926|mpVcIPex|accn1926|bearer cheque|4344|2022-03-24
trns1927|oWBxtVDz|accn1927|personal cheque|2621|2022-03-24
trns1928|IPFHrzLx|accn1928|personal cheque|1348|2022-03-24
trns1929|TYtEaxDD|accn1929|personal cheque|2538|2022-03-24
trns1930|xllSCGXB|accn1930|bearer cheque|5431|2022-03-24
trns1931|auqzknai|accn1931|personal cheque|9588|2022-03-24
trns1932|fWNGNIKO|accn1932|bearer cheque|9309|2022-03-24
trns1933|QFRdzNJm|accn1933|personal cheque|9897|2022-03-24
trns1934|AMAFgqtL|accn1934|bearer cheque|8795|2022-03-24
trns1935|ORnnbnkL|accn1935|personal cheque|8548|2022-03-24
trns1936|CzeJlBsw|accn1936|bearer cheque|5586|2022-03-24
trns1937|mmcNjHwz|accn1937|personal cheque|2888|2022-03-24
trns1938|HQdoZmLf|accn1938|personal cheque|3081|2022-03-24
trns1939|MpGWqfsn|accn1939|personal cheque|5804|2022-03-24
trns1940|tPMqZgfg|accn1940|personal cheque|3574|2022-03-24
trns1941|Siikxsth|accn1941|bearer cheque|1318|2022-03-24
trns1942|vPhtTDDp|accn1942|bearer cheque|5915|2022-03-24
trns1943|ExTOiHnh|accn1943|bearer cheque|4633|2022-03-24
trns1944|VkwjOwMP|accn1944|bearer cheque|1527|2022-03-24
trns1945|UvWaVDqV|accn1945|bearer cheque|9899|2022-03-24
trns1946|vJavMZOG|accn1946|bearer cheque|1604|2022-03-24
trns1947|SbZcQApI|accn1947|personal cheque|6061|2022-03-24
trns1948|SLYIuMbU|accn1948|bearer cheque|6975|2022-03-24
trns1949|ymfNPLrm|accn1949|personal cheque|5612|2022-03-24
trns1950|wFIzsRsQ|accn1950|personal cheque|516|2022-03-24
trns1951|OjXQyYsE|accn1951|personal cheque|6963|2022-03-24
trns1952|VxJRBCIx|accn1952|personal cheque|1215|2022-03-24
trns1953|FoOevtZz|accn1953|bearer cheque|3658|2022-03-24
trns1954|ObCXHqrx|accn1954|bearer cheque|6476|2022-03-24
trns1955|QKousbUO|accn1955|bearer cheque|3963|2022-03-24
trns1956|mYcJYMmy|accn1956|personal cheque|7786|2022-03-24
trns1957|vnoMKQbx|accn1957|personal cheque|5795|2022-03-24
trns1958|SDlGFYGW|accn1958|bearer cheque|4844|2022-03-24
trns1959|ZPHdszGU|accn1959|personal cheque|4171|2022-03-24
trns1960|NCXGGXzP|accn1960|personal cheque|2754|2022-03-24
trns1961|LpIrWUNM|accn1961|bearer cheque|7775|2022-03-24
trns1962|xiXwnvsW|accn1962|personal cheque|6871|2022-03-24
trns1963|FwUMetMf|accn1963|personal cheque|7013|2022-03-24
trns1964|lIwpLriR|accn1964|bearer cheque|2630|2022-03-24
trns1965|gXwrwmBy|accn1965|personal cheque|1106|2022-03-24
trns1966|DIgDwjYp|accn1966|personal cheque|9100|2022-03-24
trns1967|zEDhbrDH|accn1967|bearer cheque|8179|2022-03-24
trns1968|bqDvQQLU|accn1968|bearer cheque|9257|2022-03-24
trns1969|VLfUPRWz|accn1969|personal cheque|6976|2022-03-24
trns1970|OhRFZqlL|accn1970|personal cheque|2765|2022-03-24
trns1971|AOJCdWla|accn1971|bearer cheque|1700|2022-03-24
trns1972|asbKHFJj|accn1972|personal cheque|7199|2022-03-24
trns1973|TkrPllYF|accn1973|bearer cheque|4417|2022-03-24
trns1974|ayNaJxiV|accn1974|bearer cheque|5641|2022-03-24
trns1975|teHIhfdb|accn1975|personal cheque|7145|2022-03-24
trns1976|jUcNkwQi|accn1976|personal cheque|7820|2022-03-24
trns1977|CspKPvZh|accn1977|bearer cheque|3367|2022-03-24
trns1978|ROrJpqIX|accn1978|personal cheque|9354|2022-03-24
trns1979|gRAcFZxc|accn1979|bearer cheque|2772|2022-03-24
trns1980|SeFENXki|accn1980|bearer cheque|9702|2022-03-24
trns1981|DxHTbkoH|accn1981|bearer cheque|5413|2022-03-24
trns1982|VEvGuaVg|accn1982|bearer cheque|3474|2022-03-24
trns1983|wYLarjiL|accn1983|bearer cheque|2039|2022-03-24
trns1984|xNebRPFk|accn1984|bearer cheque|1185|2022-03-24
trns1985|LNZTSOuU|accn1985|bearer cheque|709|2022-03-24
trns1986|TFvxewDA|accn1986|bearer cheque|8749|2022-03-24
trns1987|guLBylvx|accn1987|bearer cheque|6472|2022-03-24
trns1988|mXxagiyH|accn1988|personal cheque|4123|2022-03-24
trns1989|PmKfiBMg|accn1989|personal cheque|704|2022-03-24
trns1990|FFfmPOsE|accn1990|personal cheque|7697|2022-03-24
trns1991|qCfwtyAK|accn1991|personal cheque|7058|2022-03-24
trns1992|nKvmpvTu|accn1992|bearer cheque|2624|2022-03-24
trns1993|PXObmakH|accn1993|bearer cheque|4663|2022-03-24
trns1994|PPERVfoV|accn1994|bearer cheque|4821|2022-03-24
trns1995|heACuTgO|accn1995|bearer cheque|7781|2022-03-24
trns1996|dChhWDFY|accn1996|bearer cheque|6555|2022-03-24
trns1997|JqstCtpI|accn1997|bearer cheque|6022|2022-03-24
trns1998|HpiOYzwX|accn1998|bearer cheque|1750|2022-03-24
trns1999|cNGXiMIm|accn1999|personal cheque|1519|2022-03-24
trns2000|EdIvWPHO|accn2000|personal cheque|8861|2022-03-24
