Document_ID|Party_ID|Document_Type|Document_Number|Document_Effective_Date|Document_Expiration_Date|Document_Issue_Country|Reference_Date
dcmn1001|prty1001|dcty1001|FhCQTzhr|2000-02-07|2008-04-13|Bhutan|2022-03-24 
dcmn1002|prty1002|dcty1002|rGhFeLQz|2008-01-27|2010-09-25|Switzerland|2022-03-24 
dcmn1003|prty1003|dcty1003|NgVsdFGF|2001-03-30|2015-03-15|Bahamas|2022-03-24 
dcmn1004|prty1004|dcty1004|PttYqcnr|2015-11-27|2018-02-26|New Caledonia|2022-03-24 
dcmn1005|prty1005|dcty1005|rQzJFqfL|2002-05-09|2007-02-21|Guernsey|2022-03-24 
dcmn1006|prty1006|dcty1006|bIPLvNvM|2011-04-25|2017-03-31|Dominican Republic|2022-03-24 
dcmn1007|prty1007|dcty1007|QvTWQblb|2016-04-28|2018-07-05|France|2022-03-24 
dcmn1008|prty1008|dcty1008|ijjLAfPu|2016-11-28|2003-12-29|St Kitts &amp; Nevis|2022-03-24 
dcmn1009|prty1009|dcty1009|FVxkDAmI|2011-02-24|2001-08-14|Belgium|2022-03-24 
dcmn1010|prty1010|dcty1010|UUqhEoEq|2004-05-31|2012-12-24|Sudan|2022-03-24 
dcmn1011|prty1011|dcty1011|MRpeqAzP|2010-11-25|2021-04-26|China|2022-03-24 
dcmn1012|prty1012|dcty1012|ZyOLdYUz|2010-03-10|2008-03-24|Equatorial Guinea|2022-03-24 
dcmn1013|prty1013|dcty1013|EOVlUkbN|2012-11-08|2001-03-30|Bosnia &amp; Herzegovina|2022-03-24 
dcmn1014|prty1014|dcty1014|CWaarrTm|2017-08-01|2001-03-15|Cape Verde|2022-03-24 
dcmn1015|prty1015|dcty1015|dIIGzWpl|2014-09-12|2013-03-23|Burundi|2022-03-24 
dcmn1016|prty1016|dcty1016|hkECuQvX|2014-04-30|2006-05-08|Bolivia|2022-03-24 
dcmn1017|prty1017|dcty1017|cicoWeTQ|2016-01-08|2007-05-24|Guernsey|2022-03-24 
dcmn1018|prty1018|dcty1018|oKBdCjDC|2011-07-29|2010-03-01|Congo|2022-03-24 
dcmn1019|prty1019|dcty1019|OkzExmzO|2017-12-21|2011-05-18|Tanzania|2022-03-24 
dcmn1020|prty1020|dcty1020|ZNegKhCE|2009-05-12|2003-02-08|Jamaica|2022-03-24 
dcmn1021|prty1021|dcty1021|yIemmQAE|2001-07-11|2020-04-26|Mauritania|2022-03-24 
dcmn1022|prty1022|dcty1022|CcJRBGcs|2010-01-12|2008-10-19|Lesotho|2022-03-24 
dcmn1023|prty1023|dcty1023|nKAMihPO|2014-09-22|2007-09-01|Belgium|2022-03-24 
dcmn1024|prty1024|dcty1024|mKfnNhNF|2017-08-25|2007-08-04|Sierra Leone|2022-03-24 
dcmn1025|prty1025|dcty1025|koABMyeh|2006-06-25|2001-06-16|Bolivia|2022-03-24 
dcmn1026|prty1026|dcty1026|SLdBZtrM|2002-08-12|2021-12-28|Hong Kong|2022-03-24 
dcmn1027|prty1027|dcty1027|kfhUkNhC|2020-07-20|2016-04-26|Egypt|2022-03-24 
dcmn1028|prty1028|dcty1028|PuzKFNsJ|2011-08-09|2001-09-02|Tanzania|2022-03-24 
dcmn1029|prty1029|dcty1029|KmRemnsy|2003-01-05|2005-08-24|Turkey|2022-03-24 
dcmn1030|prty1030|dcty1030|JefZtcFV|2018-05-24|2001-05-03|Turkey|2022-03-24 
dcmn1031|prty1031|dcty1031|RkNapKHN|2015-01-06|2021-03-27|Taiwan|2022-03-24 
dcmn1032|prty1032|dcty1032|xHxFVXYH|2006-07-17|2010-06-22|Croatia|2022-03-24 
dcmn1033|prty1033|dcty1033|nVvtrBBZ|2008-07-24|2021-04-20|Ethiopia|2022-03-24 
dcmn1034|prty1034|dcty1034|qohDmGQe|2004-08-03|2002-11-29|Norway|2022-03-24 
dcmn1035|prty1035|dcty1035|bWbbaAJv|2005-12-15|2001-12-07|Senegal|2022-03-24 
dcmn1036|prty1036|dcty1036|XgPuczxw|2020-05-24|2015-02-28|Iceland|2022-03-24 
dcmn1037|prty1037|dcty1037|MBrzRKoM|2011-11-30|2008-03-04|Mauritius|2022-03-24 
dcmn1038|prty1038|dcty1038|exIrxQkP|2009-02-03|2018-12-18|Venezuela|2022-03-24 
dcmn1039|prty1039|dcty1039|AkOwsGzK|2000-08-08|2002-05-09|Estonia|2022-03-24 
dcmn1040|prty1040|dcty1040|iUaQQasp|2005-08-08|2003-08-31|British Virgin Islands|2022-03-24 
dcmn1041|prty1041|dcty1041|jWLSNBho|2008-07-12|2011-09-23|Turks &amp; Caicos|2022-03-24 
dcmn1042|prty1042|dcty1042|CgeRWtuA|2004-11-22|2004-01-11|Papua New Guinea|2022-03-24 
dcmn1043|prty1043|dcty1043|BMWYwwhY|2003-12-08|2014-06-24|Senegal|2022-03-24 
dcmn1044|prty1044|dcty1044|JiwaOfza|2017-11-29|2020-08-21|China|2022-03-24 
dcmn1045|prty1045|dcty1045|JiIvKaXC|2004-05-14|2018-10-09|Liberia|2022-03-24 
dcmn1046|prty1046|dcty1046|ohQkeCUs|2019-11-06|2003-05-17|Kyrgyz Republic|2022-03-24 
dcmn1047|prty1047|dcty1047|BuFeWGOP|2016-02-19|2004-01-02|Equatorial Guinea|2022-03-24 
dcmn1048|prty1048|dcty1048|TxBXDcNb|2012-05-26|2017-04-27|Italy|2022-03-24 
dcmn1049|prty1049|dcty1049|nnQoYqfq|2006-11-07|2016-05-28|Guernsey|2022-03-24 
dcmn1050|prty1050|dcty1050|KqyfpHEb|2008-11-21|2011-04-25|Antigua &amp; Barbuda|2022-03-24 
dcmn1051|prty1051|dcty1051|AqFPiAXe|2006-08-03|2014-12-10|Yemen|2022-03-24 
dcmn1052|prty1052|dcty1052|EczgetXa|2004-06-20|2011-06-24|British Virgin Islands|2022-03-24 
dcmn1053|prty1053|dcty1053|SBldMcqS|2005-02-07|2017-11-12|Liberia|2022-03-24 
dcmn1054|prty1054|dcty1054|GHbUySXh|2011-02-17|2006-04-08|Togo|2022-03-24 
dcmn1055|prty1055|dcty1055|PVUGSgaH|2001-04-09|2009-06-23|Dominica|2022-03-24 
dcmn1056|prty1056|dcty1056|nSHHiaiv|2019-02-02|2017-03-25|St Vincent|2022-03-24 
dcmn1057|prty1057|dcty1057|qSJUEiBF|2013-02-10|2000-05-10|St Vincent|2022-03-24 
dcmn1058|prty1058|dcty1058|FWyzqmnT|2017-12-06|2021-02-01|Cape Verde|2022-03-24 
dcmn1059|prty1059|dcty1059|MwuoddEF|2007-12-25|2006-12-11|Aruba|2022-03-24 
dcmn1060|prty1060|dcty1060|nrwrplJm|2005-01-29|2001-11-13|Cayman Islands|2022-03-24 
dcmn1061|prty1061|dcty1061|bMTVMzed|2012-12-23|2013-06-23|Iran|2022-03-24 
dcmn1062|prty1062|dcty1062|ajdNKgtl|2017-06-14|2002-08-03|Armenia|2022-03-24 
dcmn1063|prty1063|dcty1063|OJcBzMRx|2015-04-09|2013-03-13|Isle of Man|2022-03-24 
dcmn1064|prty1064|dcty1064|wsChvtoc|2006-08-27|2000-06-15|Romania|2022-03-24 
dcmn1065|prty1065|dcty1065|EmKeiqut|2014-11-18|2018-04-17|Latvia|2022-03-24 
dcmn1066|prty1066|dcty1066|ptIkybva|2004-09-05|2011-09-30|Montserrat|2022-03-24 
dcmn1067|prty1067|dcty1067|kwziECdP|2020-06-24|2007-04-19|Falkland Islands|2022-03-24 
dcmn1068|prty1068|dcty1068|GjQpvKTq|2010-01-30|2018-05-12|Liechtenstein|2022-03-24 
dcmn1069|prty1069|dcty1069|crSadUuJ|2015-12-09|2012-08-29|Belize|2022-03-24 
dcmn1070|prty1070|dcty1070|YFCeDLdT|2015-06-29|2001-07-13|Nigeria|2022-03-24 
dcmn1071|prty1071|dcty1071|tnMktyHh|2003-10-27|2015-09-29|Bhutan|2022-03-24 
dcmn1072|prty1072|dcty1072|mRUdQpro|2010-09-04|2017-07-01|Qatar|2022-03-24 
dcmn1073|prty1073|dcty1073|ZMFSKmzB|2019-07-22|2013-11-22|Sweden|2022-03-24 
dcmn1074|prty1074|dcty1074|TprGgDdL|2006-10-08|2020-10-21|Saint Pierre &amp; Miquelon|2022-03-24 
dcmn1075|prty1075|dcty1075|GIenrqRD|2012-10-21|2002-03-17|Aruba|2022-03-24 
dcmn1076|prty1076|dcty1076|vYZTVQPu|2014-11-15|2001-06-04|Cameroon|2022-03-24 
dcmn1077|prty1077|dcty1077|TnkeNnKs|2018-06-24|2003-05-04|Argentina|2022-03-24 
dcmn1078|prty1078|dcty1078|LqYGjBDe|2004-01-20|2004-04-29|Estonia|2022-03-24 
dcmn1079|prty1079|dcty1079|LgilVUpO|2021-01-21|2009-12-29|Ukraine|2022-03-24 
dcmn1080|prty1080|dcty1080|VUTfdInV|2005-10-02|2000-01-08|Anguilla|2022-03-24 
dcmn1081|prty1081|dcty1081|hBlCdceZ|2004-02-24|2008-12-17|Algeria|2022-03-24 
dcmn1082|prty1082|dcty1082|ByXoajYy|2019-10-27|2008-03-09|Nepal|2022-03-24 
dcmn1083|prty1083|dcty1083|QYQxnbYb|2000-10-09|2010-02-19|New Zealand|2022-03-24 
dcmn1084|prty1084|dcty1084|bfFmenbr|2015-09-09|2002-01-09|Fiji|2022-03-24 
dcmn1085|prty1085|dcty1085|FNHCtrbf|2004-07-13|2001-07-15|Iceland|2022-03-24 
dcmn1086|prty1086|dcty1086|OcFfeBkc|2020-11-08|2017-10-21|Zambia|2022-03-24 
dcmn1087|prty1087|dcty1087|LSKnSTvr|2015-10-21|2013-06-08|United Arab Emirates|2022-03-24 
dcmn1088|prty1088|dcty1088|uqsroIme|2015-06-16|2021-01-10|Equatorial Guinea|2022-03-24 
dcmn1089|prty1089|dcty1089|PTricUJw|2004-01-22|2011-06-27|Taiwan|2022-03-24 
dcmn1090|prty1090|dcty1090|uGNyKgli|2008-10-09|2000-10-14|Dominican Republic|2022-03-24 
dcmn1091|prty1091|dcty1091|djwZCZBC|2015-10-08|2020-04-14|Denmark|2022-03-24 
dcmn1092|prty1092|dcty1092|SBJtnvlB|2016-07-12|2002-03-27|Anguilla|2022-03-24 
dcmn1093|prty1093|dcty1093|hACNhKrC|2000-11-02|2021-01-06|Saint Pierre &amp; Miquelon|2022-03-24 
dcmn1094|prty1094|dcty1094|kfPQZSgx|2019-03-07|2002-09-20|Colombia|2022-03-24 
dcmn1095|prty1095|dcty1095|qhuICoBq|2007-01-07|2003-08-13|Senegal|2022-03-24 
dcmn1096|prty1096|dcty1096|zaEdeRnW|2018-11-22|2008-08-22|Sri Lanka|2022-03-24 
dcmn1097|prty1097|dcty1097|RQLUypyB|2021-10-10|2005-08-02|New Zealand|2022-03-24 
dcmn1098|prty1098|dcty1098|VqblJkWJ|2004-07-23|2001-04-25|Sri Lanka|2022-03-24 
dcmn1099|prty1099|dcty1099|hlZKWlke|2005-12-09|2015-10-09|Liberia|2022-03-24 
dcmn1100|prty1100|dcty1100|pNdQcMIn|2014-02-06|2008-11-13|St. Lucia|2022-03-24 
dcmn1101|prty1101|dcty1101|abNezVgU|2009-10-07|2020-04-22|Thailand|2022-03-24 
dcmn1102|prty1102|dcty1102|spPXKyuY|2011-04-29|2009-11-07|Syria|2022-03-24 
dcmn1103|prty1103|dcty1103|gGILUuUu|2021-06-11|2009-09-23|Netherlands|2022-03-24 
dcmn1104|prty1104|dcty1104|FveFrcNA|2016-11-09|2002-05-10|Ethiopia|2022-03-24 
dcmn1105|prty1105|dcty1105|GVhhmKQM|2008-07-29|2012-05-19|Rwanda|2022-03-24 
dcmn1106|prty1106|dcty1106|iOJKlCZf|2011-02-15|2002-06-04|New Zealand|2022-03-24 
dcmn1107|prty1107|dcty1107|uefOdySn|2011-01-20|2004-05-24|Mongolia|2022-03-24 
dcmn1108|prty1108|dcty1108|ZrEHRIUr|2015-11-30|2013-02-14|Ethiopia|2022-03-24 
dcmn1109|prty1109|dcty1109|DJVMDWkF|2020-08-09|2014-02-17|Iceland|2022-03-24 
dcmn1110|prty1110|dcty1110|DvbkuEuK|2005-11-28|2008-11-22|Nicaragua|2022-03-24 
dcmn1111|prty1111|dcty1111|ActkRNlN|2002-06-28|2019-05-21|Serbia|2022-03-24 
dcmn1112|prty1112|dcty1112|WaaOmvzW|2004-07-20|2016-10-26|Aruba|2022-03-24 
dcmn1113|prty1113|dcty1113|PZblwTuo|2018-02-23|2012-09-25|Mauritania|2022-03-24 
dcmn1114|prty1114|dcty1114|qERlYmrJ|2019-10-04|2007-01-31|Cambodia|2022-03-24 
dcmn1115|prty1115|dcty1115|IpkaDTQb|2006-02-17|2002-02-11|Montserrat|2022-03-24 
dcmn1116|prty1116|dcty1116|kqnSrgoc|2014-05-27|2003-04-06|New Caledonia|2022-03-24 
dcmn1117|prty1117|dcty1117|zUhYdYas|2000-04-21|2008-03-26|Burundi|2022-03-24 
dcmn1118|prty1118|dcty1118|PziLPhfs|2014-01-08|2015-02-03|Nigeria|2022-03-24 
dcmn1119|prty1119|dcty1119|ErxCCLMV|2009-04-21|2019-06-29|Maldives|2022-03-24 
dcmn1120|prty1120|dcty1120|nfizKJoV|2015-11-30|2008-03-01|Kyrgyz Republic|2022-03-24 
dcmn1121|prty1121|dcty1121|kaVIkUNk|2015-03-16|2006-11-28|Aruba|2022-03-24 
dcmn1122|prty1122|dcty1122|feBgzdui|2009-10-15|2000-04-04|Pakistan|2022-03-24 
dcmn1123|prty1123|dcty1123|hQTcgxmH|2018-09-23|2002-02-14|Azerbaijan|2022-03-24 
dcmn1124|prty1124|dcty1124|CAUHBvgz|2016-03-08|2019-04-24|Guyana|2022-03-24 
dcmn1125|prty1125|dcty1125|TSTlzqFL|2006-09-06|2010-08-12|Angola|2022-03-24 
dcmn1126|prty1126|dcty1126|fpJBWuYl|2003-03-11|2018-09-05|Togo|2022-03-24 
dcmn1127|prty1127|dcty1127|XpYgrjRj|2013-01-25|2006-04-18|Ethiopia|2022-03-24 
dcmn1128|prty1128|dcty1128|XoxKHQQq|2008-07-07|2019-10-29|Israel|2022-03-24 
dcmn1129|prty1129|dcty1129|uCrcmQoa|2010-01-16|2002-02-13|Bolivia|2022-03-24 
dcmn1130|prty1130|dcty1130|rBxfrcEW|2012-08-07|2014-10-27|Panama|2022-03-24 
dcmn1131|prty1131|dcty1131|bOHVKwTr|2002-12-23|2006-08-09|Netherlands|2022-03-24 
dcmn1132|prty1132|dcty1132|MqXimTam|2005-05-13|2018-10-16|Montserrat|2022-03-24 
dcmn1133|prty1133|dcty1133|NlaQztzD|2017-02-03|2020-02-19|Dominican Republic|2022-03-24 
dcmn1134|prty1134|dcty1134|CdGKPWnI|2008-03-13|2014-01-24|Suriname|2022-03-24 
dcmn1135|prty1135|dcty1135|fhuxGgaT|2005-07-02|2019-08-01|Gambia|2022-03-24 
dcmn1136|prty1136|dcty1136|ODkoIlwm|2018-01-20|2012-11-30|Nepal|2022-03-24 
dcmn1137|prty1137|dcty1137|wfgANKNY|2002-01-23|2004-12-23|Hungary|2022-03-24 
dcmn1138|prty1138|dcty1138|HhGkhpnP|2007-12-26|2016-10-15|St Lucia|2022-03-24 
dcmn1139|prty1139|dcty1139|ZcnzWJKT|2009-04-23|2000-02-12|Saudi Arabia|2022-03-24 
dcmn1140|prty1140|dcty1140|DfgwqEwG|2005-12-14|2004-06-15|Swaziland|2022-03-24 
dcmn1141|prty1141|dcty1141|GGiYIBFe|2011-07-25|2003-07-29|Iran|2022-03-24 
dcmn1142|prty1142|dcty1142|BUaUThvc|2013-09-20|2007-10-25|Maldives|2022-03-24 
dcmn1143|prty1143|dcty1143|QPOEVnAS|2012-07-25|2014-01-10|Timor L'Este|2022-03-24 
dcmn1144|prty1144|dcty1144|GOvSmYLf|2021-06-06|2008-02-06|Poland|2022-03-24 
dcmn1145|prty1145|dcty1145|rBjWPGdP|2007-04-05|2007-11-03|Jordan|2022-03-24 
dcmn1146|prty1146|dcty1146|stMqgUOU|2015-11-01|2016-10-16|Lebanon|2022-03-24 
dcmn1147|prty1147|dcty1147|VJhHdLTr|2000-11-27|2007-08-22|Japan|2022-03-24 
dcmn1148|prty1148|dcty1148|gvfAgqiC|2012-05-09|2007-01-21|Guam|2022-03-24 
dcmn1149|prty1149|dcty1149|BOKNwsRe|2013-05-15|2004-01-06|Burkina Faso|2022-03-24 
dcmn1150|prty1150|dcty1150|cXdDFnaU|2015-10-28|2016-05-22|Croatia|2022-03-24 
dcmn1151|prty1151|dcty1151|WGGVLLoE|2002-05-24|2018-08-31|Puerto Rico|2022-03-24 
dcmn1152|prty1152|dcty1152|gyMBAsws|2003-05-27|2000-01-01|Czech Republic|2022-03-24 
dcmn1153|prty1153|dcty1153|AEZsoiZj|2004-08-31|2002-01-21|Suriname|2022-03-24 
dcmn1154|prty1154|dcty1154|RbYGJxkC|2020-03-01|2000-10-29|Timor L'Este|2022-03-24 
dcmn1155|prty1155|dcty1155|wGgHTLRS|2009-11-04|2006-04-04|Iran|2022-03-24 
dcmn1156|prty1156|dcty1156|bVDvDaCB|2018-12-12|2000-02-26|Norway|2022-03-24 
dcmn1157|prty1157|dcty1157|GYicpXCz|2010-02-07|2017-09-06|Brazil|2022-03-24 
dcmn1158|prty1158|dcty1158|AuyfRyHK|2009-04-09|2020-08-29|Argentina|2022-03-24 
dcmn1159|prty1159|dcty1159|PyhqHyam|2006-06-07|2001-07-17|Indonesia|2022-03-24 
dcmn1160|prty1160|dcty1160|ZHrUsdJU|2017-10-31|2007-02-22|French Polynesia|2022-03-24 
dcmn1161|prty1161|dcty1161|CMCctodd|2010-10-03|2007-02-12|Djibouti|2022-03-24 
dcmn1162|prty1162|dcty1162|LFUeYCsP|2000-06-27|2021-04-19|Peru|2022-03-24 
dcmn1163|prty1163|dcty1163|txYubuqZ|2005-12-20|2009-07-01|Germany|2022-03-24 
dcmn1164|prty1164|dcty1164|LvDFSgXK|2005-09-30|2021-12-01|Argentina|2022-03-24 
dcmn1165|prty1165|dcty1165|wCHJbhSN|2008-03-02|2002-03-01|Namibia|2022-03-24 
dcmn1166|prty1166|dcty1166|UqMxpMwd|2021-09-10|2020-03-19|Slovenia|2022-03-24 
dcmn1167|prty1167|dcty1167|eimQLmUI|2002-10-09|2000-06-30|Zambia|2022-03-24 
dcmn1168|prty1168|dcty1168|cjmAKvcU|2012-07-15|2004-05-21|Portugal|2022-03-24 
dcmn1169|prty1169|dcty1169|tGDkIdEX|2006-10-25|2016-09-04|Cote D Ivoire|2022-03-24 
dcmn1170|prty1170|dcty1170|JRSCzTdr|2015-06-30|2019-04-25|Ghana|2022-03-24 
dcmn1171|prty1171|dcty1171|pvhsccWl|2017-06-20|2005-04-30|Venezuela|2022-03-24 
dcmn1172|prty1172|dcty1172|cuBKuYkF|2001-03-03|2008-12-25|Guinea Bissau|2022-03-24 
dcmn1173|prty1173|dcty1173|yYiJUFTF|2011-10-07|2005-01-05|Mongolia|2022-03-24 
dcmn1174|prty1174|dcty1174|iDrxIjgS|2007-07-24|2000-05-29|Cruise Ship|2022-03-24 
dcmn1175|prty1175|dcty1175|GgtlRrla|2012-09-18|2003-02-07|Russia|2022-03-24 
dcmn1176|prty1176|dcty1176|PNjwGChr|2000-09-07|2012-12-02|French Polynesia|2022-03-24 
dcmn1177|prty1177|dcty1177|WdlzKelJ|2016-04-07|2004-07-13|Senegal|2022-03-24 
dcmn1178|prty1178|dcty1178|bFyWnahX|2020-02-05|2005-04-06|Cruise Ship|2022-03-24 
dcmn1179|prty1179|dcty1179|gwildwqe|2008-02-26|2000-10-10|Nepal|2022-03-24 
dcmn1180|prty1180|dcty1180|sPQikePd|2012-11-05|2013-04-17|Libya|2022-03-24 
dcmn1181|prty1181|dcty1181|dFFxUJWK|2003-04-28|2005-10-13|Philippines|2022-03-24 
dcmn1182|prty1182|dcty1182|XuuyxOvG|2009-01-09|2021-03-14|Lebanon|2022-03-24 
dcmn1183|prty1183|dcty1183|oRDMBvhl|2003-07-19|2004-09-27|Mexico|2022-03-24 
dcmn1184|prty1184|dcty1184|fYMPXWQG|2017-10-23|2006-10-05|Tajikistan|2022-03-24 
dcmn1185|prty1185|dcty1185|sFdsIhGw|2012-12-19|2001-06-01|Trinidad &amp; Tobago|2022-03-24 
dcmn1186|prty1186|dcty1186|thzzwFgY|2020-10-22|2014-08-31|Mauritius|2022-03-24 
dcmn1187|prty1187|dcty1187|AHSpJSir|2006-06-22|2008-03-19|San Marino|2022-03-24 
dcmn1188|prty1188|dcty1188|dgVgHFIt|2013-07-26|2021-01-04|Palestine|2022-03-24 
dcmn1189|prty1189|dcty1189|GktUyFHq|2002-05-20|2010-06-03|Lithuania|2022-03-24 
dcmn1190|prty1190|dcty1190|gPbIXrdZ|2000-07-30|2020-10-12|Djibouti|2022-03-24 
dcmn1191|prty1191|dcty1191|PSTRmbeZ|2004-07-02|2013-11-04|Montenegro|2022-03-24 
dcmn1192|prty1192|dcty1192|AyIutQZh|2007-06-01|2020-10-04|Ghana|2022-03-24 
dcmn1193|prty1193|dcty1193|hAOilTfS|2001-06-14|2011-10-10|Ethiopia|2022-03-24 
dcmn1194|prty1194|dcty1194|nUzbscvQ|2008-06-07|2004-04-20|Palestine|2022-03-24 
dcmn1195|prty1195|dcty1195|PpjnZtDd|2013-03-16|2006-04-21|Panama|2022-03-24 
dcmn1196|prty1196|dcty1196|hgzXzLQa|2015-04-13|2000-05-29|Saint Pierre &amp; Miquelon|2022-03-24 
dcmn1197|prty1197|dcty1197|ZOeZMYIt|2015-12-22|2013-02-04|Papua New Guinea|2022-03-24 
dcmn1198|prty1198|dcty1198|CjIWGYpe|2000-07-22|2004-12-12|Hungary|2022-03-24 
dcmn1199|prty1199|dcty1199|cIbkvdwY|2006-12-17|2015-04-08|Paraguay|2022-03-24 
dcmn1200|prty1200|dcty1200|LuiSIoBL|2020-02-13|2009-03-05|Luxembourg|2022-03-24 
dcmn1201|prty1201|dcty1201|LpyLgKbN|2016-02-19|2001-05-19|Haiti|2022-03-24 
dcmn1202|prty1202|dcty1202|eBdJyNwA|2009-02-10|2007-08-07|Papua New Guinea|2022-03-24 
dcmn1203|prty1203|dcty1203|MCSNDQnQ|2006-11-20|2018-07-23|Zambia|2022-03-24 
dcmn1204|prty1204|dcty1204|tKnJgFNN|2000-03-10|2013-10-26|Nicaragua|2022-03-24 
dcmn1205|prty1205|dcty1205|ObQuHjUs|2001-05-30|2012-05-27|Dominican Republic|2022-03-24 
dcmn1206|prty1206|dcty1206|ukNJzXXS|2020-06-17|2017-04-05|Bahamas|2022-03-24 
dcmn1207|prty1207|dcty1207|OerBgFAj|2011-11-07|2012-10-27|Faroe Islands|2022-03-24 
dcmn1208|prty1208|dcty1208|FEbSZOTV|2011-06-16|2015-09-24|Malaysia|2022-03-24 
dcmn1209|prty1209|dcty1209|CdznMOUV|2006-07-05|2010-11-17|Satellite|2022-03-24 
dcmn1210|prty1210|dcty1210|TysdqzfF|2000-09-17|2010-04-25|Angola|2022-03-24 
dcmn1211|prty1211|dcty1211|rnQAEWqC|2013-12-09|2012-07-31|Gibraltar|2022-03-24 
dcmn1212|prty1212|dcty1212|TUsfYqHT|2005-12-06|2008-07-30|Uruguay|2022-03-24 
dcmn1213|prty1213|dcty1213|WYkgspRe|2006-07-31|2004-12-20|Tonga|2022-03-24 
dcmn1214|prty1214|dcty1214|wpctMXbv|2017-02-23|2010-12-25|Argentina|2022-03-24 
dcmn1215|prty1215|dcty1215|uPBrauil|2015-04-05|2007-12-15|Malawi|2022-03-24 
dcmn1216|prty1216|dcty1216|RWOuuBMu|2019-03-10|2006-03-17|Ecuador|2022-03-24 
dcmn1217|prty1217|dcty1217|oWfkhzyP|2015-03-31|2010-03-19|Greece|2022-03-24 
dcmn1218|prty1218|dcty1218|UXvOjuUc|2013-07-12|2019-06-21|Cambodia|2022-03-24 
dcmn1219|prty1219|dcty1219|ADufaewv|2012-07-09|2004-12-10|Turkmenistan|2022-03-24 
dcmn1220|prty1220|dcty1220|EvZgPFMd|2001-11-05|2002-01-08|France|2022-03-24 
dcmn1221|prty1221|dcty1221|MaVDfFti|2014-09-05|2011-06-20|Serbia|2022-03-24 
dcmn1222|prty1222|dcty1222|VRhtncNW|2012-10-26|2007-10-11|Qatar|2022-03-24 
dcmn1223|prty1223|dcty1223|QzJZAzmW|2009-04-02|2013-07-25|Timor L'Este|2022-03-24 
dcmn1224|prty1224|dcty1224|WdScELTl|2005-04-10|2012-07-25|Chile|2022-03-24 
dcmn1225|prty1225|dcty1225|gvVdoLQi|2000-04-25|2010-12-17|New Caledonia|2022-03-24 
dcmn1226|prty1226|dcty1226|egvfWYxm|2008-05-05|2006-07-29|Turkmenistan|2022-03-24 
dcmn1227|prty1227|dcty1227|BmnryRMz|2011-01-26|2008-09-13|Kyrgyz Republic|2022-03-24 
dcmn1228|prty1228|dcty1228|ASEavSiO|2007-05-01|2011-06-24|Guernsey|2022-03-24 
dcmn1229|prty1229|dcty1229|LLBwRXEQ|2010-05-31|2014-01-07|Georgia|2022-03-24 
dcmn1230|prty1230|dcty1230|HOJZiUNe|2019-11-18|2004-03-12|Lesotho|2022-03-24 
dcmn1231|prty1231|dcty1231|pRvyDSjQ|2008-11-26|2003-12-28|Saint Pierre &amp; Miquelon|2022-03-24 
dcmn1232|prty1232|dcty1232|XUwbVogR|2011-05-13|2005-08-02|Bolivia|2022-03-24 
dcmn1233|prty1233|dcty1233|uwWswYeT|2016-01-12|2007-07-26|Uzbekistan|2022-03-24 
dcmn1234|prty1234|dcty1234|ykEsYHEi|2004-10-18|2000-02-11|Jamaica|2022-03-24 
dcmn1235|prty1235|dcty1235|JuOMjKZS|2004-07-25|2010-07-31|Albania|2022-03-24 
dcmn1236|prty1236|dcty1236|BnhxwEFH|2001-04-11|2004-04-18|Bulgaria|2022-03-24 
dcmn1237|prty1237|dcty1237|KgavWrnn|2014-08-29|2013-12-29|Sierra Leone|2022-03-24 
dcmn1238|prty1238|dcty1238|NuptvdpL|2001-08-10|2010-12-04|Denmark|2022-03-24 
dcmn1239|prty1239|dcty1239|HNWtulaL|2006-07-21|2010-02-13|Laos|2022-03-24 
dcmn1240|prty1240|dcty1240|AVsMbwUU|2000-12-01|2013-01-12|Faroe Islands|2022-03-24 
dcmn1241|prty1241|dcty1241|tklZQwkL|2016-01-24|2000-06-18|Cruise Ship|2022-03-24 
dcmn1242|prty1242|dcty1242|BkqKbsXi|2009-02-16|2008-04-21|Virgin Islands (US)|2022-03-24 
dcmn1243|prty1243|dcty1243|SknPWSdI|2017-07-07|2010-10-13|Macedonia|2022-03-24 
dcmn1244|prty1244|dcty1244|repqeWvA|2007-08-03|2010-11-28|Moldova|2022-03-24 
dcmn1245|prty1245|dcty1245|vFusWrwa|2010-07-30|2001-03-25|Algeria|2022-03-24 
dcmn1246|prty1246|dcty1246|GfohliVS|2011-08-30|2015-10-26|Niger|2022-03-24 
dcmn1247|prty1247|dcty1247|naoRINzZ|2018-04-01|2018-09-04|Saint Pierre &amp; Miquelon|2022-03-24 
dcmn1248|prty1248|dcty1248|gpLCCXXt|2014-11-24|2010-05-08|British Virgin Islands|2022-03-24 
dcmn1249|prty1249|dcty1249|XiOSnyCj|2015-06-02|2002-02-08|Kyrgyz Republic|2022-03-24 
dcmn1250|prty1250|dcty1250|mauhyhIW|2016-03-24|2003-02-27|French Polynesia|2022-03-24 
dcmn1251|prty1251|dcty1251|bsweykue|2002-08-20|2004-06-22|Isle of Man|2022-03-24 
dcmn1252|prty1252|dcty1252|nHefqiyp|2015-10-21|2015-11-23|Samoa|2022-03-24 
dcmn1253|prty1253|dcty1253|aPYuZuGw|2014-03-17|2021-08-10|St. Lucia|2022-03-24 
dcmn1254|prty1254|dcty1254|xiLGDxPZ|2017-06-13|2013-09-06|Philippines|2022-03-24 
dcmn1255|prty1255|dcty1255|UaIBDriY|2013-06-01|2016-08-14|Mongolia|2022-03-24 
dcmn1256|prty1256|dcty1256|KLkkCuYr|2014-01-17|2012-11-09|Guernsey|2022-03-24 
dcmn1257|prty1257|dcty1257|NZmuafdh|2006-05-17|2014-11-22|Nicaragua|2022-03-24 
dcmn1258|prty1258|dcty1258|RAElzipG|2009-01-06|2020-10-05|Mauritius|2022-03-24 
dcmn1259|prty1259|dcty1259|fpdfMgPU|2002-03-26|2003-11-23|Virgin Islands (US)|2022-03-24 
dcmn1260|prty1260|dcty1260|inXZkIja|2011-10-16|2012-01-31|Seychelles|2022-03-24 
dcmn1261|prty1261|dcty1261|YOAbPqbP|2014-07-03|2002-01-27|Panama|2022-03-24 
dcmn1262|prty1262|dcty1262|CbIqqsfy|2012-04-22|2003-11-13|Croatia|2022-03-24 
dcmn1263|prty1263|dcty1263|VbLlBygk|2002-09-29|2015-09-25|Russia|2022-03-24 
dcmn1264|prty1264|dcty1264|msevfnSB|2012-09-29|2006-07-01|Netherlands Antilles|2022-03-24 
dcmn1265|prty1265|dcty1265|xBhvZCxm|2013-05-22|2013-12-28|Fiji|2022-03-24 
dcmn1266|prty1266|dcty1266|sRemfFDI|2010-03-11|2014-11-19|Trinidad &amp; Tobago|2022-03-24 
dcmn1267|prty1267|dcty1267|YFwfdfTZ|2011-05-05|2002-02-11|Cape Verde|2022-03-24 
dcmn1268|prty1268|dcty1268|oocYzxtV|2019-07-07|2008-09-02|Malaysia|2022-03-24 
dcmn1269|prty1269|dcty1269|ijltOhDz|2013-11-01|2004-01-11|Gambia|2022-03-24 
dcmn1270|prty1270|dcty1270|tRuqnkjV|2009-07-07|2010-08-08|Morocco|2022-03-24 
dcmn1271|prty1271|dcty1271|bcwlGKYO|2009-04-04|2002-04-29|Finland|2022-03-24 
dcmn1272|prty1272|dcty1272|blSBgRrw|2009-06-21|2014-02-03|Laos|2022-03-24 
dcmn1273|prty1273|dcty1273|sfCBqKpM|2011-12-12|2012-01-23|Slovenia|2022-03-24 
dcmn1274|prty1274|dcty1274|cgXiNMeJ|2021-04-16|2002-10-29|Gabon|2022-03-24 
dcmn1275|prty1275|dcty1275|xJBxoexy|2015-07-09|2021-06-23|Sierra Leone|2022-03-24 
dcmn1276|prty1276|dcty1276|uqeFZhwE|2010-12-03|2004-05-18|Brunei|2022-03-24 
dcmn1277|prty1277|dcty1277|eINqYUUn|2003-12-18|2014-02-14|Haiti|2022-03-24 
dcmn1278|prty1278|dcty1278|BSnCsUTc|2017-02-28|2005-02-10|British Virgin Islands|2022-03-24 
dcmn1279|prty1279|dcty1279|imxPAeih|2021-08-18|2021-02-05|Vietnam|2022-03-24 
dcmn1280|prty1280|dcty1280|tkTNEVuE|2010-10-31|2000-02-15|Burundi|2022-03-24 
dcmn1281|prty1281|dcty1281|ZVYTjwjL|2008-05-20|2018-11-14|Niger|2022-03-24 
dcmn1282|prty1282|dcty1282|zdBuzYZk|2014-02-01|2008-07-18|Grenada|2022-03-24 
dcmn1283|prty1283|dcty1283|SbSQJMfN|2016-05-18|2015-08-21|Timor L'Este|2022-03-24 
dcmn1284|prty1284|dcty1284|YPWOVzaJ|2002-11-22|2002-08-08|Netherlands|2022-03-24 
dcmn1285|prty1285|dcty1285|RciSoSGU|2020-06-13|2009-06-15|Dominican Republic|2022-03-24 
dcmn1286|prty1286|dcty1286|CYRaSopC|2004-11-05|2004-07-12|Brunei|2022-03-24 
dcmn1287|prty1287|dcty1287|tXPDyzNf|2006-09-07|2008-03-05|Philippines|2022-03-24 
dcmn1288|prty1288|dcty1288|IYBTcAWp|2006-03-10|2021-01-12|Indonesia|2022-03-24 
dcmn1289|prty1289|dcty1289|szjhprjH|2005-09-03|2016-10-28|Netherlands|2022-03-24 
dcmn1290|prty1290|dcty1290|CEeKHDZu|2007-05-02|2012-01-28|Cape Verde|2022-03-24 
dcmn1291|prty1291|dcty1291|UEhmgoNk|2011-11-04|2010-04-15|Cape Verde|2022-03-24 
dcmn1292|prty1292|dcty1292|PgNDhEeO|2000-04-09|2013-08-14|Moldova|2022-03-24 
dcmn1293|prty1293|dcty1293|wCuYmfWV|2000-07-24|2000-02-28|Germany|2022-03-24 
dcmn1294|prty1294|dcty1294|iInXhhtb|2005-03-11|2006-07-14|Bhutan|2022-03-24 
dcmn1295|prty1295|dcty1295|UlrHBnlB|2014-02-13|2000-03-28|Russia|2022-03-24 
dcmn1296|prty1296|dcty1296|dsFtdTwx|2013-11-10|2016-01-24|New Caledonia|2022-03-24 
dcmn1297|prty1297|dcty1297|USamwshq|2020-03-01|2007-05-17|Jamaica|2022-03-24 
dcmn1298|prty1298|dcty1298|FpwRHHta|2019-10-26|2004-03-13|Guam|2022-03-24 
dcmn1299|prty1299|dcty1299|fxwcflcf|2008-01-27|2009-07-06|Belize|2022-03-24 
dcmn1300|prty1300|dcty1300|vMaqqlsb|2016-01-02|2010-10-20|Mauritius|2022-03-24 
dcmn1301|prty1301|dcty1301|rDJDtlXD|2005-08-12|2016-05-30|Maldives|2022-03-24 
dcmn1302|prty1302|dcty1302|TCmDIzsx|2009-03-23|2012-10-24|Cote D Ivoire|2022-03-24 
dcmn1303|prty1303|dcty1303|GMoINjRR|2010-06-12|2004-11-09|Samoa|2022-03-24 
dcmn1304|prty1304|dcty1304|ZZGYRsFE|2011-12-03|2019-08-10|Nicaragua|2022-03-24 
dcmn1305|prty1305|dcty1305|cKORIinY|2006-04-15|2007-05-01|Ecuador|2022-03-24 
dcmn1306|prty1306|dcty1306|aXbJJBep|2020-10-22|2003-05-22|Swaziland|2022-03-24 
dcmn1307|prty1307|dcty1307|tpLoZXwP|2008-02-25|2008-10-21|Bulgaria|2022-03-24 
dcmn1308|prty1308|dcty1308|oPKRkIUC|2003-05-06|2005-11-06|Guam|2022-03-24 
dcmn1309|prty1309|dcty1309|duTQmKPe|2004-10-07|2006-10-20|Benin|2022-03-24 
dcmn1310|prty1310|dcty1310|ZKanXcng|2018-07-28|2020-04-10|Greece|2022-03-24 
dcmn1311|prty1311|dcty1311|DOVQsnYc|2003-02-11|2004-12-08|Faroe Islands|2022-03-24 
dcmn1312|prty1312|dcty1312|LThaHLOn|2006-08-02|2014-01-23|Jersey|2022-03-24 
dcmn1313|prty1313|dcty1313|FRoCbodx|2008-03-17|2006-02-03|Cambodia|2022-03-24 
dcmn1314|prty1314|dcty1314|qkGBJhXl|2020-10-06|2002-01-17|Luxembourg|2022-03-24 
dcmn1315|prty1315|dcty1315|ujAqtqWR|2010-06-13|2015-09-21|New Caledonia|2022-03-24 
dcmn1316|prty1316|dcty1316|AXYpPytW|2019-02-25|2012-01-21|New Caledonia|2022-03-24 
dcmn1317|prty1317|dcty1317|gtkXoGGl|2001-04-23|2011-02-18|Vietnam|2022-03-24 
dcmn1318|prty1318|dcty1318|wmHcJJsJ|2001-07-04|2013-01-07|Denmark|2022-03-24 
dcmn1319|prty1319|dcty1319|ZBkhmjUW|2003-11-17|2020-05-01|Cayman Islands|2022-03-24 
dcmn1320|prty1320|dcty1320|wFgmRJfU|2007-02-27|2006-04-08|Palestine|2022-03-24 
dcmn1321|prty1321|dcty1321|bsFabctd|2021-06-22|2004-09-29|Madagascar|2022-03-24 
dcmn1322|prty1322|dcty1322|gDfZmZtP|2005-06-06|2006-12-31|Cambodia|2022-03-24 
dcmn1323|prty1323|dcty1323|MrPIRTfj|2005-09-14|2001-03-09|Macau|2022-03-24 
dcmn1324|prty1324|dcty1324|bgAHqxTU|2013-04-12|2016-08-06|Ghana|2022-03-24 
dcmn1325|prty1325|dcty1325|xaZNMvTZ|2006-05-22|2002-08-10|Georgia|2022-03-24 
dcmn1326|prty1326|dcty1326|zYMWFTQZ|2005-10-23|2010-02-11|Samoa|2022-03-24 
dcmn1327|prty1327|dcty1327|ItVrcpqf|2018-05-12|2017-08-09|Maldives|2022-03-24 
dcmn1328|prty1328|dcty1328|asyghQCb|2006-08-09|2008-05-23|China|2022-03-24 
dcmn1329|prty1329|dcty1329|HqOrRntU|2015-07-31|2016-01-29|Belarus|2022-03-24 
dcmn1330|prty1330|dcty1330|KqATKtHe|2010-04-04|2009-04-08|Mali|2022-03-24 
dcmn1331|prty1331|dcty1331|TWQRKmiB|2005-10-26|2012-06-09|Zimbabwe|2022-03-24 
dcmn1332|prty1332|dcty1332|XOCLPGqB|2003-01-15|2016-10-31|Serbia|2022-03-24 
dcmn1333|prty1333|dcty1333|oQTlBESL|2003-03-10|2004-05-31|Venezuela|2022-03-24 
dcmn1334|prty1334|dcty1334|PeKyzynb|2021-06-26|2004-02-14|Cruise Ship|2022-03-24 
dcmn1335|prty1335|dcty1335|wmtjtGBL|2006-10-31|2008-12-01|New Zealand|2022-03-24 
dcmn1336|prty1336|dcty1336|GHCvXMxp|2000-09-04|2000-05-27|Haiti|2022-03-24 
dcmn1337|prty1337|dcty1337|bhGwwDSD|2018-07-10|2014-07-02|Latvia|2022-03-24 
dcmn1338|prty1338|dcty1338|KmExLhAb|2016-02-25|2004-02-10|Barbados|2022-03-24 
dcmn1339|prty1339|dcty1339|lIvszbDm|2005-05-16|2018-08-28|Zambia|2022-03-24 
dcmn1340|prty1340|dcty1340|VSMzEsnU|2005-10-05|2021-08-26|Niger|2022-03-24 
dcmn1341|prty1341|dcty1341|LZbnKPVw|2000-08-08|2007-09-14|South Korea|2022-03-24 
dcmn1342|prty1342|dcty1342|mOHuImsB|2000-04-26|2021-05-30|Hong Kong|2022-03-24 
dcmn1343|prty1343|dcty1343|upeSbXbJ|2003-03-09|2021-02-02|Ethiopia|2022-03-24 
dcmn1344|prty1344|dcty1344|AFmLCggX|2012-08-23|2017-01-06|Switzerland|2022-03-24 
dcmn1345|prty1345|dcty1345|wTtOQZUQ|2010-04-24|2000-11-02|India|2022-03-24 
dcmn1346|prty1346|dcty1346|JjKfcwnk|2007-07-24|2006-05-09|Bahamas|2022-03-24 
dcmn1347|prty1347|dcty1347|yLykLGnY|2018-10-30|2006-03-12|Mozambique|2022-03-24 
dcmn1348|prty1348|dcty1348|hLONIrki|2004-06-06|2006-10-24|Albania|2022-03-24 
dcmn1349|prty1349|dcty1349|HnurcsOA|2011-04-30|2009-12-23|Burkina Faso|2022-03-24 
dcmn1350|prty1350|dcty1350|ScGgEXEi|2021-03-26|2007-03-25|Chad|2022-03-24 
dcmn1351|prty1351|dcty1351|xzbkJEuc|2007-02-21|2011-10-24|Antigua &amp; Barbuda|2022-03-24 
dcmn1352|prty1352|dcty1352|QZlvUSpB|2002-08-08|2018-03-18|Algeria|2022-03-24 
dcmn1353|prty1353|dcty1353|YBRTTLBe|2010-06-09|2017-01-16|Taiwan|2022-03-24 
dcmn1354|prty1354|dcty1354|XKvuYmkG|2005-11-27|2005-12-17|South Korea|2022-03-24 
dcmn1355|prty1355|dcty1355|DZmRcSlX|2006-06-23|2004-06-22|Finland|2022-03-24 
dcmn1356|prty1356|dcty1356|oiKRNdDZ|2001-06-03|2011-05-03|Senegal|2022-03-24 
dcmn1357|prty1357|dcty1357|VhHHSItL|2009-06-14|2008-11-16|Iran|2022-03-24 
dcmn1358|prty1358|dcty1358|sMcahdsQ|2018-07-14|2008-07-27|Mauritius|2022-03-24 
dcmn1359|prty1359|dcty1359|jsTHWUBW|2012-08-28|2007-12-21|Cameroon|2022-03-24 
dcmn1360|prty1360|dcty1360|XeNUpRgX|2002-05-10|2016-03-25|Cameroon|2022-03-24 
dcmn1361|prty1361|dcty1361|jImlyhBI|2018-04-18|2011-10-23|Albania|2022-03-24 
dcmn1362|prty1362|dcty1362|rjTybEZf|2001-05-04|2006-12-07|South Korea|2022-03-24 
dcmn1363|prty1363|dcty1363|DsOkhkqy|2008-01-17|2009-07-25|Liberia|2022-03-24 
dcmn1364|prty1364|dcty1364|abjBRNhv|2017-04-22|2011-11-25|Rwanda|2022-03-24 
dcmn1365|prty1365|dcty1365|ANNSxZjs|2010-06-26|2006-05-08|Falkland Islands|2022-03-24 
dcmn1366|prty1366|dcty1366|drPvNCXi|2007-12-13|2005-10-14|Madagascar|2022-03-24 
dcmn1367|prty1367|dcty1367|bHyNBIEu|2007-07-20|2015-03-03|Japan|2022-03-24 
dcmn1368|prty1368|dcty1368|bTmbCRtT|2002-12-03|2008-02-14|Iraq|2022-03-24 
dcmn1369|prty1369|dcty1369|yYwpWOgq|2015-08-02|2008-01-23|Philippines|2022-03-24 
dcmn1370|prty1370|dcty1370|QiVKmeag|2013-10-31|2006-05-31|Slovakia|2022-03-24 
dcmn1371|prty1371|dcty1371|mRMqktAa|2011-01-31|2014-05-03|Uganda|2022-03-24 
dcmn1372|prty1372|dcty1372|zVzqnitt|2001-10-05|2004-04-08|Chad|2022-03-24 
dcmn1373|prty1373|dcty1373|IsyPCAwe|2020-11-06|2012-03-23|Latvia|2022-03-24 
dcmn1374|prty1374|dcty1374|JvepvEbF|2007-07-08|2020-01-01|Grenada|2022-03-24 
dcmn1375|prty1375|dcty1375|UdZXcatc|2021-04-20|2017-05-11|Slovenia|2022-03-24 
dcmn1376|prty1376|dcty1376|iaQyqHeo|2001-08-01|2010-10-23|Japan|2022-03-24 
dcmn1377|prty1377|dcty1377|heHHmIMs|2019-08-26|2011-05-14|Falkland Islands|2022-03-24 
dcmn1378|prty1378|dcty1378|egbnWDXb|2008-08-18|2013-02-13|Costa Rica|2022-03-24 
dcmn1379|prty1379|dcty1379|wWQSYlUy|2005-01-01|2002-05-08|Liechtenstein|2022-03-24 
dcmn1380|prty1380|dcty1380|yurSvbde|2019-07-17|2016-09-30|Lesotho|2022-03-24 
dcmn1381|prty1381|dcty1381|Ikfbhgvg|2021-11-08|2014-03-18|Mali|2022-03-24 
dcmn1382|prty1382|dcty1382|RwzibujS|2016-04-25|2001-04-13|Nigeria|2022-03-24 
dcmn1383|prty1383|dcty1383|rfoiUKtZ|2012-02-23|2011-08-23|India|2022-03-24 
dcmn1384|prty1384|dcty1384|zqgazybH|2021-07-18|2011-09-03|French West Indies|2022-03-24 
dcmn1385|prty1385|dcty1385|dBnoBMAB|2000-10-23|2000-03-24|Anguilla|2022-03-24 
dcmn1386|prty1386|dcty1386|gMHDYRUI|2006-12-30|2006-01-13|Angola|2022-03-24 
dcmn1387|prty1387|dcty1387|PIQppAIu|2011-11-07|2004-04-24|Austria|2022-03-24 
dcmn1388|prty1388|dcty1388|qGlisyRh|2018-07-26|2000-08-24|Belarus|2022-03-24 
dcmn1389|prty1389|dcty1389|YbqEeUCU|2021-02-02|2013-03-29|Ghana|2022-03-24 
dcmn1390|prty1390|dcty1390|gExOJMjE|2018-01-12|2014-07-31|Slovakia|2022-03-24 
dcmn1391|prty1391|dcty1391|mSSqwOxx|2000-04-10|2001-03-17|Belarus|2022-03-24 
dcmn1392|prty1392|dcty1392|hhcHQIiP|2005-03-04|2021-08-27|Papua New Guinea|2022-03-24 
dcmn1393|prty1393|dcty1393|McjvOSTC|2004-08-12|2009-04-17|Lebanon|2022-03-24 
dcmn1394|prty1394|dcty1394|jwHwZeYh|2007-05-01|2020-05-05|Cote D Ivoire|2022-03-24 
dcmn1395|prty1395|dcty1395|JLHDkGXF|2016-10-16|2008-04-01|Guam|2022-03-24 
dcmn1396|prty1396|dcty1396|rTkLqfrZ|2005-01-21|2004-10-15|Jamaica|2022-03-24 
dcmn1397|prty1397|dcty1397|iHMARHew|2006-04-30|2003-04-10|Denmark|2022-03-24 
dcmn1398|prty1398|dcty1398|qzIpqmOU|2020-05-06|2008-06-18|Satellite|2022-03-24 
dcmn1399|prty1399|dcty1399|UgENsjKc|2018-05-01|2001-06-07|Moldova|2022-03-24 
dcmn1400|prty1400|dcty1400|FzyTYHhW|2009-10-27|2021-11-29|Trinidad &amp; Tobago|2022-03-24 
dcmn1401|prty1401|dcty1401|BshVwfzH|2006-01-31|2008-06-11|Estonia|2022-03-24 
dcmn1402|prty1402|dcty1402|ZYeloFMa|2013-08-09|2019-09-09|Malaysia|2022-03-24 
dcmn1403|prty1403|dcty1403|WeJoyJoq|2007-04-26|2020-04-09|Mali|2022-03-24 
dcmn1404|prty1404|dcty1404|pACQpDqn|2020-10-21|2007-01-06|Gibraltar|2022-03-24 
dcmn1405|prty1405|dcty1405|dibKLJnb|2010-11-06|2016-06-09|Israel|2022-03-24 
dcmn1406|prty1406|dcty1406|UurhHMKO|2009-03-04|2013-08-08|South Korea|2022-03-24 
dcmn1407|prty1407|dcty1407|TwPdBLrL|2000-01-27|2004-02-10|Isle of Man|2022-03-24 
dcmn1408|prty1408|dcty1408|xvEmJpoP|2013-03-29|2012-12-11|Yemen|2022-03-24 
dcmn1409|prty1409|dcty1409|kgvUIorW|2012-11-29|2006-10-17|Liechtenstein|2022-03-24 
dcmn1410|prty1410|dcty1410|LycWwcGF|2006-02-25|2005-09-01|Bulgaria|2022-03-24 
dcmn1411|prty1411|dcty1411|BegkwhCH|2000-02-14|2001-01-13|Bahrain|2022-03-24 
dcmn1412|prty1412|dcty1412|rSCYcxHK|2021-06-24|2007-09-29|Hong Kong|2022-03-24 
dcmn1413|prty1413|dcty1413|FIIWysfE|2015-03-30|2002-08-20|Vietnam|2022-03-24 
dcmn1414|prty1414|dcty1414|VusNyZvW|2004-09-23|2012-01-16|Oman|2022-03-24 
dcmn1415|prty1415|dcty1415|YsyWpSUY|2014-04-01|2020-11-05|Guinea Bissau|2022-03-24 
dcmn1416|prty1416|dcty1416|xEhtgduu|2021-08-01|2001-04-20|Switzerland|2022-03-24 
dcmn1417|prty1417|dcty1417|eMKziwSZ|2010-08-13|2018-07-31|British Virgin Islands|2022-03-24 
dcmn1418|prty1418|dcty1418|mncpBNTe|2019-10-04|2001-08-13|Falkland Islands|2022-03-24 
dcmn1419|prty1419|dcty1419|OWeHDOsZ|2000-09-28|2018-10-24|Venezuela|2022-03-24 
dcmn1420|prty1420|dcty1420|mZyhgwOw|2019-01-21|2000-07-12|Togo|2022-03-24 
dcmn1421|prty1421|dcty1421|UFabawGr|2004-09-08|2016-06-21|Turkey|2022-03-24 
dcmn1422|prty1422|dcty1422|SMhwXBCQ|2010-06-10|2016-03-30|Slovenia|2022-03-24 
dcmn1423|prty1423|dcty1423|syvGADhd|2018-09-17|2018-08-08|Benin|2022-03-24 
dcmn1424|prty1424|dcty1424|oTXtcimb|2006-12-23|2000-10-07|Montserrat|2022-03-24 
dcmn1425|prty1425|dcty1425|tBsDikFJ|2002-08-27|2011-12-19|El Salvador|2022-03-24 
dcmn1426|prty1426|dcty1426|XWWxKCkj|2010-02-13|2009-08-25|Gambia|2022-03-24 
dcmn1427|prty1427|dcty1427|qvByeMCp|2016-11-16|2014-03-28|Montenegro|2022-03-24 
dcmn1428|prty1428|dcty1428|SAQOuUpy|2015-04-24|2006-08-26|Rwanda|2022-03-24 
dcmn1429|prty1429|dcty1429|wDlxALjL|2016-08-23|2018-08-27|Moldova|2022-03-24 
dcmn1430|prty1430|dcty1430|CafZaKvc|2019-09-07|2016-11-25|Philippines|2022-03-24 
dcmn1431|prty1431|dcty1431|cyAHDJYf|2003-09-20|2000-05-11|Belize|2022-03-24 
dcmn1432|prty1432|dcty1432|coiIgLWW|2015-09-11|2015-02-07|Anguilla|2022-03-24 
dcmn1433|prty1433|dcty1433|wIQHAaTQ|2002-07-02|2005-09-19|Papua New Guinea|2022-03-24 
dcmn1434|prty1434|dcty1434|fThmeOBs|2003-08-22|2018-01-03|Luxembourg|2022-03-24 
dcmn1435|prty1435|dcty1435|cicqpTwi|2004-06-02|2001-09-08|Cuba|2022-03-24 
dcmn1436|prty1436|dcty1436|nuVhicQZ|2001-05-30|2008-09-25|St Vincent|2022-03-24 
dcmn1437|prty1437|dcty1437|pUPkcWtR|2014-01-25|2006-09-29|United Kingdom|2022-03-24 
dcmn1438|prty1438|dcty1438|iOgqcpQW|2003-05-12|2008-07-10|Cameroon|2022-03-24 
dcmn1439|prty1439|dcty1439|iNYJgMAD|2007-06-11|2021-12-21|Jordan|2022-03-24 
dcmn1440|prty1440|dcty1440|gSMFtgHa|2017-11-30|2013-04-14|Norway|2022-03-24 
dcmn1441|prty1441|dcty1441|HnNtyUwB|2010-09-12|2016-10-19|Honduras|2022-03-24 
dcmn1442|prty1442|dcty1442|hLyoimRV|2013-07-11|2003-08-26|Sierra Leone|2022-03-24 
dcmn1443|prty1443|dcty1443|tdBNycQA|2021-03-16|2014-04-25|Monaco|2022-03-24 
dcmn1444|prty1444|dcty1444|qUOlvOJc|2012-08-02|2014-05-20|Slovenia|2022-03-24 
dcmn1445|prty1445|dcty1445|MdHegCkP|2013-01-13|2002-04-25|Bangladesh|2022-03-24 
dcmn1446|prty1446|dcty1446|xtAvEFfi|2021-04-23|2015-10-22|Vietnam|2022-03-24 
dcmn1447|prty1447|dcty1447|NzyhCooS|2014-09-14|2002-02-21|Moldova|2022-03-24 
dcmn1448|prty1448|dcty1448|xAAsWoOM|2016-01-24|2018-04-15|Jordan|2022-03-24 
dcmn1449|prty1449|dcty1449|mtCYEhff|2009-11-02|2001-11-15|Djibouti|2022-03-24 
dcmn1450|prty1450|dcty1450|aNGrnmVz|2019-04-09|2007-02-11|Venezuela|2022-03-24 
dcmn1451|prty1451|dcty1451|YJYPxeaO|2005-06-26|2001-09-24|Isle of Man|2022-03-24 
dcmn1452|prty1452|dcty1452|pTuwCQhA|2006-11-20|2018-11-03|Madagascar|2022-03-24 
dcmn1453|prty1453|dcty1453|wWQNHzDE|2013-11-09|2015-07-12|Lithuania|2022-03-24 
dcmn1454|prty1454|dcty1454|PFuPpnKN|2006-07-25|2021-10-03|Niger|2022-03-24 
dcmn1455|prty1455|dcty1455|WMzjwMTG|2013-11-29|2018-07-21|Sri Lanka|2022-03-24 
dcmn1456|prty1456|dcty1456|xrXGyhjT|2004-09-25|2012-05-14|Swaziland|2022-03-24 
dcmn1457|prty1457|dcty1457|DKfqRtyZ|2010-07-18|2001-08-31|Turkey|2022-03-24 
dcmn1458|prty1458|dcty1458|hMbLGFCL|2020-06-01|2004-09-07|Indonesia|2022-03-24 
dcmn1459|prty1459|dcty1459|iGXgJcUe|2004-01-27|2021-05-02|Reunion|2022-03-24 
dcmn1460|prty1460|dcty1460|dkMQmSQW|2019-01-13|2009-09-04|Belgium|2022-03-24 
dcmn1461|prty1461|dcty1461|dmjiyNuS|2010-08-22|2020-01-30|Macau|2022-03-24 
dcmn1462|prty1462|dcty1462|AAOiBHap|2003-06-06|2006-08-12|India|2022-03-24 
dcmn1463|prty1463|dcty1463|ZVCITdBQ|2003-03-24|2001-02-20|Madagascar|2022-03-24 
dcmn1464|prty1464|dcty1464|wEQVApid|2013-03-17|2021-11-28|Timor L'Este|2022-03-24 
dcmn1465|prty1465|dcty1465|eLFLiALo|2005-05-16|2015-04-07|Ethiopia|2022-03-24 
dcmn1466|prty1466|dcty1466|RqpfXeSF|2021-09-17|2006-10-19|Cote D Ivoire|2022-03-24 
dcmn1467|prty1467|dcty1467|eqloQsLa|2003-03-31|2008-04-17|Slovenia|2022-03-24 
dcmn1468|prty1468|dcty1468|IupRnuKA|2006-05-06|2002-06-27|Antigua &amp; Barbuda|2022-03-24 
dcmn1469|prty1469|dcty1469|dAMTCaxb|2002-04-28|2015-07-30|Macedonia|2022-03-24 
dcmn1470|prty1470|dcty1470|KYZSvMxI|2012-05-28|2020-07-08|Puerto Rico|2022-03-24 
dcmn1471|prty1471|dcty1471|RLsBRjRI|2000-11-21|2021-07-12|Kenya|2022-03-24 
dcmn1472|prty1472|dcty1472|MVeRNPdi|2021-07-17|2018-09-30|Nepal|2022-03-24 
dcmn1473|prty1473|dcty1473|NkkDrCCN|2017-09-16|2011-04-21|Lithuania|2022-03-24 
dcmn1474|prty1474|dcty1474|FgLDbOlS|2004-07-23|2019-10-01|Jamaica|2022-03-24 
dcmn1475|prty1475|dcty1475|zCrxHtGE|2011-05-01|2015-02-27|Tajikistan|2022-03-24 
dcmn1476|prty1476|dcty1476|wbKfYEiP|2013-09-29|2008-08-20|United Kingdom|2022-03-24 
dcmn1477|prty1477|dcty1477|cdMGMnQb|2016-02-25|2012-04-09|Ireland|2022-03-24 
dcmn1478|prty1478|dcty1478|LVarBJVx|2002-12-13|2014-12-24|Tajikistan|2022-03-24 
dcmn1479|prty1479|dcty1479|YNkuNyJP|2004-10-31|2001-08-10|Suriname|2022-03-24 
dcmn1480|prty1480|dcty1480|jqumJStX|2003-04-09|2001-01-13|Iran|2022-03-24 
dcmn1481|prty1481|dcty1481|ICOxKVBG|2014-08-12|2021-01-12|Vietnam|2022-03-24 
dcmn1482|prty1482|dcty1482|jfgLeeqE|2005-10-24|2013-08-23|Maldives|2022-03-24 
dcmn1483|prty1483|dcty1483|LuLvatlY|2008-01-01|2008-02-27|Cuba|2022-03-24 
dcmn1484|prty1484|dcty1484|oIceDJAf|2008-11-20|2012-01-04|Tajikistan|2022-03-24 
dcmn1485|prty1485|dcty1485|pvsxVFYN|2000-08-23|2015-03-30|French West Indies|2022-03-24 
dcmn1486|prty1486|dcty1486|IJYakEuu|2017-01-20|2016-02-06|United Arab Emirates|2022-03-24 
dcmn1487|prty1487|dcty1487|VuSOkQWr|2000-06-09|2018-03-30|Malawi|2022-03-24 
dcmn1488|prty1488|dcty1488|lKHaeuWV|2017-08-28|2000-08-27|Croatia|2022-03-24 
dcmn1489|prty1489|dcty1489|zgPOdciu|2002-08-11|2016-04-24|Georgia|2022-03-24 
dcmn1490|prty1490|dcty1490|PEFFFkqq|2006-12-03|2017-08-28|St Kitts &amp; Nevis|2022-03-24 
dcmn1491|prty1491|dcty1491|diPitXVo|2013-04-18|2001-02-08|Isle of Man|2022-03-24 
dcmn1492|prty1492|dcty1492|UzJCdguw|2014-04-29|2009-10-12|Hong Kong|2022-03-24 
dcmn1493|prty1493|dcty1493|BsTPxRfo|2016-12-28|2018-12-05|El Salvador|2022-03-24 
dcmn1494|prty1494|dcty1494|XObqXOtv|2000-09-12|2012-07-29|Puerto Rico|2022-03-24 
dcmn1495|prty1495|dcty1495|jngcBUos|2005-07-14|2005-03-03|Lebanon|2022-03-24 
dcmn1496|prty1496|dcty1496|WCNTxlHx|2010-07-26|2006-02-09|Turks &amp; Caicos|2022-03-24 
dcmn1497|prty1497|dcty1497|WRIqSKVy|2009-06-23|2001-06-27|Vietnam|2022-03-24 
dcmn1498|prty1498|dcty1498|lMjSSqaJ|2018-05-28|2001-07-12|Lebanon|2022-03-24 
dcmn1499|prty1499|dcty1499|CyqltmPi|2001-05-06|2009-12-24|Jersey|2022-03-24 
dcmn1500|prty1500|dcty1500|AdXWXXrY|2019-10-18|2018-03-24|South Africa|2022-03-24 
dcmn1501|prty1501|dcty1501|YtINpWtP|2013-12-05|2001-02-03|New Caledonia|2022-03-24 
dcmn1502|prty1502|dcty1502|MkKayVhT|2012-02-02|2009-06-21|Lesotho|2022-03-24 
dcmn1503|prty1503|dcty1503|wkILRMkA|2009-08-12|2006-12-30|Montserrat|2022-03-24 
dcmn1504|prty1504|dcty1504|MyOAyUQa|2016-11-23|2009-12-23|Taiwan|2022-03-24 
dcmn1505|prty1505|dcty1505|ffsQPRMn|2006-12-11|2000-02-25|Sierra Leone|2022-03-24 
dcmn1506|prty1506|dcty1506|MopMibtg|2018-08-25|2016-05-14|Gabon|2022-03-24 
dcmn1507|prty1507|dcty1507|ttHtBerI|2021-10-21|2015-02-21|Bahrain|2022-03-24 
dcmn1508|prty1508|dcty1508|MNinMNvU|2015-07-28|2010-07-18|Austria|2022-03-24 
dcmn1509|prty1509|dcty1509|CsqlACLD|2011-01-26|2015-03-03|Cayman Islands|2022-03-24 
dcmn1510|prty1510|dcty1510|ImgTNujS|2003-10-13|2016-10-11|Thailand|2022-03-24 
dcmn1511|prty1511|dcty1511|drjtNXqm|2016-03-26|2006-05-19|Luxembourg|2022-03-24 
dcmn1512|prty1512|dcty1512|fMoecVNh|2005-08-14|2015-11-13|France|2022-03-24 
dcmn1513|prty1513|dcty1513|dEVeJVSa|2005-05-29|2013-11-04|Lebanon|2022-03-24 
dcmn1514|prty1514|dcty1514|GRqadhJA|2000-01-21|2011-09-16|Austria|2022-03-24 
dcmn1515|prty1515|dcty1515|wVhiBjxn|2012-01-03|2008-03-16|Afghanistan|2022-03-24 
dcmn1516|prty1516|dcty1516|lyPmClzW|2003-12-01|2017-09-12|Hong Kong|2022-03-24 
dcmn1517|prty1517|dcty1517|iBeCrxXj|2019-09-13|2018-01-07|Montserrat|2022-03-24 
dcmn1518|prty1518|dcty1518|fMPZOeVS|2003-08-10|2005-09-25|Tajikistan|2022-03-24 
dcmn1519|prty1519|dcty1519|yNUHaJQp|2001-08-29|2017-05-07|Bulgaria|2022-03-24 
dcmn1520|prty1520|dcty1520|LoonaFaA|2016-05-16|2015-11-26|Spain|2022-03-24 
dcmn1521|prty1521|dcty1521|WUIHuzvG|2001-07-26|2007-08-11|Liberia|2022-03-24 
dcmn1522|prty1522|dcty1522|zzBTFNjm|2001-07-11|2021-11-01|Sudan|2022-03-24 
dcmn1523|prty1523|dcty1523|GuELMwSJ|2014-10-19|2002-07-21|Benin|2022-03-24 
dcmn1524|prty1524|dcty1524|oerGwPdR|2021-08-12|2007-04-21|France|2022-03-24 
dcmn1525|prty1525|dcty1525|zZEhUAwf|2020-01-12|2016-01-24|Thailand|2022-03-24 
dcmn1526|prty1526|dcty1526|eEhDnncK|2001-06-09|2019-11-28|Finland|2022-03-24 
dcmn1527|prty1527|dcty1527|noScraXi|2020-09-07|2015-10-04|British Virgin Islands|2022-03-24 
dcmn1528|prty1528|dcty1528|gOOyxfxK|2004-09-10|2015-09-24|Falkland Islands|2022-03-24 
dcmn1529|prty1529|dcty1529|qdtMqEJw|2010-01-09|2021-06-21|Sweden|2022-03-24 
dcmn1530|prty1530|dcty1530|XTJiUQJm|2006-04-10|2006-05-28|Saint Pierre &amp; Miquelon|2022-03-24 
dcmn1531|prty1531|dcty1531|uSJZUrlm|2021-02-22|2018-07-03|Guatemala|2022-03-24 
dcmn1532|prty1532|dcty1532|kHXWXefb|2008-08-02|2013-07-02|Uruguay|2022-03-24 
dcmn1533|prty1533|dcty1533|iQgFVmzR|2005-12-01|2012-11-08|Tunisia|2022-03-24 
dcmn1534|prty1534|dcty1534|MYeLuIpk|2014-10-24|2012-02-01|Slovenia|2022-03-24 
dcmn1535|prty1535|dcty1535|UGCCXGUy|2008-09-14|2003-12-02|Germany|2022-03-24 
dcmn1536|prty1536|dcty1536|wlEAZpPL|2000-10-08|2008-01-20|Timor L'Este|2022-03-24 
dcmn1537|prty1537|dcty1537|xFeZSPsT|2013-11-15|2000-10-23|Luxembourg|2022-03-24 
dcmn1538|prty1538|dcty1538|jbYlvlHo|2001-12-21|2016-04-26|Virgin Islands (US)|2022-03-24 
dcmn1539|prty1539|dcty1539|QSCIemRu|2020-05-16|2010-02-14|Venezuela|2022-03-24 
dcmn1540|prty1540|dcty1540|OfBBlOHr|2017-08-06|2000-11-26|Sweden|2022-03-24 
dcmn1541|prty1541|dcty1541|VPEGepYK|2020-01-10|2010-12-30|El Salvador|2022-03-24 
dcmn1542|prty1542|dcty1542|QTMTWCtP|2014-05-16|2011-11-27|Greece|2022-03-24 
dcmn1543|prty1543|dcty1543|iYHEAnbe|2016-12-09|2000-05-08|San Marino|2022-03-24 
dcmn1544|prty1544|dcty1544|oHESsgzj|2020-11-01|2015-09-11|Mauritius|2022-03-24 
dcmn1545|prty1545|dcty1545|GbLQXvVP|2021-03-23|2016-08-16|Austria|2022-03-24 
dcmn1546|prty1546|dcty1546|SHTMBuBj|2016-03-30|2013-11-19|Macedonia|2022-03-24 
dcmn1547|prty1547|dcty1547|avPTjBxr|2005-03-10|2008-09-09|Kazakhstan|2022-03-24 
dcmn1548|prty1548|dcty1548|TyLDyrCC|2006-01-17|2001-07-04|Barbados|2022-03-24 
dcmn1549|prty1549|dcty1549|rTaSlyhk|2014-06-23|2013-07-02|Guam|2022-03-24 
dcmn1550|prty1550|dcty1550|MGZYgoYv|2006-02-19|2019-04-11|Malawi|2022-03-24 
dcmn1551|prty1551|dcty1551|iYfZTeRR|2011-12-12|2009-09-13|United Kingdom|2022-03-24 
dcmn1552|prty1552|dcty1552|OBrsWlUA|2006-02-17|2017-02-25|Zambia|2022-03-24 
dcmn1553|prty1553|dcty1553|ErLRbKrM|2018-09-09|2006-09-15|Congo|2022-03-24 
dcmn1554|prty1554|dcty1554|JoIYoOGr|2006-06-29|2018-03-28|Andorra|2022-03-24 
dcmn1555|prty1555|dcty1555|wpvzAxjg|2008-05-11|2009-10-23|Afghanistan|2022-03-24 
dcmn1556|prty1556|dcty1556|oFTqbfrS|2012-10-31|2007-09-05|Falkland Islands|2022-03-24 
dcmn1557|prty1557|dcty1557|oJeSZpnm|2009-12-10|2013-07-11|Paraguay|2022-03-24 
dcmn1558|prty1558|dcty1558|CLnHGLcV|2017-08-15|2008-07-26|Croatia|2022-03-24 
dcmn1559|prty1559|dcty1559|iFmFoAEa|2020-04-08|2005-10-17|Dominica|2022-03-24 
dcmn1560|prty1560|dcty1560|dClnKNSo|2020-06-02|2007-09-27|St. Lucia|2022-03-24 
dcmn1561|prty1561|dcty1561|bCIDMPqr|2008-11-04|2016-09-10|Sierra Leone|2022-03-24 
dcmn1562|prty1562|dcty1562|aukYlQEM|2011-01-18|2015-01-18|Bolivia|2022-03-24 
dcmn1563|prty1563|dcty1563|zxlTrObY|2006-02-20|2011-03-02|Ghana|2022-03-24 
dcmn1564|prty1564|dcty1564|sSwWKrAi|2005-05-05|2006-02-19|St Kitts &amp; Nevis|2022-03-24 
dcmn1565|prty1565|dcty1565|XObhkLcs|2014-03-18|2005-07-10|Albania|2022-03-24 
dcmn1566|prty1566|dcty1566|nDBNWKtD|2020-10-21|2010-07-27|Malawi|2022-03-24 
dcmn1567|prty1567|dcty1567|gnHZVwqN|2013-05-09|2004-11-06|Taiwan|2022-03-24 
dcmn1568|prty1568|dcty1568|ZbgVWIHV|2013-02-25|2009-02-27|Satellite|2022-03-24 
dcmn1569|prty1569|dcty1569|glAdhwSq|2010-08-21|2006-01-20|Saint Pierre &amp; Miquelon|2022-03-24 
dcmn1570|prty1570|dcty1570|qncrAWWO|2000-09-03|2015-06-30|Nicaragua|2022-03-24 
dcmn1571|prty1571|dcty1571|NNxgYgph|2007-05-21|2013-12-05|Malawi|2022-03-24 
dcmn1572|prty1572|dcty1572|ePAavyAV|2001-06-19|2009-12-18|Afghanistan|2022-03-24 
dcmn1573|prty1573|dcty1573|UkofDaNY|2019-03-10|2006-10-05|Turkmenistan|2022-03-24 
dcmn1574|prty1574|dcty1574|EQAuDxDh|2000-11-24|2019-03-29|Botswana|2022-03-24 
dcmn1575|prty1575|dcty1575|jBvEHpAM|2005-08-19|2019-11-04|Mexico|2022-03-24 
dcmn1576|prty1576|dcty1576|xilJfGeQ|2017-03-01|2016-09-16|Benin|2022-03-24 
dcmn1577|prty1577|dcty1577|JiXKSKod|2011-10-09|2021-12-05|Panama|2022-03-24 
dcmn1578|prty1578|dcty1578|PiBXRNyp|2013-05-23|2011-07-07|Tunisia|2022-03-24 
dcmn1579|prty1579|dcty1579|CegsJkPK|2009-05-25|2020-10-28|Turks &amp; Caicos|2022-03-24 
dcmn1580|prty1580|dcty1580|ZGpUIVJw|2015-10-01|2011-08-26|Cruise Ship|2022-03-24 
dcmn1581|prty1581|dcty1581|ksncZqJm|2021-05-28|2012-04-11|Mali|2022-03-24 
dcmn1582|prty1582|dcty1582|LvyTaAgQ|2005-12-22|2020-03-13|Malta|2022-03-24 
dcmn1583|prty1583|dcty1583|NxSqocER|2002-11-09|2016-12-29|Anguilla|2022-03-24 
dcmn1584|prty1584|dcty1584|nDQxKVSu|2021-12-21|2004-11-29|Venezuela|2022-03-24 
dcmn1585|prty1585|dcty1585|UMnOoPAE|2016-01-10|2003-11-30|Belarus|2022-03-24 
dcmn1586|prty1586|dcty1586|hDjJkcdB|2011-08-25|2014-04-26|Norway|2022-03-24 
dcmn1587|prty1587|dcty1587|NrvpaeUu|2007-06-15|2019-10-29|Gambia|2022-03-24 
dcmn1588|prty1588|dcty1588|uErqeRrw|2016-08-15|2000-02-20|Finland|2022-03-24 
dcmn1589|prty1589|dcty1589|iRelYxzR|2010-12-07|2004-03-18|Maldives|2022-03-24 
dcmn1590|prty1590|dcty1590|KopMonNF|2012-06-08|2020-01-12|Turkmenistan|2022-03-24 
dcmn1591|prty1591|dcty1591|AVGPLaUM|2009-08-08|2017-06-12|Rwanda|2022-03-24 
dcmn1592|prty1592|dcty1592|jUlJoCGT|2017-09-06|2002-09-24|Hungary|2022-03-24 
dcmn1593|prty1593|dcty1593|QBNBoLBy|2020-07-29|2000-09-12|Puerto Rico|2022-03-24 
dcmn1594|prty1594|dcty1594|xyeRLKJh|2000-10-27|2011-03-12|Russia|2022-03-24 
dcmn1595|prty1595|dcty1595|geMjUCYG|2003-01-29|2008-07-05|Madagascar|2022-03-24 
dcmn1596|prty1596|dcty1596|oqQdxqMz|2015-09-06|2008-11-28|Niger|2022-03-24 
dcmn1597|prty1597|dcty1597|QzGcZFqD|2005-10-20|2004-07-13|Timor L'Este|2022-03-24 
dcmn1598|prty1598|dcty1598|ODxkVcqQ|2013-04-20|2021-04-30|Guatemala|2022-03-24 
dcmn1599|prty1599|dcty1599|buscatGl|2019-01-12|2003-01-16|Ecuador|2022-03-24 
dcmn1600|prty1600|dcty1600|bhezRCov|2000-06-11|2007-04-13|St Vincent|2022-03-24 
dcmn1601|prty1601|dcty1601|bSktgWLU|2000-03-24|2017-08-22|Mozambique|2022-03-24 
dcmn1602|prty1602|dcty1602|lndxcYcY|2002-01-23|2005-07-31|Italy|2022-03-24 
dcmn1603|prty1603|dcty1603|FbjYUrOu|2000-01-01|2004-01-21|Madagascar|2022-03-24 
dcmn1604|prty1604|dcty1604|LktdnJSk|2014-02-05|2008-02-11|Syria|2022-03-24 
dcmn1605|prty1605|dcty1605|uhOOXRPW|2010-11-11|2006-03-03|Kyrgyz Republic|2022-03-24 
dcmn1606|prty1606|dcty1606|otCVggpe|2010-05-06|2020-07-11|French Polynesia|2022-03-24 
dcmn1607|prty1607|dcty1607|mnWxBFvq|2017-10-25|2011-04-17|Syria|2022-03-24 
dcmn1608|prty1608|dcty1608|XHNrADXM|2016-07-09|2011-01-31|Czech Republic|2022-03-24 
dcmn1609|prty1609|dcty1609|iNmueaBB|2019-08-27|2012-03-20|Philippines|2022-03-24 
dcmn1610|prty1610|dcty1610|PeLAaJSq|2000-06-17|2019-05-23|Pakistan|2022-03-24 
dcmn1611|prty1611|dcty1611|WjcaaDtM|2020-10-30|2005-11-28|Estonia|2022-03-24 
dcmn1612|prty1612|dcty1612|qSDPXfeF|2015-02-03|2003-08-28|Gambia|2022-03-24 
dcmn1613|prty1613|dcty1613|XnNmkTjF|2000-02-06|2013-07-24|Saint Pierre &amp; Miquelon|2022-03-24 
dcmn1614|prty1614|dcty1614|KfTGFrNM|2009-01-21|2017-07-06|Uganda|2022-03-24 
dcmn1615|prty1615|dcty1615|LGLRaAlP|2017-04-24|2012-06-20|Burkina Faso|2022-03-24 
dcmn1616|prty1616|dcty1616|IMqVkJMY|2013-12-08|2021-10-25|Slovakia|2022-03-24 
dcmn1617|prty1617|dcty1617|iCJrPHWu|2000-07-24|2004-05-17|Serbia|2022-03-24 
dcmn1618|prty1618|dcty1618|BtEsZFaw|2011-07-26|2002-08-26|Australia|2022-03-24 
dcmn1619|prty1619|dcty1619|mcPaKImZ|2001-06-18|2010-01-22|South Africa|2022-03-24 
dcmn1620|prty1620|dcty1620|ekkPCaHr|2003-07-01|2002-05-22|Guatemala|2022-03-24 
dcmn1621|prty1621|dcty1621|EhhFUoRK|2021-06-08|2005-07-25|Slovenia|2022-03-24 
dcmn1622|prty1622|dcty1622|jTMOBplW|2005-06-16|2003-12-28|Uzbekistan|2022-03-24 
dcmn1623|prty1623|dcty1623|OcGTXNmJ|2011-12-02|2019-11-08|Gibraltar|2022-03-24 
dcmn1624|prty1624|dcty1624|zdWyOowE|2018-09-10|2019-08-14|Denmark|2022-03-24 
dcmn1625|prty1625|dcty1625|eHKVsABH|2012-11-04|2004-10-16|Chad|2022-03-24 
dcmn1626|prty1626|dcty1626|jHwpRDNC|2013-03-24|2013-05-15|Malta|2022-03-24 
dcmn1627|prty1627|dcty1627|nGxtWBnG|2014-02-26|2020-01-02|Cayman Islands|2022-03-24 
dcmn1628|prty1628|dcty1628|xjXjcZvQ|2013-05-28|2008-04-07|Bolivia|2022-03-24 
dcmn1629|prty1629|dcty1629|SioECiwZ|2016-12-17|2007-10-15|Sudan|2022-03-24 
dcmn1630|prty1630|dcty1630|xrALKrcX|2019-09-22|2007-08-25|Jordan|2022-03-24 
dcmn1631|prty1631|dcty1631|WUgUpFYe|2007-09-02|2004-02-20|Sweden|2022-03-24 
dcmn1632|prty1632|dcty1632|twWJtTgz|2008-08-11|2016-11-20|Barbados|2022-03-24 
dcmn1633|prty1633|dcty1633|VUoBOEnF|2000-09-03|2014-01-08|Bhutan|2022-03-24 
dcmn1634|prty1634|dcty1634|PCDGdTIZ|2017-10-11|2018-09-18|Iran|2022-03-24 
dcmn1635|prty1635|dcty1635|GxTkKOWI|2016-05-11|2021-05-04|Jamaica|2022-03-24 
dcmn1636|prty1636|dcty1636|mnjqgZek|2008-11-28|2016-07-20|Guyana|2022-03-24 
dcmn1637|prty1637|dcty1637|SBJsLeiR|2007-08-27|2021-04-29|Finland|2022-03-24 
dcmn1638|prty1638|dcty1638|hGsffiAl|2011-09-07|2005-01-26|Venezuela|2022-03-24 
dcmn1639|prty1639|dcty1639|sWbClrhC|2000-01-03|2018-12-15|Brazil|2022-03-24 
dcmn1640|prty1640|dcty1640|gOjdCNVv|2001-09-18|2011-08-22|Bangladesh|2022-03-24 
dcmn1641|prty1641|dcty1641|tJNHlhyN|2010-07-27|2015-07-22|Croatia|2022-03-24 
dcmn1642|prty1642|dcty1642|XmAeIXik|2009-07-23|2010-06-13|Syria|2022-03-24 
dcmn1643|prty1643|dcty1643|pssHKXLk|2016-03-23|2018-12-31|Libya|2022-03-24 
dcmn1644|prty1644|dcty1644|kEshBQqk|2006-11-30|2017-01-15|Saudi Arabia|2022-03-24 
dcmn1645|prty1645|dcty1645|hBggHGbl|2015-07-12|2016-11-15|Luxembourg|2022-03-24 
dcmn1646|prty1646|dcty1646|BMtFiECz|2019-02-07|2000-06-12|Bangladesh|2022-03-24 
dcmn1647|prty1647|dcty1647|BtAdSJIv|2021-10-21|2020-08-03|Faroe Islands|2022-03-24 
dcmn1648|prty1648|dcty1648|wDhpshQZ|2018-03-23|2021-05-04|Fiji|2022-03-24 
dcmn1649|prty1649|dcty1649|tghCTLsM|2008-06-01|2017-10-03|Ghana|2022-03-24 
dcmn1650|prty1650|dcty1650|kLhgQJJz|2000-10-06|2005-08-16|Namibia|2022-03-24 
dcmn1651|prty1651|dcty1651|nIJlhgRt|2005-11-05|2016-02-25|Cambodia|2022-03-24 
dcmn1652|prty1652|dcty1652|nBsofRIL|2013-01-21|2017-04-22|Mauritius|2022-03-24 
dcmn1653|prty1653|dcty1653|uMrNhVGQ|2020-04-16|2005-04-05|Cuba|2022-03-24 
dcmn1654|prty1654|dcty1654|lijLXDLX|2001-11-08|2017-01-09|Thailand|2022-03-24 
dcmn1655|prty1655|dcty1655|xgbYwRxh|2008-07-25|2008-10-22|Norway|2022-03-24 
dcmn1656|prty1656|dcty1656|AajpxDXw|2015-02-21|2010-04-25|Tunisia|2022-03-24 
dcmn1657|prty1657|dcty1657|HJEHaaky|2000-06-16|2001-09-19|Jersey|2022-03-24 
dcmn1658|prty1658|dcty1658|kdlVblOn|2018-08-21|2009-08-01|Norway|2022-03-24 
dcmn1659|prty1659|dcty1659|rLYQmLVF|2003-03-13|2011-09-26|Virgin Islands (US)|2022-03-24 
dcmn1660|prty1660|dcty1660|MlhFeFsP|2001-09-10|2008-12-20|India|2022-03-24 
dcmn1661|prty1661|dcty1661|aCxBCXal|2005-05-30|2019-05-11|Sierra Leone|2022-03-24 
dcmn1662|prty1662|dcty1662|mxYoUXQn|2018-11-22|2012-05-18|Cyprus|2022-03-24 
dcmn1663|prty1663|dcty1663|gbsMiazJ|2019-11-08|2015-11-08|Peru|2022-03-24 
dcmn1664|prty1664|dcty1664|ujylVuco|2002-05-25|2007-08-19|St Vincent|2022-03-24 
dcmn1665|prty1665|dcty1665|JfBPuwro|2007-03-27|2006-01-02|Philippines|2022-03-24 
dcmn1666|prty1666|dcty1666|vlFYWHay|2013-01-01|2018-03-16|Macau|2022-03-24 
dcmn1667|prty1667|dcty1667|dHNMSYLJ|2015-10-15|2005-08-29|Nepal|2022-03-24 
dcmn1668|prty1668|dcty1668|oPAIWBip|2016-12-21|2019-12-30|El Salvador|2022-03-24 
dcmn1669|prty1669|dcty1669|HsqvzgiV|2016-09-03|2018-05-29|Ecuador|2022-03-24 
dcmn1670|prty1670|dcty1670|yNZMrZcu|2001-01-27|2014-05-30|Philippines|2022-03-24 
dcmn1671|prty1671|dcty1671|hxAcNJEI|2013-12-02|2020-07-30|Bhutan|2022-03-24 
dcmn1672|prty1672|dcty1672|YyjCkQKf|2021-08-10|2008-07-21|Dominica|2022-03-24 
dcmn1673|prty1673|dcty1673|aLsCuysS|2011-06-27|2007-04-19|Estonia|2022-03-24 
dcmn1674|prty1674|dcty1674|biSxMZcM|2003-02-12|2004-06-12|Congo|2022-03-24 
dcmn1675|prty1675|dcty1675|mgnkGtZQ|2003-01-14|2000-08-16|Satellite|2022-03-24 
dcmn1676|prty1676|dcty1676|KfiBwELp|2010-01-07|2000-01-04|Macau|2022-03-24 
dcmn1677|prty1677|dcty1677|arJKEPkT|2002-03-17|2011-09-29|Cayman Islands|2022-03-24 
dcmn1678|prty1678|dcty1678|woeuUTxb|2010-10-23|2005-02-22|Dominican Republic|2022-03-24 
dcmn1679|prty1679|dcty1679|ffnmrZUi|2000-07-26|2018-09-28|Tonga|2022-03-24 
dcmn1680|prty1680|dcty1680|gxClKBaU|2020-05-30|2000-06-24|Uruguay|2022-03-24 
dcmn1681|prty1681|dcty1681|ZjFzItYX|2001-01-13|2003-12-08|Liberia|2022-03-24 
dcmn1682|prty1682|dcty1682|sjTLkNCj|2012-11-15|2010-02-15|Togo|2022-03-24 
dcmn1683|prty1683|dcty1683|TmDPkrxI|2002-05-03|2011-08-18|Burkina Faso|2022-03-24 
dcmn1684|prty1684|dcty1684|FvEVnVPx|2017-02-26|2011-08-16|Belarus|2022-03-24 
dcmn1685|prty1685|dcty1685|zRGYPNvc|2016-12-06|2016-11-26|Jordan|2022-03-24 
dcmn1686|prty1686|dcty1686|fNfgSppC|2009-07-26|2003-04-22|Vietnam|2022-03-24 
dcmn1687|prty1687|dcty1687|ieZTjgdW|2011-03-07|2018-06-07|Paraguay|2022-03-24 
dcmn1688|prty1688|dcty1688|KlBQAmlu|2007-05-16|2014-06-03|Macedonia|2022-03-24 
dcmn1689|prty1689|dcty1689|jJWOsKEk|2007-08-07|2005-05-12|Suriname|2022-03-24 
dcmn1690|prty1690|dcty1690|BkLUrPvP|2003-05-05|2002-01-06|Falkland Islands|2022-03-24 
dcmn1691|prty1691|dcty1691|ylRfQBAF|2011-11-03|2006-01-31|Uganda|2022-03-24 
dcmn1692|prty1692|dcty1692|vescAUTz|2008-04-09|2012-10-30|Ukraine|2022-03-24 
dcmn1693|prty1693|dcty1693|VpDQasCy|2010-07-05|2017-02-22|Ecuador|2022-03-24 
dcmn1694|prty1694|dcty1694|WMUKawOS|2002-03-07|2004-08-18|Mali|2022-03-24 
dcmn1695|prty1695|dcty1695|hgVjduHS|2007-01-05|2015-08-31|Denmark|2022-03-24 
dcmn1696|prty1696|dcty1696|xKxAfxmu|2014-07-01|2015-01-05|Ghana|2022-03-24 
dcmn1697|prty1697|dcty1697|milSwsbc|2020-08-01|2004-06-15|Italy|2022-03-24 
dcmn1698|prty1698|dcty1698|NCThFNuu|2011-08-17|2009-03-12|Jordan|2022-03-24 
dcmn1699|prty1699|dcty1699|WQlSBkdK|2014-12-22|2005-08-10|Paraguay|2022-03-24 
dcmn1700|prty1700|dcty1700|CoAiDViT|2010-03-24|2011-05-14|Cambodia|2022-03-24 
dcmn1701|prty1701|dcty1701|HzpVnWzg|2001-09-26|2017-05-11|Cuba|2022-03-24 
dcmn1702|prty1702|dcty1702|YjQAanbV|2019-01-12|2011-01-05|Madagascar|2022-03-24 
dcmn1703|prty1703|dcty1703|AGIBfWmd|2000-08-31|2005-02-03|Honduras|2022-03-24 
dcmn1704|prty1704|dcty1704|MlreGQVO|2010-05-01|2014-01-10|Netherlands|2022-03-24 
dcmn1705|prty1705|dcty1705|bBHiXDCZ|2006-11-04|2009-10-09|Jersey|2022-03-24 
dcmn1706|prty1706|dcty1706|fWJNwVjx|2001-01-29|2002-08-29|Denmark|2022-03-24 
dcmn1707|prty1707|dcty1707|xQihheKP|2003-08-22|2008-06-14|Paraguay|2022-03-24 
dcmn1708|prty1708|dcty1708|fPcequVs|2010-05-12|2008-02-16|Sri Lanka|2022-03-24 
dcmn1709|prty1709|dcty1709|gDyepcHN|2012-05-24|2011-05-20|Chile|2022-03-24 
dcmn1710|prty1710|dcty1710|ggpxHONr|2013-01-14|2005-05-11|Chad|2022-03-24 
dcmn1711|prty1711|dcty1711|eKfSqlWk|2005-10-08|2014-12-01|Isle of Man|2022-03-24 
dcmn1712|prty1712|dcty1712|vMegqjNL|2016-08-13|2000-06-04|Chad|2022-03-24 
dcmn1713|prty1713|dcty1713|pGuWJTMW|2003-05-17|2016-09-08|Nicaragua|2022-03-24 
dcmn1714|prty1714|dcty1714|cAtBamko|2005-11-05|2012-03-23|Mauritius|2022-03-24 
dcmn1715|prty1715|dcty1715|rbQsFedO|2011-02-13|2007-08-03|Malaysia|2022-03-24 
dcmn1716|prty1716|dcty1716|IWVYhgDO|2003-02-06|2004-08-09|Hong Kong|2022-03-24 
dcmn1717|prty1717|dcty1717|eqhXMxdt|2013-07-29|2003-09-16|Panama|2022-03-24 
dcmn1718|prty1718|dcty1718|QGVoElpA|2012-06-28|2015-04-09|Cruise Ship|2022-03-24 
dcmn1719|prty1719|dcty1719|oZrovwuc|2001-11-17|2000-11-20|Moldova|2022-03-24 
dcmn1720|prty1720|dcty1720|EGyftzDF|2021-07-31|2005-12-02|Congo|2022-03-24 
dcmn1721|prty1721|dcty1721|hRimwLjR|2008-01-01|2016-06-04|Poland|2022-03-24 
dcmn1722|prty1722|dcty1722|jfdpoLZs|2008-09-27|2007-09-16|Libya|2022-03-24 
dcmn1723|prty1723|dcty1723|KZUnnxlj|2011-09-25|2005-06-04|St Lucia|2022-03-24 
dcmn1724|prty1724|dcty1724|WIdjCOCh|2014-08-15|2019-05-10|Brazil|2022-03-24 
dcmn1725|prty1725|dcty1725|XgyKLxRV|2005-06-14|2008-08-06|Uganda|2022-03-24 
dcmn1726|prty1726|dcty1726|WVUeeNPr|2012-09-22|2012-06-16|Bahamas|2022-03-24 
dcmn1727|prty1727|dcty1727|ngLJNTSl|2013-08-09|2006-07-02|Reunion|2022-03-24 
dcmn1728|prty1728|dcty1728|ikdAkStO|2008-10-03|2009-02-04|Montenegro|2022-03-24 
dcmn1729|prty1729|dcty1729|XAeavqAf|2009-01-02|2009-12-25|Vietnam|2022-03-24 
dcmn1730|prty1730|dcty1730|cmcSoIMp|2003-06-13|2017-05-08|Indonesia|2022-03-24 
dcmn1731|prty1731|dcty1731|lEDiiRkq|2006-02-27|2014-03-12|Brazil|2022-03-24 
dcmn1732|prty1732|dcty1732|TqihLwSt|2006-08-22|2014-06-15|Georgia|2022-03-24 
dcmn1733|prty1733|dcty1733|zWtkwbkh|2021-07-05|2015-08-01|Burundi|2022-03-24 
dcmn1734|prty1734|dcty1734|CQsgnhZC|2013-08-20|2010-12-17|Liberia|2022-03-24 
dcmn1735|prty1735|dcty1735|nOvazUVJ|2006-12-03|2006-04-22|Peru|2022-03-24 
dcmn1736|prty1736|dcty1736|YMpXbwUF|2002-06-10|2018-12-28|Vietnam|2022-03-24 
dcmn1737|prty1737|dcty1737|iqYIPBIu|2010-09-20|2015-12-25|Russia|2022-03-24 
dcmn1738|prty1738|dcty1738|ahGuRlDw|2010-02-05|2010-07-23|Seychelles|2022-03-24 
dcmn1739|prty1739|dcty1739|CceQuaoV|2017-07-01|2008-12-23|Japan|2022-03-24 
dcmn1740|prty1740|dcty1740|DEZoZbyw|2000-03-28|2007-01-09|Nicaragua|2022-03-24 
dcmn1741|prty1741|dcty1741|PtOeKpxl|2002-04-07|2020-05-17|Uzbekistan|2022-03-24 
dcmn1742|prty1742|dcty1742|duuFvxGo|2015-12-31|2001-02-12|Timor L'Este|2022-03-24 
dcmn1743|prty1743|dcty1743|pTogMGyN|2009-09-13|2015-05-27|Uruguay|2022-03-24 
dcmn1744|prty1744|dcty1744|ANvrtDyb|2008-09-14|2019-04-07|El Salvador|2022-03-24 
dcmn1745|prty1745|dcty1745|OhsAYHaj|2000-01-29|2017-05-19|French Polynesia|2022-03-24 
dcmn1746|prty1746|dcty1746|qOeTbqOk|2011-02-17|2017-11-13|Belgium|2022-03-24 
dcmn1747|prty1747|dcty1747|UZcYINDS|2009-01-14|2020-05-14|Pakistan|2022-03-24 
dcmn1748|prty1748|dcty1748|THmNKqQF|2012-10-29|2002-10-04|Turkey|2022-03-24 
dcmn1749|prty1749|dcty1749|ElAUBfOn|2011-05-31|2000-03-06|Kazakhstan|2022-03-24 
dcmn1750|prty1750|dcty1750|ItPsmYZQ|2009-09-04|2016-04-27|Andorra|2022-03-24 
dcmn1751|prty1751|dcty1751|waSJdczt|2005-06-16|2014-01-17|Sri Lanka|2022-03-24 
dcmn1752|prty1752|dcty1752|VBmnUhkk|2016-12-29|2003-11-10|Samoa|2022-03-24 
dcmn1753|prty1753|dcty1753|VybjAhQc|2019-02-20|2012-02-13|Laos|2022-03-24 
dcmn1754|prty1754|dcty1754|AJQkjTEW|2016-07-11|2015-03-29|Morocco|2022-03-24 
dcmn1755|prty1755|dcty1755|ZuBUWHJZ|2020-09-18|2003-10-21|Samoa|2022-03-24 
dcmn1756|prty1756|dcty1756|OBkQKezM|2017-02-24|2004-06-17|Turkey|2022-03-24 
dcmn1757|prty1757|dcty1757|ATferSHF|2013-06-11|2020-05-13|Papua New Guinea|2022-03-24 
dcmn1758|prty1758|dcty1758|sDTXyIbU|2008-08-13|2013-07-18|Switzerland|2022-03-24 
dcmn1759|prty1759|dcty1759|AEOPFXzZ|2007-04-22|2006-06-04|Guinea|2022-03-24 
dcmn1760|prty1760|dcty1760|lYitJfBu|2007-05-06|2005-03-02|Aruba|2022-03-24 
dcmn1761|prty1761|dcty1761|ceScrCzn|2002-07-25|2002-08-18|Serbia|2022-03-24 
dcmn1762|prty1762|dcty1762|addVDfFF|2005-05-13|2001-07-27|New Caledonia|2022-03-24 
dcmn1763|prty1763|dcty1763|iYpOHBHR|2007-04-27|2002-07-13|Aruba|2022-03-24 
dcmn1764|prty1764|dcty1764|xDdxqMvO|2021-06-01|2018-08-20|Cayman Islands|2022-03-24 
dcmn1765|prty1765|dcty1765|bDWRwSEK|2015-09-28|2021-08-12|Botswana|2022-03-24 
dcmn1766|prty1766|dcty1766|SsszAPPr|2011-09-13|2018-08-24|Japan|2022-03-24 
dcmn1767|prty1767|dcty1767|tVhMcyLU|2015-02-18|2004-07-29|Bangladesh|2022-03-24 
dcmn1768|prty1768|dcty1768|lWUJnpUM|2018-02-16|2015-10-11|Botswana|2022-03-24 
dcmn1769|prty1769|dcty1769|aHMgBXjR|2007-01-13|2001-04-08|St Vincent|2022-03-24 
dcmn1770|prty1770|dcty1770|sBgDWeVH|2018-09-17|2016-07-05|Guatemala|2022-03-24 
dcmn1771|prty1771|dcty1771|KBJsGlIq|2005-05-17|2021-03-23|Burkina Faso|2022-03-24 
dcmn1772|prty1772|dcty1772|NfEsSGCt|2017-06-22|2005-01-27|Guinea Bissau|2022-03-24 
dcmn1773|prty1773|dcty1773|LPsqXxfr|2014-02-08|2002-05-19|Macau|2022-03-24 
dcmn1774|prty1774|dcty1774|gAHbnLwk|2010-06-11|2019-06-06|Trinidad &amp; Tobago|2022-03-24 
dcmn1775|prty1775|dcty1775|KUBCpnbh|2020-12-18|2014-06-18|South Korea|2022-03-24 
dcmn1776|prty1776|dcty1776|eRZvTcbD|2021-06-13|2012-09-03|Qatar|2022-03-24 
dcmn1777|prty1777|dcty1777|DotlIiLq|2007-09-07|2018-08-25|Guinea|2022-03-24 
dcmn1778|prty1778|dcty1778|kSHRFiNz|2018-11-10|2021-07-25|Kyrgyz Republic|2022-03-24 
dcmn1779|prty1779|dcty1779|SqkTfbDz|2001-10-03|2017-04-06|Oman|2022-03-24 
dcmn1780|prty1780|dcty1780|yqxWxmRt|2006-02-07|2000-06-28|Malaysia|2022-03-24 
dcmn1781|prty1781|dcty1781|zwtyMXwa|2016-10-13|2013-10-22|Barbados|2022-03-24 
dcmn1782|prty1782|dcty1782|jAELNGci|2010-07-05|2013-07-03|Cayman Islands|2022-03-24 
dcmn1783|prty1783|dcty1783|DUYYiiYt|2007-07-22|2013-03-06|Philippines|2022-03-24 
dcmn1784|prty1784|dcty1784|GFYxbLGc|2013-01-25|2007-01-10|Botswana|2022-03-24 
dcmn1785|prty1785|dcty1785|PZMunUMk|2020-06-04|2001-11-07|Panama|2022-03-24 
dcmn1786|prty1786|dcty1786|UrnwhTSe|2009-11-19|2007-06-07|Sweden|2022-03-24 
dcmn1787|prty1787|dcty1787|kuKwxcvl|2021-01-02|2020-08-19|New Caledonia|2022-03-24 
dcmn1788|prty1788|dcty1788|zWFTiDtU|2000-05-24|2009-02-22|Portugal|2022-03-24 
dcmn1789|prty1789|dcty1789|AbuhZybM|2003-11-26|2000-01-08|Cameroon|2022-03-24 
dcmn1790|prty1790|dcty1790|opjNZdTr|2012-01-23|2001-11-23|Finland|2022-03-24 
dcmn1791|prty1791|dcty1791|MduihzkS|2017-03-10|2016-04-28|St Lucia|2022-03-24 
dcmn1792|prty1792|dcty1792|VguhcZpa|2019-12-15|2020-06-13|Malta|2022-03-24 
dcmn1793|prty1793|dcty1793|BSydgIeD|2011-04-20|2019-07-19|Reunion|2022-03-24 
dcmn1794|prty1794|dcty1794|FGvpLngN|2012-07-19|2008-08-21|Zambia|2022-03-24 
dcmn1795|prty1795|dcty1795|oBZlTQSS|2002-05-12|2019-07-02|Gambia|2022-03-24 
dcmn1796|prty1796|dcty1796|fujmvmCU|2018-03-07|2001-07-16|Faroe Islands|2022-03-24 
dcmn1797|prty1797|dcty1797|IuePPtWI|2009-06-03|2000-10-28|Zambia|2022-03-24 
dcmn1798|prty1798|dcty1798|BhNZNowN|2003-12-22|2005-06-11|Puerto Rico|2022-03-24 
dcmn1799|prty1799|dcty1799|tFQkiMiF|2015-09-12|2004-07-06|United Kingdom|2022-03-24 
dcmn1800|prty1800|dcty1800|GgZNnEYS|2014-05-29|2020-10-25|Ethiopia|2022-03-24 
dcmn1801|prty1801|dcty1801|WWecrEDd|2021-09-24|2001-01-09|Zimbabwe|2022-03-24 
dcmn1802|prty1802|dcty1802|AIoRzwkE|2014-07-16|2014-06-16|St Kitts &amp; Nevis|2022-03-24 
dcmn1803|prty1803|dcty1803|OzdxIRvY|2005-06-29|2018-06-01|Mozambique|2022-03-24 
dcmn1804|prty1804|dcty1804|FBklHuBO|2008-08-07|2010-01-30|Congo|2022-03-24 
dcmn1805|prty1805|dcty1805|ZjanCSxV|2006-07-04|2001-10-17|Czech Republic|2022-03-24 
dcmn1806|prty1806|dcty1806|NHQzIbLJ|2004-11-05|2004-12-19|Moldova|2022-03-24 
dcmn1807|prty1807|dcty1807|BMZNXrHm|2002-08-30|2006-01-11|Kyrgyz Republic|2022-03-24 
dcmn1808|prty1808|dcty1808|HqjIkDNJ|2009-10-02|2004-08-03|Malaysia|2022-03-24 
dcmn1809|prty1809|dcty1809|fZjtzOqa|2014-10-17|2008-02-03|Belize|2022-03-24 
dcmn1810|prty1810|dcty1810|RPwYrGHF|2017-01-17|2007-01-25|Swaziland|2022-03-24 
dcmn1811|prty1811|dcty1811|IgBaKnMA|2007-12-19|2016-03-10|Mozambique|2022-03-24 
dcmn1812|prty1812|dcty1812|QdxvAyjq|2009-09-15|2002-10-28|Mali|2022-03-24 
dcmn1813|prty1813|dcty1813|DIbPwScL|2003-05-20|2014-10-05|Turkmenistan|2022-03-24 
dcmn1814|prty1814|dcty1814|ojoNvfDD|2007-11-20|2014-03-14|Mozambique|2022-03-24 
dcmn1815|prty1815|dcty1815|NtEjtiDd|2004-11-12|2016-08-26|Djibouti|2022-03-24 
dcmn1816|prty1816|dcty1816|BKPJXhxZ|2018-08-28|2016-09-01|Malta|2022-03-24 
dcmn1817|prty1817|dcty1817|iwsmmFds|2003-05-22|2016-11-28|Nepal|2022-03-24 
dcmn1818|prty1818|dcty1818|qANbrMtH|2012-08-30|2006-01-07|Croatia|2022-03-24 
dcmn1819|prty1819|dcty1819|XvQEeqVM|2009-05-23|2002-05-19|Sri Lanka|2022-03-24 
dcmn1820|prty1820|dcty1820|GOTStumO|2020-03-08|2008-03-11|Mauritius|2022-03-24 
dcmn1821|prty1821|dcty1821|iqSkSJRg|2008-08-19|2003-09-20|Sri Lanka|2022-03-24 
dcmn1822|prty1822|dcty1822|PxWdTnmd|2016-08-05|2010-07-09|Ecuador|2022-03-24 
dcmn1823|prty1823|dcty1823|WatmMgKM|2007-12-04|2009-08-09|Lesotho|2022-03-24 
dcmn1824|prty1824|dcty1824|eyAGzhnX|2016-12-25|2008-10-08|French West Indies|2022-03-24 
dcmn1825|prty1825|dcty1825|qRvGSWcO|2009-06-07|2012-09-14|Nepal|2022-03-24 
dcmn1826|prty1826|dcty1826|aiUcROYv|2015-08-22|2019-12-14|Ecuador|2022-03-24 
dcmn1827|prty1827|dcty1827|lzmeoeGH|2013-04-21|2005-06-23|Sudan|2022-03-24 
dcmn1828|prty1828|dcty1828|BpnByDEv|2014-02-27|2017-09-29|Iceland|2022-03-24 
dcmn1829|prty1829|dcty1829|ZcamlNCU|2008-12-26|2019-02-04|Andorra|2022-03-24 
dcmn1830|prty1830|dcty1830|LpIZGABa|2006-04-24|2020-05-29|Turks &amp; Caicos|2022-03-24 
dcmn1831|prty1831|dcty1831|YYvxhjCD|2013-02-21|2002-08-28|Bermuda|2022-03-24 
dcmn1832|prty1832|dcty1832|fxLMNPoD|2012-04-12|2009-04-29|Algeria|2022-03-24 
dcmn1833|prty1833|dcty1833|VfPMzhvk|2018-12-22|2012-05-11|Burkina Faso|2022-03-24 
dcmn1834|prty1834|dcty1834|DHEMqwUi|2001-06-17|2004-08-08|Bosnia &amp; Herzegovina|2022-03-24 
dcmn1835|prty1835|dcty1835|JEOZVpRN|2007-10-01|2005-09-05|Turks &amp; Caicos|2022-03-24 
dcmn1836|prty1836|dcty1836|RoJkDblp|2000-01-22|2007-12-20|Lebanon|2022-03-24 
dcmn1837|prty1837|dcty1837|vEWtieZi|2014-07-14|2001-06-15|Ireland|2022-03-24 
dcmn1838|prty1838|dcty1838|ZelCDwHe|2020-08-06|2018-09-30|Seychelles|2022-03-24 
dcmn1839|prty1839|dcty1839|QBYkrTUu|2010-07-29|2017-05-24|Isle of Man|2022-03-24 
dcmn1840|prty1840|dcty1840|grrAWmxp|2007-10-25|2021-11-25|Maldives|2022-03-24 
dcmn1841|prty1841|dcty1841|mVLxKctG|2010-04-10|2003-12-15|Lithuania|2022-03-24 
dcmn1842|prty1842|dcty1842|VZYSZkWa|2008-10-04|2014-01-23|Turkey|2022-03-24 
dcmn1843|prty1843|dcty1843|GRNsxtMH|2021-07-26|2009-05-19|Dominican Republic|2022-03-24 
dcmn1844|prty1844|dcty1844|SNieTcQb|2002-08-09|2004-01-27|Poland|2022-03-24 
dcmn1845|prty1845|dcty1845|fdxOdzVO|2006-06-05|2013-07-25|Japan|2022-03-24 
dcmn1846|prty1846|dcty1846|FtJKRlsU|2017-06-06|2004-10-24|Kyrgyz Republic|2022-03-24 
dcmn1847|prty1847|dcty1847|WSgNxfQU|2011-04-25|2007-08-11|French Polynesia|2022-03-24 
dcmn1848|prty1848|dcty1848|NoqQWftU|2005-03-22|2015-02-22|Moldova|2022-03-24 
dcmn1849|prty1849|dcty1849|NaaWMZIT|2021-11-09|2012-02-28|Faroe Islands|2022-03-24 
dcmn1850|prty1850|dcty1850|bpZwOVJI|2018-07-29|2006-05-05|India|2022-03-24 
dcmn1851|prty1851|dcty1851|hkVyifNj|2003-06-02|2010-03-31|Iraq|2022-03-24 
dcmn1852|prty1852|dcty1852|RTSrauga|2000-11-10|2020-11-02|Barbados|2022-03-24 
dcmn1853|prty1853|dcty1853|segyVNpn|2018-01-06|2009-11-25|San Marino|2022-03-24 
dcmn1854|prty1854|dcty1854|GbbvJAjH|2004-04-05|2002-02-12|Iran|2022-03-24 
dcmn1855|prty1855|dcty1855|IPYyLInj|2017-12-16|2009-11-11|Guernsey|2022-03-24 
dcmn1856|prty1856|dcty1856|dsHqcPcd|2012-09-22|2015-04-05|Switzerland|2022-03-24 
dcmn1857|prty1857|dcty1857|UXNsdcRk|2007-07-11|2014-07-19|Tunisia|2022-03-24 
dcmn1858|prty1858|dcty1858|lmxMRmng|2017-12-09|2018-03-03|Jersey|2022-03-24 
dcmn1859|prty1859|dcty1859|EgwhfRZk|2018-06-23|2001-12-23|Albania|2022-03-24 
dcmn1860|prty1860|dcty1860|BoGqivAJ|2009-05-13|2001-06-21|St Vincent|2022-03-24 
dcmn1861|prty1861|dcty1861|jHmTmNIm|2008-06-29|2012-07-08|Brazil|2022-03-24 
dcmn1862|prty1862|dcty1862|TWhjttle|2010-11-20|2014-12-19|Reunion|2022-03-24 
dcmn1863|prty1863|dcty1863|bynZIxTi|2010-04-30|2021-03-05|Grenada|2022-03-24 
dcmn1864|prty1864|dcty1864|NVqlypNw|2003-12-14|2003-12-29|Albania|2022-03-24 
dcmn1865|prty1865|dcty1865|nbGuTZtT|2017-04-24|2005-10-20|Kyrgyz Republic|2022-03-24 
dcmn1866|prty1866|dcty1866|yQmxTJKQ|2016-10-23|2016-02-06|Bhutan|2022-03-24 
dcmn1867|prty1867|dcty1867|PZbHUXVR|2003-11-18|2009-09-18|Brazil|2022-03-24 
dcmn1868|prty1868|dcty1868|CdTQAOpV|2005-05-17|2007-06-19|Georgia|2022-03-24 
dcmn1869|prty1869|dcty1869|WAIdBwrd|2001-12-09|2000-04-30|Jamaica|2022-03-24 
dcmn1870|prty1870|dcty1870|njVECfWv|2021-03-09|2018-10-30|Sierra Leone|2022-03-24 
dcmn1871|prty1871|dcty1871|gWfHsPwo|2001-05-12|2010-11-22|Burkina Faso|2022-03-24 
dcmn1872|prty1872|dcty1872|FbsfXIoZ|2014-04-25|2007-02-23|South Africa|2022-03-24 
dcmn1873|prty1873|dcty1873|kPiKJzgv|2011-06-08|2000-10-26|St. Lucia|2022-03-24 
dcmn1874|prty1874|dcty1874|AimebZOu|2007-04-27|2006-11-14|British Virgin Islands|2022-03-24 
dcmn1875|prty1875|dcty1875|wZhPFPMI|2017-11-07|2019-01-27|Israel|2022-03-24 
dcmn1876|prty1876|dcty1876|WozOVkSo|2021-02-28|2010-07-10|Iraq|2022-03-24 
dcmn1877|prty1877|dcty1877|LtwQIOLG|2018-11-11|2006-10-16|Colombia|2022-03-24 
dcmn1878|prty1878|dcty1878|ognwKtTj|2006-08-26|2017-06-14|Romania|2022-03-24 
dcmn1879|prty1879|dcty1879|jqJqMlpD|2020-03-27|2011-08-29|Ecuador|2022-03-24 
dcmn1880|prty1880|dcty1880|IFBxRxnx|2012-01-02|2010-08-21|Zambia|2022-03-24 
dcmn1881|prty1881|dcty1881|nCtRttSX|2000-02-29|2009-09-17|Ukraine|2022-03-24 
dcmn1882|prty1882|dcty1882|RCaeadfP|2008-05-15|2000-01-18|Timor L'Este|2022-03-24 
dcmn1883|prty1883|dcty1883|mzFlfGcO|2003-07-26|2011-11-09|Uganda|2022-03-24 
dcmn1884|prty1884|dcty1884|LGxdYwfG|2016-06-08|2001-06-24|Kyrgyz Republic|2022-03-24 
dcmn1885|prty1885|dcty1885|EdxAfNat|2009-03-18|2018-12-24|Russia|2022-03-24 
dcmn1886|prty1886|dcty1886|GaSVzeQA|2006-10-17|2001-10-10|Benin|2022-03-24 
dcmn1887|prty1887|dcty1887|SEdnFrtv|2011-09-15|2014-08-03|Guam|2022-03-24 
dcmn1888|prty1888|dcty1888|fAapbKOr|2016-07-21|2001-01-12|Burkina Faso|2022-03-24 
dcmn1889|prty1889|dcty1889|ZzLYRzTT|2014-09-04|2017-09-19|Puerto Rico|2022-03-24 
dcmn1890|prty1890|dcty1890|ciLBQgCJ|2008-08-02|2009-12-06|Yemen|2022-03-24 
dcmn1891|prty1891|dcty1891|choaaGjW|2002-09-08|2009-05-20|Hungary|2022-03-24 
dcmn1892|prty1892|dcty1892|FYtGPZQo|2003-10-21|2009-04-01|Rwanda|2022-03-24 
dcmn1893|prty1893|dcty1893|CXPYJidX|2017-10-26|2019-01-25|Azerbaijan|2022-03-24 
dcmn1894|prty1894|dcty1894|GNOlExbD|2003-05-11|2019-08-03|Macedonia|2022-03-24 
dcmn1895|prty1895|dcty1895|FFouqbBI|2014-08-18|2009-07-18|Djibouti|2022-03-24 
dcmn1896|prty1896|dcty1896|aKbyhcCU|2014-01-01|2009-08-28|Romania|2022-03-24 
dcmn1897|prty1897|dcty1897|zIdOWGom|2007-11-23|2002-12-27|Malaysia|2022-03-24 
dcmn1898|prty1898|dcty1898|JyRUSqbt|2016-07-25|2019-10-01|Paraguay|2022-03-24 
dcmn1899|prty1899|dcty1899|XGHcPKDc|2015-08-31|2002-07-01|Malta|2022-03-24 
dcmn1900|prty1900|dcty1900|nHTXpeCf|2020-05-08|2018-10-17|Monaco|2022-03-24 
dcmn1901|prty1901|dcty1901|cFfmfsYC|2021-04-27|2003-03-12|Fiji|2022-03-24 
dcmn1902|prty1902|dcty1902|dhTydmIY|2017-05-23|2014-12-30|Japan|2022-03-24 
dcmn1903|prty1903|dcty1903|ZbtroZjO|2014-09-26|2005-08-02|Cote D Ivoire|2022-03-24 
dcmn1904|prty1904|dcty1904|ZrJgKYxz|2009-08-12|2017-03-12|Bulgaria|2022-03-24 
dcmn1905|prty1905|dcty1905|obDYKqfn|2004-03-22|2003-04-19|China|2022-03-24 
dcmn1906|prty1906|dcty1906|UTSmuoBF|2009-06-26|2007-02-11|Bosnia &amp; Herzegovina|2022-03-24 
dcmn1907|prty1907|dcty1907|UehRAUOK|2003-09-14|2021-03-15|Kenya|2022-03-24 
dcmn1908|prty1908|dcty1908|EzTkrUni|2000-04-25|2019-02-17|Gambia|2022-03-24 
dcmn1909|prty1909|dcty1909|fhynXGgL|2019-07-16|2010-09-29|Bermuda|2022-03-24 
dcmn1910|prty1910|dcty1910|NgYnQazR|2000-02-25|2020-08-17|Falkland Islands|2022-03-24 
dcmn1911|prty1911|dcty1911|jbvxplNx|2010-08-02|2020-07-23|Slovakia|2022-03-24 
dcmn1912|prty1912|dcty1912|gARrdQSy|2009-03-20|2015-10-29|Estonia|2022-03-24 
dcmn1913|prty1913|dcty1913|vBqnijJy|2003-04-23|2000-08-21|Peru|2022-03-24 
dcmn1914|prty1914|dcty1914|SNREAUsP|2011-01-17|2019-10-02|China|2022-03-24 
dcmn1915|prty1915|dcty1915|nDJCiOyz|2021-06-14|2002-12-15|Latvia|2022-03-24 
dcmn1916|prty1916|dcty1916|AdXJMMXV|2021-10-20|2016-05-05|Isle of Man|2022-03-24 
dcmn1917|prty1917|dcty1917|SkqqUViA|2018-04-26|2021-01-07|Azerbaijan|2022-03-24 
dcmn1918|prty1918|dcty1918|GRkKnWPG|2012-10-23|2009-08-23|Tunisia|2022-03-24 
dcmn1919|prty1919|dcty1919|VrfuSjxi|2017-09-23|2006-11-05|Italy|2022-03-24 
dcmn1920|prty1920|dcty1920|xjjtyhrJ|2006-02-10|2019-11-17|Saint Pierre &amp; Miquelon|2022-03-24 
dcmn1921|prty1921|dcty1921|VwwEcIdX|2000-09-22|2008-09-17|Swaziland|2022-03-24 
dcmn1922|prty1922|dcty1922|HFFnutbv|2001-10-03|2004-07-08|Malaysia|2022-03-24 
dcmn1923|prty1923|dcty1923|JXSYNXwT|2007-06-05|2020-08-06|Trinidad &amp; Tobago|2022-03-24 
dcmn1924|prty1924|dcty1924|FZoneIfc|2014-08-20|2000-08-18|Bahrain|2022-03-24 
dcmn1925|prty1925|dcty1925|tKZoSLNx|2002-10-31|2014-04-20|Equatorial Guinea|2022-03-24 
dcmn1926|prty1926|dcty1926|arginHCI|2002-01-20|2012-06-27|France|2022-03-24 
dcmn1927|prty1927|dcty1927|SWYHjTCA|2000-02-12|2010-03-25|Honduras|2022-03-24 
dcmn1928|prty1928|dcty1928|PtjVSBsV|2006-07-30|2014-01-05|Vietnam|2022-03-24 
dcmn1929|prty1929|dcty1929|ZhRCJGQr|2004-08-20|2000-05-01|Liechtenstein|2022-03-24 
dcmn1930|prty1930|dcty1930|PCxgwchW|2002-07-11|2016-08-31|United Kingdom|2022-03-24 
dcmn1931|prty1931|dcty1931|WDEvXtCt|2013-02-06|2000-12-16|Saudi Arabia|2022-03-24 
dcmn1932|prty1932|dcty1932|LjToIuWy|2018-04-05|2010-05-15|Guyana|2022-03-24 
dcmn1933|prty1933|dcty1933|fErdrZQK|2000-05-03|2010-04-30|Montenegro|2022-03-24 
dcmn1934|prty1934|dcty1934|dpNdZdxt|2018-06-21|2003-06-11|Palestine|2022-03-24 
dcmn1935|prty1935|dcty1935|IHddTPFT|2003-09-01|2000-12-16|Malawi|2022-03-24 
dcmn1936|prty1936|dcty1936|tpglxGaM|2016-12-06|2003-12-05|Palestine|2022-03-24 
dcmn1937|prty1937|dcty1937|yFPICnTF|2015-05-28|2015-09-15|Burundi|2022-03-24 
dcmn1938|prty1938|dcty1938|OowdCUcg|2012-08-20|2006-05-31|Mauritius|2022-03-24 
dcmn1939|prty1939|dcty1939|PHEaRGgg|2001-10-05|2001-01-27|Virgin Islands (US)|2022-03-24 
dcmn1940|prty1940|dcty1940|lcqOkbTs|2010-10-02|2018-03-17|Sierra Leone|2022-03-24 
dcmn1941|prty1941|dcty1941|RKOfmcGR|2001-05-27|2007-02-27|French Polynesia|2022-03-24 
dcmn1942|prty1942|dcty1942|ycKPGkKM|2008-10-18|2007-12-08|Oman|2022-03-24 
dcmn1943|prty1943|dcty1943|WatNZnas|2019-02-06|2003-12-01|Faroe Islands|2022-03-24 
dcmn1944|prty1944|dcty1944|cchBaMbK|2003-03-26|2004-07-31|Jersey|2022-03-24 
dcmn1945|prty1945|dcty1945|kXQRKXua|2001-03-05|2000-08-18|Bhutan|2022-03-24 
dcmn1946|prty1946|dcty1946|ulDbPQuq|2011-01-03|2007-10-02|Virgin Islands (US)|2022-03-24 
dcmn1947|prty1947|dcty1947|UokjFVKL|2020-01-04|2019-01-31|Isle of Man|2022-03-24 
dcmn1948|prty1948|dcty1948|QTNsrHSz|2001-11-26|2002-03-10|Anguilla|2022-03-24 
dcmn1949|prty1949|dcty1949|IoIGYdea|2014-08-03|2007-06-07|Puerto Rico|2022-03-24 
dcmn1950|prty1950|dcty1950|IfagNdbJ|2007-01-01|2001-08-21|Falkland Islands|2022-03-24 
dcmn1951|prty1951|dcty1951|wmgscxbt|2002-12-10|2010-12-14|El Salvador|2022-03-24 
dcmn1952|prty1952|dcty1952|cLHrBLmf|2010-06-30|2020-12-11|Argentina|2022-03-24 
dcmn1953|prty1953|dcty1953|hrrubXhX|2012-06-02|2001-08-04|Burundi|2022-03-24 
dcmn1954|prty1954|dcty1954|KVfYfeBD|2009-10-30|2014-07-26|Croatia|2022-03-24 
dcmn1955|prty1955|dcty1955|mLBlgubn|2005-01-17|2010-10-04|Puerto Rico|2022-03-24 
dcmn1956|prty1956|dcty1956|DJRrajNj|2005-05-20|2014-11-09|Brazil|2022-03-24 
dcmn1957|prty1957|dcty1957|ZMnPZyPb|2001-08-07|2011-01-17|Moldova|2022-03-24 
dcmn1958|prty1958|dcty1958|HfUnoKYq|2009-03-08|2008-04-24|Gambia|2022-03-24 
dcmn1959|prty1959|dcty1959|QmQnPEtQ|2001-09-29|2016-05-20|Ukraine|2022-03-24 
dcmn1960|prty1960|dcty1960|inHeGcdj|2012-07-28|2010-04-14|Ukraine|2022-03-24 
dcmn1961|prty1961|dcty1961|fXhmzHgV|2006-06-03|2002-09-25|Bulgaria|2022-03-24 
dcmn1962|prty1962|dcty1962|ylYoEuRM|2017-07-04|2016-12-28|Finland|2022-03-24 
dcmn1963|prty1963|dcty1963|ixJByUiX|2008-08-09|2012-09-04|New Caledonia|2022-03-24 
dcmn1964|prty1964|dcty1964|EkoxYgSS|2011-01-08|2019-06-18|Cape Verde|2022-03-24 
dcmn1965|prty1965|dcty1965|xBzEdbSL|2011-11-17|2007-03-14|Malaysia|2022-03-24 
dcmn1966|prty1966|dcty1966|HnlwWxJi|2005-05-04|2011-06-19|Antigua &amp; Barbuda|2022-03-24 
dcmn1967|prty1967|dcty1967|RceNMCjW|2016-07-18|2010-08-06|Puerto Rico|2022-03-24 
dcmn1968|prty1968|dcty1968|oYSkYUmJ|2009-07-19|2012-12-07|Mauritania|2022-03-24 
dcmn1969|prty1969|dcty1969|clGVWAyF|2008-10-03|2009-10-04|Bulgaria|2022-03-24 
dcmn1970|prty1970|dcty1970|ZaUesYWv|2009-12-20|2011-01-30|Jamaica|2022-03-24 
dcmn1971|prty1971|dcty1971|DkmPuIWA|2012-08-21|2009-01-24|Luxembourg|2022-03-24 
dcmn1972|prty1972|dcty1972|lVyKFDuh|2012-02-14|2010-02-09|Thailand|2022-03-24 
dcmn1973|prty1973|dcty1973|hLOsBZjb|2021-09-05|2020-11-12|Barbados|2022-03-24 
dcmn1974|prty1974|dcty1974|mYMIiTdq|2002-12-05|2020-09-26|Dominica|2022-03-24 
dcmn1975|prty1975|dcty1975|GpqBgCXh|2014-07-04|2008-11-06|Georgia|2022-03-24 
dcmn1976|prty1976|dcty1976|rmfgcqmy|2009-10-09|2000-08-27|Bangladesh|2022-03-24 
dcmn1977|prty1977|dcty1977|RABjOjQA|2006-09-12|2017-09-16|Israel|2022-03-24 
dcmn1978|prty1978|dcty1978|gjqeNsuV|2009-04-12|2014-09-12|Uganda|2022-03-24 
dcmn1979|prty1979|dcty1979|HSvWLtGL|2007-09-06|2015-04-12|Monaco|2022-03-24 
dcmn1980|prty1980|dcty1980|gKYPZEKa|2010-12-05|2008-12-23|French Polynesia|2022-03-24 
dcmn1981|prty1981|dcty1981|NGNxxGRq|2016-08-06|2004-08-29|Georgia|2022-03-24 
dcmn1982|prty1982|dcty1982|IuRpKaei|2009-04-24|2018-02-08|Macau|2022-03-24 
dcmn1983|prty1983|dcty1983|dZQtBwEc|2010-10-10|2016-03-10|Fiji|2022-03-24 
dcmn1984|prty1984|dcty1984|NzVFNgYo|2017-06-13|2003-06-11|Luxembourg|2022-03-24 
dcmn1985|prty1985|dcty1985|MKsiWwbA|2003-08-10|2005-08-26|Serbia|2022-03-24 
dcmn1986|prty1986|dcty1986|IJsBArRC|2016-08-09|2012-09-24|Bahrain|2022-03-24 
dcmn1987|prty1987|dcty1987|xuTcPnLC|2014-12-16|2014-11-25|Sudan|2022-03-24 
dcmn1988|prty1988|dcty1988|flkpccdY|2013-02-10|2017-07-24|United Arab Emirates|2022-03-24 
dcmn1989|prty1989|dcty1989|rxgjfIMX|2020-07-22|2005-01-27|San Marino|2022-03-24 
dcmn1990|prty1990|dcty1990|fXSQanhU|2006-01-03|2014-10-27|Uzbekistan|2022-03-24 
dcmn1991|prty1991|dcty1991|XAHPlqES|2011-07-22|2005-07-14|Namibia|2022-03-24 
dcmn1992|prty1992|dcty1992|kNqKdNie|2014-10-30|2019-11-30|Macau|2022-03-24 
dcmn1993|prty1993|dcty1993|nwtWlSXf|2003-04-13|2013-04-02|Togo|2022-03-24 
dcmn1994|prty1994|dcty1994|ybtYdPDh|2008-07-14|2018-07-25|Aruba|2022-03-24 
dcmn1995|prty1995|dcty1995|gmeipZzR|2019-03-11|2003-07-23|Czech Republic|2022-03-24 
dcmn1996|prty1996|dcty1996|WJmcTgDg|2000-05-22|2020-11-27|Syria|2022-03-24 
dcmn1997|prty1997|dcty1997|gBJPfoNM|2016-04-02|2020-02-22|Slovakia|2022-03-24 
dcmn1998|prty1998|dcty1998|bcKYKUPD|2013-10-06|2010-02-22|Portugal|2022-03-24 
dcmn1999|prty1999|dcty1999|fFwnQtLY|2005-05-27|2007-11-19|French Polynesia|2022-03-24 
dcmn2000|prty2000|dcty2000|uEzWjGJU|2015-12-19|2008-03-14|Moldova|2022-03-24 
