Contract_ID|Deposit_Number|Deposit_Amount|Currency|Status_ID|Expiration_Date|Maturity_Time|Penalty_Fee|Interest_Rate|Reference_Date
cngn1001|qVuQWhbe|2434.7922|DOP|renewed|2029-05-13|dqZwTYtU|9647.2266|7507.6533|2022-03-24
cngn1002|xltZTyVo|4527.2207|GIP|open|2025-09-21|qfodkSDr|8822.1201|9993.5596|2022-03-24
cngn1003|YRfZRalR|3308.3132|EGP|open|2028-04-30|nQqHijgX|6999.6626|4697.7705|2022-03-24
cngn1004|htRtLbXD|6369.1035|BMD|renewed|2029-11-09|bIxwrlGG|2551.3274|6514.1392|2022-03-24
cngn1005|dMyJQsyT|8433.1553|UGX|close|2026-02-16|wwWUwUDY|3470.0376|460.0168|2022-03-24
cngn1006|yXfZqzLQ|6676.6553|VEF|open|2028-06-01|ZwPgLvQK|963.7291|7559.1895|2022-03-24
cngn1007|nxMFMykA|4513.2900|PAB  and USD|open|2026-10-03|LIdnHZXs|1452.2086|6030.6816|2022-03-24
cngn1008|XbTOwMch|9423.8154|MKD|open|2025-02-21|dUGjljOd|4866.2920|6996.5771|2022-03-24
cngn1009|SimsfZwU|8229.3887|AMD|renewed|2025-07-19|RQzJFxwf|7528.5513|8024.0571|2022-03-24
cngn1010|RXUvqORE|3100.0742|EUR|close|2024-04-14|VlnzKDLt|7346.2773|5645.6113|2022-03-24
cngn1011|AgnrKaLQ|8674.0977|XAF|renewed|2026-07-18|jcjRVEKl|5465.1670|4792.6533|2022-03-24
cngn1012|cqITDVWW|6443.8999|USD|close|2021-03-21|VYfrIvoY|9691.8770|46.5187|2022-03-24
cngn1013|FlDTGZWP|7710.8159|XAF|close|2021-04-12|uwwKDusU|3162.9739|1905.9960|2022-03-24
cngn1014|XQMqwytH|5466.7207|JPY|close|2023-12-30|xkMnrnhp|8817.5078|9299.8076|2022-03-24
cngn1015|mxyIdhba|17.9282|UZS|renewed|2022-06-29|NkrqejoC|3251.6877|6339.2671|2022-03-24
cngn1016|LuSGCVei|4860.8359|BMD|renewed|2024-02-09|SyIJdhjK|6401.9941|9044.9102|2022-03-24
cngn1017|uVYRwidT|5831.4229|XOF|renewed|2030-10-27|mEaUGHjw|1932.9229|7397.3633|2022-03-24
cngn1018|fSnJaKWF|9345.9180|EUR|close|2022-08-27|ziJcdywk|8383.7939|3315.2610|2022-03-24
cngn1019|zZdsYySd|9740.1289|JMD|renewed|2021-03-26|hNhYArGA|7447.2646|2634.1609|2022-03-24
cngn1020|cQQmwcpm|1174.8871|EUR|renewed|2021-02-03|zAEERQsd|5874.5430|1331.0452|2022-03-24
cngn1021|xxIQLDvu|8421.4580|EUR|close|2030-04-12|qfhhjmLs|6008.0542|2760.4048|2022-03-24
cngn1022|GkbUwYVg|4665.6968|EUR|renewed|2030-05-22|KJIsWyHB|591.6464|7574.0728|2022-03-24
cngn1023|FCXibist|8835.1104|MOP|open|2029-08-24|qhScrMOq|5199.9087|1656.1963|2022-03-24
cngn1024|LcGHntue|1759.9976|XAF|renewed|2022-01-10|EBjIGsmt|9563.3926|1861.7225|2022-03-24
cngn1025|sYKvfYZC|3787.9836|AED|renewed|2025-06-16|SKyHAXVv|1430.5610|2824.1687|2022-03-24
cngn1026|CgNeIYbJ|2039.0095|MUR|close|2021-08-19|StzTygQb|4657.7729|4156.5376|2022-03-24
cngn1027|jbKTjXze|9088.6865|MXN|renewed|2020-10-30|oPsEZyAU|2044.7372|8312.8516|2022-03-24
cngn1028|hmPfBOtH|7194.0547|XCD|renewed|2020-05-27|MMWDAdDG|6698.5254|9556.9531|2022-03-24
cngn1029|fregYCkQ|5813.1235|EUR|renewed|2024-12-17|tCKAxRRu|6761.7329|2579.5325|2022-03-24
cngn1030|oLmFKXdu|5134.8701|XOF|renewed|2020-05-18|WCvbOkVM|7320.3286|7270.6265|2022-03-24
cngn1031|OWTcYJAK|3821.9082|IQD|renewed|2029-08-22|PuuUmDpX|6577.4438|6527.9336|2022-03-24
cngn1032|uDproaBg|9874.1670|AZN|close|2026-10-31|fRwyzLbD|2588.1655|3238.5408|2022-03-24
cngn1033|YYytMqXx|2798.6838|SZL|close|2024-08-12|XrDWwIRA|3081.3281|6775.1665|2022-03-24
cngn1034|cuHXbAbZ|6420.1606|GBP|close|2024-07-03|VFyWdZDE|8438.3867|702.4216|2022-03-24
cngn1035|OvyhXmaG|5071.8950|RON|renewed|2026-07-07|daRRJuzo|4744.8501|9068.8906|2022-03-24
cngn1036|BLymHhYf|613.7722|RSD|close|2022-05-21|pNScrWSY|7148.7944|2755.8240|2022-03-24
cngn1037|SpcDHuqW|8414.8037|LBP|open|2027-04-18|bvgVSheF|7007.4756|7622.6021|2022-03-24
cngn1038|ebEXYhEU|3824.4146|CRC|open|2024-11-22|gstjrEkq|4942.4800|7836.8135|2022-03-24
cngn1039|TzNVwnyZ|5442.5684|BBD|close|2024-01-22|qFlpVNQd|2173.2234|2740.3774|2022-03-24
cngn1040|mBpduJih|9565.1377|GYD|renewed|2022-11-26|SiskCcxh|3812.1440|8639.1689|2022-03-24
cngn1041|KgiASRlH|956.9296|EUR|renewed|2026-02-05|mlunrmIb|3478.3989|9616.8066|2022-03-24
cngn1042|SdiKPMHA|3255.8262|EUR|open|2025-12-12|ZCoEoBLY|4199.3481|9823.2920|2022-03-24
cngn1043|fYkjjGKU|5633.2036|CHF|close|2026-08-22|YQlbvNkt|7791.9858|5999.0400|2022-03-24
cngn1044|WTBDMHcY|67.5500|MVR|close|2030-04-03|BtsndEvj|4251.5884|1013.9142|2022-03-24
cngn1045|NlVpwqoA|1049.8497|SZL|open|2024-05-04|vMcoAcoS|7766.3296|3589.2961|2022-03-24
cngn1046|jUwIHgSq|9338.7422|GBP|open|2020-09-29|NlbpmQSS|2623.6824|9583.2725|2022-03-24
cngn1047|vknruFuY|5994.3550|PEN|close|2029-12-13|OThOntYQ|8934.9375|4617.1533|2022-03-24
cngn1048|HWPbOEdg|9292.7168|EUR|close|2023-03-09|QvTSZWdi|6499.0874|1082.6978|2022-03-24
cngn1049|UzYhgnpk|3546.9502|EUR|close|2025-11-13|XELZSApB|6455.9302|5442.5308|2022-03-24
cngn1050|tkQIyQPu|8389.9512|AMD|open|2030-11-29|vAXlBDjj|3363.2979|3811.0867|2022-03-24
cngn1051|xkKQlfNo|1438.7109|EUR|renewed|2027-04-16|UiMdcFFk|3721.6814|2999.0483|2022-03-24
cngn1052|ziRnNGlw|900.3654|FJD|renewed|2022-02-26|dlUoZCAy|9656.2422|6317.6465|2022-03-24
cngn1053|AfpgBgaK|4528.9761|GYD|open|2030-09-07|QLSaDIFn|395.6932|7281.5908|2022-03-24
cngn1054|vyqcWomk|1042.6864|IDR|close|2027-01-03|DhwVexsu|5013.2739|5704.6221|2022-03-24
cngn1055|ELjLdLqq|4666.8286|UZS|renewed|2026-01-09|kjetNZdr|7999.5254|1203.1656|2022-03-24
cngn1056|LnTDOcdh|5393.4331|KGS|open|2023-05-19|RIUqoEDp|4368.1943|2186.0024|2022-03-24
cngn1057|wnifEvZb|7603.1255|TJS|open|2029-10-23|ICxJyPfe|653.7698|2089.6318|2022-03-24
cngn1058|fauaOKSP|1030.2708|DOP|close|2020-12-04|oVmisAEf|1605.2816|5101.8867|2022-03-24
cngn1059|UtZEezOY|6348.3237|BRL|renewed|2025-06-25|IJjnWnUM|1851.9803|5979.9609|2022-03-24
cngn1060|ohKoMqxV|1704.7999|OMR|renewed|2028-12-12|wbXoBzVe|9674.5537|276.3167|2022-03-24
cngn1061|kHPnAAsG|9653.5801|EUR|open|2028-12-08|puLWVksd|4621.1260|85.8542|2022-03-24
cngn1062|qGagkPOp|3347.9233|AOA|renewed|2030-08-25|SCGIrXKw|238.6992|6866.0234|2022-03-24
cngn1063|XVhvqtoN|1105.0426|ZMW|renewed|2020-03-25|wZpiWRBr|1522.9719|592.2341|2022-03-24
cngn1064|IKihDiFF|8181.1499|EUR|open|2028-09-17|RDWhgLXW|3610.3716|8120.4517|2022-03-24
cngn1065|QEOxYAnU|2938.8047|KWD|open|2023-04-13|DcgiFWNS|6382.8003|6335.5303|2022-03-24
cngn1066|EFKKjKux|2966.2751|SGD|open|2027-05-17|qlWBxiyx|3047.8323|6661.9565|2022-03-24
cngn1067|NMxHAILW|2521.8667|JPY|open|2029-07-01|SKjQmPnU|2839.9492|9862.2529|2022-03-24
cngn1068|MfjSkZiU|2700.7461|CLP|close|2023-05-06|JawQSziQ|538.9020|9780.0117|2022-03-24
cngn1069|mMcMcKMH|9754.0908|NZD|open|2024-09-07|heWysUyN|5214.2837|23.5314|2022-03-24
cngn1070|dcXGcrJk|1688.4452|BWP|close|2021-10-25|ZtnQMXIV|2759.2847|4847.8213|2022-03-24
cngn1071|Tfmnuesr|5649.3247|AUD|close|2024-03-20|dWYYjSWk|6810.9902|1911.3086|2022-03-24
cngn1072|fBWUqypC|7726.0386|ZMW|renewed|2026-10-06|PEKDsRJV|6723.7935|7370.4043|2022-03-24
cngn1073|bmYoLBIR|6386.6006|EUR|close|2024-11-20|tTaUcCJU|2587.9302|6261.6665|2022-03-24
cngn1074|PIDiEryH|8286.8154|HKD|renewed|2020-03-17|VKMGdbac|8614.4756|5032.3564|2022-03-24
cngn1075|RqMRiVue|2011.9987|GBP|close|2021-11-14|KnLTWbNH|8847.5186|3621.1301|2022-03-24
cngn1076|DOnJEarZ|7930.7720|NAD|close|2021-10-25|jeIbFrFI|8196.8848|1729.9535|2022-03-24
cngn1077|BhTUxzYd|1821.0896|BRL|renewed|2023-06-29|nnarxdrK|626.0891|9882.6016|2022-03-24
cngn1078|MenPOtcN|7723.6094|MUR|open|2023-05-06|gEisZQtW|1015.7161|5705.7671|2022-03-24
cngn1079|KbzyNVIr|6193.0435|KES|close|2028-03-14|DpppeQeY|4949.8765|8476.4766|2022-03-24
cngn1080|VBmVlwby|1140.3129|GBP|open|2021-11-20|TbRmOfDm|9000.3848|8124.2173|2022-03-24
cngn1081|wvvHkdhN|4580.9390|TTD|renewed|2021-01-22|tfvgdBQN|9991.9150|4704.1045|2022-03-24
cngn1082|UnrSjcSE|1581.5089|BOB|close|2024-08-14|yHeMQLRS|6770.9199|8735.1816|2022-03-24
cngn1083|yzHtJgot|7994.0376|EUR|close|2024-06-18|MnRnWxmK|6737.3677|9929.8525|2022-03-24
cngn1084|twbSEFDn|620.3644|CAD|renewed|2030-11-17|IuBbbSlf|4233.3433|363.0828|2022-03-24
cngn1085|tabTupPa|29.0452|XOF|renewed|2023-05-26|wJvWsdVA|9098.1240|4697.4800|2022-03-24
cngn1086|HgDqGhtq|687.3234|AED|close|2020-12-18|cyzoRISC|3539.6941|2042.3839|2022-03-24
cngn1087|QHdauuyG|4015.0789|KWD|open|2025-09-09|cILCFRaa|8069.8037|2557.7683|2022-03-24
cngn1088|TKeCFOZB|1808.9757|EUR|renewed|2026-09-12|ZxlUVORH|37.4941|991.9517|2022-03-24
cngn1089|mlFCGHqG|2176.5342|EUR|close|2028-11-15|zVQimSoL|7542.2349|767.4651|2022-03-24
cngn1090|bdZIhVnb|4051.4924|CHF|close|2020-02-21|ieuTVjnF|4424.6445|9590.2119|2022-03-24
cngn1091|dUxPlEHs|5242.6431|GBP|renewed|2029-03-31|lQRoSlIE|8496.4980|5815.5024|2022-03-24
cngn1092|QDYSoLHZ|2912.2251|JPY|renewed|2030-03-06|ogPPwbUI|2350.3413|6712.5396|2022-03-24
cngn1093|ubsZVhuc|7903.6851|MMK|open|2028-06-10|mcxOBlhC|9176.8955|4082.0315|2022-03-24
cngn1094|LMhpOcLn|7252.2666|MDL|open|2030-09-13|diwwiZVw|5070.5083|7295.9111|2022-03-24
cngn1095|kwnSbPzv|4695.5601|PEN|open|2027-08-13|sSvoOXUm|9041.1387|7150.6157|2022-03-24
cngn1096|iHYkertp|9041.3936|ZWD|close|2027-02-17|FjXSYOOQ|43.2354|7567.7568|2022-03-24
cngn1097|SfQVxtmY|8083.4058|KHR|renewed|2028-08-17|oPEDuDDL|3765.0605|32.8275|2022-03-24
cngn1098|MngEwsuk|371.8353|AED|open|2023-09-21|UyVIkpNZ|3864.1626|9044.2773|2022-03-24
cngn1099|Liifskmg|2316.6931|XOF|close|2020-02-28|opaHSUQG|7422.3643|3443.2405|2022-03-24
cngn1100|ZnQTuAOQ|8196.5645|JPY|renewed|2030-11-20|iEoIjged|4601.8853|6430.8994|2022-03-24
cngn1101|dtrzvbLA|6064.2163|JOD|close|2022-09-05|vyqcVsRQ|2565.0911|3248.9827|2022-03-24
cngn1102|MEqPJPFI|6028.6987|KGS|open|2022-12-24|uUXAyzyp|4861.5845|3476.9973|2022-03-24
cngn1103|dcLUwlIw|4531.8735|HRK|open|2027-05-06|JgFlFnKv|8427.9980|4111.7222|2022-03-24
cngn1104|CnzepNSb|4314.9512|MVR|open|2025-07-29|RqsKLZJR|4229.7646|7948.9946|2022-03-24
cngn1105|irjDeZLz|850.0469|LAK|renewed|2024-09-04|xnICcepy|5024.9824|8990.8721|2022-03-24
cngn1106|ncfkawOn|4259.9927|MYR|open|2021-03-31|tEkbrDDL|7858.7988|6147.0449|2022-03-24
cngn1107|SWckKAOQ|6736.6670|RSD|renewed|2025-08-21|tpmcJyDp|9603.9219|7280.8052|2022-03-24
cngn1108|DRAizHCj|5204.8979|TRY|renewed|2027-12-15|XHFreDKB|1132.9912|2133.5088|2022-03-24
cngn1109|tYifigbI|1710.9241|VEF|open|2020-03-21|RxulJHSw|8531.2725|79.1244|2022-03-24
cngn1110|fjpAiLHz|2518.3745|EUR|open|2027-11-28|YjIskQtW|3950.4333|6369.7905|2022-03-24
cngn1111|cIavojIV|8276.9375|CZK|open|2021-01-31|TcVjBYkc|7472.1626|9526.0898|2022-03-24
cngn1112|QkSMprIK|7785.2720|GYD|close|2024-08-03|ayHBxNAa|7596.0522|9278.5625|2022-03-24
cngn1113|EJCBdxEe|6431.4375|BYN|close|2020-01-22|MNfCMiHM|6806.6348|4908.7144|2022-03-24
cngn1114|ftlArHDl|8922.0381|IMP|open|2027-12-25|wgaaFkWk|28.5248|7686.0698|2022-03-24
cngn1115|GjzTnQJO|8863.3438|CRC|close|2020-04-09|BHucngIL|9007.8457|3464.7471|2022-03-24
cngn1116|fAHiybAe|9403.2617|THB|renewed|2027-08-28|UBgfqlEP|3422.0544|8185.0933|2022-03-24
cngn1117|HsVmSFCX|3877.0215|EUR|open|2020-10-10|wpcblxHK|9484.5176|5885.4365|2022-03-24
cngn1118|xBYTMaeb|8505.3730|USD|renewed|2020-04-22|WKKOzrof|5889.8779|293.4341|2022-03-24
cngn1119|PEKTIpms|473.2804|KRW|close|2023-03-02|vlovQERV|1564.7786|8249.9805|2022-03-24
cngn1120|TxRjfOje|6118.5288|MDL|renewed|2022-09-05|wiWihPQD|7920.6626|4501.6094|2022-03-24
cngn1121|QzdnsJPU|7627.7148|KRW|renewed|2020-05-07|tuWKYVUZ|3454.6064|8852.6143|2022-03-24
cngn1122|cPMCfACO|8001.1128|DOP|renewed|2030-07-01|kKPkhwbJ|731.0890|4830.9331|2022-03-24
cngn1123|VXAxnHNr|792.7283|EUR|open|2022-01-31|bMNRaOCa|9918.2822|773.7215|2022-03-24
cngn1124|JZdmAbom|7981.9404|GBP|open|2023-12-26|CdwzGEzX|8071.4229|9743.9131|2022-03-24
cngn1125|ekTGudiX|4351.0190|BMD|close|2030-03-25|etgwekkP|7463.4829|3310.5217|2022-03-24
cngn1126|sUDzYRSn|4257.2202|XAF|close|2029-11-18|RXIWHnel|6736.9526|6322.0835|2022-03-24
cngn1127|mjxTcrpC|9714.5908|MMK|open|2026-09-17|ldKtnYgP|6682.7515|7931.6860|2022-03-24
cngn1128|MugYLRSv|9100.2324|EUR|close|2027-08-30|CtHEKYIJ|5845.4556|3892.8586|2022-03-24
cngn1129|gdNXIDEV|2952.5137|EUR|open|2028-04-15|HrnoYBrU|5691.1050|7559.0469|2022-03-24
cngn1130|qXiiWvSf|5000.5146|MKD|renewed|2024-07-14|vshAOPzg|740.4786|3901.1133|2022-03-24
cngn1131|sfCCqoPN|3129.7668|AED|close|2027-12-24|QCKLYnUd|3537.0002|9632.0410|2022-03-24
cngn1132|fxSbmAtd|9892.8271|USD|close|2028-05-08|iSmJCWCK|5873.5493|3904.1899|2022-03-24
cngn1133|SflPLghn|8752.3789|MMK|open|2030-09-14|snKGOqiO|1610.0608|6410.5884|2022-03-24
cngn1134|MmaPYPGt|3791.6082|UAH|close|2020-02-21|HuJeCquM|4748.4155|5406.5317|2022-03-24
cngn1135|zxrBqjPg|3781.0645|NAD|renewed|2025-03-16|CXCUumfh|1621.6935|638.1416|2022-03-24
cngn1136|LGfrxNuw|9491.5518|GBP|open|2027-02-04|QTWQwZVG|8063.1943|3216.0803|2022-03-24
cngn1137|vecPVpdm|5727.2422|TND|open|2023-09-09|MUaJDzUV|3846.7356|7833.4985|2022-03-24
cngn1138|etxQmhOW|3347.1719|GBP|open|2022-04-19|TqUGTmNb|4726.5947|2164.8206|2022-03-24
cngn1139|VoqpAkCg|5002.5913|UZS|renewed|2023-10-18|PYKdQofc|5399.5439|5728.6230|2022-03-24
cngn1140|BQjXtTsp|2902.3762|XAF|open|2026-02-15|BGIFcUtF|9859.1592|9339.2793|2022-03-24
cngn1141|VvkRcQRz|5378.7495|XAF|close|2026-08-21|pvliBASV|6046.3682|6095.5820|2022-03-24
cngn1142|orCiSTUx|2916.2266|MKD|close|2025-06-21|FETFKZdf|8418.4580|8958.2920|2022-03-24
cngn1143|wyxZzziY|2096.1353|MZN|open|2023-06-06|joaSsZdu|917.4167|5620.6558|2022-03-24
cngn1144|fQhEbMsb|6438.7026|AUD|close|2020-04-13|gbJCodKR|2715.5918|302.9441|2022-03-24
cngn1145|jEhePMqz|9908.8779|KGS|open|2022-01-23|aRjjvOze|7798.4399|7119.7549|2022-03-24
cngn1146|VzYHqtDb|5679.8628|IDR|close|2023-09-24|lHfJHBrb|5560.9424|2156.4473|2022-03-24
cngn1147|nrbjRiFS|769.8486|ILS, USD, and JOD|renewed|2030-07-05|fuFIfMLM|7752.1387|8512.4951|2022-03-24
cngn1148|BWipAuqV|4057.7007|IMP|close|2030-06-24|Shutsmpa|5879.4849|1295.1062|2022-03-24
cngn1149|ZnOWfZab|617.6539|DKK|close|2029-05-24|vdBrNMDC|7140.1528|7353.0723|2022-03-24
cngn1150|QRKJPZGe|5631.7383|EUR|close|2023-12-17|OReywfPZ|3084.8943|6397.5542|2022-03-24
cngn1151|vKAirElA|2829.9648|TJS|close|2021-04-22|GOfswVpm|8393.4824|1347.2980|2022-03-24
cngn1152|FvzOKUud|8893.2373|MUR|renewed|2029-05-10|VRhbGuuw|4973.4961|7364.4058|2022-03-24
cngn1153|PRCqXRzC|8484.2471|BBD|close|2030-07-22|lkPMjNms|2840.1833|3942.4714|2022-03-24
cngn1154|OZeMERoc|9630.4814|XAF|close|2023-03-20|MKvjnTRT|7217.1064|628.5286|2022-03-24
cngn1155|MLbBtTVf|1485.9730|VND|close|2027-01-28|bGYKTFUX|5153.4448|2426.0552|2022-03-24
cngn1156|XsUYURjr|9845.8857|UAH|renewed|2030-01-30|MerqYRAO|9706.7891|1215.7755|2022-03-24
cngn1157|boWnrPxt|9809.2119|EUR|renewed|2029-11-10|AErZOwma|7927.8721|4662.9800|2022-03-24
cngn1158|uyMVcQbR|8290.7900|EUR|renewed|2024-05-16|JNWuZYIJ|1174.8556|9739.8193|2022-03-24
cngn1159|wbFoRjqJ|2319.4421|BYN|open|2020-02-09|waNKIJwq|7633.1211|7142.8491|2022-03-24
cngn1160|wKjzKGLG|1031.1793|EUR|close|2028-12-06|Fnnfqlxl|5967.6172|8894.1016|2022-03-24
cngn1161|FsDOVdUf|3233.1995|DKK|open|2027-08-15|wFirANhU|2996.2793|3432.3379|2022-03-24
cngn1162|NYTWLmOu|8175.8931|CNY|open|2024-03-29|STTaXnvI|9717.8115|300.1479|2022-03-24
cngn1163|uPLFSYet|9323.1582|AMD|renewed|2030-05-30|TVxiortF|3425.0227|8791.4590|2022-03-24
cngn1164|cXHKEMVp|6161.7871|PGK|close|2023-02-05|nMOeNmuG|6696.1567|5720.9419|2022-03-24
cngn1165|ggkbGgYa|629.1526|TZS|close|2030-07-28|SENEfLAF|6486.6948|7301.3452|2022-03-24
cngn1166|VzfhFvNf|1399.0980|RWF|renewed|2020-11-07|OETHPZhj|9899.8398|1462.2401|2022-03-24
cngn1167|smYmbTnX|6815.3560|PAB  and USD|renewed|2023-07-30|hwvBawDI|4769.9790|6449.6250|2022-03-24
cngn1168|vHRGYnkx|6786.8530|LBP|open|2030-11-04|FYmgmhpT|8756.4648|4569.7930|2022-03-24
cngn1169|GygqUySA|866.5945|EUR|close|2026-12-12|QtNmmfKT|984.3835|5386.2837|2022-03-24
cngn1170|VkRULztX|5652.4854|IDR|close|2023-07-03|blEgrfYs|3362.4922|4497.5693|2022-03-24
cngn1171|FADCVyNe|9264.2656|PHP|open|2029-12-27|TVQIKsDX|794.3586|953.6535|2022-03-24
cngn1172|mGMzAYxR|7267.7002|NGN|renewed|2022-01-03|tmKsAIyN|2186.8127|6167.5269|2022-03-24
cngn1173|yFTPqRpO|2573.2024|KWD|close|2021-11-02|haTXQDAF|3206.4473|7943.9614|2022-03-24
cngn1174|UBBPVwYP|6848.1025|CRC|renewed|2029-10-27|mXXlfcFg|1842.8551|1919.6771|2022-03-24
cngn1175|WwjOVfVV|9394.9111|NIO|renewed|2028-05-29|dkilWHmH|273.5431|2663.9568|2022-03-24
cngn1176|OwCCeGES|5973.0117|INR|renewed|2021-06-07|dLqzJKDd|2158.0139|3755.8003|2022-03-24
cngn1177|jPmEIPbL|232.5732|SAR|close|2022-03-02|AyDJoTpQ|5645.1553|5484.8442|2022-03-24
cngn1178|TflJwzNN|5785.4106|TZS|open|2024-12-13|ZXYCSXqz|1840.4203|6264.5713|2022-03-24
cngn1179|vAcPNNrE|4527.9023|GHS|close|2024-08-12|RFwwBgqV|5984.6816|2145.8745|2022-03-24
cngn1180|nVUkWeuS|6579.1689|EUR|renewed|2023-10-13|ZDjefzFh|4753.1060|9636.6719|2022-03-24
cngn1181|aOXjEwfy|1884.7438|EUR|renewed|2028-05-23|zVxyRswT|140.1587|5194.9238|2022-03-24
cngn1182|GtcJKDfD|3582.4873|BHD|open|2027-07-25|QCCljKIW|9167.3184|8172.3203|2022-03-24
cngn1183|qZOsWoil|8611.8057|NAD|close|2020-08-20|snrkTDHq|9491.8994|6973.6611|2022-03-24
cngn1184|NVZltOkK|8562.3936|EUR|close|2020-12-09|wccbLupq|5732.9839|2156.6235|2022-03-24
cngn1185|IjNSojFj|8386.2402|MZN|renewed|2026-10-24|xkKoifEg|4698.3301|4475.0366|2022-03-24
cngn1186|mKOTzFrr|5399.6577|PHP|renewed|2023-04-27|CzuKHMlY|4764.7065|4719.4180|2022-03-24
cngn1187|NUMlpWGW|365.5045|BHD|renewed|2023-10-11|hhVTqDap|1336.4263|7189.7031|2022-03-24
cngn1188|ouSqrpny|84.8860|EUR|close|2027-11-02|TZBKJHNV|8633.7266|3610.4580|2022-03-24
cngn1189|xtBgZQMy|4107.5913|MYR|renewed|2023-01-15|snEKfFcH|3347.2642|4220.9033|2022-03-24
cngn1190|BJqJxkGm|6529.9341|PYG|close|2025-01-09|ZiEdVLAs|1398.4055|5451.3809|2022-03-24
cngn1191|GRPyoUoP|376.6924|GIP|close|2027-05-24|JnJIIyCa|7476.4800|3791.4116|2022-03-24
cngn1192|utwjWNkp|8637.1992|MUR|open|2028-06-14|TruMvgGN|8200.6230|2439.4148|2022-03-24
cngn1193|OeVMgEQP|13.5558|RWF|renewed|2028-01-17|ezbXESnY|1750.5322|5229.9199|2022-03-24
cngn1194|SqphrDvg|7080.6396|GBP|open|2028-07-22|pTmJFklk|9161.7422|2422.7012|2022-03-24
cngn1195|VtXaQsmR|4700.3906|NAD|renewed|2030-03-16|yohlkypm|9156.1748|2892.1982|2022-03-24
cngn1196|dFWghMXi|6385.1714|MGA|close|2030-05-07|YWmYjtxg|7102.7124|51.8355|2022-03-24
cngn1197|erjNPbwk|9124.6738|MKD|renewed|2020-10-30|waUMVwrj|6646.7588|8889.2969|2022-03-24
cngn1198|aGnPSXRh|3604.8911|BRL|open|2021-04-22|ktVtptnW|8122.5840|7236.7817|2022-03-24
cngn1199|VfkFwGwM|148.0371|LAK|close|2020-07-30|OaISInhc|990.8804|4167.6079|2022-03-24
cngn1200|UvejNLaN|3082.1660|VEF|open|2022-12-07|mMjfeuyZ|5802.3550|9260.8682|2022-03-24
cngn1201|uFAAiZuW|4440.0059|EUR|renewed|2024-08-19|VrtBKBup|2818.5476|3595.3562|2022-03-24
cngn1202|EdcTPxFU|5877.7705|JOD|close|2026-09-29|vtsBgADZ|7299.0171|8045.4160|2022-03-24
cngn1203|XFloLPOc|4120.4834|ALL|renewed|2020-01-07|AKOqcwms|7450.1978|187.0278|2022-03-24
cngn1204|oKWptZca|4962.8301|EUR|renewed|2022-05-16|NNJJekui|4947.3350|725.4805|2022-03-24
cngn1205|jPnKsKeo|3661.4702|BAM|renewed|2029-03-24|XDYPAMnc|2288.6443|4067.2981|2022-03-24
cngn1206|VgvwDTPI|1662.8557|KRW|close|2028-05-06|nVzyojFS|4530.2246|9181.0488|2022-03-24
cngn1207|gXUgptWP|9307.1299|MVR|renewed|2029-11-16|YPmMZVKt|928.4796|1154.0416|2022-03-24
cngn1208|XdxvrBsa|4073.8696|MKD|close|2025-10-22|usMxHEWG|8024.7739|4732.2017|2022-03-24
cngn1209|ZrtdaSLD|8398.4277|TND|close|2022-09-14|tRXYtkAH|8202.9658|5870.4263|2022-03-24
cngn1210|LttOUPtY|8995.6104|KES|renewed|2025-12-12|wihReAFB|4241.6592|8969.5156|2022-03-24
cngn1211|AFEeSnWS|9469.6377|ZMW|renewed|2024-12-28|qbfKYoQs|5371.2881|2315.0579|2022-03-24
cngn1212|SOsKNGwI|6322.3276|USD|renewed|2030-04-19|cMFbzZup|5486.1094|3336.8252|2022-03-24
cngn1213|nksgcpdu|5220.1362|GBP|close|2024-10-22|UYzQlkKs|960.8668|7839.3926|2022-03-24
cngn1214|XEAwzPPi|6506.6958|IQD|renewed|2029-04-27|HHiHaBjm|5869.3501|5726.6958|2022-03-24
cngn1215|NgDtomhs|7011.2891|GEL|open|2030-09-15|yJvuwjal|111.6080|2456.4673|2022-03-24
cngn1216|onxQSrwc|7793.7065|LAK|close|2021-08-29|kxgXGYih|4461.0967|3124.4167|2022-03-24
cngn1217|SuTkFiyB|8968.2549|EUR|open|2027-09-29|HQQQyJks|1051.1353|3770.4565|2022-03-24
cngn1218|AXnXdKEU|3703.6316|CHF|close|2027-07-07|MnITyrEE|3154.5132|8293.9619|2022-03-24
cngn1219|UdkpdvQU|7347.3813|RWF|close|2025-07-19|HtUDPrMS|1219.5048|7862.4043|2022-03-24
cngn1220|GjsIudrp|5098.1895|BBD|open|2028-02-15|piDWGvJD|5714.8105|8431.4092|2022-03-24
cngn1221|LyaiqhbF|8946.4180|MAD|close|2027-12-18|BCnxFZIB|125.6136|792.8027|2022-03-24
cngn1222|gXTPcJZy|2791.8774|CHF|renewed|2030-03-24|xSRWVFsH|205.8636|7040.2588|2022-03-24
cngn1223|esRuxYhd|7386.1802|ZWD|renewed|2030-07-10|edsKkAnj|5768.3130|6190.0195|2022-03-24
cngn1224|OkYcxBJx|4764.6064|TJS|close|2028-06-19|SvwpeFNC|8899.3965|3944.7402|2022-03-24
cngn1225|sRGTyABo|1970.3868|GBP|renewed|2027-05-21|bJrDnZBG|3995.1711|6390.6372|2022-03-24
cngn1226|ZVayxOsu|6807.3843|EUR|renewed|2027-04-29|AsPVSKjO|9242.1084|597.7968|2022-03-24
cngn1227|XljYfcLs|1223.2395|ARS|renewed|2022-10-08|cXywMRLs|4489.6416|5750.5981|2022-03-24
cngn1228|BAZDoqAs|8481.2656|KZT|renewed|2024-01-19|ScFmMFLo|2349.6436|9366.8789|2022-03-24
cngn1229|jVYhpBLu|4406.6860|XCD|close|2028-02-05|FudSXEtC|5733.3174|2113.9917|2022-03-24
cngn1230|iTULCXhi|7843.1201|MOP|renewed|2023-03-07|dCVAxkkr|4176.8887|7124.8647|2022-03-24
cngn1231|XHTOwWfo|1601.6024|CDF|open|2029-01-06|boHZYJke|2611.4028|3936.3330|2022-03-24
cngn1232|HzTayNeF|111.9319|EUR|open|2025-12-02|UmCQlToH|5386.7163|9404.3184|2022-03-24
cngn1233|dmxwZzyI|4547.8975|EUR|open|2025-05-31|OHwnsZFY|340.4301|8683.8545|2022-03-24
cngn1234|qmtIzcSq|9860.8848|PLN|close|2030-07-04|aAqiYkHP|4733.4785|9908.1582|2022-03-24
cngn1235|LWkSYKSq|9869.7979|AZN|close|2020-02-21|qqixPddO|60.7893|764.2002|2022-03-24
cngn1236|EYxeiKLY|9012.1113|EUR|open|2029-11-26|hCXBCOlZ|1634.5076|2195.4331|2022-03-24
cngn1237|CihJKBmW|3706.6975|TND|close|2028-11-14|CqdiWjHI|8475.0098|1794.4843|2022-03-24
cngn1238|iXEGBsVW|9020.9746|KHR|close|2020-11-19|vwLHjOwc|6329.2617|1764.6998|2022-03-24
cngn1239|zzfJFFFN|4375.0615|ILS|open|2022-09-18|fSjLHDzF|808.3761|2435.2048|2022-03-24
cngn1240|BaRiNHab|4527.2842|TND|open|2022-05-04|IcvMNsja|4940.4917|6986.5728|2022-03-24
cngn1241|wzzLHLEl|8062.8560|KWD|close|2022-07-31|akhhwMXE|5292.2832|6448.5293|2022-03-24
cngn1242|XPlpDaaf|6632.4688|DOP|open|2030-01-25|hLDhqVXO|7012.4404|2665.2827|2022-03-24
cngn1243|AEmbiTjN|328.1602|RUB|renewed|2030-05-17|rUJgrZsH|5836.1719|3315.9595|2022-03-24
cngn1244|IisLiiNa|1624.0836|USD|renewed|2028-11-21|wzdkRpjy|6823.6626|9105.3770|2022-03-24
cngn1245|GJqNixmK|5067.0493|QAR|renewed|2020-12-07|vXjaTirb|1143.7855|2630.9646|2022-03-24
cngn1246|RCsIyVLn|6413.0825|AZN|open|2024-11-04|uzYxKTSC|5014.6440|7729.1074|2022-03-24
cngn1247|uUTVfNRZ|6204.0298|KRW|open|2026-06-05|ybXqXptE|4280.0962|776.6654|2022-03-24
cngn1248|RAifyuWG|8819.9453|HNL|renewed|2023-08-14|rDzlwagd|2242.6040|9245.3848|2022-03-24
cngn1249|XizDNPVp|7823.6787|EUR|close|2026-08-25|SCDOwgjQ|7464.3125|9630.9805|2022-03-24
cngn1250|okbVAqJi|4513.9868|PAB  and USD|renewed|2021-01-03|LOTkILto|606.6851|6678.5786|2022-03-24
cngn1251|EDFnGXZh|7900.5684|DKK|renewed|2024-11-27|nptUfdtT|6184.6182|5508.4287|2022-03-24
cngn1252|YPnpTNMv|715.0083|CDF|close|2024-02-28|wbadUCdT|9162.0342|8126.5063|2022-03-24
cngn1253|qcxzHnub|6882.7012|BWP|open|2030-08-28|LvXDUOkI|9074.0410|6992.8936|2022-03-24
cngn1254|bbhwyDYp|2741.4873|MAD|close|2020-09-24|XBtSvbmA|4416.2241|2011.1508|2022-03-24
cngn1255|RPqRWmQg|4530.8945|XAF|open|2029-02-20|xruBwDRN|7510.6338|3731.4302|2022-03-24
cngn1256|KwLwXGYH|6734.5752|NIO|renewed|2030-10-17|jLzremwR|7446.8569|2002.2821|2022-03-24
cngn1257|avdKnhVE|485.6098|RSD|close|2020-03-21|iyAxTMbJ|9279.1025|8332.1621|2022-03-24
cngn1258|DxuwpBXz|8556.2520|UYU|close|2022-05-12|LZhaUHgi|10.7965|6237.5869|2022-03-24
cngn1259|EqEFYNmw|7847.5537|BYN|close|2029-06-27|stiwuwfi|938.4814|7393.8320|2022-03-24
cngn1260|MMEnsMUC|3475.2217|HRK|open|2030-09-13|YPiKYmIR|1092.8793|2605.5388|2022-03-24
cngn1261|cDtkqZVx|7015.4106|PAB  and USD|open|2030-06-01|xZjiaGuP|702.8909|9910.7129|2022-03-24
cngn1262|jVEiTKHh|9074.2480|KHR|close|2028-06-22|AJjKKgDp|1809.5676|1575.4484|2022-03-24
cngn1263|gdjfNNdS|544.2694|AOA|renewed|2021-09-29|CLyjJNek|4380.5635|4358.8618|2022-03-24
cngn1264|XdTUVyfF|2375.4175|TWD|open|2027-08-29|nXiSUErp|677.6771|7742.1582|2022-03-24
cngn1265|eneOomRT|7309.1929|GBP|close|2023-10-18|kOIvBZoV|8823.7139|9270.4570|2022-03-24
cngn1266|uDvQfQqX|6041.9517|EUR|close|2024-09-10|MqvdlIaJ|5979.1870|819.3157|2022-03-24
cngn1267|BsgBTqCY|9991.2549|MRU|close|2030-06-19|hbBUkNqX|5156.6055|2810.9163|2022-03-24
cngn1268|NJRkjFVO|671.6761|DKK|close|2027-01-24|csvKTIkR|4286.5952|7744.5098|2022-03-24
cngn1269|rPdeGsWi|9958.4717|JPY|close|2023-11-06|irsUMfJq|9491.7236|2839.0989|2022-03-24
cngn1270|RbeTezkO|9166.8594|DKK|close|2025-07-24|xXeytZFY|2291.7776|1282.8369|2022-03-24
cngn1271|dznpEHgg|2316.5942|GBP|open|2025-03-03|ybYSMswd|9911.2021|9681.8066|2022-03-24
cngn1272|vLivotJM|9726.7988|BYN|open|2029-12-12|TlXfYrzX|4506.4331|4647.7061|2022-03-24
cngn1273|xkFyKexR|2587.9136|TRY|renewed|2028-08-18|ZXJhSxmM|3735.6125|5170.6665|2022-03-24
cngn1274|onidzYbg|940.8358|UGX|renewed|2022-07-23|rckWepQR|1144.8341|3228.7944|2022-03-24
cngn1275|fmqOlros|1642.2585|TWD|open|2027-02-26|ZVysnbZD|6925.0229|2768.5364|2022-03-24
cngn1276|hBsWSepZ|6032.3960|EUR|open|2026-05-29|EkIEbOpj|9955.0645|6737.1362|2022-03-24
cngn1277|MDauDOmT|992.7424|XAF|close|2025-08-22|gdmzTzkP|3587.1902|1122.7042|2022-03-24
cngn1278|dXnZHsFP|6376.4590|NZD|renewed|2023-12-29|HeFyxCuc|3878.8518|8515.0166|2022-03-24
cngn1279|fNJgpexI|140.7482|KGS|close|2025-05-31|sytCZviA|5477.7583|2626.9412|2022-03-24
cngn1280|zwJPKSns|2716.9399|XAF|renewed|2025-08-13|VniEqwSp|4151.9082|1513.6984|2022-03-24
cngn1281|kbKFaRbS|566.5673|XAF|open|2024-10-31|FRKDoGMl|731.3439|4684.3003|2022-03-24
cngn1282|VmoHqozj|1380.9773|RSD|open|2027-05-17|ZFNRdQUg|2988.6826|232.9787|2022-03-24
cngn1283|oWnSGdNx|2934.6807|UAH|renewed|2026-11-14|EgjfJKoU|9772.4795|6710.7783|2022-03-24
cngn1284|irXJjzmw|9943.0439|KGS|renewed|2030-05-09|bWgfrhIq|4353.1035|6665.5317|2022-03-24
cngn1285|ZAOHNtTZ|1151.6086|GYD|close|2029-04-29|lEYWgITJ|2670.1055|2916.3152|2022-03-24
cngn1286|lmBgCCph|5849.7021|GBP|open|2020-06-29|VOpQnPmK|5770.8433|9490.6895|2022-03-24
cngn1287|fUyyZHFk|5827.7622|DKK|open|2029-12-09|FAXIFYAq|9525.1768|827.6270|2022-03-24
cngn1288|iCcYUchv|4637.2676|MOP|open|2020-09-05|qSoFNbhe|4523.1694|6893.5503|2022-03-24
cngn1289|OzjKxYlE|2546.3643|OMR|open|2020-03-23|mtoPVgMC|2029.5651|7027.8452|2022-03-24
cngn1290|CjHQoOre|8954.0957|XAF|close|2022-04-20|nSNRLlsi|2852.6187|5799.1470|2022-03-24
cngn1291|uzbGbxwo|4393.1001|CHF|open|2021-02-04|kGpKUtvG|3172.5977|7457.5679|2022-03-24
cngn1292|ZJmnyhWw|2117.6162|KZT|close|2025-03-15|rrKOcdrR|9262.3350|4532.3037|2022-03-24
cngn1293|aXrkgAXz|420.2526|EUR|open|2023-08-03|FLTHrzbA|6097.7314|7647.4795|2022-03-24
cngn1294|zCWJkJPA|143.2931|RUB|close|2023-05-17|lyDzXmMC|6118.2813|2715.9336|2022-03-24
cngn1295|LdHKJdro|4933.6470|HRK|open|2030-12-24|YAyPbqUi|251.6014|9353.6787|2022-03-24
cngn1296|FhkZpbHJ|6512.2813|AUD|renewed|2020-02-15|bwaAbJNl|9596.3652|5192.1821|2022-03-24
cngn1297|CJCHMDNI|6631.2651|RON|open|2022-06-20|eTlQpKFL|2172.1992|2603.7937|2022-03-24
cngn1298|QgCdCIvT|6742.5361|TZS|renewed|2029-06-30|OcybKftE|8216.0117|4227.7998|2022-03-24
cngn1299|hZLByNqm|7285.4033|SGD|close|2025-04-07|kIcUAObe|8099.5073|4797.8960|2022-03-24
cngn1300|yTaTjSCU|1988.3486|MVR|renewed|2025-12-02|EaOLKsGt|4903.0845|5551.1182|2022-03-24
cngn1301|KZYDLDgX|7881.3950|MAD|close|2029-07-29|zFMyhibz|9139.6836|8817.2598|2022-03-24
cngn1302|NbryTeAQ|9314.6533|NGN|renewed|2029-08-19|mdRgWvRZ|2461.1772|685.5561|2022-03-24
cngn1303|QIsJNYhJ|8445.8486|PYG|close|2024-03-19|qLOcyyLl|2280.7898|8628.9238|2022-03-24
cngn1304|eRZHbNWE|3385.8035|AED|close|2026-05-28|sifuiHHz|1131.7783|4391.0903|2022-03-24
cngn1305|hHUKPGJL|7542.6396|PKR|renewed|2022-12-15|ssyAYSKY|5772.4087|9153.8887|2022-03-24
cngn1306|mNjRhIxE|3100.3391|ARS|renewed|2020-05-24|BoXFmGEe|3211.9961|6576.7422|2022-03-24
cngn1307|zLTMUEai|4817.6304|PEN|close|2022-09-24|CSAcWxqv|5929.1406|5220.0566|2022-03-24
cngn1308|ldCxSwfG|4155.8325|GTQ|open|2030-07-05|yefubmYT|846.7957|322.0664|2022-03-24
cngn1309|rLMdmzWR|8135.5132|UZS|renewed|2021-09-30|tzVLxAvM|7580.3271|8234.0156|2022-03-24
cngn1310|RVGIlddB|6788.9751|SAR|close|2023-09-21|qgPGsKxL|8333.8730|978.9827|2022-03-24
cngn1311|zgpsaEKg|9678.8838|XCD|close|2022-05-02|GKlnTqmD|8316.5742|1892.9830|2022-03-24
cngn1312|NzOQOwmv|7577.9541|LYD|close|2028-01-07|bVuXTuTL|1473.9075|9413.7803|2022-03-24
cngn1313|nppcCmsH|1975.9459|USD|close|2020-12-13|bDLBDxpH|8475.8662|2295.3008|2022-03-24
cngn1314|xWSubwhU|801.0508|VEF|open|2026-05-19|DLsQmojQ|7784.8657|437.5177|2022-03-24
cngn1315|izZczNNn|5020.5029|EUR|open|2027-04-22|HLwkprHV|6704.0098|1194.5983|2022-03-24
cngn1316|QwdDboBj|9229.0117|EGP|renewed|2022-02-23|khJDNvQL|484.8643|3776.8477|2022-03-24
cngn1317|MLAGxQyy|1538.4525|USD|close|2023-09-13|kbCbSAHd|3630.9480|7235.8672|2022-03-24
cngn1318|iETmefUm|9098.0127|RUB|close|2025-07-12|picOMtBh|3385.0203|2633.9067|2022-03-24
cngn1319|FocpRWaJ|1554.3337|CNY|close|2024-12-29|wHmoUWkN|6689.5303|8118.2642|2022-03-24
cngn1320|nuwypYUD|7203.5801|MWK|renewed|2027-08-15|UIHeuDkB|9155.2695|1212.2166|2022-03-24
cngn1321|XGzSGKLe|6553.8364|IQD|renewed|2027-07-05|nFzIrTjs|9672.3633|8968.2227|2022-03-24
cngn1322|doKZfENP|5500.3940|GBP|close|2026-06-07|HIqkwVvC|534.2778|8597.6396|2022-03-24
cngn1323|ofFLSvsT|5362.4351|LKR|close|2027-12-28|gBiXqkeP|8645.2773|2731.0896|2022-03-24
cngn1324|IZvkYeWv|8626.2529|UGX|close|2024-09-11|ZkcQCDwl|4609.7832|7672.6748|2022-03-24
cngn1325|BpzdwsRZ|3143.3455|MXN|renewed|2021-07-10|DKvnqVYj|8583.2100|4689.8271|2022-03-24
cngn1326|sTtPdgLS|2615.3513|EUR|renewed|2028-01-24|iLyStDjA|1292.0194|3323.3489|2022-03-24
cngn1327|ZOUwnKJr|362.5552|ARS|close|2027-09-02|NbbTQKGf|8788.3721|6026.8735|2022-03-24
cngn1328|oEXSkTsD|7107.0024|BHD|open|2027-04-06|ibSXUpXM|5234.1548|5137.7983|2022-03-24
cngn1329|SlrCRfsd|534.8405|DOP|close|2021-08-23|eDQPmgZi|6678.1880|3977.7710|2022-03-24
cngn1330|SODHqTjd|4412.7480|CNY|open|2024-03-21|ADzdphTL|2425.2710|8182.1982|2022-03-24
cngn1331|LVZJuwWZ|3880.5715|BRL|close|2030-04-28|PrxJitwG|2942.2000|6939.2275|2022-03-24
cngn1332|eTEGpthb|4323.0313|MAD|open|2029-12-30|cmMixQnD|1201.0631|8933.0811|2022-03-24
cngn1333|xgztbevf|586.7465|CDF|open|2030-03-03|omyNchBA|9821.4482|1829.4991|2022-03-24
cngn1334|gbPndLjI|1402.6261|XAF|close|2028-05-02|rUweekCz|803.4023|6957.0542|2022-03-24
cngn1335|UhThBPUV|3772.1870|LBP|close|2030-11-12|THPjFrGc|5226.2949|2974.8413|2022-03-24
cngn1336|zGXKDSwh|8369.9639|MNT|open|2020-03-01|XmhWhavI|4077.6489|3163.5366|2022-03-24
cngn1337|GlDoheZY|3585.6099|CHF|renewed|2029-04-05|sTIOqprw|5775.9233|1023.9839|2022-03-24
cngn1338|JJsIyQUG|4896.5015|TWD|close|2023-02-24|HMAfnVum|265.5480|6606.3125|2022-03-24
cngn1339|JmSYHUKo|2619.6450|RON|close|2023-11-06|LTVBbgPK|7755.6172|7368.3276|2022-03-24
cngn1340|VmdPLtwH|1988.8655|AOA|open|2022-07-14|ueFRsdOf|671.4773|9418.3574|2022-03-24
cngn1341|gYbIVUVZ|4941.0347|XCD|open|2021-05-06|EXUHXhKS|1525.2394|188.6867|2022-03-24
cngn1342|XaZbboVC|9601.1787|EUR|renewed|2024-12-03|umRbPKwq|8890.8184|276.2191|2022-03-24
cngn1343|ZTHqHqQv|3248.8599|EUR|open|2022-03-30|HwhzWhgx|6445.4644|9592.8379|2022-03-24
cngn1344|yYvqkAEB|739.4295|MYR|open|2027-07-31|onqvzATi|3913.8799|1827.5448|2022-03-24
cngn1345|xKwxHYNE|1307.5702|MUR|close|2022-05-10|OYeNhwYL|6017.2993|3241.1982|2022-03-24
cngn1346|nUSeKTvM|4004.7878|MZN|close|2025-10-31|JAJxuItX|7772.9272|6205.6611|2022-03-24
cngn1347|oDunmJYe|5928.2817|CHF|open|2024-04-02|SayLNvyc|2409.0605|4736.8037|2022-03-24
cngn1348|iyaftoCd|7866.1460|VND|open|2029-11-09|ZOHWtkyr|9208.8887|7788.2349|2022-03-24
cngn1349|sRmcWVTG|1236.2715|VND|close|2026-05-12|NqVGEBvW|105.3022|985.2755|2022-03-24
cngn1350|hRvSuODB|7443.9990|PLN|open|2020-10-04|HfDRDnNO|2824.5491|431.4500|2022-03-24
cngn1351|bDyvijSq|4736.3682|KGS|close|2025-02-09|XcsllnUp|3051.1924|5933.4468|2022-03-24
cngn1352|GOWwSrWE|459.5077|IMP|close|2021-03-28|wKdxeCTL|9591.6553|3381.7644|2022-03-24
cngn1353|MDfYqavZ|5955.7915|ZWD|renewed|2028-12-19|uHEAmMzF|6726.5796|1582.1543|2022-03-24
cngn1354|zrpePVHR|3144.8376|VND|open|2030-07-22|SbxCdygM|596.4178|3655.8401|2022-03-24
cngn1355|xZGFzuNl|8913.7920|TRY|renewed|2030-08-10|uLaUPwdD|6478.2759|3774.8813|2022-03-24
cngn1356|Gvtogahm|6486.2036|XAF|renewed|2028-05-30|VgWowUYy|6825.1357|1514.5845|2022-03-24
cngn1357|mxENEckz|5744.9331|GYD|open|2023-07-30|ZYgFXIZy|6595.3232|2378.3550|2022-03-24
cngn1358|FcnhRwdq|3213.4324|AZN|close|2025-08-08|zVBYCiKT|8622.7920|4057.5269|2022-03-24
cngn1359|aKVTwpBR|5921.9873|TWD|open|2020-10-28|NDjjFUlu|2300.9177|8454.9219|2022-03-24
cngn1360|sDKWnrIx|3937.1809|PEN|renewed|2022-11-08|bPpXxTQH|3651.4385|9483.9209|2022-03-24
cngn1361|EtdzPaEx|9078.8691|NIO|renewed|2030-05-27|duxOJzlu|9536.6055|4362.7861|2022-03-24
cngn1362|DRzJIqnc|7681.2783|XAF|close|2030-02-21|PdqTnBbT|7523.9600|4802.6738|2022-03-24
cngn1363|pIkObylb|9.4252|PEN|renewed|2024-04-13|snurrryD|337.4909|7449.4678|2022-03-24
cngn1364|CoHqmRap|7583.5908|JPY|open|2029-02-12|KoZEtbqf|1806.2539|6692.4414|2022-03-24
cngn1365|dvUFwrPc|6782.2246|KWD|open|2022-10-14|nFumwwpJ|8999.5645|5001.6665|2022-03-24
cngn1366|mVkMpnvO|4021.1145|BMD|close|2030-09-22|rDMGGBaf|8175.3350|965.0850|2022-03-24
cngn1367|GcsSSNqi|3682.6206|ZMW|renewed|2025-07-21|sUrguNXc|1112.0992|9550.3760|2022-03-24
cngn1368|tqYddKtx|4864.7700|BOB|renewed|2023-03-16|SCrzBuoC|858.9233|6375.1162|2022-03-24
cngn1369|YYhkpMmu|4583.6987|DZD|renewed|2025-03-19|rYEOqGJw|277.0479|7070.8237|2022-03-24
cngn1370|kEdoqnnh|8966.0439|LAK|open|2029-10-22|YojBnDVB|5598.5479|9584.7676|2022-03-24
cngn1371|oxrXZUfs|6222.6167|GHS|open|2025-12-15|gKNDFOsm|1588.5811|9859.8770|2022-03-24
cngn1372|zrpyoejv|6877.9063|AOA|close|2029-04-25|WEvzNjSJ|9507.7119|5163.4463|2022-03-24
cngn1373|qblwHaSK|3003.0337|EUR|close|2022-02-22|uXMcSuPQ|8301.2100|6138.1943|2022-03-24
cngn1374|qEqLlxma|5587.8735|EUR|close|2027-04-09|QHcFTQaV|4546.6841|3408.6401|2022-03-24
cngn1375|HOZZeoWG|1750.0035|KGS|renewed|2029-12-10|AKFnTiWr|1537.3276|1369.3529|2022-03-24
cngn1376|jrFXVvia|9793.0898|ARS|renewed|2023-04-18|lXnfZohR|6911.3901|6970.1865|2022-03-24
cngn1377|cegstJkC|6618.1489|KZT|open|2023-06-11|QSQayGGS|5114.7129|7995.0845|2022-03-24
cngn1378|DCRoeckZ|6110.2759|USD|open|2023-06-08|drUsCdEd|9412.1650|5366.5737|2022-03-24
cngn1379|KkgzuiPQ|398.7932|MZN|close|2029-04-16|lDytCpOM|8077.4561|2526.9080|2022-03-24
cngn1380|Pxhcsrul|5843.7114|MGA|close|2023-07-11|bzisEGiz|204.2059|2146.9219|2022-03-24
cngn1381|kAvhOsKG|9623.9922|AOA|renewed|2030-02-11|cbFvFDRS|2169.3679|8723.9766|2022-03-24
cngn1382|iVnMOyuF|6032.9263|MGA|renewed|2029-11-01|WSrOKvjZ|6792.2246|4242.5283|2022-03-24
cngn1383|msQMXQYg|5891.3164|PHP|open|2027-03-03|fvVRyZZi|2844.5586|4885.8525|2022-03-24
cngn1384|gsCFndZQ|3978.1218|RSD|close|2027-02-02|KfIuEWSZ|2907.4614|9302.9561|2022-03-24
cngn1385|QTaGhmzg|5717.8174|TWD|open|2020-08-14|GnCLcpSo|9528.7930|2992.6316|2022-03-24
cngn1386|PMriRgmv|7011.5908|AUD|renewed|2021-10-26|YWynBUhC|7313.7568|415.0364|2022-03-24
cngn1387|SyDilupC|5813.0005|GTQ|renewed|2025-09-28|bkrQFWCd|580.4627|5685.6655|2022-03-24
cngn1388|QBgOgcHz|1263.0894|CRC|open|2023-07-09|yZYYpnSF|8456.1113|4090.2522|2022-03-24
cngn1389|hbOsjTIV|7435.5825|EUR|renewed|2025-11-28|eYqaPwWJ|233.3252|3244.0518|2022-03-24
cngn1390|AFSHuZTm|653.5965|NAD|renewed|2022-09-29|pErzMMPu|13.5361|4051.2710|2022-03-24
cngn1391|MfJUfIVa|2106.2251|EUR|close|2024-11-11|ksYQEQbM|4445.2188|2543.0320|2022-03-24
cngn1392|TftiNLte|5670.7046|MAD|open|2024-04-28|zlwYhsRO|4362.9214|1483.9075|2022-03-24
cngn1393|YeOUvJBW|8970.3496|GBP|open|2023-01-15|mrDnsboK|6789.8677|1127.8447|2022-03-24
cngn1394|eHSlhdQc|2363.3633|GYD|close|2028-05-06|DrJbVMkr|6823.3130|2475.4902|2022-03-24
cngn1395|rKxDCqCC|6560.7930|CRC|close|2026-12-29|vQwEfoqm|8482.3525|6644.4595|2022-03-24
cngn1396|tsWCxkVI|5332.2354|NOK|open|2027-04-01|VcYsFkDW|5883.6958|4501.9585|2022-03-24
cngn1397|MLiwfQhl|2254.7781|XAF|open|2028-12-11|TBmSFhoo|4591.2456|8199.8496|2022-03-24
cngn1398|lTMjwwiz|3699.0168|SZL|renewed|2021-07-10|vnuZeZva|4475.6572|9268.6582|2022-03-24
cngn1399|LNNbjKkd|2402.6177|SGD|close|2024-06-10|bicuavml|6353.1387|8260.0371|2022-03-24
cngn1400|OzuZTQHs|3583.1975|USD|close|2023-11-18|GkbkFQvo|6848.8135|1643.3959|2022-03-24
cngn1401|uspMzqkf|6202.0576|XCD|close|2030-10-11|LMrqaFqc|6300.1431|2480.8623|2022-03-24
cngn1402|rCFkNAkG|2731.3564|IDR|renewed|2022-08-20|JeWWJnvv|599.0402|32.9079|2022-03-24
cngn1403|uhwtZmWs|9850.6094|RUB|renewed|2024-07-14|NMJkLBDu|9236.4873|718.1100|2022-03-24
cngn1404|xsYJVCGr|2063.0901|GTQ|close|2030-01-21|RCTcAbQn|8145.8403|6107.9502|2022-03-24
cngn1405|qgVopgta|4243.2925|AZN|open|2029-10-28|YPfLciZl|8446.8164|8755.2959|2022-03-24
cngn1406|WaRtXXXC|9573.7832|DKK|close|2024-01-24|ldnxFCqA|9499.7363|9570.4023|2022-03-24
cngn1407|IBwLWvWH|3041.1018|EUR|open|2028-04-23|LsoZMBUz|8422.7559|3320.6987|2022-03-24
cngn1408|LbTCPpSm|7739.4141|BYN|open|2022-03-30|uEqnvgie|8943.2227|6809.5269|2022-03-24
cngn1409|kAHhxhJf|3277.0271|BMD|close|2027-12-28|UOIdfOxB|9913.9414|9692.8662|2022-03-24
cngn1410|fzOiLbar|7646.9185|RON|renewed|2023-08-12|nwKrtmtM|1008.5856|6312.8218|2022-03-24
cngn1411|VmTjWDmH|1212.1783|JPY|renewed|2023-11-16|uPrQOUhB|6247.3315|7764.0728|2022-03-24
cngn1412|fjXseHHa|4963.4961|RWF|renewed|2028-09-30|ZXweVNBU|8512.1797|483.7854|2022-03-24
cngn1413|LqlwJIew|6100.1768|XAF|close|2030-04-22|SvZurnZh|4861.5581|2418.4292|2022-03-24
cngn1414|SkVIkeKZ|9190.3857|RON|open|2022-01-02|SJviCFuV|2419.3088|3828.6084|2022-03-24
cngn1415|RyPKgDvA|862.7014|TND|open|2025-06-18|hzdzXZzg|6385.8398|8787.1836|2022-03-24
cngn1416|nxNUiSwY|9944.1699|KWD|renewed|2022-07-15|QIzDpGrf|8414.8027|6936.0967|2022-03-24
cngn1417|krfGsSvQ|6678.2813|LYD|close|2029-12-15|PcXlgxgV|6941.7769|6292.2183|2022-03-24
cngn1418|WqgueQAm|6265.2349|MNT|renewed|2028-07-21|zzuOqWgK|7118.3120|8452.2910|2022-03-24
cngn1419|erUKvalH|3409.4248|EUR|close|2026-11-24|vgJPOUCq|2055.0176|7913.9121|2022-03-24
cngn1420|PLJwSrVF|5544.6099|TZS|renewed|2023-12-14|BywpKgBt|1396.3160|1033.4617|2022-03-24
cngn1421|eRQsyuhO|7460.2383|IDR|open|2021-10-23|GsFyYbHX|6322.4604|6526.3911|2022-03-24
cngn1422|hLJCHHSq|8032.3945|TMT|close|2022-10-16|caaBlHxO|1647.2306|9802.5176|2022-03-24
cngn1423|zaJkaTOB|5485.1021|XOF|open|2026-12-16|eUeCtxbE|1642.1245|6744.1001|2022-03-24
cngn1424|Txsorpls|5036.7778|GTQ|close|2021-08-14|SHLVIIqd|8284.4395|252.5666|2022-03-24
cngn1425|psRVakDu|9634.1201|BHD|open|2027-05-27|EJTJfIFl|5888.4893|6948.5737|2022-03-24
cngn1426|cxhLAoeF|2261.6753|USD|open|2020-07-25|BlsEwIVE|1596.7072|5775.1421|2022-03-24
cngn1427|EyNpaxhC|6471.7695|UYU|renewed|2022-11-06|BqVRYmIW|2081.7903|3900.8542|2022-03-24
cngn1428|AkbsRnOx|682.3799|AUD|close|2026-05-05|AQALsFmL|2163.0698|2488.2720|2022-03-24
cngn1429|RySyNgVO|9681.5264|AUD|renewed|2028-11-29|qOZPNgQC|4304.4287|3674.3193|2022-03-24
cngn1430|bkAxtGkd|343.8426|GBP|renewed|2021-12-14|jPzxozas|4783.1807|3168.9790|2022-03-24
cngn1431|SgZUkjHH|8030.3115|EUR|open|2024-10-16|nLQzzldH|2940.6577|1640.0267|2022-03-24
cngn1432|CaTtsrJJ|9278.4912|DZD|open|2025-10-08|nvjqWfQw|6281.2231|2974.9819|2022-03-24
cngn1433|NhEZoWgr|9770.2949|INR|open|2020-07-22|yooZXBRe|3095.8684|8291.7793|2022-03-24
cngn1434|DtEMsEUn|899.1632|CZK|close|2028-01-01|NynFqbOB|7449.2002|2957.3875|2022-03-24
cngn1435|rwIKVjJm|7904.7622|EGP|renewed|2026-06-13|NzpxDjZY|370.4741|5306.4102|2022-03-24
cngn1436|DsOBzqvh|710.7961|IQD|open|2028-02-26|pdTnYujo|3014.5835|9097.5439|2022-03-24
cngn1437|tdcYGvYB|275.9976|OMR|close|2025-05-20|qjnBekTF|5894.6094|8452.8848|2022-03-24
cngn1438|vgqIkmuV|8754.0195|GBP|renewed|2030-01-25|SPhLgZfM|7768.6060|6347.9326|2022-03-24
cngn1439|IbmmuSan|750.6204|KZT|close|2022-08-26|TKxWMaJd|1415.4294|1483.9849|2022-03-24
cngn1440|QMreDuOq|6887.4814|BRL|close|2023-06-10|jMTVJhYE|3890.3345|573.9175|2022-03-24
cngn1441|aUiaXIQZ|1490.3341|JOD|open|2027-07-03|eNdyXBiy|4932.9390|2748.6035|2022-03-24
cngn1442|TKAJWKAc|3484.6636|CDF|renewed|2021-05-14|kawXuIMY|5521.8525|4908.1909|2022-03-24
cngn1443|OqoHlwLD|599.5612|KZT|close|2025-09-03|RMRyxeKK|1815.7758|725.3608|2022-03-24
cngn1444|SkDbxhqj|8288.3047|CVE|open|2022-07-19|UpKQwvoB|9018.5371|5406.7363|2022-03-24
cngn1445|yykaBtyl|9777.3594|AMD|close|2025-03-09|iWtkdnVN|2611.1094|2664.9495|2022-03-24
cngn1446|LjLQWjtN|1181.0000|SGD|renewed|2027-12-08|CpYtADDl|106.9653|7932.8501|2022-03-24
cngn1447|onEWDpGt|6830.3989|EUR|open|2023-01-20|jjkYqJxC|5850.9067|4763.9570|2022-03-24
cngn1448|nFeonulD|9826.2881|VEF|renewed|2030-07-28|PUtWXcYp|9933.3857|8873.1035|2022-03-24
cngn1449|yZkXCHDO|2741.9946|MZN|open|2028-04-13|qBoXAgRc|1772.6979|3153.1448|2022-03-24
cngn1450|GNQtnJLi|4063.3901|HKD|close|2027-02-19|GTdrUVyj|2450.7063|1159.0708|2022-03-24
cngn1451|XmzgIfQO|9690.9268|NAD|close|2020-08-20|NQCtPYTJ|5880.1816|8208.7988|2022-03-24
cngn1452|PaYCUsNF|975.3106|MRU|open|2021-04-10|FyXMUfjn|4036.7075|6897.2720|2022-03-24
cngn1453|vOTIheyU|6199.1089|SZL|open|2024-01-20|KFRRMYdP|3741.8286|4979.2036|2022-03-24
cngn1454|DcpzAqdd|5771.6157|USD|open|2020-06-08|epRxiIwf|3202.2207|7423.4922|2022-03-24
cngn1455|RhREJKRo|5428.4121|BMD|renewed|2020-05-19|BLoctjup|2980.4636|3883.2336|2022-03-24
cngn1456|GyzhCaea|395.8284|BHD|close|2027-01-08|yLeBOeED|8246.2988|2150.2026|2022-03-24
cngn1457|sHwnSmpq|6007.6079|RSD|renewed|2026-03-28|nEnEGWmz|7842.4336|1936.1354|2022-03-24
cngn1458|YkbfDEqB|4945.1504|MUR|close|2024-01-11|xJsTSVNB|6931.8940|8069.1138|2022-03-24
cngn1459|jeDQNxaD|9815.0879|XOF|renewed|2027-02-16|nPRToAMJ|4207.5117|2459.3535|2022-03-24
cngn1460|qTnrmfJk|8030.0068|PHP|close|2021-03-06|hasZJmzW|2343.6777|3916.7522|2022-03-24
cngn1461|UEGaSEol|2103.7605|HNL|open|2028-01-04|qWOHXqOA|3950.1904|6757.5083|2022-03-24
cngn1462|tkAEmigT|1990.3153|ZMW|close|2029-08-05|PwLYQAeR|4717.6270|9618.6309|2022-03-24
cngn1463|tLzwrLww|3309.0999|EUR|renewed|2027-04-18|wmFwOVBY|7213.3965|9208.0693|2022-03-24
cngn1464|naICFMnm|9427.0596|KES|renewed|2020-07-02|OvjKIIjk|9425.8721|549.3694|2022-03-24
cngn1465|YomJHFiT|6539.8774|USD|renewed|2023-02-18|iAxBJDfj|2065.9937|5444.2769|2022-03-24
cngn1466|FmjMZDly|1678.3547|DKK|renewed|2023-03-29|KSEYcpkc|7955.0562|7666.9077|2022-03-24
cngn1467|KDcICOTO|9632.1377|SAR|open|2028-04-15|rUycgMgl|9318.7617|8021.2173|2022-03-24
cngn1468|lAsaMZTD|4611.9102|PGK|renewed|2024-01-14|rLDThvFn|9333.5898|9947.7529|2022-03-24
cngn1469|Ptgyerto|8961.4189|NIO|close|2020-06-15|TFHEmUtM|1493.4031|6473.1255|2022-03-24
cngn1470|zCJItqjz|8924.3594|EUR|close|2021-05-15|lAMJVnru|570.0977|6689.4595|2022-03-24
cngn1471|xLDZowUi|2501.5571|AED|close|2030-01-12|rIgxxhyr|6624.1963|9636.9570|2022-03-24
cngn1472|gvKhaezt|6846.1802|TWD|open|2023-08-29|GNWnqniF|3413.8342|2583.6899|2022-03-24
cngn1473|dvQZXWpY|8002.5840|EUR|open|2023-07-24|LXIKNrxu|60.3737|2123.2466|2022-03-24
cngn1474|EqoYtvtp|4113.6685|ZWD|open|2030-02-14|RkqYBEcb|3229.0588|1540.6252|2022-03-24
cngn1475|KfAbbrnL|2872.4316|XAF|close|2022-12-01|YvVbfhUh|3626.7839|3050.2039|2022-03-24
cngn1476|qNAjLWck|2927.4333|BHD|close|2027-03-07|NVqiqgkk|2637.5457|5888.2852|2022-03-24
cngn1477|GQHfiMcz|301.9681|GIP|open|2027-03-28|AqqbtegY|115.5594|2629.0627|2022-03-24
cngn1478|cshuTGgJ|3648.1809|KGS|renewed|2024-07-31|ZolPSRdd|9032.6475|4500.2891|2022-03-24
cngn1479|MdVoyVWK|1561.8162|VND|close|2021-02-05|AKRXIXJQ|5911.0708|5547.6333|2022-03-24
cngn1480|EXxVoANf|3761.8374|IQD|close|2026-09-07|oIzrBQMi|1746.4058|7994.3828|2022-03-24
cngn1481|jxpKHAuZ|5897.5898|HUF|open|2030-01-22|rOCCykEY|8055.8071|1857.0511|2022-03-24
cngn1482|xtKjyTEe|8681.0186|EUR|close|2024-10-25|eUAQsGdU|9124.5605|8236.2461|2022-03-24
cngn1483|kuMyzWCH|2392.8489|LYD|open|2021-11-29|VaqrzkOV|6808.5664|5655.6431|2022-03-24
cngn1484|KyFpqjvw|2259.5930|BAM|open|2023-07-02|sisMaEdH|4165.4702|3977.1577|2022-03-24
cngn1485|yeKrJkMa|1000.3904|KWD|close|2021-03-27|BoCajQaa|3822.3596|7939.3228|2022-03-24
cngn1486|aqWkGIzi|9955.3398|GYD|open|2029-08-09|WeZwgBpe|7278.7583|3141.8486|2022-03-24
cngn1487|rVYTqIyd|7637.4697|DKK|close|2026-11-04|RwJryqkR|3849.3364|8822.8711|2022-03-24
cngn1488|PqQTKERR|8763.2686|USD|renewed|2026-01-07|GRLxtSsS|7018.1460|3842.7263|2022-03-24
cngn1489|YfXrxXcS|2865.5422|ISK|close|2023-07-16|MJpSchmp|3928.2039|3812.0356|2022-03-24
cngn1490|cBMtOieH|7350.7393|IDR|close|2022-04-24|JpFxQcLX|4852.5703|1800.2458|2022-03-24
cngn1491|iXhnUuTC|7776.7671|IQD|open|2020-05-08|TqIYCabV|6326.4082|7086.6489|2022-03-24
cngn1492|rpNLyNlD|5654.5200|BBD|open|2027-03-21|UyUYQFly|3984.0679|33.0294|2022-03-24
cngn1493|buEVlifG|4679.0293|USD|open|2023-12-19|zLQqsUrs|9656.5371|6670.9941|2022-03-24
cngn1494|pzqvMNPb|3822.5300|USD|open|2024-03-24|jYsDFYiQ|9817.8770|9414.0000|2022-03-24
cngn1495|bJIvGjhP|6963.6523|USD|renewed|2025-06-03|KHqzHduf|1149.2101|1600.0828|2022-03-24
cngn1496|AEowUhVE|3066.4956|VND|renewed|2026-08-13|PyuwjAWR|1161.2036|920.0933|2022-03-24
cngn1497|azXVzbig|7247.7358|EUR|close|2022-06-08|rrhNwiBa|125.2141|596.0170|2022-03-24
cngn1498|zRGoMuWQ|1572.0061|AUD|close|2030-06-25|cPiFomsI|3211.8015|7917.2715|2022-03-24
cngn1499|WIjYTGtc|6381.0977|BHD|open|2027-09-19|VxEWPbCG|8862.1143|460.0531|2022-03-24
cngn1500|bXFPjqgM|2410.8350|DZD|renewed|2021-01-08|PLHFnYkD|7456.8779|9016.6895|2022-03-24
cngn1501|gNNNCbGE|3293.9302|EUR|renewed|2024-09-07|AnIMJKYy|9183.1875|1751.8553|2022-03-24
cngn1502|ILfDOdQU|3796.3193|TTD|renewed|2029-03-13|jfGBovoh|1600.7056|1779.0210|2022-03-24
cngn1503|gHMioTYc|2595.9546|MAD|open|2024-08-24|XVColYwz|5586.8223|712.7813|2022-03-24
cngn1504|IeHOWPMi|1401.7787|BGN|renewed|2023-04-20|shAkIYEg|4424.9834|9371.1729|2022-03-24
cngn1505|MjcuZpyU|6890.7451|DOP|renewed|2028-02-25|qmNaoMEt|7692.4673|8311.7715|2022-03-24
cngn1506|jEsKkJMl|4359.3945|EUR|renewed|2021-07-25|uOZZUBPb|8960.3418|3385.2834|2022-03-24
cngn1507|urybjQkg|3394.8059|SGD|renewed|2029-09-29|phzcFQrz|1571.5095|2526.0825|2022-03-24
cngn1508|YlqoVehw|1084.1500|KWD|open|2028-01-05|rhezSezI|9503.3379|8252.2813|2022-03-24
cngn1509|mrbZBTDd|4484.8296|BBD|close|2030-07-11|zCQmjGQb|4682.0938|9406.3906|2022-03-24
cngn1510|RKUKNorl|4939.9341|GBP|close|2028-12-31|qUamRpiu|4266.4478|5383.7505|2022-03-24
cngn1511|ZTjXNBBl|688.9680|KGS|renewed|2030-03-19|dkPBFHtn|4291.7891|9074.0723|2022-03-24
cngn1512|teauYhLC|7639.3462|MWK|open|2021-09-03|IXWgvCWZ|3376.7056|1065.5100|2022-03-24
cngn1513|gljnVHXL|4153.6104|KGS|open|2027-04-01|BvQJuGVl|9194.6152|4779.3809|2022-03-24
cngn1514|bDCEMGJP|791.4045|EUR|renewed|2021-07-27|foCkcNtk|2218.9744|2340.4563|2022-03-24
cngn1515|yAjxkAFw|8036.0259|QAR|open|2030-06-03|wuCeWfcY|9530.0156|7810.7803|2022-03-24
cngn1516|TCoNHYNg|8347.9688|EUR|close|2027-12-18|ogNgkOAl|2431.2791|3394.5779|2022-03-24
cngn1517|OKXBZJPw|1719.8279|GBP|close|2022-02-15|DMgsPRig|1059.9063|5742.9961|2022-03-24
cngn1518|aSzFODnG|1314.2886|BAM|renewed|2023-04-25|fwrxEYMM|4251.7461|7178.8110|2022-03-24
cngn1519|mwuCUDhe|9658.8184|EUR|close|2030-11-03|GzXBVuSv|8144.5820|7233.4829|2022-03-24
cngn1520|YweTnUNT|5352.1328|IMP|open|2027-02-16|cbzzEPtB|7900.3486|2142.8191|2022-03-24
cngn1521|ysELMmFp|5779.6235|XAF|open|2022-11-19|axnXOvge|1936.6825|1383.8372|2022-03-24
cngn1522|mUdLdTPu|6283.0913|ILS, USD, and JOD|open|2026-03-02|tinPexZg|9554.2900|1451.7269|2022-03-24
cngn1523|TMtmAnWg|349.0391|MYR|open|2025-08-10|nkYHVmSF|1223.8337|9601.0889|2022-03-24
cngn1524|slusSPnp|4024.0869|EGP|open|2020-06-07|ihXqWfwH|7751.3101|5986.2026|2022-03-24
cngn1525|AKmpErHp|106.3198|GTQ|renewed|2029-04-08|PotKUnLG|9078.5586|2286.5239|2022-03-24
cngn1526|sEnrqpFW|6414.6704|CZK|close|2028-08-30|BrvsSeXF|4082.6758|7285.9404|2022-03-24
cngn1527|RZmYGaRc|834.3062|JPY|renewed|2027-10-05|RXceTZrl|902.1107|9258.6816|2022-03-24
cngn1528|VjIxgkyn|4853.7056|AMD|open|2029-05-25|fpkfDRAL|5720.0547|2788.1868|2022-03-24
cngn1529|GxyXZCqV|2101.0835|GTQ|close|2024-01-19|IHidqfvN|1314.9471|8932.7158|2022-03-24
cngn1530|fwQOFIhc|3808.5732|USD|close|2023-07-04|TwCJCVQI|9309.6934|3540.3086|2022-03-24
cngn1531|sIvZRmSb|6328.1929|RUB|renewed|2023-10-20|fEopgkqE|5565.3545|1219.5173|2022-03-24
cngn1532|FqyOHaSs|2370.2358|DOP|close|2020-03-01|bWKAlTvO|7272.1826|6670.7075|2022-03-24
cngn1533|fixBHZfw|7349.3545|EUR|renewed|2024-01-20|GMIDiQHi|9927.6553|6553.2686|2022-03-24
cngn1534|YzlNedrO|2262.0408|QAR|renewed|2024-10-17|dkYQVjvm|5196.8433|4639.9814|2022-03-24
cngn1535|qdrtLjOH|4064.0542|EUR|open|2026-02-16|tQShvvZx|4870.4292|6522.9136|2022-03-24
cngn1536|mGjtmCEH|9316.8750|NOK|renewed|2021-03-19|GiBiyKfh|6544.2212|1024.2507|2022-03-24
cngn1537|TOtrocpx|4395.7676|JMD|renewed|2020-01-13|qSYmXEuG|6953.0757|2963.7131|2022-03-24
cngn1538|BgqFUJgW|4428.1279|EUR|renewed|2030-06-21|cpASKVCN|9201.3398|6882.7075|2022-03-24
cngn1539|bSTqzEVh|8803.1592|XCD|renewed|2020-07-17|bXIjlYmq|4135.8242|3100.4094|2022-03-24
cngn1540|jASKCfXg|4500.1553|CLP|open|2023-05-04|HRGPcGMe|4133.3848|5854.8398|2022-03-24
cngn1541|fwdTDrPA|4087.2629|BMD|renewed|2022-01-19|xWORUfzj|5027.7554|8000.0488|2022-03-24
cngn1542|HlbPCpae|6075.7329|GEL|renewed|2027-03-22|nvHDfwYP|382.4153|710.5174|2022-03-24
cngn1543|ZRfZMiPU|8276.4512|MXN|renewed|2026-10-18|kJhAahva|7179.2959|267.3380|2022-03-24
cngn1544|mLxBUTsF|2933.5815|NOK|close|2023-07-09|YocKTgqj|8218.2148|5348.7139|2022-03-24
cngn1545|PqXwciEk|7238.3057|LBP|renewed|2022-08-28|BdCZxUZT|1838.5684|273.4157|2022-03-24
cngn1546|ZwvwYmRm|1778.8174|EUR|open|2026-12-06|JBoCrgfS|5304.0928|4456.8398|2022-03-24
cngn1547|fzdnitOD|6178.8188|ARS|close|2030-12-15|TMRvOEXF|8123.0181|6968.9194|2022-03-24
cngn1548|tqpveEal|5641.5527|XCD|close|2027-02-22|ttPRvkav|1524.9691|3665.9766|2022-03-24
cngn1549|plBdFbrY|1032.1077|PGK|close|2023-01-03|kxPKCCbG|8938.4580|365.0847|2022-03-24
cngn1550|XgGQCIvY|9562.4922|OMR|open|2027-06-25|abUozVzz|7414.7012|5959.3027|2022-03-24
cngn1551|NVaxoZvR|3285.0854|LKR|open|2023-12-29|LRphNRnQ|4154.4297|234.8603|2022-03-24
cngn1552|dKVPzOPv|4419.5796|DKK|open|2023-10-02|jDlliRZq|2856.9136|5597.1470|2022-03-24
cngn1553|qFTiQxnO|3688.1558|EUR|renewed|2027-10-14|zroFuWNu|7036.7031|6066.7656|2022-03-24
cngn1554|IcORVgur|8787.1641|USD|renewed|2024-05-19|buTaNGST|9989.7012|4269.6973|2022-03-24
cngn1555|qSVAkNYc|2833.5361|IDR|open|2020-12-01|dAAGVnmR|3946.6902|7217.0386|2022-03-24
cngn1556|kUmwUmIF|5030.4785|XAF|renewed|2020-02-29|vMuIQrOR|4114.9146|2978.7261|2022-03-24
cngn1557|IVKDtDds|2359.3135|ILS|open|2027-07-06|JggcZluK|6489.9473|7956.0503|2022-03-24
cngn1558|kscwcDBu|8255.2725|HRK|close|2026-08-07|SWoJlFkW|2528.8015|9153.6865|2022-03-24
cngn1559|PUemYAwS|7524.8716|VEF|open|2025-05-12|jmSCaZZu|7839.7466|1078.5212|2022-03-24
cngn1560|BUsRkpQA|9358.1582|GIP|open|2030-09-22|EIsCGMiQ|2873.1086|3252.9424|2022-03-24
cngn1561|sOHaVgje|6028.4458|SAR|close|2022-08-03|fGESIsxe|1774.1305|8921.3809|2022-03-24
cngn1562|FJwyVNdp|5427.2710|MUR|close|2021-07-29|UoWutuhv|4065.5352|8511.6641|2022-03-24
cngn1563|rARJyBWJ|1811.5909|KYD|open|2028-05-16|BJUAGzbQ|1999.9294|2368.2388|2022-03-24
cngn1564|NdsgTaiR|4766.5337|EUR|close|2026-01-30|SKUKmLyU|5871.1899|3627.9939|2022-03-24
cngn1565|rrocFXtF|4646.6602|AUD|close|2025-03-22|WRUxxcGJ|8239.3418|5949.8647|2022-03-24
cngn1566|CAKqLMii|8713.9775|PKR|close|2024-03-29|zuINashw|2298.7800|9643.0264|2022-03-24
cngn1567|nQjwcOzk|5163.1045|ZWD|open|2022-12-03|aMyhrwlb|6903.6089|1173.0573|2022-03-24
cngn1568|GSqkzxsP|4175.7012|DKK|open|2020-07-25|gntgZERk|4624.2129|1728.4869|2022-03-24
cngn1569|xPoAHzAp|2926.5706|EUR|close|2022-01-19|MXBuUYUC|9882.0127|112.0981|2022-03-24
cngn1570|TZGYAaJS|8357.9346|MAD|open|2028-08-04|cAYSWkdw|3817.4680|5387.1118|2022-03-24
cngn1571|VMraVXcK|3569.1348|EUR|close|2029-04-15|gGUDteei|1530.1823|5313.6362|2022-03-24
cngn1572|gXtYVXiZ|7182.0420|XAF|open|2030-03-30|KqRSIAMD|7349.1152|2344.4434|2022-03-24
cngn1573|aMchzOPX|9417.7588|KWD|close|2026-01-28|yHNxoMnX|1473.5311|2759.5776|2022-03-24
cngn1574|seQCiEbh|8529.4297|NOK|open|2024-01-27|nmitQDcd|6789.8262|7724.7349|2022-03-24
cngn1575|cEJITcMQ|5515.3193|EGP|close|2030-05-22|MAxiupkR|4550.1763|9992.8291|2022-03-24
cngn1576|blgKmPVz|4118.2305|MZN|renewed|2021-03-17|RWdbywcg|887.6591|3294.1648|2022-03-24
cngn1577|iCLAiJRy|5238.1455|BRL|close|2030-04-12|lHNqUlzQ|619.2116|3918.9680|2022-03-24
cngn1578|dpXAPECR|8317.8516|KES|renewed|2021-11-10|nCjpwzBB|8314.7539|3403.1370|2022-03-24
cngn1579|OomZNtdo|3538.1685|KHR|renewed|2026-09-20|qSLkPWWL|9719.6836|487.9475|2022-03-24
cngn1580|sLIkBjww|8229.8018|CVE|close|2025-07-06|OqDSRbXD|6014.6001|1602.2097|2022-03-24
cngn1581|BMZSAuyA|4409.0928|USD|close|2030-01-04|RvcpMfHS|6038.4629|7376.0195|2022-03-24
cngn1582|HmrJRKXk|8431.2480|EUR|renewed|2027-10-21|FXozFHEk|3559.9214|7569.0669|2022-03-24
cngn1583|UcIcOhzH|8837.9863|CHF|open|2027-05-25|qMpTTyBt|9009.3291|62.9871|2022-03-24
cngn1584|iurwiSUC|6692.2603|KES|open|2022-01-06|MGIvAsVv|3144.9175|2874.6348|2022-03-24
cngn1585|wfltgRsn|8010.6450|NIO|close|2020-01-10|JooRerJs|2209.3726|6666.2163|2022-03-24
cngn1586|AGyRAAyh|7438.7729|PGK|renewed|2022-08-09|sHzjVuBQ|4588.1299|3628.4702|2022-03-24
cngn1587|aVsPWJsD|6179.7632|RUB|open|2027-07-23|VZYYlJoT|5821.3208|8752.9678|2022-03-24
cngn1588|erFNWfyv|6998.3940|PLN|close|2028-12-10|apFAnXqO|4410.4067|1427.9774|2022-03-24
cngn1589|oQbbcylt|4022.7354|ILS|open|2028-09-20|MCpMLYsR|6870.8872|4435.7988|2022-03-24
cngn1590|WxOuNQjt|7520.0483|EUR|renewed|2023-06-16|FARbjhMq|2951.6956|1447.0026|2022-03-24
cngn1591|KaBWxyjb|3878.8237|BHD|renewed|2025-01-31|UxafQjfC|6916.3081|7533.4692|2022-03-24
cngn1592|zSnOtSWe|505.2567|ILS, USD, and JOD|close|2021-11-30|NZBXhUOB|245.1151|9564.9795|2022-03-24
cngn1593|mFGWMgQB|4381.8989|EUR|close|2024-01-07|iHLEEgdn|3002.0042|3870.6953|2022-03-24
cngn1594|KpJXImEx|7972.6265|JMD|close|2029-04-14|TrHTPBqX|9594.7461|522.4593|2022-03-24
cngn1595|dNryXXlS|4136.0112|EUR|renewed|2022-05-15|WwbJHYxX|682.5378|7429.7896|2022-03-24
cngn1596|QwFFzNPN|8821.1377|MXN|renewed|2030-10-22|jSfjMYZD|3325.6814|1185.0872|2022-03-24
cngn1597|TOikDBzR|3578.9788|UYU|open|2022-11-23|UiiRygCm|6482.3960|6002.6782|2022-03-24
cngn1598|IyciWhWc|1374.3887|LYD|open|2028-04-21|psTfGUYn|9253.2979|2783.6577|2022-03-24
cngn1599|MtMUffGi|5270.8105|EUR|renewed|2027-08-12|XJDrbsIE|6915.2168|2737.2036|2022-03-24
cngn1600|FpcLrbsJ|8010.8071|MMK|renewed|2023-08-27|EsIjwgRM|1291.9224|4702.7949|2022-03-24
cngn1601|BGCQMyUP|9131.4912|MUR|close|2024-07-06|SQhDAxCi|4816.6152|8155.7749|2022-03-24
cngn1602|LFbOTQxs|4870.0386|AMD|renewed|2029-06-14|gvvpRPGF|7545.0503|6999.7915|2022-03-24
cngn1603|lZCEJSWO|7760.0205|ZAR|open|2028-11-24|qlidPJQn|9246.7852|2068.5576|2022-03-24
cngn1604|bDmjaGmI|1444.7452|ISK|open|2024-06-10|yuJGRUVT|288.6878|3586.2244|2022-03-24
cngn1605|dGfnSjfY|4034.2446|GIP|close|2027-06-26|gyTRVImk|2617.2908|1416.3947|2022-03-24
cngn1606|pBOkmrMF|8763.2373|HUF|renewed|2027-01-12|JHSVobvL|9639.4170|9310.5547|2022-03-24
cngn1607|MUVqUICv|2517.8547|BBD|open|2027-01-04|jYEDojEi|328.8545|6404.7476|2022-03-24
cngn1608|MvKzaglp|8891.2012|SGD|renewed|2023-08-05|fLvYlHcW|8331.5459|126.0703|2022-03-24
cngn1609|HPerjYTx|5010.0381|EUR|renewed|2020-08-24|aFBUYtLd|8740.8467|4280.7153|2022-03-24
cngn1610|MctLmNgp|8004.4482|MZN|close|2030-07-21|RzVpsPUq|8777.2324|4150.1523|2022-03-24
cngn1611|xNSUFqAU|3254.6758|XAF|open|2028-09-14|IGvhvGqR|7479.2637|226.2012|2022-03-24
cngn1612|MoBdTntn|296.4924|EUR|open|2023-05-20|AcglwESw|7858.9175|593.4072|2022-03-24
cngn1613|PjzZaDPQ|4879.8867|NAD|close|2026-06-26|IzlcWUTx|7215.2803|4241.5464|2022-03-24
cngn1614|WyKZQuOB|6015.3965|XAF|open|2030-08-03|sAPfXuvI|3809.8677|5613.7837|2022-03-24
cngn1615|JXdJtDxf|6468.4780|CHF|renewed|2025-12-17|DplJExEF|6870.9575|1737.5038|2022-03-24
cngn1616|xDqYiYTl|8175.5527|EUR|close|2024-08-11|iHeJUYVW|7545.4688|2840.7917|2022-03-24
cngn1617|FZOdHkKQ|3452.3479|PEN|open|2026-01-03|pNgwgubq|3178.1306|2246.1572|2022-03-24
cngn1618|mwwcpkuS|5468.0527|HRK|renewed|2027-03-17|Sbacgrao|3234.4946|93.3753|2022-03-24
cngn1619|PYjlwgui|6043.8403|EUR|open|2022-06-02|KDTIKHzM|6401.2041|3728.2405|2022-03-24
cngn1620|YnQUrwZS|524.2861|TND|renewed|2027-05-15|LzmecSzF|1387.5444|364.5053|2022-03-24
cngn1621|VwvKIGPm|2026.7861|PAB  and USD|renewed|2025-09-19|dOwWuDjc|3937.3120|9729.3535|2022-03-24
cngn1622|oPUHThvI|8098.2656|EUR|renewed|2030-03-26|MLVVyxDq|1723.5507|7421.5752|2022-03-24
cngn1623|JJiHvobP|4948.9028|HUF|open|2027-12-12|QdHYMMAb|7385.8594|3770.6245|2022-03-24
cngn1624|wvmYeida|1174.8163|PAB  and USD|renewed|2022-07-23|JeVdinxu|7018.8862|1436.6162|2022-03-24
cngn1625|XLvNcrIi|3885.5256|NZD|close|2024-01-05|umivCtnr|8457.8906|5483.5615|2022-03-24
cngn1626|TpKoxsFh|6843.2158|NIO|open|2020-06-01|syKNqxca|6029.0181|6859.8145|2022-03-24
cngn1627|VMtwengP|994.1971|ARS|close|2022-02-27|uCfyWqJR|4774.8042|6030.5605|2022-03-24
cngn1628|gCNwdMpb|9212.4199|EUR|open|2030-08-24|zpifSHBF|1644.5688|6321.3257|2022-03-24
cngn1629|JRYHYxDR|5168.9727|BOB|open|2022-02-17|UqnvdidM|1847.9485|5806.7759|2022-03-24
cngn1630|YvxQUkCN|3539.6345|CHF|close|2028-04-14|MUrDLjes|4560.0439|7744.1787|2022-03-24
cngn1631|gtnQMrUQ|5198.4419|NAD|open|2022-04-09|CryYAKxn|994.8455|8574.7617|2022-03-24
cngn1632|ZUxxQaRF|4056.0996|MKD|close|2026-10-09|CyihxLcd|4544.7065|6283.6714|2022-03-24
cngn1633|XErfMZgc|1112.1969|DKK|renewed|2029-07-04|UXRGjexN|1741.5493|7490.1440|2022-03-24
cngn1634|VZyMvOzl|5545.6377|EUR|close|2028-03-22|qnkUxcSY|6254.2715|7642.6450|2022-03-24
cngn1635|TyCbHKMr|1222.0051|LBP|renewed|2030-07-28|cUDSCOLF|7229.0605|4720.8364|2022-03-24
cngn1636|ORNqTnra|2256.9849|AOA|renewed|2023-02-10|xtOGqztJ|5166.9111|3225.4272|2022-03-24
cngn1637|ZmFfnLqF|5306.9331|TWD|close|2027-02-09|nqUgIDTM|3470.6074|6650.7632|2022-03-24
cngn1638|sodEXZrn|4507.7578|KYD|close|2030-01-27|zHNqECXa|5279.5840|6971.0298|2022-03-24
cngn1639|qsfLVfcR|8358.2393|NZD|renewed|2024-07-01|NiOsfZpF|2468.0237|3302.9077|2022-03-24
cngn1640|pcXgASxC|6037.5405|EUR|renewed|2021-03-21|KyPgnnJI|9863.4189|9508.5732|2022-03-24
cngn1641|IpAPLeXR|9502.2607|KGS|renewed|2020-02-28|VgqMwmCP|9370.6826|7981.1855|2022-03-24
cngn1642|oDcRnClN|1113.5962|CDF|close|2027-04-27|oKOAMiAQ|1564.0563|163.5908|2022-03-24
cngn1643|qzqUYMgb|4166.7061|KWD|close|2023-01-03|WNtvZqqf|7765.2368|6117.1938|2022-03-24
cngn1644|grWSFBLK|5468.9443|CNY|open|2022-09-29|oKzDfsGo|2554.2175|1294.2583|2022-03-24
cngn1645|aasVefjT|7467.7393|EUR|close|2028-04-19|XFxlyLZj|5102.7368|9780.2314|2022-03-24
cngn1646|hNDdYlKf|5756.8921|XOF|close|2024-08-05|wpOavJbh|9884.7559|6335.1709|2022-03-24
cngn1647|qgbptzlk|9229.0615|AZN|open|2023-10-05|BivCdxUd|5635.4087|5654.7500|2022-03-24
cngn1648|ILxlUJuk|5411.6689|EUR|renewed|2025-08-26|dmWnboRn|3101.1870|1463.0911|2022-03-24
cngn1649|EiDIpwJY|5303.7930|MDL|close|2029-02-03|LAahccAX|3019.5549|8188.4360|2022-03-24
cngn1650|PGfFRNXk|6800.8691|UYU|renewed|2029-02-13|TSPtmkJd|1502.5558|5186.2100|2022-03-24
cngn1651|TBDwixyu|5662.5156|MZN|renewed|2026-05-03|eLeFajXb|8459.4551|9233.6113|2022-03-24
cngn1652|bDXrHmlg|99.6722|MOP|renewed|2023-12-03|aniuWXvI|4098.1860|7901.9570|2022-03-24
cngn1653|doXATKzY|6874.6606|PAB  and USD|open|2027-06-11|bzWkGOFt|7076.5259|5114.7686|2022-03-24
cngn1654|xajhViEQ|4897.6768|HNL|close|2025-05-04|nddNMIvQ|8693.8623|5682.6479|2022-03-24
cngn1655|XyrPIyRi|3775.1082|HUF|renewed|2029-06-13|FStOcqEd|981.1061|7216.1602|2022-03-24
cngn1656|bpscKiyA|8109.6704|IDR|open|2020-05-14|HoFrxByA|3932.0671|8744.5430|2022-03-24
cngn1657|vkmqpLyt|4015.0713|EUR|close|2030-04-16|wyShrGdP|8492.9658|4336.7769|2022-03-24
cngn1658|HMYfIQaQ|4249.5806|HKD|renewed|2020-10-04|HwJLoEsW|1054.5531|1921.2432|2022-03-24
cngn1659|KHcDCfQa|1339.9019|VEF|renewed|2024-11-27|taDqoLvF|559.0134|97.5983|2022-03-24
cngn1660|nfKGlcmW|7143.4326|EUR|close|2020-12-29|bifUcwnF|1896.8314|6716.2261|2022-03-24
cngn1661|uLXDKPSd|8013.5234|JPY|open|2027-09-19|OgUjloXj|1007.1142|8287.0303|2022-03-24
cngn1662|SfGBuIkX|2984.2798|EUR|close|2022-11-10|izqCcDra|8326.6123|2905.1714|2022-03-24
cngn1663|HVXwAGKv|6918.5771|VEF|close|2024-10-19|BWqFetrL|279.9806|9045.7686|2022-03-24
cngn1664|wmFFTMMP|3291.2578|EUR|open|2026-01-20|KsQpxBxp|5405.4341|4302.9751|2022-03-24
cngn1665|ofUutwYq|9625.0537|AUD|renewed|2029-04-03|DthkuPtt|4781.8618|8721.2832|2022-03-24
cngn1666|wRpPrRbN|5463.1416|NGN|close|2029-07-19|UhJjojBh|2848.9727|4286.8120|2022-03-24
cngn1667|EfPAVuqz|8891.2031|PGK|open|2029-02-15|EXoZqyxI|9418.4336|4585.7373|2022-03-24
cngn1668|KbEaadHQ|4973.6978|SEK|open|2024-09-29|rvaUQsfc|8107.3071|6845.0498|2022-03-24
cngn1669|HNYIPBbp|6076.7603|UYU|open|2020-02-06|gmCHSaFq|9994.4355|205.2962|2022-03-24
cngn1670|AxXXztlU|7793.0630|DKK|open|2030-07-03|HKcGrLVW|347.5350|3447.7385|2022-03-24
cngn1671|orjNvoCR|4274.1206|PKR|renewed|2030-11-11|GqTxxdxA|7916.9985|883.8750|2022-03-24
cngn1672|LZeLwhil|5964.9692|LYD|open|2025-03-09|yMBuzkJt|836.3926|2256.4561|2022-03-24
cngn1673|PfxFFiDD|4919.1064|CNY|renewed|2023-06-13|dxkqyhmy|2803.4744|9263.3896|2022-03-24
cngn1674|DGuWFQHr|3508.7085|GEL|renewed|2030-05-27|MgKDZGRB|2091.9182|4632.2607|2022-03-24
cngn1675|ZOWhzAEP|5118.5156|CHF|close|2026-03-11|WaeoFDup|6630.9409|8816.8135|2022-03-24
cngn1676|HPCfztZG|8385.4814|MYR|close|2022-02-13|XKrMTWYJ|949.6068|9674.7305|2022-03-24
cngn1677|uxPlyeKZ|8398.7852|UZS|open|2029-03-26|zpOvRheT|6716.8105|73.7493|2022-03-24
cngn1678|ynMstKlo|2900.6829|BGN|renewed|2030-11-13|lKsskfQS|701.3588|4099.0894|2022-03-24
cngn1679|PAeHkDcI|3193.2288|ISK|open|2022-05-13|GAYWcmIa|7355.5630|6191.3970|2022-03-24
cngn1680|nhbrAZMU|2181.6216|EUR|renewed|2027-06-29|aZiwuFdm|3355.2109|422.4099|2022-03-24
cngn1681|uzJpQNiT|8450.2529|TRY|close|2024-12-16|AkXxxcNn|1259.9055|477.9779|2022-03-24
cngn1682|tMEOIWHd|5983.1431|UGX|close|2020-09-02|lhULyAAy|2067.5017|2888.3196|2022-03-24
cngn1683|jHKjuGQg|7527.4551|TTD|open|2027-06-15|mKZSTKIY|1001.1282|9760.4463|2022-03-24
cngn1684|atOaSQSB|6623.9395|GYD|open|2027-10-27|qoHFITgx|2268.8057|7893.6851|2022-03-24
cngn1685|YuZNRtCG|398.1512|BRL|renewed|2026-04-27|TruBluQl|2294.1934|1070.7030|2022-03-24
cngn1686|bhJITCVv|3373.0066|SZL|renewed|2026-06-09|rxvoVFjG|6247.4424|5621.9028|2022-03-24
cngn1687|zsmhmjLr|1736.0902|DOP|close|2030-12-10|jyHhRvjK|2392.5898|5078.0127|2022-03-24
cngn1688|MTPMiANM|6939.3872|KWD|close|2021-01-12|QUCLuXEs|4471.6753|9919.8066|2022-03-24
cngn1689|wrSvSzFW|3693.8203|XAF|open|2029-12-20|CWgNfRLY|8559.0195|2212.8708|2022-03-24
cngn1690|ZRrOzPER|826.3212|THB|renewed|2025-12-19|bcMbJJhw|525.8944|977.9097|2022-03-24
cngn1691|WPiVhRXm|2877.4043|IDR|close|2030-11-28|GDaJTzJc|6604.8994|6681.4004|2022-03-24
cngn1692|GcfCECaz|1000.3719|PAB  and USD|renewed|2024-03-14|IREaQKZG|4495.3501|594.7910|2022-03-24
cngn1693|WWtLyYyO|5462.7715|EUR|renewed|2022-06-29|NmqwSiVK|7486.6030|4809.1675|2022-03-24
cngn1694|JOlqOUhe|4239.9995|COP|renewed|2023-12-02|gvyXCPdR|9727.3193|4011.4675|2022-03-24
cngn1695|WCKGxrZu|7712.5068|GTQ|open|2023-04-13|KgkOPpsC|6314.8311|4699.1948|2022-03-24
cngn1696|wHxMOimD|42.5108|EUR|open|2023-04-23|aQhrJXCh|571.6292|5714.2671|2022-03-24
cngn1697|ZntdVlAp|8574.9609|SGD|open|2028-06-19|LEajLTXG|6744.2710|6648.4756|2022-03-24
cngn1698|REmHElTy|1160.8464|CDF|renewed|2020-05-29|NFNJAwJZ|7948.2827|3381.4351|2022-03-24
cngn1699|QTKtVltm|2577.4563|TZS|close|2025-05-08|XKLfPzsb|8933.4141|4726.0654|2022-03-24
cngn1700|BCHiaQCk|1330.4677|TTD|close|2026-01-01|YLxMSktC|8761.3291|9802.6670|2022-03-24
cngn1701|aFcnScIX|2204.4097|KRW|open|2029-03-26|ogCeNLRs|5138.6621|4459.9707|2022-03-24
cngn1702|ExgBiypU|9785.8369|MRU|open|2023-10-23|GKfXSSkx|3470.4109|9886.1670|2022-03-24
cngn1703|eiLlyafi|4944.0840|XAF|open|2021-08-17|DdDohvGK|7453.0005|3641.4451|2022-03-24
cngn1704|GiwslgDb|8997.0352|GYD|close|2028-12-20|ZIskWzCH|5155.9531|2905.6477|2022-03-24
cngn1705|QwcxQZSh|684.2342|CLP|renewed|2026-09-11|tLAQoHBu|4485.6572|8918.1055|2022-03-24
cngn1706|FawzCXtQ|5727.6890|MRU|renewed|2030-10-30|YiuoXXgH|8057.6753|5717.6392|2022-03-24
cngn1707|KNfbsJjp|9307.3994|PYG|close|2030-08-15|RhiqeIug|528.7609|6437.9668|2022-03-24
cngn1708|tZqdEtvk|3206.1399|XOF|close|2022-05-25|FqmfrDGF|1765.6578|7491.2183|2022-03-24
cngn1709|EiLIVmFG|4007.6191|MNT|renewed|2023-04-15|HspaYSxn|324.4238|5484.9404|2022-03-24
cngn1710|AVQiukmR|1437.8945|EUR|renewed|2020-08-12|FRLnZvPX|4238.0220|160.6267|2022-03-24
cngn1711|QtAYOOHb|9367.0645|MRU|open|2021-03-12|QgeKMIZp|7267.6343|1263.6688|2022-03-24
cngn1712|ECIeLPbO|2666.0647|BWP|open|2024-08-07|jxbpaKkG|9206.7246|2505.5151|2022-03-24
cngn1713|bhizstNe|2916.1853|MVR|renewed|2021-12-02|gZILipoW|2572.4141|3008.8892|2022-03-24
cngn1714|OQCYxIXJ|2963.1157|PHP|open|2023-06-09|QdOHQYtK|8372.8770|3746.2825|2022-03-24
cngn1715|jCFVnYPB|8844.8047|MXN|renewed|2025-07-17|SBfheKBd|5220.3315|4773.6392|2022-03-24
cngn1716|uIEdBWJZ|5701.6426|USD|renewed|2021-11-12|KQdfVdgg|5012.6602|7641.0327|2022-03-24
cngn1717|omlKEOvD|6876.3413|EUR|renewed|2020-08-03|TGrFaNPx|2017.6984|8336.5762|2022-03-24
cngn1718|THOtJEGy|8342.9932|MAD|close|2030-04-18|noVGtrce|7364.8872|5042.5791|2022-03-24
cngn1719|JBjGNNUJ|4598.9414|NIO|renewed|2028-12-13|djAhJgBo|7213.3120|6450.3994|2022-03-24
cngn1720|XsSpzBcU|2384.1057|CAD|renewed|2021-01-16|saqsysWO|2471.4189|5670.0928|2022-03-24
cngn1721|axyrywgC|8339.6826|UGX|renewed|2022-11-25|KaBfBjvg|5789.2134|1389.0856|2022-03-24
cngn1722|bdIdQshP|863.3730|RON|open|2029-05-28|zeNomAEh|5030.3394|5531.7583|2022-03-24
cngn1723|SIrKPhZQ|7042.5449|KGS|renewed|2021-12-09|mfnvXRxs|4812.4854|2438.6746|2022-03-24
cngn1724|kkUIJwkA|1556.7750|TZS|open|2029-05-27|YdNKEATl|7646.6411|6475.7480|2022-03-24
cngn1725|TCJaTAuf|9998.4775|DKK|open|2022-09-16|JcRhRPSv|6741.9517|8531.0840|2022-03-24
cngn1726|XToQWkKo|8954.2900|OMR|renewed|2029-06-04|LCFilyHC|7200.7026|7797.6060|2022-03-24
cngn1727|GokIIENp|3722.2788|NZD|close|2020-04-22|bGSbyAVn|2525.8445|1959.3263|2022-03-24
cngn1728|wDSHUWvx|1454.7852|EUR|close|2020-11-10|RkFeEfLD|5113.6343|8502.7051|2022-03-24
cngn1729|AfmwWacx|9406.6436|SGD|renewed|2022-08-29|JHMFQbRb|711.7000|4840.1333|2022-03-24
cngn1730|UlIUShAU|990.0331|RSD|renewed|2030-12-09|HRjaKqRl|325.0818|9497.5303|2022-03-24
cngn1731|POuFXkrs|3835.9072|CRC|close|2026-05-07|lDNAKouX|3675.9812|7136.3247|2022-03-24
cngn1732|SDEMprjn|8744.9414|EUR|renewed|2027-07-15|jKHzkkvU|1909.7241|3671.4277|2022-03-24
cngn1733|ZdCfuDLX|1114.9164|MDL|open|2028-04-15|wyeCFlAT|1240.5194|6683.6792|2022-03-24
cngn1734|XbfNTeKn|2327.5688|USD|renewed|2020-07-02|IrRWukzk|3581.3594|2621.8174|2022-03-24
cngn1735|TaYLGckQ|3046.0137|KGS|close|2028-02-28|bZXHttFA|5380.3711|531.4559|2022-03-24
cngn1736|vJtteYxC|6328.8789|LBP|open|2025-04-18|XfQIGMtI|1668.0386|9468.5361|2022-03-24
cngn1737|GpYWHyzE|7317.7339|AED|renewed|2028-01-01|dSArXpCh|8893.9746|7650.8062|2022-03-24
cngn1738|HAWHkQGr|3130.6648|PLN|renewed|2020-04-06|RdTVytri|4607.4219|669.8052|2022-03-24
cngn1739|AJgYFZXF|3694.8655|MDL|close|2026-10-25|YKSdUnKT|6267.8779|407.6993|2022-03-24
cngn1740|IJSzBNVT|4231.6162|RWF|close|2021-09-03|AqLHHXTb|9731.4717|63.1193|2022-03-24
cngn1741|voWJpPcI|4364.7070|GTQ|open|2027-01-12|GIFLGmeT|7422.3594|4168.6426|2022-03-24
cngn1742|LfRmGgal|6581.3213|EUR|open|2020-01-03|BdWeaegh|9910.8848|9761.1865|2022-03-24
cngn1743|mkOXMswt|2657.9880|LKR|renewed|2028-11-09|kDaKLtaM|6436.8989|7857.1406|2022-03-24
cngn1744|mkQUFWZC|6049.9966|GTQ|open|2020-05-18|jXMfPdHq|7268.0112|8753.6113|2022-03-24
cngn1745|EoGKswfe|999.6288|TMT|renewed|2030-04-17|YyZezLDL|60.3123|3226.4536|2022-03-24
cngn1746|jkjizvas|7766.5386|ISK|open|2028-02-01|acVrnzHN|5536.8340|6765.2236|2022-03-24
cngn1747|yVSdZSCc|5775.0244|SZL|renewed|2021-05-13|TlGAUHiB|8577.1357|9183.2559|2022-03-24
cngn1748|EkogPNkK|6719.2969|EUR|close|2023-04-13|HBlvpGOC|9026.6006|1818.2987|2022-03-24
cngn1749|TtgwxjWu|2792.3787|XAF|open|2025-08-24|gHktIvjA|8930.8652|9011.7529|2022-03-24
cngn1750|tpsaLxYp|7070.9863|COP|close|2029-08-19|xRBvblqM|7890.5161|4797.8306|2022-03-24
cngn1751|hiYIocJf|9242.3896|HKD|renewed|2026-07-15|DRetLKfN|2213.7878|4235.1777|2022-03-24
cngn1752|moYlsdOA|8693.4902|QAR|close|2024-07-21|GmxBsmEq|916.7880|3299.3196|2022-03-24
cngn1753|gpaLpKZS|2298.4824|QAR|close|2022-01-02|zNdnenfh|8855.8232|5828.5034|2022-03-24
cngn1754|JRWWTopc|6181.4590|MRU|renewed|2027-12-29|XWVEqXWi|7427.9346|5061.5049|2022-03-24
cngn1755|mTyZZVIk|6550.2847|CHF|open|2027-08-02|MDmBIzoK|8075.9800|4580.0566|2022-03-24
cngn1756|QAKKHsqG|6788.4648|RWF|close|2020-05-18|MxVaVfFc|8961.4863|7867.7134|2022-03-24
cngn1757|UpPrsdjj|9906.7334|EUR|open|2023-05-09|JzXfywgg|3873.3689|1629.4432|2022-03-24
cngn1758|wMJemifI|9243.9863|RWF|open|2029-03-27|ovVwpoXC|6540.7251|1367.7935|2022-03-24
cngn1759|BSHbcUWH|7902.3945|XCD|renewed|2022-05-05|BoCzVTwM|6768.8984|2295.2361|2022-03-24
cngn1760|ZJONgdxc|5960.2158|EUR|close|2027-05-27|GoMoelxB|276.8020|2833.4893|2022-03-24
cngn1761|OcyyXuJY|4748.4028|KYD|open|2020-07-10|kVZvlJgF|3696.0552|5908.1206|2022-03-24
cngn1762|vKIyNHwa|2883.4993|ZWD|renewed|2030-04-17|wajbTKLq|1956.3051|9171.9834|2022-03-24
cngn1763|pGlJSTfa|3311.3477|BOB|renewed|2023-11-15|snKcMzCU|7460.2744|278.0829|2022-03-24
cngn1764|ClCuEEkv|8030.2427|CZK|close|2028-11-06|gZTVXlug|5931.0464|6290.2427|2022-03-24
cngn1765|fTkDJnwg|6342.8662|EUR|close|2030-05-19|cGWwSWnd|3956.8706|707.2936|2022-03-24
cngn1766|GAdyyGXm|1228.8010|PKR|close|2029-12-14|KeIAiLzc|9775.5791|4412.0713|2022-03-24
cngn1767|plOVojgs|1891.3611|EUR|renewed|2028-01-14|PWjoDZhk|9142.7158|2305.9404|2022-03-24
cngn1768|PgmnekaJ|8650.6250|BBD|renewed|2022-12-13|KzBVluXq|9177.3877|1109.0869|2022-03-24
cngn1769|ZvZHbiFu|7171.9028|PAB  and USD|close|2027-09-16|CGURYAxD|4183.5942|8853.2383|2022-03-24
cngn1770|wFYkahyi|2204.4106|KHR|close|2029-10-30|oxHnGVIc|7943.6641|3914.7490|2022-03-24
cngn1771|nCjFXPRl|8386.8350|MRU|open|2025-10-08|nkDvBZlj|5305.5659|5411.7676|2022-03-24
cngn1772|FLKHMJun|3645.4568|LAK|open|2021-02-10|bRacsGoY|4435.1279|6489.8418|2022-03-24
cngn1773|rAoGfWAf|6670.6328|IMP|renewed|2024-12-19|slKZQbia|5041.2915|6680.2959|2022-03-24
cngn1774|vguJVxZK|7758.2148|LBP|close|2028-01-19|pnZTiSIG|6176.3218|2612.5586|2022-03-24
cngn1775|qqOOSBgO|2585.6543|ALL|renewed|2030-07-02|HjSnEdtZ|3057.6013|8602.1318|2022-03-24
cngn1776|biQCvySZ|7566.3330|TND|close|2022-01-09|zVUlmZQc|728.0290|2381.9414|2022-03-24
cngn1777|aoCyzOFt|1071.5640|CRC|renewed|2029-09-22|rLxBshnG|8060.6060|800.0297|2022-03-24
cngn1778|SjRLkukF|99.7925|EUR|open|2022-03-20|gekiRkxs|3422.7332|3954.7378|2022-03-24
cngn1779|TwIaCxSG|1458.0006|ZWD|renewed|2028-01-03|xuUAhdqM|1779.2955|1719.8689|2022-03-24
cngn1780|sJpebLKz|7816.6548|LBP|open|2023-07-24|mHrnevYk|1167.5339|7459.3887|2022-03-24
cngn1781|sglTVXMz|9883.3398|TND|renewed|2030-05-25|UAJaYJtW|8725.0557|2618.7437|2022-03-24
cngn1782|ZlOKMVny|1554.0931|EUR|open|2029-12-12|uFjYmPwY|7832.7632|5517.3379|2022-03-24
cngn1783|Bgadlauv|6028.3838|ZAR|close|2022-08-16|EtriraEW|2972.5298|1725.0338|2022-03-24
cngn1784|tQAVWGPS|5315.7974|IMP|close|2027-03-16|fRgMTmSX|7072.9131|6529.5288|2022-03-24
cngn1785|fvityJZo|1548.4697|QAR|close|2020-08-21|MLfFxMVO|6199.9800|9298.3281|2022-03-24
cngn1786|LNBkQcMa|3646.7261|NZD|open|2028-01-13|BfTxrldm|6352.0659|192.5000|2022-03-24
cngn1787|hxwAJASZ|453.7913|BWP|close|2026-08-09|eaHdjcqn|9823.7314|3567.7903|2022-03-24
cngn1788|iLDrsHZl|1234.2405|ZMW|open|2025-05-17|lgkusrzN|5231.4634|7738.2939|2022-03-24
cngn1789|fLMTyvay|3099.9985|CDF|open|2020-07-07|IiMyAtXW|9089.2021|1196.5413|2022-03-24
cngn1790|CQSYAliS|9028.5801|AOA|close|2021-12-21|SBuLPrrL|1856.6891|2365.3425|2022-03-24
cngn1791|lztleFbJ|7446.1553|EUR|open|2029-01-18|GsbMpKwi|133.1734|9848.3438|2022-03-24
cngn1792|JZgDKohi|5668.0308|KGS|renewed|2030-11-03|JDYWCUhZ|1202.7048|6423.8628|2022-03-24
cngn1793|pmtKSpiw|6063.3374|ALL|open|2022-04-05|gwmpPZxh|7434.2417|2445.4741|2022-03-24
cngn1794|AqXRJwiv|4474.5190|MAD|renewed|2020-06-26|hUXENKNL|2950.0796|4896.6548|2022-03-24
cngn1795|HzEnyNql|1250.3367|XAF|open|2027-09-04|BHPUjDxE|1708.5941|1911.5457|2022-03-24
cngn1796|txnZOmyO|4305.3701|BAM|renewed|2023-02-20|iEbICEnN|3272.3171|538.1375|2022-03-24
cngn1797|YyzOtbWA|3053.1724|ISK|open|2022-04-15|DBDDapIt|2615.3604|1163.2562|2022-03-24
cngn1798|yDAAiHJy|6384.4321|TMT|close|2022-04-06|SlkIycQo|7851.3130|5398.7891|2022-03-24
cngn1799|NskzCmct|1270.3027|CLP|open|2022-05-17|OaTLqdJu|3832.9812|1151.6068|2022-03-24
cngn1800|HfgxhtaB|7533.3828|PLN|close|2030-08-24|wOaMScMx|5421.1680|8762.7666|2022-03-24
cngn1801|jcJbDZIn|2940.7310|EUR|open|2028-10-04|eckyhxDp|2640.7180|5804.6504|2022-03-24
cngn1802|iLEGJxgQ|8018.4448|GBP|renewed|2025-12-26|SrTbOIBU|2515.5693|4138.0366|2022-03-24
cngn1803|WwggdqVI|1177.8572|EGP|renewed|2026-05-01|vdWFvtGC|7177.0444|8491.6729|2022-03-24
cngn1804|baAVrvuJ|1254.4893|EUR|close|2030-10-08|FqyQZHUP|4742.5444|7293.2422|2022-03-24
cngn1805|WJbJHWvr|3342.1831|UAH|open|2024-11-08|aKvBqozS|3089.9324|7007.3203|2022-03-24
cngn1806|HJNAdunb|7065.3848|EUR|close|2022-06-07|RWwqsSpU|8494.5811|1542.9886|2022-03-24
cngn1807|xqvzLhmx|1069.9932|MKD|renewed|2021-02-25|QgthxwcF|7362.0425|4219.6816|2022-03-24
cngn1808|MQbTbcsH|983.3456|UYU|close|2024-05-10|UDxpcNpw|7787.5103|4385.4385|2022-03-24
cngn1809|LOnVCxVF|2925.2332|KES|open|2024-07-20|BMeJffOF|9603.5879|4511.8467|2022-03-24
cngn1810|bkMewIrF|8715.9385|SGD|renewed|2029-03-17|NTGJOsGp|7009.0708|2552.4312|2022-03-24
cngn1811|EFQYMPql|2838.4243|KZT|close|2027-03-24|ElUXWgQY|3783.7756|6028.6226|2022-03-24
cngn1812|pFrAWvOP|1637.4836|XAF|renewed|2027-04-21|SskiBckL|403.5312|5171.1333|2022-03-24
cngn1813|qnaUIRVq|6848.1782|PYG|open|2030-08-05|ueJeDHoR|6751.6221|2255.4360|2022-03-24
cngn1814|aaMseIKP|5105.8892|MYR|open|2022-05-19|yfrxZuFU|6792.0356|1407.1486|2022-03-24
cngn1815|YMwKICpg|1817.0803|CZK|renewed|2023-05-07|ouFYHlPx|3976.9617|8943.5156|2022-03-24
cngn1816|hYcWtRQy|2652.0657|CVE|renewed|2021-12-27|znYXgVdn|8920.2031|5830.0879|2022-03-24
cngn1817|nLgqJgUV|1861.0342|LBP|close|2025-12-01|xyALlJSk|7508.4048|5380.3066|2022-03-24
cngn1818|YZgRUVpv|1269.5566|XOF|close|2029-01-28|CDntBKho|705.6257|2335.4556|2022-03-24
cngn1819|iPzjywOc|1750.0428|GHS|open|2024-04-03|uTXwgBJZ|249.2321|2308.3687|2022-03-24
cngn1820|QaqbirSu|4877.3003|EUR|renewed|2023-12-22|qAAqPgfX|5356.3745|7941.1099|2022-03-24
cngn1821|XEjYupsk|3193.4729|EGP|close|2022-09-17|pBedHZAZ|5882.0195|9042.4463|2022-03-24
cngn1822|TULKAxHj|8408.3467|KYD|renewed|2020-10-31|dEXKZoOD|4336.8667|5056.6172|2022-03-24
cngn1823|APJXleRY|5541.6519|PAB  and USD|renewed|2022-08-25|jrcyBDRI|6726.7051|2573.0564|2022-03-24
cngn1824|yvWJmJzi|7680.7949|XAF|renewed|2026-02-17|CePLJjer|9804.3740|9263.6738|2022-03-24
cngn1825|plfwSqdz|483.0143|NGN|open|2030-12-01|SUWKZmvM|1182.4261|3592.5242|2022-03-24
cngn1826|VotPSGhT|611.2326|GYD|close|2020-03-20|HmNNlAbj|1084.6984|4347.6099|2022-03-24
cngn1827|CAmBFEOs|4346.0962|EUR|open|2021-11-11|bgyTWgbR|2539.6958|2378.3455|2022-03-24
cngn1828|JZonFpgF|6307.5981|HUF|open|2025-02-13|HFLMDUqF|7706.8335|6607.7993|2022-03-24
cngn1829|zxtPEUXT|9472.4453|KGS|renewed|2030-10-26|CIFWeEQb|1969.4281|5316.6958|2022-03-24
cngn1830|xbpULKgS|3605.0745|TZS|close|2022-01-25|QTmAnqdY|8360.8174|8516.6504|2022-03-24
cngn1831|OASncHDk|1442.8064|UGX|open|2025-03-04|ACOkKeNO|6506.4512|7477.6655|2022-03-24
cngn1832|CmeinxWh|4442.8682|CDF|renewed|2029-11-10|qvmtNSqb|4672.8677|3946.2664|2022-03-24
cngn1833|AWgOOQFg|9078.0996|HRK|open|2026-01-14|yJwaKRMo|2024.6848|8247.6689|2022-03-24
cngn1834|hGKHaZFv|7817.8105|AOA|renewed|2026-05-01|veabXMMs|6557.3052|5229.8467|2022-03-24
cngn1835|TjGMHGAH|1974.3567|CHF|close|2026-07-08|gGPkBvyG|7288.8896|2169.1602|2022-03-24
cngn1836|bYKPVTpo|1332.4993|TND|close|2020-06-13|RVjcVBXz|4009.7246|4330.4922|2022-03-24
cngn1837|fmRoWwNf|9805.2637|AMD|open|2025-01-20|aePweTEc|2014.3013|4818.2695|2022-03-24
cngn1838|prDPXsQJ|8271.6035|RUB|renewed|2020-05-06|CUKgIgDO|2729.6504|4640.2358|2022-03-24
cngn1839|hCgEglBL|2021.4015|EUR|close|2028-01-18|FpAeOXhe|5213.8467|7003.1099|2022-03-24
cngn1840|dsoXuAjj|7510.9702|GBP|renewed|2026-09-05|tQbgCFQx|2690.5830|6025.4360|2022-03-24
cngn1841|lnjWpvOw|9740.4229|SZL|close|2022-02-16|OeQlZRgB|3343.0964|2336.6985|2022-03-24
cngn1842|pqBvUBRZ|5848.6978|HKD|close|2026-01-22|DwYNtdpz|8963.7480|9980.0850|2022-03-24
cngn1843|mVnYcOnC|1296.4501|MKD|close|2024-10-19|LPYjtxWG|9883.0752|9776.9980|2022-03-24
cngn1844|kdPxcJXX|6874.8325|MVR|renewed|2025-01-26|yDiVzjeI|4274.5903|1358.3008|2022-03-24
cngn1845|kIiTGhqI|4368.7559|MWK|renewed|2029-03-08|gYkkJrie|3680.7366|5811.3457|2022-03-24
cngn1846|bqhihoNl|8227.6748|CHF|close|2022-07-17|BxsPQGxn|8481.0264|6087.7676|2022-03-24
cngn1847|DSYBFAid|8680.2314|EUR|close|2020-05-30|rRgUkunh|6029.7617|3746.8936|2022-03-24
cngn1848|mxziBxET|3110.4202|EUR|renewed|2027-01-29|uNOuFuwa|7822.7588|4219.1924|2022-03-24
cngn1849|tFvtjqXj|7232.6343|RON|renewed|2026-01-27|wXUXhGdX|3592.1270|4388.3091|2022-03-24
cngn1850|LsfnGpPL|7992.5640|MVR|close|2029-10-03|abGtAovT|117.7733|4799.0425|2022-03-24
cngn1851|bKRHrqfC|2566.9609|EUR|renewed|2030-08-25|xlmKvSeg|4278.1787|6995.1357|2022-03-24
cngn1852|qjCFMctZ|6712.4165|NOK|open|2029-11-28|kvgiFfwl|1477.5730|8505.7520|2022-03-24
cngn1853|RpMJeCgD|2850.8169|HUF|renewed|2029-03-28|DHSotQYz|6812.3062|247.4118|2022-03-24
cngn1854|LQIVUNfn|6032.2773|THB|close|2026-06-20|LnDaPjFi|3930.8352|7154.4590|2022-03-24
cngn1855|VIgEpslC|2602.4087|LYD|renewed|2023-04-01|NWOezJyW|9758.6152|1755.5031|2022-03-24
cngn1856|imSWLGea|9402.0273|DZD|renewed|2021-02-16|pIXwypDt|7640.5562|2509.4814|2022-03-24
cngn1857|uSGSKZiE|1648.6072|FJD|close|2030-09-28|NQmwDtFh|1573.5388|2326.4102|2022-03-24
cngn1858|ROehxBuV|3231.4663|USD|renewed|2026-09-29|LpMqsvuK|1114.4292|9809.4600|2022-03-24
cngn1859|OVUagQyo|3891.1799|SAR|renewed|2020-03-18|QDJzxDOz|8484.4023|3140.5403|2022-03-24
cngn1860|hDIeXrva|9021.8613|AED|renewed|2021-11-26|QjQREwvN|3634.1277|3063.2913|2022-03-24
cngn1861|VSQopHpe|9415.9395|XAF|open|2024-02-23|kerCeLsR|452.1979|7383.0674|2022-03-24
cngn1862|YrpWMqDm|3169.4668|MXN|open|2026-05-31|xZSTrTgE|1356.2786|4542.2427|2022-03-24
cngn1863|zDypPvuE|300.5879|KHR|open|2030-08-29|qQFVwUqf|5491.6855|9007.9824|2022-03-24
cngn1864|ZVSLAKuZ|2485.6414|CNY|open|2024-09-04|CWKNejKb|9261.4756|362.0354|2022-03-24
cngn1865|ypumvhNM|1109.6882|RWF|close|2028-09-13|RnTaDnXY|2674.5659|3443.8218|2022-03-24
cngn1866|bhyqLnrD|5697.5298|MDL|renewed|2028-06-26|jlRtgoxU|1239.4650|6236.3770|2022-03-24
cngn1867|aKhWizuT|2411.9001|MWK|renewed|2023-11-12|oUuTmmGw|3910.9954|6683.1709|2022-03-24
cngn1868|npUnfyAz|1542.1460|CRC|open|2024-07-16|xFmJZPSS|863.4124|8162.3706|2022-03-24
cngn1869|ERBhGtbb|7099.6567|NOK|open|2025-11-20|hEGWzWuU|5597.1025|4024.7551|2022-03-24
cngn1870|rlSoKVil|1332.3093|MNT|open|2029-05-06|WroqQbTn|8780.3193|5616.6270|2022-03-24
cngn1871|yOzDjsmK|7898.0859|DOP|renewed|2023-01-03|GJaicjGR|5250.4092|310.1651|2022-03-24
cngn1872|nfLdHMHb|6250.9761|EUR|open|2027-08-11|REMgYcCg|4147.9180|2972.4358|2022-03-24
cngn1873|gdiNMuil|1677.7021|MNT|close|2022-03-06|CBVNLvbL|5102.5107|9607.5361|2022-03-24
cngn1874|aYHQNEwA|1329.3618|RSD|renewed|2026-03-27|YFrzbWeO|9417.6709|6507.4277|2022-03-24
cngn1875|lLlEfhFJ|2018.6237|DZD|renewed|2028-11-10|YlRNwjxQ|7731.3643|6491.2891|2022-03-24
cngn1876|jSXIwADs|735.7895|TND|close|2021-03-22|QjKIqdgC|4698.0386|6665.2749|2022-03-24
cngn1877|BLbPcify|8718.9658|OMR|close|2025-08-26|xQQuRDIk|5071.5830|7182.8892|2022-03-24
cngn1878|GyNnFRcb|8673.2900|CLP|open|2021-05-13|qJPPjpyo|9362.4932|5575.4902|2022-03-24
cngn1879|ffAiNCOF|3307.9636|NGN|open|2024-05-30|azKRNSSg|6075.6343|2542.8618|2022-03-24
cngn1880|bSItToLP|2315.4927|GYD|open|2025-09-05|EBUrxieW|2534.5476|3612.6760|2022-03-24
cngn1881|ZNBYMnVv|3722.9360|NOK|open|2023-10-14|WopuTzXd|9502.2021|2248.0479|2022-03-24
cngn1882|rZtLTFBD|2122.7632|BAM|renewed|2022-08-18|jLoeysoC|6406.2729|301.3495|2022-03-24
cngn1883|DDDiSZsf|1827.0631|NIO|close|2028-02-04|NFNaMWBu|6406.5884|4565.8467|2022-03-24
cngn1884|gjBhqroI|7773.8472|GBP|renewed|2030-12-10|LQaiGEaw|3212.1892|1815.6698|2022-03-24
cngn1885|ioieFfen|9284.1914|EUR|close|2030-07-09|eMmsWGiH|2094.7825|5409.5664|2022-03-24
cngn1886|ZpfPLCkB|4470.8076|EUR|close|2021-10-21|xITqJYlW|8805.5264|2496.1118|2022-03-24
cngn1887|SyEWFdfG|1887.6698|MDL|close|2023-03-11|svDgiwvP|8613.0254|5145.3442|2022-03-24
cngn1888|bQbudOYp|2760.1838|PGK|close|2020-06-03|sVLoCSEg|3773.9978|6637.2266|2022-03-24
cngn1889|ffBoBLRD|9744.4941|CRC|open|2020-07-11|DMhmPwGd|4623.0176|8349.0010|2022-03-24
cngn1890|oClHJffU|8672.9834|CHF|open|2021-09-14|UQHKbgRI|8807.1611|2799.8242|2022-03-24
cngn1891|yLZjIeVA|172.9108|IDR|close|2022-07-17|AcnpXnUc|3653.5125|5720.8198|2022-03-24
cngn1892|hPNrMxKQ|4602.1353|GYD|open|2022-10-24|fSdrwpVi|2177.0706|1376.9586|2022-03-24
cngn1893|NTSuQusX|675.0994|EUR|renewed|2022-02-24|JjrozGog|9834.2275|397.3099|2022-03-24
cngn1894|GiJcKyFc|212.9424|MYR|open|2021-08-01|fFoxUpEB|2645.6956|1658.8829|2022-03-24
cngn1895|YLfGzloD|8674.9688|VND|renewed|2024-08-23|xpPPtRUz|9474.3828|7022.5737|2022-03-24
cngn1896|VcuGUbEj|5842.9629|MOP|close|2025-08-18|PtJepcJW|9830.9180|3662.6177|2022-03-24
cngn1897|OMaOmwgt|7653.5947|PYG|renewed|2027-07-18|dWFSfnee|5455.2510|6553.7085|2022-03-24
cngn1898|tYzFkURo|3463.7473|BHD|renewed|2026-11-27|NrPYxBpa|8148.5776|5232.6152|2022-03-24
cngn1899|vsHMwqWf|5401.4858|EUR|renewed|2026-10-14|ufREriVb|9432.0918|6414.2651|2022-03-24
cngn1900|GEQZUABZ|8900.1201|HUF|renewed|2026-11-13|OlYwpDIn|675.1375|7821.9966|2022-03-24
cngn1901|faRyNzgs|4090.6101|NIO|close|2029-12-16|CPnafNgp|3982.2280|2641.1455|2022-03-24
cngn1902|UEqzfPJj|7351.6196|IMP|renewed|2020-03-10|rducolDf|9697.4609|7501.0981|2022-03-24
cngn1903|ZYLddUWM|8175.5498|PLN|renewed|2021-09-28|QGAAMhqG|4739.5205|8920.7568|2022-03-24
cngn1904|Laxumwwr|956.0139|BMD|open|2030-12-03|hmoiNssz|6456.3975|6229.9185|2022-03-24
cngn1905|JbCwqnCB|5977.6323|MUR|open|2028-02-19|PtPCkjdI|9031.4971|461.9579|2022-03-24
cngn1906|FFMmJkym|1721.6296|JOD|close|2030-07-05|naGVDGPH|7992.6919|528.5352|2022-03-24
cngn1907|EOJCRwTN|7204.0854|KRW|renewed|2028-03-27|tZbeQkIZ|6365.4180|5276.7974|2022-03-24
cngn1908|rXzwGiDx|7070.7310|NAD|renewed|2028-09-30|pzhEKvGg|8183.5889|5559.4253|2022-03-24
cngn1909|HUaOZSvQ|8826.9414|AED|close|2027-05-10|lcqDcZmN|9908.9189|2532.6860|2022-03-24
cngn1910|YZmLApAQ|812.4877|GHS|renewed|2023-12-11|ZvvihGYn|6369.4985|3241.9736|2022-03-24
cngn1911|EdjVYGuV|1963.9673|IQD|open|2021-03-12|lmaENjNA|4393.5137|5861.0747|2022-03-24
cngn1912|VyNAHvzW|5497.9614|MVR|close|2026-11-13|riYmlxFI|9458.3701|6665.1245|2022-03-24
cngn1913|jajNormK|3574.1611|EUR|open|2025-07-13|twqnCzWn|6067.4209|6233.9512|2022-03-24
cngn1914|CJkXXqjL|3292.9275|GTQ|open|2022-01-05|QUbWAsSo|1010.4285|9915.2188|2022-03-24
cngn1915|TZwYOrYv|482.6421|HRK|open|2026-06-09|KLQlkKBy|7164.9692|1700.1953|2022-03-24
cngn1916|GETjcxTc|8788.9902|EUR|renewed|2027-09-03|SckPnWku|123.2514|6628.9834|2022-03-24
cngn1917|FZBJUrRU|7053.6475|GTQ|open|2030-06-10|rccKjaRx|5782.3389|1872.8717|2022-03-24
cngn1918|sdoYwikK|3608.3643|EUR|open|2021-11-23|JjDeIVkv|7729.9868|4510.6343|2022-03-24
cngn1919|ldciHZok|4547.3413|IDR|renewed|2020-05-29|JKXienuS|2129.6431|8475.6787|2022-03-24
cngn1920|EyLARUvJ|2354.0051|IDR|renewed|2020-03-10|XPpxSyHz|2748.7507|3948.4500|2022-03-24
cngn1921|IEfLcutW|5599.3174|TZS|open|2024-12-07|OEicsRmS|4737.7969|1718.2070|2022-03-24
cngn1922|wgvLCWxd|7324.1587|UZS|close|2020-12-18|oKHadTNw|4728.8862|8808.9063|2022-03-24
cngn1923|oOuUMYPt|8176.5996|KZT|renewed|2026-01-15|XrzFELsI|1373.0131|5988.9287|2022-03-24
cngn1924|VOjsZCor|6599.8076|ZMW|close|2021-03-25|NNiWUDJa|9281.1289|9210.5010|2022-03-24
cngn1925|OpargEHQ|4420.6753|GBP|open|2030-10-03|JVIxiKvZ|1400.1263|599.5356|2022-03-24
cngn1926|vDpFkbfB|1806.9482|MGA|renewed|2021-12-12|WEsuzcHa|6743.7271|4642.1914|2022-03-24
cngn1927|GEWKnste|8865.6338|RUB|open|2028-11-03|SxltDvXc|1559.1676|4873.4351|2022-03-24
cngn1928|gUwjhQar|1917.2655|DKK|close|2022-07-21|iqEiUhSu|9364.7813|4179.7920|2022-03-24
cngn1929|jydRktnz|494.6654|EGP|renewed|2028-04-26|xuFQtqLZ|5528.0264|5536.8247|2022-03-24
cngn1930|ktBQVrdE|2606.5435|DZD|renewed|2029-09-28|eNKUvBPU|409.7078|2141.4771|2022-03-24
cngn1931|hZQOWUBK|9769.8574|IMP|close|2021-11-24|uwnAEQis|933.8196|5291.5005|2022-03-24
cngn1932|ZRwzCQdS|7860.5488|ISK|close|2021-07-13|kVLGbYTl|2713.6680|7898.9775|2022-03-24
cngn1933|gNMUxjVz|4502.2656|EUR|close|2020-07-09|BhVnZaaZ|1849.3746|8907.0391|2022-03-24
cngn1934|KzyZwgrK|9166.6494|BOB|open|2020-09-08|AhYvYSkE|1032.5227|4683.2310|2022-03-24
cngn1935|JoVmVCTx|4693.2310|GYD|open|2029-03-24|avHYsmbj|9015.1738|5535.2769|2022-03-24
cngn1936|AsVoMeJH|8312.5156|UGX|renewed|2029-05-29|FqVqBJwD|8060.3105|4864.2256|2022-03-24
cngn1937|xTGWXObE|8819.9258|ZAR|renewed|2025-06-30|fGSQnGFb|3278.4861|7284.5996|2022-03-24
cngn1938|kMZVYsiQ|9299.3799|OMR|renewed|2021-10-22|HVJtTUdy|3048.8796|1615.8361|2022-03-24
cngn1939|bHjlHwel|8051.0464|LBP|open|2025-10-24|lSEiLOCK|3295.3640|3426.7275|2022-03-24
cngn1940|uefGFbfz|5502.0693|MKD|close|2020-02-24|jSIIEmKF|5513.0464|1971.1466|2022-03-24
cngn1941|wCKxHTAC|1775.3394|XAF|renewed|2027-11-18|mcPzuoaE|3081.0007|6577.8760|2022-03-24
cngn1942|ovyxhhMc|9207.8525|BYN|close|2022-05-23|oXSJxqUs|8723.1074|1907.0499|2022-03-24
cngn1943|ZFGnxVJS|6234.0713|EGP|open|2027-03-11|Bgdwqcbd|4179.1953|3590.5198|2022-03-24
cngn1944|rlMUKIBr|4119.2070|HUF|close|2027-06-10|HOYqfnHS|4272.5820|9128.2930|2022-03-24
cngn1945|AMIrZMoS|4766.6479|JMD|close|2030-12-10|EiYIwATH|4629.0054|2678.1821|2022-03-24
cngn1946|vSmwgAlg|3197.1165|INR|open|2025-11-08|FTApKSKl|3329.5923|8562.4375|2022-03-24
cngn1947|woPGjLIL|9277.4619|IMP|renewed|2030-05-27|kAbMEDCd|6413.5464|482.2955|2022-03-24
cngn1948|ZmaWYOml|7392.7822|EUR|open|2028-05-26|hCYrgOpW|7270.7104|7077.2344|2022-03-24
cngn1949|kLMWSRYs|3010.8418|USD|close|2024-09-11|bNNiiHAJ|4742.5835|8540.3564|2022-03-24
cngn1950|pTdRQqVb|7030.7031|KHR|renewed|2024-10-03|iPykfjHW|243.8498|5570.8101|2022-03-24
cngn1951|vYICYUDI|9076.5742|EUR|renewed|2029-10-03|wUvUdNVY|2986.0396|486.0260|2022-03-24
cngn1952|ecwxWDKc|2614.2336|HRK|close|2025-01-15|GmVvExzj|7571.5020|205.0693|2022-03-24
cngn1953|nqOtajbT|3829.5002|MZN|open|2028-11-14|VApBDDbR|5803.5347|2027.6942|2022-03-24
cngn1954|dRCvBHOJ|650.0934|XAF|renewed|2025-06-20|OEuPcclC|2670.0149|7389.1929|2022-03-24
cngn1955|GQMQrkhc|9631.5293|XAF|renewed|2025-08-12|PFHhhmie|3411.6018|8779.2939|2022-03-24
cngn1956|JZhxPnDf|2584.0420|MUR|open|2022-06-15|uNlExZFw|720.7668|7315.2383|2022-03-24
cngn1957|JMuoieht|656.4386|EUR|open|2020-04-19|JRgrPLXV|3419.0444|9422.2354|2022-03-24
cngn1958|tPeeSrhF|5844.6235|CZK|close|2020-10-23|WDEyUWyG|1362.4927|8601.4014|2022-03-24
cngn1959|MLXrcrtN|1245.2843|EUR|renewed|2024-03-29|RiZUXMaZ|3104.3179|3719.7063|2022-03-24
cngn1960|tYStOEew|1116.2437|EUR|renewed|2023-05-31|vyICSNAg|6041.3037|7623.5171|2022-03-24
cngn1961|sqIwsFsa|7287.5352|GEL|open|2030-02-06|gqneoFOJ|6920.6470|5366.0278|2022-03-24
cngn1962|nEhOiFgE|2409.4338|DZD|close|2020-09-09|pjXYizRi|2097.1321|5494.3110|2022-03-24
cngn1963|itywitIm|4928.8423|KZT|renewed|2029-05-15|AXPrUEMO|4888.3535|6376.7686|2022-03-24
cngn1964|pOlNdFFn|5391.6343|KWD|renewed|2029-09-28|dTXSSkCN|7940.8530|8064.0000|2022-03-24
cngn1965|AziIkJaY|3647.9194|PYG|renewed|2027-10-19|BnxqoejS|6823.7769|8747.5059|2022-03-24
cngn1966|zepWjJgp|2319.1326|VEF|close|2022-07-13|IJVSKgrL|5572.2275|8234.2813|2022-03-24
cngn1967|SJbCgbjD|8943.2871|ISK|renewed|2029-01-14|gJFincxq|9587.5488|8058.5029|2022-03-24
cngn1968|NIyzQVNY|2712.4775|ARS|open|2021-09-15|oKeUBWLS|2689.0652|5415.4824|2022-03-24
cngn1969|ZiPXFQft|3647.5710|USD|open|2026-02-25|QFMPkERv|5213.9038|3530.4199|2022-03-24
cngn1970|VpyqPzGa|5922.3657|KES|close|2026-01-18|OyQYyJeK|3146.1345|6256.7461|2022-03-24
cngn1971|queSZykZ|508.5370|MZN|close|2027-11-10|bLGReyCz|4550.2251|6834.8008|2022-03-24
cngn1972|nDQjtUkJ|6207.4819|IMP|renewed|2021-03-25|NlwFRhCZ|5769.6558|6125.5869|2022-03-24
cngn1973|uAHtqJZo|1794.7272|ALL|close|2029-05-20|grLUzWGk|6743.8809|3982.4685|2022-03-24
cngn1974|Wojfxzdb|1570.2822|KES|close|2023-08-30|Bnwpuhdy|8892.5469|7979.7876|2022-03-24
cngn1975|yrzqJhkK|4383.2241|BHD|renewed|2023-10-09|yQjhybdO|8513.3975|4918.7241|2022-03-24
cngn1976|aaCcfXBc|7636.0879|MNT|close|2028-09-30|lseQDiDM|9700.6035|7701.8306|2022-03-24
cngn1977|jXZRfuTz|875.6268|TRY|renewed|2022-02-13|IQcoAvuq|207.3064|1516.8085|2022-03-24
cngn1978|TdOgDNvi|9845.3926|BOB|close|2021-07-20|qkZsjxRi|5162.2695|1801.8059|2022-03-24
cngn1979|redTYORH|4099.9893|JMD|renewed|2028-12-10|YvDkUgHl|8373.5391|5633.1274|2022-03-24
cngn1980|YsewTmmI|9897.8350|CDF|open|2021-12-22|iMebOOze|9028.3604|1437.0551|2022-03-24
cngn1981|LOMomeUq|8532.0967|EUR|close|2023-02-18|LCfWRVVz|5232.0122|9647.6260|2022-03-24
cngn1982|oalqGJuQ|6442.0610|USD|close|2028-03-23|lYhdNUlI|9694.5137|7094.5439|2022-03-24
cngn1983|JEeeSfkB|195.0020|EUR|renewed|2028-05-08|gifKkBWQ|8256.5938|6373.4033|2022-03-24
cngn1984|zbQBypzE|8836.6982|AUD|close|2020-11-06|WTgKnZZd|2751.9275|607.7099|2022-03-24
cngn1985|CkVBBetu|190.2301|BWP|close|2021-10-21|LOBxPDEl|9365.0869|8379.9971|2022-03-24
cngn1986|sdVEngeY|619.1485|MMK|renewed|2027-01-29|mlACPAjF|7898.5322|2280.2593|2022-03-24
cngn1987|sEdGNCRV|6244.7178|EUR|open|2025-03-27|pSwcdTQu|9665.5127|7894.8730|2022-03-24
cngn1988|vLsosiYq|9979.1367|IDR|close|2027-07-15|UTfiZxHG|8907.9961|4986.5439|2022-03-24
cngn1989|cVVQwlvu|4508.4761|MNT|renewed|2024-11-02|IYrUSpks|5254.0229|7984.0127|2022-03-24
cngn1990|iaBGtdYk|6657.4326|MWK|open|2029-03-30|AdRwbtPZ|8477.3428|2281.4131|2022-03-24
cngn1991|xSHvCnTz|4075.1956|EUR|close|2028-06-04|ZHiSCYOk|2574.4128|487.1729|2022-03-24
cngn1992|zXentKPm|9399.5605|GTQ|open|2027-02-28|XlfSryPB|9843.6396|8845.6846|2022-03-24
cngn1993|NjVVaeBR|2333.3806|MYR|renewed|2025-08-15|hkyRbAuf|2951.9011|6721.6602|2022-03-24
cngn1994|uYUMgJJO|9180.5449|BRL|renewed|2030-10-22|bOeAUaMq|1308.1150|8167.7720|2022-03-24
cngn1995|zaSzrTqt|548.7150|KRW|open|2026-04-11|QLvTHWwW|1294.5869|541.5994|2022-03-24
cngn1996|tamddpUe|8190.5420|SEK|open|2028-09-09|VQRzJaLr|2495.8694|9948.8428|2022-03-24
cngn1997|nIFXRLDT|9862.1240|MMK|open|2030-05-08|Fkczfgtu|3096.0591|9446.1152|2022-03-24
cngn1998|hqnbNxEE|1579.3445|AUD|renewed|2020-02-26|xYfEmCKj|8504.4834|9610.1992|2022-03-24
cngn1999|kZHeswgD|6306.5317|TWD|renewed|2027-09-06|qJeNyMKJ|5842.1802|3034.0894|2022-03-24
cngn2000|hSlnCvxh|2329.0957|MUR|close|2029-02-19|PSDdjtTJ|7996.4326|3134.5798|2022-03-24
