Rule_ID|Transaction_Type_ID|Segment_Type|Segment_Value|Include_Indicator|Start_Date|End_Date|Reference_Date
rlid1001|RprFCdKD|contract type|Retail Banking (Natural Person)|0|2003-03-20|2022-07-27|2022-03-24 
rlid1002|CZAuobWC|business line|Corporate and Investment|0|2006-04-21|2023-11-17|2022-03-24 
rlid1003|DDdXNhfU|business line|Retail Banking (Natural Person)|1|2002-12-17|2017-07-03|2022-03-24 
rlid1004|muRyUQUV|contract type|Corporate and Investment|0|2003-12-13|2026-04-28|2022-03-24 
rlid1005|HzwbhLqn|contract type|Retail Banking (Legal Person)|0|2000-06-24|2030-01-31|2022-03-24 
rlid1006|BYXnVzGt|contract type|Retail Banking (Legal Person)|1|2007-03-24|2020-01-10|2022-03-24 
rlid1007|OWJDNLkt|contract type|Corporate and Investment|0|2001-12-22|2029-08-04|2022-03-24 
rlid1008|QoPtBZWQ|contract type|Corporate and Investment|0|2009-10-25|2031-08-16|2022-03-24 
rlid1009|KjsRdSmu|business line|Retail Banking (Natural Person)|1|2004-10-10|2021-05-24|2022-03-24 
rlid1010|QMVeoIda|business line|Retail Banking (Legal Person)|1|2006-08-17|2028-08-30|2022-03-24 
rlid1011|KxKhovUq|business line|Retail Banking (Natural Person)|0|2008-05-27|2029-04-13|2022-03-24 
rlid1012|XFZhRxei|business line|Retail Banking (Natural Person)|1|2003-08-20|2028-05-25|2022-03-24 
rlid1013|MCEdIYWJ|contract type|Corporate and Investment|1|2007-11-20|2014-02-25|2022-03-24 
rlid1014|EFdHwPuP|contract type|Retail Banking (Natural Person)|1|2010-07-29|2026-03-03|2022-03-24 
rlid1015|CZymoCtf|contract type|Retail Banking (Legal Person)|1|2001-05-19|2012-08-16|2022-03-24 
rlid1016|jJlexMSq|contract type|Corporate and Investment|1|2002-03-25|2031-01-30|2022-03-24 
rlid1017|YwBBoaFx|contract type|Retail Banking (Legal Person)|0|2009-12-05|2018-01-19|2022-03-24 
rlid1018|yBoOmhBO|business line|Corporate and Investment|1|2008-08-15|2023-11-15|2022-03-24 
rlid1019|HLNGIcqm|business line|Retail Banking (Natural Person)|0|2006-12-01|2011-01-27|2022-03-24 
rlid1020|XWfmkiba|contract type|Retail Banking (Legal Person)|0|2008-01-18|2026-05-09|2022-03-24 
rlid1021|urijQNgn|business line|Corporate and Investment|1|2009-05-03|2027-06-04|2022-03-24 
rlid1022|VvECOGht|business line|Corporate and Investment|0|2000-06-09|2025-11-09|2022-03-24 
rlid1023|zvwBiUHm|business line|Retail Banking (Legal Person)|1|2009-12-05|2012-03-12|2022-03-24 
rlid1024|FoDwwCCD|business line|Retail Banking (Natural Person)|1|2002-08-28|2025-09-17|2022-03-24 
rlid1025|yXthVZae|business line|Corporate and Investment|0|2004-09-20|2027-04-30|2022-03-24 
rlid1026|qSvHRSsr|contract type|Retail Banking (Legal Person)|1|2008-03-26|2030-07-02|2022-03-24 
rlid1027|cAjFNSAZ|business line|Retail Banking (Natural Person)|1|2007-07-22|2027-09-24|2022-03-24 
rlid1028|ukHDnpWk|business line|Retail Banking (Natural Person)|1|2005-08-20|2020-01-02|2022-03-24 
rlid1029|Prkxjhye|contract type|Corporate and Investment|0|2006-09-27|2025-09-07|2022-03-24 
rlid1030|NMoFfgzo|contract type|Retail Banking (Legal Person)|1|2002-04-17|2023-11-16|2022-03-24 
rlid1031|MnaRgqIt|business line|Retail Banking (Legal Person)|1|2003-07-18|2024-04-12|2022-03-24 
rlid1032|cSvZBGMa|contract type|Retail Banking (Natural Person)|0|2000-11-15|2012-05-10|2022-03-24 
rlid1033|LUluVMPL|business line|Retail Banking (Natural Person)|0|2000-03-11|2030-04-28|2022-03-24 
rlid1034|kJnlKeZO|business line|Corporate and Investment|0|2000-05-17|2026-11-19|2022-03-24 
rlid1035|nAITTfXy|contract type|Retail Banking (Natural Person)|1|2001-06-10|2027-06-11|2022-03-24 
rlid1036|kbDcnSHQ|business line|Corporate and Investment|1|2001-04-24|2030-05-09|2022-03-24 
rlid1037|RalAIgYl|business line|Corporate and Investment|1|2010-01-03|2024-10-26|2022-03-24 
rlid1038|KcdpOclJ|contract type|Corporate and Investment|1|2010-04-03|2018-01-10|2022-03-24 
rlid1039|YKGlKyCU|contract type|Corporate and Investment|1|2005-12-23|2012-04-28|2022-03-24 
rlid1040|ATXRmQGR|business line|Corporate and Investment|1|2006-09-19|2029-03-11|2022-03-24 
rlid1041|ACxBwDWW|contract type|Retail Banking (Natural Person)|1|2007-05-03|2025-06-21|2022-03-24 
rlid1042|azaoMDak|business line|Corporate and Investment|1|2002-11-23|2030-12-01|2022-03-24 
rlid1043|achlfrHF|business line|Retail Banking (Legal Person)|1|2006-04-21|2015-12-08|2022-03-24 
rlid1044|SjuttpVf|contract type|Retail Banking (Legal Person)|1|2010-02-01|2021-06-07|2022-03-24 
rlid1045|YlQdUobl|business line|Retail Banking (Natural Person)|0|2004-11-07|2012-10-23|2022-03-24 
rlid1046|GBJhIRUz|contract type|Retail Banking (Natural Person)|1|2005-04-14|2030-04-04|2022-03-24 
rlid1047|GgsAkulh|contract type|Retail Banking (Legal Person)|0|2001-11-10|2016-03-31|2022-03-24 
rlid1048|gdEhFohS|contract type|Retail Banking (Legal Person)|1|2008-09-12|2030-06-15|2022-03-24 
rlid1049|IzqcdDxY|contract type|Retail Banking (Natural Person)|0|2001-06-01|2017-07-11|2022-03-24 
rlid1050|GzNdGBPu|business line|Retail Banking (Legal Person)|1|2005-02-17|2031-10-25|2022-03-24 
rlid1051|vEATXGyJ|contract type|Retail Banking (Legal Person)|1|2000-06-12|2025-03-24|2022-03-24 
rlid1052|zGvkiZLU|business line|Corporate and Investment|1|2000-10-23|2021-03-07|2022-03-24 
rlid1053|DrvUqJcJ|contract type|Corporate and Investment|0|2008-06-18|2011-11-21|2022-03-24 
rlid1054|RdCiNGXn|business line|Corporate and Investment|1|2007-01-11|2012-02-04|2022-03-24 
rlid1055|wnMDnOef|business line|Retail Banking (Natural Person)|0|2008-07-16|2011-07-27|2022-03-24 
rlid1056|mdwuVLsu|contract type|Retail Banking (Natural Person)|0|2000-05-22|2027-08-27|2022-03-24 
rlid1057|NupoRYBT|business line|Retail Banking (Natural Person)|1|2002-01-08|2013-03-12|2022-03-24 
rlid1058|sbovzYiZ|contract type|Retail Banking (Natural Person)|1|2004-11-10|2021-09-24|2022-03-24 
rlid1059|zRxQtPDN|contract type|Retail Banking (Natural Person)|0|2005-02-11|2020-05-23|2022-03-24 
rlid1060|LnkcuCZL|business line|Retail Banking (Natural Person)|1|2004-01-30|2021-02-04|2022-03-24 
rlid1061|BBAlKsyB|contract type|Corporate and Investment|0|2010-12-14|2026-02-13|2022-03-24 
rlid1062|DAscdJey|contract type|Retail Banking (Natural Person)|0|2005-07-11|2024-05-31|2022-03-24 
rlid1063|XaMySnbJ|contract type|Retail Banking (Legal Person)|1|2006-03-18|2021-09-18|2022-03-24 
rlid1064|hbhzOqXK|contract type|Corporate and Investment|1|2004-01-22|2016-08-31|2022-03-24 
rlid1065|IJMyYziu|contract type|Corporate and Investment|0|2001-12-12|2013-04-24|2022-03-24 
rlid1066|pSICcdWa|contract type|Retail Banking (Natural Person)|1|2003-03-25|2026-01-07|2022-03-24 
rlid1067|eQqGkipM|business line|Corporate and Investment|0|2005-02-14|2019-01-06|2022-03-24 
rlid1068|ikBygYlI|business line|Retail Banking (Legal Person)|1|2007-02-09|2016-09-06|2022-03-24 
rlid1069|wiOpuqvE|business line|Retail Banking (Legal Person)|0|2009-12-01|2013-12-19|2022-03-24 
rlid1070|EtHZwoGL|business line|Retail Banking (Natural Person)|0|2006-09-18|2025-12-01|2022-03-24 
rlid1071|eTfkAUgp|business line|Retail Banking (Natural Person)|1|2000-06-07|2025-11-20|2022-03-24 
rlid1072|WhnBpMdW|business line|Retail Banking (Natural Person)|0|2001-08-25|2013-05-06|2022-03-24 
rlid1073|CgesvHWA|contract type|Retail Banking (Legal Person)|1|2008-10-24|2017-09-21|2022-03-24 
rlid1074|mYWdDynt|contract type|Corporate and Investment|0|2006-01-14|2015-01-11|2022-03-24 
rlid1075|ngzAQhHp|business line|Retail Banking (Natural Person)|0|2005-04-14|2031-05-09|2022-03-24 
rlid1076|dEbaHRnz|business line|Retail Banking (Natural Person)|1|2009-01-23|2030-12-10|2022-03-24 
rlid1077|gsJmxxdg|contract type|Retail Banking (Legal Person)|0|2007-06-30|2030-08-02|2022-03-24 
rlid1078|adutmSFs|business line|Corporate and Investment|0|2010-06-29|2016-10-19|2022-03-24 
rlid1079|GgOqZGAZ|contract type|Retail Banking (Legal Person)|0|2010-01-12|2029-01-24|2022-03-24 
rlid1080|pgFOymlY|business line|Retail Banking (Natural Person)|0|2005-01-13|2021-07-09|2022-03-24 
rlid1081|kbhFtekZ|contract type|Retail Banking (Legal Person)|0|2004-01-06|2022-04-13|2022-03-24 
rlid1082|XGCzwwQD|business line|Retail Banking (Legal Person)|1|2005-06-09|2026-08-22|2022-03-24 
rlid1083|VYBhFgWh|business line|Corporate and Investment|1|2005-12-17|2022-05-28|2022-03-24 
rlid1084|UeSqIQaK|contract type|Retail Banking (Natural Person)|0|2008-02-22|2031-05-26|2022-03-24 
rlid1085|fBqJidEU|contract type|Corporate and Investment|0|2006-10-23|2017-12-07|2022-03-24 
rlid1086|lqyBDiXl|business line|Corporate and Investment|1|2006-10-10|2029-06-30|2022-03-24 
rlid1087|TPYEgERF|contract type|Corporate and Investment|0|2007-01-23|2015-01-08|2022-03-24 
rlid1088|vURWxCtH|business line|Retail Banking (Legal Person)|0|2005-03-14|2014-07-02|2022-03-24 
rlid1089|XMXZsMVf|contract type|Retail Banking (Legal Person)|1|2000-05-18|2013-08-13|2022-03-24 
rlid1090|KRznvNVJ|business line|Retail Banking (Legal Person)|1|2006-11-19|2014-12-29|2022-03-24 
rlid1091|tXlIVXGo|business line|Corporate and Investment|1|2002-10-03|2018-05-19|2022-03-24 
rlid1092|ZPgoQiWw|business line|Corporate and Investment|1|2002-06-13|2013-06-09|2022-03-24 
rlid1093|nexposqo|contract type|Corporate and Investment|0|2003-08-17|2027-12-10|2022-03-24 
rlid1094|kSaXileF|business line|Retail Banking (Natural Person)|1|2000-09-29|2030-07-25|2022-03-24 
rlid1095|xdcIPtOf|business line|Retail Banking (Natural Person)|1|2003-03-17|2012-05-23|2022-03-24 
rlid1096|mzdfberV|business line|Corporate and Investment|1|2004-09-20|2016-06-19|2022-03-24 
rlid1097|FyoMtWws|contract type|Retail Banking (Natural Person)|1|2008-08-26|2014-08-05|2022-03-24 
rlid1098|XWIfbnTD|contract type|Retail Banking (Natural Person)|0|2003-12-16|2017-01-22|2022-03-24 
rlid1099|xgIEZYsS|contract type|Corporate and Investment|1|2008-03-20|2023-04-02|2022-03-24 
rlid1100|WvGbMvlM|contract type|Corporate and Investment|0|2001-05-22|2023-12-02|2022-03-24 
rlid1101|MQgLxuyg|business line|Retail Banking (Legal Person)|0|2004-08-26|2031-04-18|2022-03-24 
rlid1102|FdBEcGvd|business line|Retail Banking (Natural Person)|1|2004-04-24|2012-12-20|2022-03-24 
rlid1103|pTIfvRtH|contract type|Retail Banking (Legal Person)|0|2006-11-24|2026-03-30|2022-03-24 
rlid1104|nkbIBSUC|contract type|Corporate and Investment|0|2010-09-29|2018-06-02|2022-03-24 
rlid1105|qMeXboam|business line|Retail Banking (Legal Person)|1|2000-09-22|2028-08-14|2022-03-24 
rlid1106|pQQxWjEM|business line|Corporate and Investment|1|2004-05-15|2016-01-25|2022-03-24 
rlid1107|VsciztaC|contract type|Retail Banking (Legal Person)|0|2008-01-25|2025-06-02|2022-03-24 
rlid1108|pUwVxTGA|contract type|Corporate and Investment|1|2003-03-12|2030-05-25|2022-03-24 
rlid1109|QmyBAnyE|business line|Corporate and Investment|1|2007-10-11|2023-08-15|2022-03-24 
rlid1110|vjreqZzv|contract type|Corporate and Investment|1|2010-06-15|2017-05-25|2022-03-24 
rlid1111|gIuyBrDQ|business line|Corporate and Investment|0|2006-12-28|2012-08-16|2022-03-24 
rlid1112|xsLxbOIp|business line|Corporate and Investment|0|2000-05-06|2014-07-01|2022-03-24 
rlid1113|lBZXEOxf|contract type|Retail Banking (Natural Person)|0|2004-02-10|2030-03-22|2022-03-24 
rlid1114|ROTEhLOX|business line|Retail Banking (Legal Person)|1|2004-03-29|2019-11-21|2022-03-24 
rlid1115|NbfWNrul|contract type|Retail Banking (Legal Person)|1|2009-04-07|2022-08-29|2022-03-24 
rlid1116|cRkVsrCt|contract type|Corporate and Investment|0|2006-10-07|2029-05-09|2022-03-24 
rlid1117|JvkQIjsE|contract type|Retail Banking (Natural Person)|0|2003-03-22|2012-02-03|2022-03-24 
rlid1118|PveIgIpC|contract type|Retail Banking (Natural Person)|1|2002-11-24|2015-05-18|2022-03-24 
rlid1119|OZtSyyLA|contract type|Retail Banking (Natural Person)|0|2009-09-28|2016-01-07|2022-03-24 
rlid1120|MKcgvkUB|contract type|Retail Banking (Natural Person)|0|2004-11-16|2029-11-02|2022-03-24 
rlid1121|JtsgpWMH|business line|Retail Banking (Legal Person)|0|2003-03-11|2028-07-01|2022-03-24 
rlid1122|fYovDxCH|contract type|Corporate and Investment|1|2008-07-11|2016-12-02|2022-03-24 
rlid1123|dJdfhuWM|contract type|Retail Banking (Legal Person)|0|2010-01-03|2019-11-09|2022-03-24 
rlid1124|vOLEqkyi|business line|Retail Banking (Natural Person)|1|2007-12-05|2015-04-10|2022-03-24 
rlid1125|yXuxvcVl|business line|Retail Banking (Legal Person)|0|2002-05-07|2016-09-30|2022-03-24 
rlid1126|WlKZCKad|business line|Retail Banking (Natural Person)|1|2001-05-27|2012-04-15|2022-03-24 
rlid1127|xtJcrnld|contract type|Retail Banking (Legal Person)|0|2004-07-03|2027-10-16|2022-03-24 
rlid1128|jAftGfSs|contract type|Corporate and Investment|0|2000-10-25|2016-05-10|2022-03-24 
rlid1129|NCUbfqOX|business line|Corporate and Investment|0|2007-03-26|2025-06-12|2022-03-24 
rlid1130|kBbbHcRf|business line|Retail Banking (Natural Person)|0|2000-02-15|2023-01-24|2022-03-24 
rlid1131|fhNjPiTj|contract type|Retail Banking (Natural Person)|1|2010-05-25|2022-03-24|2022-03-24 
rlid1132|cxdWbDOw|contract type|Retail Banking (Natural Person)|0|2009-10-30|2025-07-04|2022-03-24 
rlid1133|mYwXiRUS|business line|Retail Banking (Natural Person)|0|2004-08-14|2016-02-04|2022-03-24 
rlid1134|nJlomYby|contract type|Corporate and Investment|1|2002-07-26|2019-08-01|2022-03-24 
rlid1135|syzMHLkA|contract type|Retail Banking (Legal Person)|1|2000-04-19|2031-12-16|2022-03-24 
rlid1136|BzjeHrlE|business line|Retail Banking (Legal Person)|1|2001-02-15|2023-01-18|2022-03-24 
rlid1137|bFTAznAA|contract type|Retail Banking (Legal Person)|1|2010-02-08|2011-03-31|2022-03-24 
rlid1138|BQtONWEq|business line|Retail Banking (Legal Person)|1|2005-01-22|2018-10-21|2022-03-24 
rlid1139|aUWAXEcp|contract type|Retail Banking (Natural Person)|1|2009-06-04|2031-01-15|2022-03-24 
rlid1140|ymEMhsVh|business line|Retail Banking (Natural Person)|1|2003-01-22|2019-04-09|2022-03-24 
rlid1141|oBpmsBHD|contract type|Corporate and Investment|0|2002-12-28|2023-09-06|2022-03-24 
rlid1142|eHLcyRTz|business line|Corporate and Investment|1|2008-11-22|2012-10-04|2022-03-24 
rlid1143|QJNCesMo|contract type|Corporate and Investment|1|2003-04-01|2016-11-19|2022-03-24 
rlid1144|RGIvFUKN|contract type|Retail Banking (Natural Person)|0|2007-02-25|2023-09-22|2022-03-24 
rlid1145|YosXqwRn|business line|Retail Banking (Natural Person)|0|2009-04-28|2017-12-14|2022-03-24 
rlid1146|fnFPJory|business line|Retail Banking (Natural Person)|1|2007-10-18|2021-07-17|2022-03-24 
rlid1147|CTWzaHcz|contract type|Corporate and Investment|1|2002-07-07|2012-01-02|2022-03-24 
rlid1148|YyiGeHZY|contract type|Retail Banking (Natural Person)|1|2005-09-13|2026-02-17|2022-03-24 
rlid1149|sGeSCfFz|contract type|Retail Banking (Natural Person)|1|2009-09-02|2025-10-27|2022-03-24 
rlid1150|srFglzwL|contract type|Retail Banking (Legal Person)|0|2000-07-25|2017-12-07|2022-03-24 
rlid1151|IdbBDWyq|business line|Corporate and Investment|1|2005-07-05|2030-09-23|2022-03-24 
rlid1152|opKwWsQS|contract type|Retail Banking (Legal Person)|0|2000-08-21|2029-04-15|2022-03-24 
rlid1153|pADrOdUJ|contract type|Retail Banking (Legal Person)|0|2001-09-24|2027-04-01|2022-03-24 
rlid1154|vdHwVoLW|contract type|Retail Banking (Legal Person)|1|2001-07-16|2018-09-04|2022-03-24 
rlid1155|zBlnqyAL|business line|Retail Banking (Legal Person)|0|2007-09-11|2021-10-29|2022-03-24 
rlid1156|IHAAyxCl|business line|Retail Banking (Legal Person)|1|2003-06-02|2017-11-30|2022-03-24 
rlid1157|xMasyVxV|business line|Corporate and Investment|0|2010-01-13|2019-08-10|2022-03-24 
rlid1158|rSJBMnCQ|business line|Corporate and Investment|0|2004-02-25|2013-01-22|2022-03-24 
rlid1159|MuFizinG|contract type|Corporate and Investment|1|2004-03-01|2027-10-30|2022-03-24 
rlid1160|MYCHWJDj|business line|Retail Banking (Natural Person)|1|2004-04-12|2024-12-09|2022-03-24 
rlid1161|PEAcBhuZ|business line|Retail Banking (Legal Person)|0|2008-01-05|2016-02-27|2022-03-24 
rlid1162|rzVgamga|contract type|Retail Banking (Natural Person)|1|2010-02-04|2017-01-12|2022-03-24 
rlid1163|PdFlvxcp|business line|Corporate and Investment|0|2008-04-02|2011-09-12|2022-03-24 
rlid1164|yDIatCnP|contract type|Corporate and Investment|0|2006-04-10|2012-11-13|2022-03-24 
rlid1165|pVhmhQCR|business line|Retail Banking (Legal Person)|0|2008-03-13|2017-11-05|2022-03-24 
rlid1166|BnPoEBuw|contract type|Retail Banking (Legal Person)|0|2008-03-29|2028-02-11|2022-03-24 
rlid1167|NvXjhvAj|business line|Retail Banking (Natural Person)|0|2005-03-25|2014-03-25|2022-03-24 
rlid1168|WyilimKF|business line|Retail Banking (Legal Person)|0|2010-12-26|2012-12-04|2022-03-24 
rlid1169|UbdZBpNe|contract type|Corporate and Investment|0|2004-11-20|2030-11-17|2022-03-24 
rlid1170|xybxvmlG|contract type|Retail Banking (Natural Person)|0|2008-08-31|2028-09-11|2022-03-24 
rlid1171|yBIBwykX|business line|Corporate and Investment|1|2010-05-12|2028-07-29|2022-03-24 
rlid1172|pYigIqEl|contract type|Retail Banking (Legal Person)|1|2001-11-22|2023-06-22|2022-03-24 
rlid1173|ALjWDjBa|contract type|Retail Banking (Legal Person)|0|2000-06-16|2018-09-04|2022-03-24 
rlid1174|PXxVUueE|business line|Corporate and Investment|0|2006-08-22|2014-10-26|2022-03-24 
rlid1175|qEWfUcLU|business line|Retail Banking (Natural Person)|0|2003-10-02|2019-01-31|2022-03-24 
rlid1176|liKFetxO|business line|Retail Banking (Natural Person)|0|2002-09-22|2026-09-28|2022-03-24 
rlid1177|UwyotHSz|contract type|Retail Banking (Legal Person)|0|2009-07-22|2016-03-09|2022-03-24 
rlid1178|QPoyrQfI|business line|Retail Banking (Natural Person)|1|2003-08-14|2028-05-05|2022-03-24 
rlid1179|QMDLxutL|business line|Corporate and Investment|0|2010-01-13|2028-08-18|2022-03-24 
rlid1180|QRIzlPBC|business line|Retail Banking (Natural Person)|1|2005-03-02|2031-04-24|2022-03-24 
rlid1181|RGUzWYrl|contract type|Corporate and Investment|1|2001-08-19|2026-11-16|2022-03-24 
rlid1182|zbywUUro|contract type|Retail Banking (Natural Person)|1|2001-09-08|2027-09-15|2022-03-24 
rlid1183|oQtQnOaz|contract type|Corporate and Investment|0|2010-08-23|2011-09-11|2022-03-24 
rlid1184|xbYZUlBI|business line|Corporate and Investment|1|2007-08-14|2029-11-18|2022-03-24 
rlid1185|pxhThKqp|business line|Corporate and Investment|1|2002-11-08|2014-12-28|2022-03-24 
rlid1186|NIlSpMMi|contract type|Retail Banking (Natural Person)|1|2006-02-09|2027-07-22|2022-03-24 
rlid1187|ypYqqnZs|contract type|Corporate and Investment|0|2007-06-17|2013-03-05|2022-03-24 
rlid1188|TCSTheQA|contract type|Retail Banking (Legal Person)|1|2000-08-04|2030-10-18|2022-03-24 
rlid1189|KrvMYEqj|business line|Retail Banking (Natural Person)|1|2010-01-07|2030-03-11|2022-03-24 
rlid1190|XMAaJTHI|business line|Retail Banking (Natural Person)|1|2000-11-04|2024-08-16|2022-03-24 
rlid1191|vKsJOGKn|contract type|Corporate and Investment|1|2001-09-15|2015-05-01|2022-03-24 
rlid1192|DfHqXATO|contract type|Retail Banking (Natural Person)|0|2003-09-14|2016-07-13|2022-03-24 
rlid1193|NeEWkcJk|contract type|Corporate and Investment|0|2007-02-27|2014-01-14|2022-03-24 
rlid1194|EvUdIMBy|business line|Retail Banking (Natural Person)|0|2000-02-25|2017-10-25|2022-03-24 
rlid1195|eHwQxzxo|contract type|Corporate and Investment|0|2000-07-04|2026-12-05|2022-03-24 
rlid1196|RXerbGcy|business line|Retail Banking (Natural Person)|1|2004-12-19|2020-09-28|2022-03-24 
rlid1197|OgDeSIwe|business line|Retail Banking (Legal Person)|1|2008-06-29|2028-03-08|2022-03-24 
rlid1198|JcOjfiDP|business line|Corporate and Investment|1|2009-07-15|2027-12-15|2022-03-24 
rlid1199|LvMNnlIU|contract type|Corporate and Investment|1|2008-01-05|2023-02-21|2022-03-24 
rlid1200|YPQoMYXs|contract type|Corporate and Investment|0|2008-06-16|2027-11-03|2022-03-24 
rlid1201|EQEGsDPi|contract type|Retail Banking (Legal Person)|1|2010-12-20|2018-11-09|2022-03-24 
rlid1202|yhgsGFzB|business line|Retail Banking (Natural Person)|0|2008-06-01|2022-02-08|2022-03-24 
rlid1203|vfuOTmMc|contract type|Corporate and Investment|1|2001-12-25|2025-07-05|2022-03-24 
rlid1204|SkbGdKiS|contract type|Retail Banking (Natural Person)|1|2008-01-08|2017-01-15|2022-03-24 
rlid1205|rTbwAgXQ|business line|Retail Banking (Legal Person)|0|2002-12-19|2027-05-20|2022-03-24 
rlid1206|uVsecZcY|contract type|Corporate and Investment|0|2003-12-31|2028-02-16|2022-03-24 
rlid1207|EfvqnFoo|business line|Retail Banking (Legal Person)|1|2008-08-12|2019-10-20|2022-03-24 
rlid1208|rwCjfWWd|business line|Retail Banking (Legal Person)|1|2003-02-01|2012-08-22|2022-03-24 
rlid1209|awotdBYr|business line|Corporate and Investment|1|2006-10-05|2022-05-29|2022-03-24 
rlid1210|MpRAOTJj|business line|Retail Banking (Legal Person)|1|2009-12-12|2017-04-23|2022-03-24 
rlid1211|HuQRDXss|business line|Retail Banking (Legal Person)|0|2006-12-05|2023-06-04|2022-03-24 
rlid1212|DOMDnjtr|business line|Retail Banking (Natural Person)|0|2002-03-16|2017-12-17|2022-03-24 
rlid1213|bbrNtZlX|business line|Retail Banking (Natural Person)|1|2003-03-21|2026-10-24|2022-03-24 
rlid1214|LvxhgOvu|contract type|Retail Banking (Natural Person)|1|2002-06-30|2024-04-05|2022-03-24 
rlid1215|hOJrUuwl|business line|Retail Banking (Legal Person)|1|2004-03-15|2018-09-06|2022-03-24 
rlid1216|VOJBPfHR|business line|Retail Banking (Legal Person)|0|2003-02-10|2012-09-23|2022-03-24 
rlid1217|ctbSbSzG|business line|Retail Banking (Natural Person)|1|2004-06-23|2020-01-15|2022-03-24 
rlid1218|oYRwWoIu|business line|Corporate and Investment|0|2005-07-06|2019-11-09|2022-03-24 
rlid1219|ABYQlGuB|contract type|Corporate and Investment|0|2004-01-14|2014-12-19|2022-03-24 
rlid1220|zWFQcOoJ|business line|Retail Banking (Legal Person)|0|2007-09-27|2026-10-14|2022-03-24 
rlid1221|hbKEmOVl|contract type|Corporate and Investment|1|2007-11-07|2023-02-27|2022-03-24 
rlid1222|SlkbtBPh|contract type|Retail Banking (Natural Person)|1|2004-04-06|2014-01-04|2022-03-24 
rlid1223|dEYyposE|business line|Retail Banking (Natural Person)|1|2004-03-16|2029-09-15|2022-03-24 
rlid1224|jPhVxzMV|contract type|Retail Banking (Legal Person)|0|2006-10-03|2024-02-17|2022-03-24 
rlid1225|zlRLTzqt|contract type|Corporate and Investment|0|2006-10-23|2018-09-19|2022-03-24 
rlid1226|nSjoidNl|business line|Retail Banking (Legal Person)|1|2001-04-21|2023-04-19|2022-03-24 
rlid1227|TYkgcTQl|business line|Retail Banking (Natural Person)|1|2006-12-19|2026-11-01|2022-03-24 
rlid1228|qOLJPaoe|contract type|Retail Banking (Legal Person)|1|2001-08-08|2031-10-27|2022-03-24 
rlid1229|XAvNqUrh|contract type|Corporate and Investment|1|2002-11-05|2028-01-26|2022-03-24 
rlid1230|gCStvXpN|contract type|Retail Banking (Natural Person)|1|2008-01-12|2022-11-06|2022-03-24 
rlid1231|bPGfZWTg|contract type|Retail Banking (Legal Person)|1|2003-07-01|2025-03-11|2022-03-24 
rlid1232|YrFIlcQr|business line|Corporate and Investment|0|2006-03-26|2024-12-10|2022-03-24 
rlid1233|XkBTskGy|business line|Corporate and Investment|1|2001-02-04|2014-08-29|2022-03-24 
rlid1234|cUureeEC|contract type|Retail Banking (Natural Person)|1|2003-03-29|2027-10-10|2022-03-24 
rlid1235|TTpQjHmC|contract type|Corporate and Investment|0|2007-02-25|2015-05-18|2022-03-24 
rlid1236|ydzHFroN|contract type|Retail Banking (Legal Person)|1|2003-01-29|2017-01-19|2022-03-24 
rlid1237|mCUtqscc|business line|Corporate and Investment|0|2007-12-20|2011-06-25|2022-03-24 
rlid1238|sKQeRstN|contract type|Retail Banking (Legal Person)|0|2005-11-11|2016-06-29|2022-03-24 
rlid1239|ZHixQKbF|business line|Retail Banking (Legal Person)|1|2005-08-11|2018-04-14|2022-03-24 
rlid1240|aNOgKQOj|business line|Corporate and Investment|1|2007-11-03|2014-08-17|2022-03-24 
rlid1241|SZFdunAX|contract type|Corporate and Investment|1|2003-07-03|2023-10-12|2022-03-24 
rlid1242|lQoinPlu|business line|Retail Banking (Legal Person)|1|2006-12-23|2028-07-12|2022-03-24 
rlid1243|nvyKzNIg|contract type|Retail Banking (Legal Person)|0|2005-05-24|2019-09-01|2022-03-24 
rlid1244|FGzPXCbO|contract type|Corporate and Investment|1|2010-01-31|2018-11-13|2022-03-24 
rlid1245|LHxocjaN|business line|Retail Banking (Natural Person)|1|2010-01-20|2025-11-05|2022-03-24 
rlid1246|iCMShCtk|business line|Retail Banking (Natural Person)|0|2004-10-28|2028-02-26|2022-03-24 
rlid1247|DpphzLFd|contract type|Retail Banking (Legal Person)|0|2009-03-18|2016-11-08|2022-03-24 
rlid1248|fJefTWei|business line|Retail Banking (Natural Person)|0|2009-07-13|2019-11-24|2022-03-24 
rlid1249|OHsLDEVT|business line|Retail Banking (Natural Person)|1|2006-10-25|2023-08-15|2022-03-24 
rlid1250|kCvTTbCv|business line|Retail Banking (Natural Person)|0|2004-07-06|2024-12-13|2022-03-24 
rlid1251|BEsKryZU|contract type|Corporate and Investment|1|2007-04-10|2020-12-27|2022-03-24 
rlid1252|boTqpPYw|contract type|Retail Banking (Natural Person)|1|2000-04-29|2018-09-20|2022-03-24 
rlid1253|kgotrojl|business line|Retail Banking (Natural Person)|1|2009-11-14|2015-10-02|2022-03-24 
rlid1254|OgwznqUp|contract type|Retail Banking (Natural Person)|0|2010-08-23|2018-10-06|2022-03-24 
rlid1255|OoKMFXcd|business line|Retail Banking (Legal Person)|1|2009-03-10|2019-12-09|2022-03-24 
rlid1256|njxdjkrx|contract type|Corporate and Investment|1|2008-05-09|2027-08-16|2022-03-24 
rlid1257|zTAhkbvF|contract type|Corporate and Investment|0|2005-01-05|2027-09-04|2022-03-24 
rlid1258|lDqcCiAK|business line|Corporate and Investment|1|2008-11-29|2011-10-17|2022-03-24 
rlid1259|GpFTYfpb|business line|Corporate and Investment|1|2002-03-29|2014-05-01|2022-03-24 
rlid1260|EmLUBOtZ|business line|Retail Banking (Natural Person)|1|2005-01-20|2012-08-16|2022-03-24 
rlid1261|FaxqKnRp|business line|Retail Banking (Legal Person)|0|2005-01-27|2019-03-25|2022-03-24 
rlid1262|CKisgRlA|contract type|Retail Banking (Natural Person)|0|2009-05-08|2022-06-12|2022-03-24 
rlid1263|iYnpspPI|business line|Retail Banking (Natural Person)|1|2000-08-10|2019-01-21|2022-03-24 
rlid1264|qCQoyPzi|business line|Retail Banking (Natural Person)|0|2002-11-25|2020-04-10|2022-03-24 
rlid1265|wykkSsYb|contract type|Corporate and Investment|1|2006-06-10|2014-04-02|2022-03-24 
rlid1266|JgYlhRRU|contract type|Retail Banking (Natural Person)|1|2002-07-13|2024-07-22|2022-03-24 
rlid1267|WmlQdKsK|contract type|Corporate and Investment|1|2003-11-24|2025-12-01|2022-03-24 
rlid1268|aFlACJzD|business line|Retail Banking (Natural Person)|1|2001-12-15|2015-10-26|2022-03-24 
rlid1269|rVHGIocf|business line|Retail Banking (Natural Person)|1|2009-07-10|2023-10-07|2022-03-24 
rlid1270|EdCqTvPF|business line|Retail Banking (Natural Person)|1|2007-08-12|2021-11-07|2022-03-24 
rlid1271|YvfiFVbN|contract type|Retail Banking (Natural Person)|1|2009-05-28|2014-01-13|2022-03-24 
rlid1272|LEPqezUm|business line|Retail Banking (Natural Person)|1|2002-09-14|2021-11-17|2022-03-24 
rlid1273|AZpThVgU|business line|Retail Banking (Natural Person)|0|2005-03-23|2025-04-16|2022-03-24 
rlid1274|wNmfAkIw|business line|Corporate and Investment|0|2002-10-24|2022-03-20|2022-03-24 
rlid1275|UcbwchaW|contract type|Retail Banking (Legal Person)|1|2000-10-25|2026-01-15|2022-03-24 
rlid1276|fZpdZxbA|contract type|Retail Banking (Legal Person)|0|2003-06-07|2018-01-17|2022-03-24 
rlid1277|JopcLwbR|business line|Retail Banking (Legal Person)|1|2002-12-03|2025-11-22|2022-03-24 
rlid1278|PHxHEkcm|contract type|Retail Banking (Legal Person)|0|2008-03-17|2011-02-09|2022-03-24 
rlid1279|pwSYIfGy|business line|Corporate and Investment|1|2000-07-31|2016-02-26|2022-03-24 
rlid1280|yjJmtNSu|contract type|Retail Banking (Natural Person)|0|2004-03-06|2025-08-04|2022-03-24 
rlid1281|WCocPHxU|contract type|Retail Banking (Natural Person)|0|2004-05-04|2020-11-04|2022-03-24 
rlid1282|FqCEuDtK|business line|Retail Banking (Legal Person)|0|2002-07-15|2025-09-01|2022-03-24 
rlid1283|HsTNmzwK|contract type|Retail Banking (Natural Person)|1|2010-11-26|2027-07-25|2022-03-24 
rlid1284|uJYyHTkl|contract type|Retail Banking (Legal Person)|0|2004-05-03|2015-03-28|2022-03-24 
rlid1285|aAwIMuah|business line|Retail Banking (Legal Person)|0|2004-07-14|2029-09-15|2022-03-24 
rlid1286|eowxVHWe|contract type|Retail Banking (Natural Person)|0|2008-11-26|2016-06-28|2022-03-24 
rlid1287|ClfiJPOm|contract type|Retail Banking (Legal Person)|1|2001-03-24|2016-10-04|2022-03-24 
rlid1288|UTRohDor|business line|Corporate and Investment|1|2005-08-02|2015-04-03|2022-03-24 
rlid1289|nacTQVpk|contract type|Corporate and Investment|0|2010-05-20|2025-01-08|2022-03-24 
rlid1290|Hfggdggi|contract type|Retail Banking (Legal Person)|0|2006-01-05|2011-09-19|2022-03-24 
rlid1291|vsEqmTdp|contract type|Retail Banking (Natural Person)|1|2006-03-13|2014-12-03|2022-03-24 
rlid1292|WfPcqXUK|business line|Retail Banking (Legal Person)|0|2005-12-04|2017-08-04|2022-03-24 
rlid1293|hkvItyZz|business line|Corporate and Investment|1|2005-07-05|2018-11-04|2022-03-24 
rlid1294|ooVzfgKp|contract type|Retail Banking (Legal Person)|0|2005-08-17|2018-02-26|2022-03-24 
rlid1295|mJNSgprF|contract type|Retail Banking (Natural Person)|0|2008-08-29|2030-08-08|2022-03-24 
rlid1296|VGBDIHUx|business line|Corporate and Investment|0|2004-01-28|2025-07-14|2022-03-24 
rlid1297|tucxjGhS|business line|Retail Banking (Natural Person)|0|2010-12-16|2012-09-06|2022-03-24 
rlid1298|xWQUgOSY|business line|Retail Banking (Legal Person)|1|2000-09-13|2012-05-26|2022-03-24 
rlid1299|rHdmCZnq|business line|Corporate and Investment|0|2005-07-17|2025-07-14|2022-03-24 
rlid1300|XGrLBagk|contract type|Retail Banking (Legal Person)|0|2005-07-01|2023-04-23|2022-03-24 
rlid1301|JwzYcBKs|business line|Retail Banking (Natural Person)|1|2003-01-01|2025-09-09|2022-03-24 
rlid1302|HvWvKnzu|contract type|Retail Banking (Natural Person)|1|2005-09-18|2015-05-31|2022-03-24 
rlid1303|HwbejEWG|business line|Retail Banking (Natural Person)|0|2004-07-26|2013-08-19|2022-03-24 
rlid1304|QEKIBqsf|business line|Retail Banking (Natural Person)|0|2008-10-17|2022-08-18|2022-03-24 
rlid1305|ZELFTDvc|contract type|Corporate and Investment|1|2003-04-22|2020-03-05|2022-03-24 
rlid1306|fkmoxtFx|contract type|Retail Banking (Legal Person)|0|2003-03-14|2013-12-21|2022-03-24 
rlid1307|udgkiWJK|business line|Corporate and Investment|0|2008-08-05|2017-11-10|2022-03-24 
rlid1308|uXeyjZep|contract type|Retail Banking (Legal Person)|0|2009-02-13|2015-06-20|2022-03-24 
rlid1309|PzwWuvLK|business line|Corporate and Investment|1|2008-02-15|2027-11-21|2022-03-24 
rlid1310|oKXICkYl|business line|Retail Banking (Legal Person)|0|2004-09-03|2021-06-18|2022-03-24 
rlid1311|vObbntjL|business line|Retail Banking (Legal Person)|1|2002-10-16|2026-12-11|2022-03-24 
rlid1312|DlHtAIPA|business line|Retail Banking (Legal Person)|0|2007-09-11|2022-07-12|2022-03-24 
rlid1313|CPWFRyKX|contract type|Retail Banking (Natural Person)|1|2002-07-10|2023-11-30|2022-03-24 
rlid1314|ImidJiak|business line|Retail Banking (Legal Person)|1|2002-07-20|2031-11-17|2022-03-24 
rlid1315|XezcSlZx|contract type|Retail Banking (Natural Person)|0|2008-01-28|2026-07-29|2022-03-24 
rlid1316|SBjhXDml|contract type|Retail Banking (Natural Person)|1|2006-05-07|2023-10-24|2022-03-24 
rlid1317|WODyNTGu|business line|Corporate and Investment|0|2001-06-23|2016-05-14|2022-03-24 
rlid1318|SIFvDxjv|business line|Retail Banking (Legal Person)|1|2003-08-30|2030-08-07|2022-03-24 
rlid1319|bIDTZUac|contract type|Retail Banking (Natural Person)|0|2006-04-19|2016-02-11|2022-03-24 
rlid1320|LCIPonXn|contract type|Corporate and Investment|1|2004-05-17|2029-04-26|2022-03-24 
rlid1321|zMMiuppw|contract type|Retail Banking (Natural Person)|0|2004-07-03|2017-07-12|2022-03-24 
rlid1322|qODypSlJ|contract type|Retail Banking (Legal Person)|0|2000-06-02|2029-07-03|2022-03-24 
rlid1323|YtpCinFO|contract type|Corporate and Investment|0|2001-03-04|2018-08-06|2022-03-24 
rlid1324|dvbikuhV|contract type|Retail Banking (Legal Person)|1|2002-10-12|2025-06-23|2022-03-24 
rlid1325|BfOObJfo|business line|Corporate and Investment|0|2010-09-22|2017-06-29|2022-03-24 
rlid1326|oROIJuNi|business line|Corporate and Investment|1|2004-09-01|2027-03-09|2022-03-24 
rlid1327|ADiTSJwY|contract type|Retail Banking (Legal Person)|1|2004-05-29|2029-02-28|2022-03-24 
rlid1328|EXFgerSh|contract type|Corporate and Investment|0|2002-03-27|2011-02-12|2022-03-24 
rlid1329|eONRFspO|contract type|Retail Banking (Natural Person)|0|2002-07-01|2030-12-05|2022-03-24 
rlid1330|tjPMrfLh|contract type|Corporate and Investment|0|2009-06-15|2025-07-24|2022-03-24 
rlid1331|UhyWHTio|business line|Retail Banking (Natural Person)|0|2000-08-13|2023-12-08|2022-03-24 
rlid1332|tIEdbJqP|contract type|Retail Banking (Legal Person)|0|2010-12-17|2030-11-02|2022-03-24 
rlid1333|qlDmtepq|business line|Corporate and Investment|0|2003-07-06|2025-01-29|2022-03-24 
rlid1334|GsvGeqPI|business line|Retail Banking (Legal Person)|0|2000-02-10|2027-01-10|2022-03-24 
rlid1335|ddUVBBNg|contract type|Corporate and Investment|0|2001-04-13|2021-10-27|2022-03-24 
rlid1336|dnmwNZiI|contract type|Retail Banking (Natural Person)|1|2002-09-14|2031-06-30|2022-03-24 
rlid1337|JqzkznPm|contract type|Retail Banking (Natural Person)|1|2004-11-01|2028-07-26|2022-03-24 
rlid1338|FhigSAuh|contract type|Retail Banking (Natural Person)|1|2005-12-20|2026-05-08|2022-03-24 
rlid1339|QbjScAlr|contract type|Retail Banking (Natural Person)|0|2004-09-29|2028-07-21|2022-03-24 
rlid1340|vuqCfYvw|business line|Retail Banking (Natural Person)|0|2001-12-03|2013-01-24|2022-03-24 
rlid1341|tDkiGzec|contract type|Corporate and Investment|0|2006-08-20|2013-05-09|2022-03-24 
rlid1342|csJDjlzH|contract type|Corporate and Investment|1|2009-04-16|2020-11-21|2022-03-24 
rlid1343|TuKtZmqp|business line|Corporate and Investment|0|2003-04-27|2020-11-24|2022-03-24 
rlid1344|RBwZIBmB|business line|Retail Banking (Legal Person)|0|2010-04-20|2029-08-01|2022-03-24 
rlid1345|pwQjVtiD|business line|Corporate and Investment|1|2004-04-15|2028-08-09|2022-03-24 
rlid1346|uaYSIfuc|business line|Retail Banking (Natural Person)|1|2000-09-28|2012-05-10|2022-03-24 
rlid1347|zLyWsJsa|contract type|Corporate and Investment|0|2009-08-11|2024-10-13|2022-03-24 
rlid1348|wfccHmwE|contract type|Corporate and Investment|1|2009-05-05|2017-01-28|2022-03-24 
rlid1349|aXKXKprI|business line|Retail Banking (Legal Person)|1|2007-05-01|2018-01-20|2022-03-24 
rlid1350|uOZjiYSE|business line|Retail Banking (Legal Person)|0|2007-12-16|2031-04-22|2022-03-24 
rlid1351|apxIPKxd|contract type|Retail Banking (Natural Person)|1|2005-12-07|2014-11-15|2022-03-24 
rlid1352|DykWaIOz|business line|Corporate and Investment|0|2006-11-29|2028-02-26|2022-03-24 
rlid1353|hXoFvxdD|contract type|Retail Banking (Legal Person)|1|2006-02-07|2012-11-29|2022-03-24 
rlid1354|STifjSMw|business line|Corporate and Investment|0|2009-07-21|2024-10-13|2022-03-24 
rlid1355|BYGiSxAX|business line|Corporate and Investment|0|2005-12-08|2031-11-30|2022-03-24 
rlid1356|XcaWbmAD|business line|Retail Banking (Legal Person)|1|2009-03-05|2011-12-15|2022-03-24 
rlid1357|KgAujwcJ|contract type|Corporate and Investment|0|2009-01-21|2026-05-03|2022-03-24 
rlid1358|AszEkmaa|business line|Retail Banking (Legal Person)|0|2006-11-24|2015-11-24|2022-03-24 
rlid1359|pJSaZlhV|business line|Corporate and Investment|1|2000-11-05|2017-01-13|2022-03-24 
rlid1360|HgOqkDyJ|business line|Retail Banking (Natural Person)|1|2003-05-10|2021-05-16|2022-03-24 
rlid1361|AClEerlZ|contract type|Corporate and Investment|0|2004-08-20|2022-01-01|2022-03-24 
rlid1362|USeAJLNc|contract type|Retail Banking (Legal Person)|1|2004-10-24|2025-02-05|2022-03-24 
rlid1363|pUwFCEkj|business line|Retail Banking (Legal Person)|1|2005-06-30|2031-01-23|2022-03-24 
rlid1364|rpzcujBn|contract type|Corporate and Investment|0|2003-03-19|2021-12-27|2022-03-24 
rlid1365|ooTxsgut|contract type|Retail Banking (Natural Person)|0|2001-02-07|2030-02-25|2022-03-24 
rlid1366|pzQcWRnC|contract type|Retail Banking (Legal Person)|1|2010-05-01|2027-11-04|2022-03-24 
rlid1367|eVkyVDdo|business line|Retail Banking (Legal Person)|0|2005-11-12|2016-10-30|2022-03-24 
rlid1368|LAkefkMy|business line|Corporate and Investment|0|2004-04-02|2017-01-28|2022-03-24 
rlid1369|yKslmvJw|contract type|Retail Banking (Legal Person)|1|2010-02-27|2015-05-26|2022-03-24 
rlid1370|eoPUFGjh|contract type|Retail Banking (Natural Person)|0|2009-04-17|2024-08-24|2022-03-24 
rlid1371|EytWEbbk|contract type|Retail Banking (Natural Person)|0|2001-03-20|2015-05-31|2022-03-24 
rlid1372|PcgzSMxT|business line|Retail Banking (Legal Person)|1|2000-11-17|2026-12-20|2022-03-24 
rlid1373|kRtbVBYU|business line|Retail Banking (Legal Person)|1|2010-12-20|2015-03-14|2022-03-24 
rlid1374|koJFKFQo|contract type|Corporate and Investment|1|2005-07-06|2020-04-26|2022-03-24 
rlid1375|zkpnbJQN|contract type|Corporate and Investment|0|2000-10-24|2023-02-21|2022-03-24 
rlid1376|LHXAifMX|business line|Retail Banking (Natural Person)|1|2010-10-19|2020-09-20|2022-03-24 
rlid1377|fzhwSGsQ|contract type|Retail Banking (Natural Person)|0|2010-04-08|2027-12-26|2022-03-24 
rlid1378|oCyIucit|business line|Retail Banking (Legal Person)|0|2000-11-28|2020-11-12|2022-03-24 
rlid1379|tuEbCNWN|business line|Retail Banking (Natural Person)|1|2010-01-13|2026-05-15|2022-03-24 
rlid1380|MzqeMjKg|contract type|Corporate and Investment|0|2003-04-22|2030-05-13|2022-03-24 
rlid1381|aBJlQJuz|contract type|Retail Banking (Legal Person)|0|2004-04-22|2019-09-10|2022-03-24 
rlid1382|KvakCWXU|contract type|Retail Banking (Legal Person)|1|2005-10-13|2030-11-25|2022-03-24 
rlid1383|JkradbUH|contract type|Retail Banking (Natural Person)|1|2008-01-18|2030-10-07|2022-03-24 
rlid1384|NAmyIUXD|contract type|Retail Banking (Legal Person)|1|2001-10-22|2026-04-30|2022-03-24 
rlid1385|OpmslZIP|contract type|Corporate and Investment|0|2005-12-18|2024-05-11|2022-03-24 
rlid1386|gSBGuPAF|contract type|Retail Banking (Natural Person)|1|2004-01-22|2016-10-06|2022-03-24 
rlid1387|pvkKhIDl|contract type|Corporate and Investment|0|2009-05-22|2030-05-18|2022-03-24 
rlid1388|xyELVtIs|business line|Retail Banking (Legal Person)|1|2008-06-08|2027-06-26|2022-03-24 
rlid1389|LHloadAG|contract type|Retail Banking (Natural Person)|1|2004-11-10|2024-07-26|2022-03-24 
rlid1390|DGCyibtj|business line|Corporate and Investment|1|2007-01-19|2017-05-03|2022-03-24 
rlid1391|sTNzviUD|contract type|Corporate and Investment|0|2008-10-06|2019-04-11|2022-03-24 
rlid1392|YeRhvcOj|business line|Retail Banking (Legal Person)|1|2001-03-27|2022-02-20|2022-03-24 
rlid1393|HGllHMqJ|contract type|Retail Banking (Natural Person)|1|2001-04-15|2013-04-08|2022-03-24 
rlid1394|zFSkSKJb|business line|Corporate and Investment|0|2008-11-21|2027-08-04|2022-03-24 
rlid1395|fHtXUsIc|business line|Corporate and Investment|1|2009-10-21|2021-04-13|2022-03-24 
rlid1396|WJXWjIIR|business line|Corporate and Investment|1|2003-09-07|2030-10-18|2022-03-24 
rlid1397|BPqDWowb|business line|Corporate and Investment|0|2006-09-20|2029-10-08|2022-03-24 
rlid1398|FpwKvEtR|contract type|Retail Banking (Legal Person)|1|2006-05-21|2028-03-03|2022-03-24 
rlid1399|OemuYTbb|business line|Retail Banking (Natural Person)|1|2005-01-02|2014-12-15|2022-03-24 
rlid1400|MfOihJhA|business line|Retail Banking (Natural Person)|1|2002-01-31|2023-10-11|2022-03-24 
rlid1401|ripxPnFu|contract type|Corporate and Investment|1|2004-02-27|2023-07-26|2022-03-24 
rlid1402|uWPfoZCA|business line|Corporate and Investment|1|2000-08-13|2025-12-01|2022-03-24 
rlid1403|pTIMHeNo|contract type|Retail Banking (Legal Person)|1|2002-12-25|2024-07-16|2022-03-24 
rlid1404|kOWBUfqh|contract type|Retail Banking (Legal Person)|1|2003-06-16|2021-01-03|2022-03-24 
rlid1405|pJpOKIvb|business line|Corporate and Investment|0|2001-10-28|2025-10-19|2022-03-24 
rlid1406|zoilUccq|business line|Corporate and Investment|0|2003-03-19|2011-02-20|2022-03-24 
rlid1407|bXTXfvgX|business line|Retail Banking (Natural Person)|0|2001-01-13|2020-08-26|2022-03-24 
rlid1408|BguzAFUQ|business line|Retail Banking (Legal Person)|0|2003-04-15|2027-02-06|2022-03-24 
rlid1409|MqYcoBWn|contract type|Retail Banking (Legal Person)|1|2010-10-02|2031-05-17|2022-03-24 
rlid1410|feRNeqmY|business line|Retail Banking (Legal Person)|1|2009-08-17|2012-07-17|2022-03-24 
rlid1411|HpFBiGrg|contract type|Retail Banking (Legal Person)|1|2000-05-12|2020-09-22|2022-03-24 
rlid1412|zoCiZKOe|business line|Corporate and Investment|1|2004-07-17|2012-07-11|2022-03-24 
rlid1413|rSiHBXkm|contract type|Retail Banking (Natural Person)|1|2008-07-02|2015-09-12|2022-03-24 
rlid1414|eZZSjELM|business line|Retail Banking (Legal Person)|0|2005-04-24|2016-04-03|2022-03-24 
rlid1415|iIDWPHAm|business line|Retail Banking (Legal Person)|0|2010-07-31|2022-08-15|2022-03-24 
rlid1416|tfvtTzkA|business line|Corporate and Investment|0|2001-01-12|2030-02-10|2022-03-24 
rlid1417|ThGWwwmK|contract type|Corporate and Investment|0|2003-07-31|2017-05-01|2022-03-24 
rlid1418|xCoVctcV|business line|Corporate and Investment|0|2008-02-12|2027-12-05|2022-03-24 
rlid1419|puFECyPY|business line|Retail Banking (Natural Person)|1|2006-01-16|2021-01-12|2022-03-24 
rlid1420|HtBhGqMk|business line|Retail Banking (Legal Person)|0|2010-02-21|2028-06-09|2022-03-24 
rlid1421|EXDbKmgT|contract type|Retail Banking (Natural Person)|0|2000-07-07|2017-01-27|2022-03-24 
rlid1422|IyiAhKzA|contract type|Retail Banking (Legal Person)|0|2009-08-06|2023-02-03|2022-03-24 
rlid1423|TViYaWNG|contract type|Corporate and Investment|1|2001-01-22|2015-09-09|2022-03-24 
rlid1424|DYvWcUCq|contract type|Retail Banking (Legal Person)|1|2009-08-20|2026-07-10|2022-03-24 
rlid1425|RfYlZWVj|business line|Corporate and Investment|0|2007-01-19|2023-01-21|2022-03-24 
rlid1426|xBiqifVG|business line|Retail Banking (Legal Person)|0|2009-06-09|2029-02-10|2022-03-24 
rlid1427|ojUTqleE|business line|Corporate and Investment|0|2001-07-25|2028-10-12|2022-03-24 
rlid1428|tWVxlSDL|contract type|Corporate and Investment|0|2001-01-25|2016-03-09|2022-03-24 
rlid1429|erOTfblB|contract type|Retail Banking (Legal Person)|1|2001-11-18|2020-12-05|2022-03-24 
rlid1430|NmtFufRC|contract type|Retail Banking (Legal Person)|0|2007-05-13|2012-08-19|2022-03-24 
rlid1431|uIXDNhPD|contract type|Corporate and Investment|1|2007-09-25|2014-05-22|2022-03-24 
rlid1432|mTaQXort|business line|Retail Banking (Legal Person)|0|2002-11-30|2025-11-27|2022-03-24 
rlid1433|eWXnLxBm|business line|Retail Banking (Legal Person)|0|2005-04-17|2018-05-02|2022-03-24 
rlid1434|pMlqswVe|business line|Retail Banking (Legal Person)|1|2003-05-22|2024-04-16|2022-03-24 
rlid1435|DjtJUFqk|business line|Retail Banking (Legal Person)|0|2000-11-18|2025-02-21|2022-03-24 
rlid1436|pidPyfqD|business line|Retail Banking (Natural Person)|0|2010-06-06|2013-06-10|2022-03-24 
rlid1437|xpFeZyxf|contract type|Corporate and Investment|0|2010-06-13|2015-04-24|2022-03-24 
rlid1438|XYGFaIHp|contract type|Corporate and Investment|1|2000-07-04|2027-08-21|2022-03-24 
rlid1439|LOcxYOIT|contract type|Retail Banking (Legal Person)|0|2004-07-09|2022-11-19|2022-03-24 
rlid1440|AZtJAvjg|business line|Corporate and Investment|0|2010-08-23|2013-07-08|2022-03-24 
rlid1441|cWbyCmGH|business line|Retail Banking (Legal Person)|0|2002-06-07|2025-07-31|2022-03-24 
rlid1442|xtojAVeN|business line|Retail Banking (Natural Person)|0|2001-02-20|2022-06-19|2022-03-24 
rlid1443|TTznZNbA|contract type|Retail Banking (Natural Person)|1|2005-08-03|2017-07-07|2022-03-24 
rlid1444|LLxIrHAB|business line|Corporate and Investment|0|2009-10-03|2017-12-19|2022-03-24 
rlid1445|BSouVTDj|business line|Retail Banking (Legal Person)|1|2009-12-18|2019-02-02|2022-03-24 
rlid1446|dMrtvHpf|business line|Retail Banking (Legal Person)|1|2006-11-28|2012-07-29|2022-03-24 
rlid1447|QBqoRUFS|contract type|Retail Banking (Legal Person)|1|2000-11-08|2025-10-08|2022-03-24 
rlid1448|MhLLcehT|business line|Retail Banking (Natural Person)|0|2002-07-31|2020-03-08|2022-03-24 
rlid1449|jetIWQtf|business line|Retail Banking (Natural Person)|1|2002-07-30|2029-07-25|2022-03-24 
rlid1450|nKZHPvUz|contract type|Corporate and Investment|0|2004-07-24|2011-12-06|2022-03-24 
rlid1451|ImEGUYcN|contract type|Corporate and Investment|1|2001-03-16|2026-05-02|2022-03-24 
rlid1452|vpGgVvec|business line|Corporate and Investment|1|2010-06-01|2028-06-19|2022-03-24 
rlid1453|wZJGSvUV|contract type|Corporate and Investment|1|2003-03-05|2013-05-26|2022-03-24 
rlid1454|BCQYXNbi|contract type|Retail Banking (Natural Person)|0|2002-12-10|2027-05-07|2022-03-24 
rlid1455|fCTZUhQj|contract type|Retail Banking (Natural Person)|1|2000-10-08|2025-02-07|2022-03-24 
rlid1456|AqIZBuow|business line|Corporate and Investment|0|2009-02-15|2015-11-28|2022-03-24 
rlid1457|CDcaGXpd|business line|Retail Banking (Natural Person)|0|2008-04-27|2024-07-04|2022-03-24 
rlid1458|XlTpZJvU|business line|Corporate and Investment|0|2003-02-12|2018-06-21|2022-03-24 
rlid1459|PeZhiHrn|contract type|Corporate and Investment|0|2006-01-28|2017-04-07|2022-03-24 
rlid1460|KaipzJLf|contract type|Corporate and Investment|0|2005-10-14|2014-08-21|2022-03-24 
rlid1461|NWhLdXcM|business line|Retail Banking (Natural Person)|0|2001-02-17|2020-07-07|2022-03-24 
rlid1462|lBDhoLsZ|business line|Corporate and Investment|1|2006-10-29|2027-07-09|2022-03-24 
rlid1463|qMuDeGmg|contract type|Corporate and Investment|0|2002-03-07|2028-04-20|2022-03-24 
rlid1464|XvVCdJva|business line|Retail Banking (Natural Person)|1|2006-08-12|2018-01-05|2022-03-24 
rlid1465|MPgREiHz|contract type|Corporate and Investment|0|2007-05-26|2030-12-29|2022-03-24 
rlid1466|ghXDoFEW|business line|Retail Banking (Natural Person)|0|2005-07-12|2026-06-29|2022-03-24 
rlid1467|PEtNJzcX|business line|Retail Banking (Legal Person)|1|2000-03-11|2021-12-18|2022-03-24 
rlid1468|oOgsdTHC|contract type|Retail Banking (Natural Person)|1|2009-07-09|2020-12-14|2022-03-24 
rlid1469|dmBDHwuC|business line|Retail Banking (Legal Person)|0|2005-10-13|2018-03-19|2022-03-24 
rlid1470|RgHLSvGB|contract type|Retail Banking (Natural Person)|0|2003-04-25|2025-09-22|2022-03-24 
rlid1471|ylSJcXvc|business line|Retail Banking (Legal Person)|1|2008-01-09|2022-09-06|2022-03-24 
rlid1472|RhVwLijo|business line|Corporate and Investment|0|2010-10-09|2012-01-08|2022-03-24 
rlid1473|JKoRNvxB|business line|Retail Banking (Legal Person)|1|2007-11-09|2025-05-07|2022-03-24 
rlid1474|MVuhuhPT|business line|Retail Banking (Natural Person)|0|2006-01-09|2013-07-12|2022-03-24 
rlid1475|mSRDqwFp|business line|Retail Banking (Legal Person)|1|2003-12-28|2023-12-15|2022-03-24 
rlid1476|XriPAFcg|business line|Retail Banking (Legal Person)|1|2007-11-16|2025-12-23|2022-03-24 
rlid1477|mgHeoJTG|business line|Retail Banking (Legal Person)|1|2003-07-14|2012-11-16|2022-03-24 
rlid1478|ZlxSqwkS|business line|Retail Banking (Legal Person)|1|2006-11-11|2026-05-30|2022-03-24 
rlid1479|eoDiIZVj|business line|Retail Banking (Legal Person)|1|2001-09-08|2019-10-18|2022-03-24 
rlid1480|MOCZoYcF|business line|Retail Banking (Legal Person)|1|2010-11-19|2023-08-08|2022-03-24 
rlid1481|clQOtjrk|contract type|Retail Banking (Legal Person)|1|2008-11-16|2023-05-20|2022-03-24 
rlid1482|ybKvZDaT|contract type|Corporate and Investment|1|2007-09-18|2017-10-08|2022-03-24 
rlid1483|YhbHiINX|business line|Corporate and Investment|1|2007-12-17|2031-04-07|2022-03-24 
rlid1484|eNRxqoce|contract type|Retail Banking (Natural Person)|0|2009-12-05|2024-02-11|2022-03-24 
rlid1485|zGAXDgXl|contract type|Retail Banking (Legal Person)|0|2001-04-14|2011-12-05|2022-03-24 
rlid1486|WZdyXLVL|contract type|Retail Banking (Legal Person)|0|2002-05-06|2013-03-17|2022-03-24 
rlid1487|HCrEAMzD|contract type|Corporate and Investment|1|2006-11-24|2026-11-27|2022-03-24 
rlid1488|NpVvyASI|business line|Retail Banking (Legal Person)|0|2006-09-08|2013-03-28|2022-03-24 
rlid1489|AuWLVZws|business line|Retail Banking (Legal Person)|0|2006-02-15|2019-09-01|2022-03-24 
rlid1490|WeOsymJu|contract type|Corporate and Investment|0|2008-07-08|2016-09-01|2022-03-24 
rlid1491|GFsWyUWV|contract type|Corporate and Investment|1|2006-08-05|2027-11-10|2022-03-24 
rlid1492|fhCTBFyS|contract type|Retail Banking (Natural Person)|1|2008-03-03|2025-02-15|2022-03-24 
rlid1493|XaAZybnu|contract type|Retail Banking (Natural Person)|1|2007-03-24|2019-04-26|2022-03-24 
rlid1494|HWNnRdiD|business line|Corporate and Investment|1|2010-12-06|2021-06-19|2022-03-24 
rlid1495|spcjgPNg|contract type|Corporate and Investment|0|2003-01-26|2018-03-05|2022-03-24 
rlid1496|kLNvOePi|contract type|Retail Banking (Natural Person)|1|2005-12-24|2026-06-16|2022-03-24 
rlid1497|dqbrYbeX|contract type|Corporate and Investment|1|2001-03-18|2013-10-11|2022-03-24 
rlid1498|BKJBHISw|business line|Retail Banking (Legal Person)|0|2000-08-30|2029-08-26|2022-03-24 
rlid1499|LrCPfXZf|contract type|Corporate and Investment|1|2007-12-23|2026-01-19|2022-03-24 
rlid1500|xFuuaiyF|contract type|Retail Banking (Natural Person)|0|2005-10-14|2028-11-29|2022-03-24 
rlid1501|HNoMWADK|business line|Retail Banking (Natural Person)|0|2004-05-04|2015-02-22|2022-03-24 
rlid1502|rwgZVffe|business line|Retail Banking (Natural Person)|1|2003-09-01|2018-11-06|2022-03-24 
rlid1503|tevnzUNN|contract type|Retail Banking (Legal Person)|1|2008-09-07|2025-05-25|2022-03-24 
rlid1504|GEwhFjxH|business line|Retail Banking (Legal Person)|1|2008-07-29|2029-10-29|2022-03-24 
rlid1505|kvZIDNyn|business line|Corporate and Investment|1|2009-09-03|2024-02-07|2022-03-24 
rlid1506|oAyzfdsd|business line|Retail Banking (Legal Person)|1|2004-08-05|2023-07-14|2022-03-24 
rlid1507|NtsXjlId|contract type|Retail Banking (Natural Person)|0|2003-02-20|2027-05-19|2022-03-24 
rlid1508|ELrrroUv|contract type|Corporate and Investment|0|2005-08-17|2017-04-11|2022-03-24 
rlid1509|YYhIUUoE|contract type|Retail Banking (Natural Person)|0|2000-05-20|2011-09-05|2022-03-24 
rlid1510|jtPqNJYG|contract type|Retail Banking (Legal Person)|1|2003-11-27|2014-12-08|2022-03-24 
rlid1511|tcZUBvrm|contract type|Retail Banking (Legal Person)|1|2010-04-04|2011-06-19|2022-03-24 
rlid1512|rSQKpwLI|contract type|Retail Banking (Legal Person)|0|2005-01-01|2023-01-03|2022-03-24 
rlid1513|cEjgJgLA|business line|Retail Banking (Legal Person)|1|2009-08-08|2016-03-14|2022-03-24 
rlid1514|GFMowFpt|contract type|Retail Banking (Natural Person)|1|2006-12-22|2023-03-18|2022-03-24 
rlid1515|JfZWwwbU|contract type|Retail Banking (Legal Person)|0|2002-11-15|2019-09-05|2022-03-24 
rlid1516|macyioAU|business line|Retail Banking (Legal Person)|1|2001-08-30|2030-09-05|2022-03-24 
rlid1517|YmBBUBaQ|contract type|Corporate and Investment|0|2009-11-02|2031-04-24|2022-03-24 
rlid1518|jvZqqiOG|contract type|Retail Banking (Natural Person)|0|2007-08-16|2028-04-04|2022-03-24 
rlid1519|BZogRHFZ|business line|Retail Banking (Legal Person)|0|2010-12-17|2013-10-13|2022-03-24 
rlid1520|PKkvwklL|business line|Corporate and Investment|1|2010-01-27|2014-07-18|2022-03-24 
rlid1521|NmrRSqkr|business line|Retail Banking (Legal Person)|0|2006-09-22|2013-10-27|2022-03-24 
rlid1522|PjhQkyLB|contract type|Retail Banking (Legal Person)|0|2004-12-20|2016-08-25|2022-03-24 
rlid1523|GRhrxWbh|contract type|Retail Banking (Legal Person)|1|2010-09-11|2017-04-19|2022-03-24 
rlid1524|QwFxoZuT|business line|Retail Banking (Legal Person)|0|2005-06-05|2025-04-22|2022-03-24 
rlid1525|dQgxGGQJ|contract type|Retail Banking (Legal Person)|1|2002-02-07|2025-04-02|2022-03-24 
rlid1526|yyYWyozE|business line|Retail Banking (Natural Person)|0|2002-04-18|2027-04-18|2022-03-24 
rlid1527|BianYPHF|contract type|Retail Banking (Legal Person)|0|2002-12-14|2021-05-11|2022-03-24 
rlid1528|ncCiLOzH|contract type|Retail Banking (Legal Person)|0|2000-04-18|2021-04-11|2022-03-24 
rlid1529|HaQQaDVw|contract type|Retail Banking (Legal Person)|0|2009-08-27|2014-12-29|2022-03-24 
rlid1530|OJpeCUMv|contract type|Retail Banking (Legal Person)|1|2010-01-19|2025-04-28|2022-03-24 
rlid1531|aiWsAGsz|business line|Retail Banking (Natural Person)|1|2001-03-02|2030-09-21|2022-03-24 
rlid1532|PfNrtJLq|contract type|Corporate and Investment|0|2010-10-07|2029-11-05|2022-03-24 
rlid1533|yvPYbBEQ|contract type|Retail Banking (Natural Person)|1|2006-11-04|2029-12-14|2022-03-24 
rlid1534|WvKskHcH|contract type|Retail Banking (Legal Person)|1|2004-10-09|2030-03-14|2022-03-24 
rlid1535|SjFICYUO|contract type|Corporate and Investment|1|2010-12-19|2020-04-21|2022-03-24 
rlid1536|myzlsvwf|business line|Retail Banking (Legal Person)|1|2000-09-11|2025-06-23|2022-03-24 
rlid1537|IsyrAmPw|business line|Retail Banking (Natural Person)|0|2008-08-11|2012-11-23|2022-03-24 
rlid1538|RZgktIJe|contract type|Retail Banking (Natural Person)|0|2010-01-23|2023-07-22|2022-03-24 
rlid1539|DLATWNYO|contract type|Corporate and Investment|1|2008-08-30|2025-01-10|2022-03-24 
rlid1540|JzMVTJUk|business line|Retail Banking (Legal Person)|0|2000-11-16|2013-10-21|2022-03-24 
rlid1541|IkAxzGOa|contract type|Retail Banking (Natural Person)|1|2009-05-11|2023-08-08|2022-03-24 
rlid1542|JssVjLzM|business line|Retail Banking (Legal Person)|0|2008-06-11|2028-06-01|2022-03-24 
rlid1543|OkEoFbMC|contract type|Retail Banking (Natural Person)|0|2005-09-25|2017-12-06|2022-03-24 
rlid1544|OtdeoKTV|business line|Corporate and Investment|1|2008-07-07|2018-02-01|2022-03-24 
rlid1545|BkgAwdrr|contract type|Retail Banking (Legal Person)|0|2009-09-30|2027-05-03|2022-03-24 
rlid1546|xxnkeaiF|contract type|Retail Banking (Natural Person)|1|2001-03-02|2025-06-04|2022-03-24 
rlid1547|kGyibJKU|contract type|Retail Banking (Legal Person)|1|2005-06-08|2015-12-03|2022-03-24 
rlid1548|QvAGXsiF|business line|Corporate and Investment|1|2005-06-07|2018-05-10|2022-03-24 
rlid1549|wDdpGmuS|business line|Retail Banking (Legal Person)|1|2008-05-17|2021-03-06|2022-03-24 
rlid1550|mRjnegay|business line|Corporate and Investment|1|2007-08-01|2013-06-02|2022-03-24 
rlid1551|siNFoPRP|contract type|Retail Banking (Legal Person)|0|2005-04-15|2028-09-28|2022-03-24 
rlid1552|AqaRNdYH|business line|Corporate and Investment|1|2004-12-05|2030-09-17|2022-03-24 
rlid1553|WjJxqpPC|business line|Retail Banking (Natural Person)|0|2003-12-24|2016-02-06|2022-03-24 
rlid1554|HiOhvAGF|contract type|Retail Banking (Natural Person)|1|2006-01-14|2012-04-05|2022-03-24 
rlid1555|fAXPREKN|contract type|Corporate and Investment|1|2009-06-13|2016-05-05|2022-03-24 
rlid1556|BwOiGviB|contract type|Retail Banking (Legal Person)|1|2009-05-04|2013-12-11|2022-03-24 
rlid1557|DbvSthPJ|contract type|Retail Banking (Natural Person)|1|2006-07-15|2027-11-24|2022-03-24 
rlid1558|wbCEwbcw|contract type|Retail Banking (Legal Person)|0|2005-08-14|2013-03-05|2022-03-24 
rlid1559|varxPKLv|business line|Retail Banking (Natural Person)|1|2003-03-13|2031-12-06|2022-03-24 
rlid1560|zkgHRrhy|contract type|Retail Banking (Natural Person)|0|2000-08-15|2022-03-31|2022-03-24 
rlid1561|oLBHXnBu|contract type|Retail Banking (Legal Person)|1|2004-11-23|2023-06-18|2022-03-24 
rlid1562|FKZXpGKW|contract type|Retail Banking (Natural Person)|1|2008-05-08|2029-10-15|2022-03-24 
rlid1563|NiZlKvkf|contract type|Retail Banking (Natural Person)|0|2007-05-19|2013-10-27|2022-03-24 
rlid1564|fZZqxxaQ|business line|Retail Banking (Natural Person)|1|2001-05-13|2025-03-10|2022-03-24 
rlid1565|UmwCEnJy|contract type|Retail Banking (Legal Person)|0|2003-08-04|2022-01-08|2022-03-24 
rlid1566|FVuqVbZt|contract type|Retail Banking (Legal Person)|0|2004-10-29|2029-03-02|2022-03-24 
rlid1567|lNoWTvch|business line|Retail Banking (Legal Person)|0|2003-04-30|2020-03-23|2022-03-24 
rlid1568|BPyGsYWP|contract type|Corporate and Investment|0|2008-12-24|2016-03-20|2022-03-24 
rlid1569|OXnsfWRk|business line|Retail Banking (Legal Person)|0|2007-03-07|2025-08-22|2022-03-24 
rlid1570|YTmFHsyc|business line|Retail Banking (Natural Person)|1|2000-06-05|2012-07-11|2022-03-24 
rlid1571|GKPrlNgj|contract type|Retail Banking (Natural Person)|0|2006-10-17|2017-02-04|2022-03-24 
rlid1572|IwFEQnLN|contract type|Retail Banking (Natural Person)|1|2002-09-08|2018-10-22|2022-03-24 
rlid1573|tvWOqAtR|contract type|Retail Banking (Natural Person)|0|2010-01-18|2017-05-14|2022-03-24 
rlid1574|dqCaGXyF|contract type|Retail Banking (Legal Person)|0|2010-07-30|2022-01-05|2022-03-24 
rlid1575|ZJugQEog|business line|Corporate and Investment|1|2003-08-18|2013-03-17|2022-03-24 
rlid1576|tyaidXGx|business line|Corporate and Investment|1|2008-03-22|2029-04-15|2022-03-24 
rlid1577|CaoLMhcj|business line|Corporate and Investment|1|2005-08-03|2030-01-07|2022-03-24 
rlid1578|JunaJTdF|contract type|Corporate and Investment|1|2002-08-18|2031-12-09|2022-03-24 
rlid1579|DYarngiQ|business line|Retail Banking (Legal Person)|1|2006-04-22|2026-09-10|2022-03-24 
rlid1580|WRBRVjlh|contract type|Retail Banking (Legal Person)|0|2006-02-22|2021-07-28|2022-03-24 
rlid1581|jRjGfryL|business line|Corporate and Investment|1|2002-10-01|2030-01-18|2022-03-24 
rlid1582|VbaIAEZZ|business line|Retail Banking (Natural Person)|0|2009-03-12|2014-12-21|2022-03-24 
rlid1583|rVvXerOG|contract type|Corporate and Investment|0|2005-01-26|2018-05-25|2022-03-24 
rlid1584|yAgHYUrS|business line|Corporate and Investment|0|2000-08-19|2029-07-08|2022-03-24 
rlid1585|RXIFHQnI|contract type|Retail Banking (Legal Person)|0|2008-06-05|2024-04-25|2022-03-24 
rlid1586|idBlTSYQ|business line|Corporate and Investment|1|2003-10-29|2011-06-28|2022-03-24 
rlid1587|XPvrftdc|contract type|Retail Banking (Legal Person)|0|2005-04-21|2020-06-11|2022-03-24 
rlid1588|wyayQZOv|business line|Retail Banking (Natural Person)|0|2001-09-20|2016-07-30|2022-03-24 
rlid1589|DHeVReqI|contract type|Corporate and Investment|1|2010-08-12|2031-03-20|2022-03-24 
rlid1590|vNvDRmzv|contract type|Corporate and Investment|0|2002-01-28|2011-12-29|2022-03-24 
rlid1591|SxeqFhnm|contract type|Corporate and Investment|0|2003-09-26|2012-10-02|2022-03-24 
rlid1592|IaYsgrTX|business line|Corporate and Investment|1|2004-11-03|2021-03-23|2022-03-24 
rlid1593|rArMsQfE|business line|Corporate and Investment|0|2004-02-10|2028-02-23|2022-03-24 
rlid1594|FAWXrdNw|contract type|Retail Banking (Natural Person)|1|2006-01-18|2014-08-08|2022-03-24 
rlid1595|pUvLkPRf|contract type|Retail Banking (Natural Person)|1|2001-07-15|2029-03-04|2022-03-24 
rlid1596|vrFwxfcg|business line|Retail Banking (Legal Person)|0|2002-06-29|2011-04-14|2022-03-24 
rlid1597|CTfegoxv|business line|Retail Banking (Legal Person)|1|2004-08-09|2014-10-24|2022-03-24 
rlid1598|xduKFDoL|business line|Retail Banking (Legal Person)|1|2005-07-28|2020-01-12|2022-03-24 
rlid1599|OTIUqEDZ|contract type|Retail Banking (Legal Person)|1|2003-08-26|2022-06-07|2022-03-24 
rlid1600|njvYHVwK|business line|Retail Banking (Legal Person)|0|2006-09-30|2022-08-28|2022-03-24 
rlid1601|SnRLKtPD|business line|Corporate and Investment|0|2007-03-01|2021-08-02|2022-03-24 
rlid1602|PwJpoSng|business line|Corporate and Investment|1|2007-02-24|2012-02-08|2022-03-24 
rlid1603|ZzBfyVVp|contract type|Retail Banking (Legal Person)|0|2004-08-12|2026-01-11|2022-03-24 
rlid1604|TgxiIjAi|business line|Retail Banking (Legal Person)|1|2010-02-26|2025-02-12|2022-03-24 
rlid1605|InMrSawQ|business line|Corporate and Investment|1|2005-08-02|2020-09-06|2022-03-24 
rlid1606|fOhmGedM|contract type|Retail Banking (Natural Person)|1|2005-10-29|2029-10-02|2022-03-24 
rlid1607|Nmediaeu|business line|Retail Banking (Natural Person)|1|2002-11-29|2026-11-05|2022-03-24 
rlid1608|azAbWbLB|business line|Corporate and Investment|0|2007-07-17|2022-10-15|2022-03-24 
rlid1609|lMAUTqSC|business line|Corporate and Investment|0|2004-11-03|2013-09-07|2022-03-24 
rlid1610|vIHnThPR|contract type|Retail Banking (Legal Person)|1|2000-01-22|2014-10-09|2022-03-24 
rlid1611|RPbovmyV|contract type|Corporate and Investment|1|2008-03-28|2030-02-23|2022-03-24 
rlid1612|IFyIqUaX|contract type|Retail Banking (Natural Person)|1|2004-10-23|2022-08-21|2022-03-24 
rlid1613|zyQqMhDu|business line|Retail Banking (Natural Person)|1|2001-08-13|2021-07-17|2022-03-24 
rlid1614|fKTUnIdW|business line|Retail Banking (Natural Person)|1|2003-07-20|2023-11-30|2022-03-24 
rlid1615|EPIsLIZe|contract type|Retail Banking (Natural Person)|1|2007-03-08|2027-06-15|2022-03-24 
rlid1616|WBIXcTCT|business line|Retail Banking (Legal Person)|0|2001-12-02|2029-11-20|2022-03-24 
rlid1617|XfkkoYvB|contract type|Corporate and Investment|0|2002-02-28|2015-01-28|2022-03-24 
rlid1618|URGenDLV|business line|Retail Banking (Natural Person)|0|2003-12-29|2012-12-07|2022-03-24 
rlid1619|qOqulthE|business line|Corporate and Investment|0|2009-09-26|2011-09-08|2022-03-24 
rlid1620|TildjhEg|contract type|Retail Banking (Natural Person)|1|2002-08-07|2012-06-21|2022-03-24 
rlid1621|TjOmpwDb|business line|Retail Banking (Legal Person)|0|2005-12-02|2028-07-26|2022-03-24 
rlid1622|xLdJxRfY|business line|Retail Banking (Legal Person)|0|2000-06-01|2024-12-27|2022-03-24 
rlid1623|evWOrfgi|business line|Retail Banking (Natural Person)|0|2006-07-21|2017-10-24|2022-03-24 
rlid1624|APYVqqXL|business line|Retail Banking (Natural Person)|1|2008-06-15|2014-09-30|2022-03-24 
rlid1625|APeJeJUS|business line|Corporate and Investment|0|2003-01-14|2020-01-31|2022-03-24 
rlid1626|EnkQYpjm|business line|Retail Banking (Legal Person)|0|2002-09-11|2031-05-08|2022-03-24 
rlid1627|FEzAvupV|contract type|Retail Banking (Legal Person)|1|2003-03-02|2030-05-12|2022-03-24 
rlid1628|gXgMdzuA|contract type|Retail Banking (Legal Person)|0|2007-06-17|2012-08-10|2022-03-24 
rlid1629|LxwFmSoB|business line|Retail Banking (Legal Person)|0|2006-07-05|2019-09-14|2022-03-24 
rlid1630|WRYUwdKw|business line|Retail Banking (Natural Person)|1|2001-08-11|2030-11-22|2022-03-24 
rlid1631|nVWBcXqE|business line|Retail Banking (Natural Person)|1|2008-06-05|2016-10-10|2022-03-24 
rlid1632|EdFpGyJH|contract type|Retail Banking (Natural Person)|0|2001-09-27|2018-09-04|2022-03-24 
rlid1633|ZiQqkGDO|contract type|Corporate and Investment|0|2009-11-06|2025-01-05|2022-03-24 
rlid1634|EnRApsDT|contract type|Corporate and Investment|0|2008-07-16|2024-10-06|2022-03-24 
rlid1635|KFPZWuIZ|business line|Corporate and Investment|1|2007-02-01|2016-02-01|2022-03-24 
rlid1636|fyMjbNHb|contract type|Corporate and Investment|0|2005-01-01|2028-09-20|2022-03-24 
rlid1637|OvfUIEbR|business line|Retail Banking (Legal Person)|1|2001-03-26|2013-11-17|2022-03-24 
rlid1638|dHhgTZvX|business line|Corporate and Investment|1|2001-08-25|2028-10-24|2022-03-24 
rlid1639|uAizvkpd|business line|Retail Banking (Natural Person)|0|2001-11-23|2016-11-28|2022-03-24 
rlid1640|wsxUHJFV|contract type|Retail Banking (Legal Person)|1|2005-09-10|2029-09-07|2022-03-24 
rlid1641|caLOPcDf|contract type|Retail Banking (Natural Person)|1|2005-08-02|2030-06-30|2022-03-24 
rlid1642|YkKBbcis|business line|Retail Banking (Legal Person)|1|2001-02-07|2016-11-10|2022-03-24 
rlid1643|HjcyBNyb|contract type|Retail Banking (Legal Person)|0|2003-10-24|2012-04-10|2022-03-24 
rlid1644|mFOYVxLt|business line|Retail Banking (Legal Person)|1|2006-04-27|2029-08-01|2022-03-24 
rlid1645|MwjFiwia|contract type|Corporate and Investment|0|2006-09-19|2031-10-19|2022-03-24 
rlid1646|XdSrUzoI|business line|Retail Banking (Natural Person)|1|2000-07-12|2030-07-09|2022-03-24 
rlid1647|AQOqfsUa|business line|Retail Banking (Natural Person)|1|2006-09-19|2020-07-06|2022-03-24 
rlid1648|MiMLODiA|business line|Retail Banking (Legal Person)|0|2005-03-23|2012-06-08|2022-03-24 
rlid1649|AHXUgkOi|business line|Retail Banking (Legal Person)|0|2006-05-26|2023-02-02|2022-03-24 
rlid1650|VfJWhEwa|business line|Retail Banking (Legal Person)|0|2008-07-19|2029-07-17|2022-03-24 
rlid1651|dTjWowVr|contract type|Retail Banking (Natural Person)|0|2010-08-25|2027-12-07|2022-03-24 
rlid1652|AcEqHkEU|contract type|Retail Banking (Legal Person)|1|2009-03-13|2013-10-14|2022-03-24 
rlid1653|ZAeoyHxs|contract type|Retail Banking (Natural Person)|1|2009-06-22|2024-12-18|2022-03-24 
rlid1654|zXRwuwuv|contract type|Retail Banking (Legal Person)|1|2000-11-10|2014-08-27|2022-03-24 
rlid1655|KmqeZHQC|contract type|Retail Banking (Natural Person)|1|2010-12-04|2025-10-18|2022-03-24 
rlid1656|tfBbhlyJ|contract type|Corporate and Investment|0|2007-02-18|2020-11-07|2022-03-24 
rlid1657|rrFvlNXq|business line|Corporate and Investment|1|2000-04-04|2020-07-10|2022-03-24 
rlid1658|RTNYHMoB|business line|Retail Banking (Natural Person)|1|2008-11-15|2026-09-27|2022-03-24 
rlid1659|vfdaLxUN|business line|Retail Banking (Natural Person)|0|2000-07-02|2014-09-02|2022-03-24 
rlid1660|RjRQxUtQ|contract type|Retail Banking (Natural Person)|0|2000-02-09|2015-04-16|2022-03-24 
rlid1661|HxKyBPmR|business line|Retail Banking (Legal Person)|1|2006-02-25|2028-01-10|2022-03-24 
rlid1662|xtIcuGHI|business line|Retail Banking (Natural Person)|1|2005-06-19|2023-11-25|2022-03-24 
rlid1663|thuVIgrX|contract type|Retail Banking (Legal Person)|1|2010-09-07|2020-02-02|2022-03-24 
rlid1664|TIaXIPYK|contract type|Retail Banking (Legal Person)|1|2000-11-12|2012-07-25|2022-03-24 
rlid1665|OeCfPiIz|contract type|Corporate and Investment|1|2007-12-29|2018-03-26|2022-03-24 
rlid1666|gyrijzQT|contract type|Retail Banking (Natural Person)|1|2001-12-05|2018-03-01|2022-03-24 
rlid1667|gchvjgLE|business line|Corporate and Investment|1|2007-11-03|2028-02-08|2022-03-24 
rlid1668|LZVdfNJj|contract type|Retail Banking (Natural Person)|0|2001-11-16|2026-07-24|2022-03-24 
rlid1669|imXvQaaH|contract type|Retail Banking (Legal Person)|0|2007-09-11|2017-10-07|2022-03-24 
rlid1670|mJUQGDna|contract type|Retail Banking (Legal Person)|0|2004-09-03|2019-01-10|2022-03-24 
rlid1671|ipXDnVfl|business line|Retail Banking (Legal Person)|0|2005-10-28|2021-03-01|2022-03-24 
rlid1672|MAQLztKq|contract type|Retail Banking (Legal Person)|0|2001-08-13|2018-06-26|2022-03-24 
rlid1673|oioJRkxd|contract type|Corporate and Investment|1|2010-12-02|2016-02-23|2022-03-24 
rlid1674|IKWUsMyr|business line|Retail Banking (Natural Person)|1|2000-09-16|2011-09-25|2022-03-24 
rlid1675|fhGhAHze|business line|Retail Banking (Legal Person)|1|2010-11-17|2029-06-22|2022-03-24 
rlid1676|vZaoAadO|business line|Corporate and Investment|1|2009-12-10|2012-04-24|2022-03-24 
rlid1677|yOPVSfRC|business line|Retail Banking (Legal Person)|1|2005-11-11|2017-03-09|2022-03-24 
rlid1678|eYUUayhI|contract type|Corporate and Investment|1|2000-04-02|2021-02-28|2022-03-24 
rlid1679|wUVSekYw|contract type|Corporate and Investment|1|2005-04-18|2024-01-21|2022-03-24 
rlid1680|ylGoWEqe|contract type|Corporate and Investment|1|2008-10-23|2024-03-22|2022-03-24 
rlid1681|kDfUzhcA|contract type|Retail Banking (Legal Person)|0|2008-11-11|2015-10-24|2022-03-24 
rlid1682|HcplxsWB|contract type|Retail Banking (Natural Person)|0|2001-05-14|2012-07-29|2022-03-24 
rlid1683|jqPXJdOB|business line|Retail Banking (Legal Person)|1|2008-07-07|2027-04-14|2022-03-24 
rlid1684|CGkyhywb|contract type|Retail Banking (Natural Person)|0|2003-08-15|2024-01-04|2022-03-24 
rlid1685|upPTvBbZ|business line|Corporate and Investment|1|2002-06-08|2022-07-23|2022-03-24 
rlid1686|wytHGHYE|business line|Retail Banking (Natural Person)|0|2005-09-15|2028-11-03|2022-03-24 
rlid1687|QYmfQIDx|contract type|Retail Banking (Legal Person)|0|2000-06-04|2030-12-03|2022-03-24 
rlid1688|EyqDtoYs|business line|Retail Banking (Legal Person)|1|2002-01-01|2017-03-07|2022-03-24 
rlid1689|cwtigKVD|business line|Corporate and Investment|0|2002-03-30|2030-05-04|2022-03-24 
rlid1690|juAYtCNJ|contract type|Retail Banking (Natural Person)|1|2004-11-29|2019-11-05|2022-03-24 
rlid1691|XvBPksAo|business line|Retail Banking (Natural Person)|1|2009-04-28|2025-05-05|2022-03-24 
rlid1692|CgCbzUTa|business line|Retail Banking (Legal Person)|1|2001-09-15|2031-10-29|2022-03-24 
rlid1693|xGBpCOhh|contract type|Retail Banking (Natural Person)|1|2006-01-02|2029-05-30|2022-03-24 
rlid1694|DcTDffrB|business line|Retail Banking (Legal Person)|1|2009-05-24|2020-08-31|2022-03-24 
rlid1695|DgSRVsil|contract type|Retail Banking (Natural Person)|1|2009-08-28|2031-10-29|2022-03-24 
rlid1696|wofJZzpc|business line|Retail Banking (Legal Person)|1|2010-09-11|2028-06-01|2022-03-24 
rlid1697|xaBAetNa|contract type|Retail Banking (Natural Person)|0|2002-07-20|2028-10-12|2022-03-24 
rlid1698|CGMsoGFy|contract type|Retail Banking (Natural Person)|0|2001-07-22|2019-09-23|2022-03-24 
rlid1699|RMGUzJFZ|business line|Corporate and Investment|0|2004-09-03|2025-08-04|2022-03-24 
rlid1700|NHVdCOMD|business line|Corporate and Investment|1|2002-06-10|2019-08-06|2022-03-24 
rlid1701|RvZuaJRY|contract type|Retail Banking (Natural Person)|0|2003-03-12|2018-10-13|2022-03-24 
rlid1702|BrmCHtMc|business line|Corporate and Investment|1|2010-09-18|2023-08-14|2022-03-24 
rlid1703|BSKvjXXD|business line|Retail Banking (Natural Person)|0|2004-04-06|2019-07-19|2022-03-24 
rlid1704|ZYXCCYqH|business line|Retail Banking (Natural Person)|1|2000-08-21|2024-10-13|2022-03-24 
rlid1705|jpROrgBJ|contract type|Retail Banking (Natural Person)|0|2002-05-19|2014-11-12|2022-03-24 
rlid1706|xBMgOvCz|business line|Retail Banking (Natural Person)|0|2007-03-15|2020-05-27|2022-03-24 
rlid1707|NaBiAgJI|business line|Retail Banking (Natural Person)|0|2000-10-14|2024-06-16|2022-03-24 
rlid1708|kwMKgLcS|contract type|Retail Banking (Natural Person)|1|2002-08-11|2011-12-05|2022-03-24 
rlid1709|mzbfDinM|business line|Corporate and Investment|0|2001-09-15|2022-03-22|2022-03-24 
rlid1710|JTQsbGTf|business line|Retail Banking (Natural Person)|0|2000-04-04|2022-05-18|2022-03-24 
rlid1711|yYVlSAka|business line|Retail Banking (Legal Person)|1|2000-02-17|2021-09-23|2022-03-24 
rlid1712|sXTmubUs|contract type|Corporate and Investment|1|2003-08-11|2015-10-22|2022-03-24 
rlid1713|NEImedFZ|contract type|Corporate and Investment|1|2003-11-13|2025-03-30|2022-03-24 
rlid1714|oyUqdpYx|contract type|Retail Banking (Legal Person)|0|2002-06-23|2011-11-04|2022-03-24 
rlid1715|rOwvNuGf|business line|Retail Banking (Legal Person)|0|2000-04-15|2030-09-17|2022-03-24 
rlid1716|iZQPmRzE|business line|Retail Banking (Natural Person)|0|2007-04-21|2022-08-23|2022-03-24 
rlid1717|zDtBYhFR|contract type|Corporate and Investment|0|2003-07-15|2011-05-30|2022-03-24 
rlid1718|TbdOGONu|contract type|Corporate and Investment|0|2010-09-17|2015-03-04|2022-03-24 
rlid1719|rCAbbIfb|business line|Retail Banking (Natural Person)|1|2009-08-19|2013-01-05|2022-03-24 
rlid1720|wAwPCWCG|contract type|Corporate and Investment|0|2007-09-12|2031-04-18|2022-03-24 
rlid1721|GUBGUzxk|contract type|Retail Banking (Legal Person)|0|2009-02-16|2026-09-14|2022-03-24 
rlid1722|BVVjyIOm|contract type|Corporate and Investment|1|2001-05-09|2011-09-02|2022-03-24 
rlid1723|shBCKsNU|contract type|Retail Banking (Legal Person)|1|2002-07-15|2012-01-29|2022-03-24 
rlid1724|EhJnvQwM|contract type|Retail Banking (Legal Person)|1|2010-08-04|2024-02-07|2022-03-24 
rlid1725|mlYszDAT|business line|Retail Banking (Natural Person)|0|2000-04-09|2014-04-29|2022-03-24 
rlid1726|DLgvhQrr|contract type|Retail Banking (Legal Person)|0|2004-12-13|2022-12-26|2022-03-24 
rlid1727|CRaiyksJ|business line|Corporate and Investment|1|2001-03-24|2015-12-15|2022-03-24 
rlid1728|KQGQVelE|business line|Retail Banking (Natural Person)|0|2007-09-06|2029-10-21|2022-03-24 
rlid1729|XAAiAjja|business line|Retail Banking (Legal Person)|1|2000-02-22|2011-12-01|2022-03-24 
rlid1730|UPPXCFUc|contract type|Retail Banking (Natural Person)|0|2006-04-01|2027-07-08|2022-03-24 
rlid1731|BJcBEIau|business line|Retail Banking (Legal Person)|1|2006-11-03|2018-12-27|2022-03-24 
rlid1732|ddujtfhZ|contract type|Corporate and Investment|1|2007-03-15|2021-02-03|2022-03-24 
rlid1733|QUgqYuKh|contract type|Corporate and Investment|1|2008-04-11|2025-05-09|2022-03-24 
rlid1734|phxHsAHQ|contract type|Retail Banking (Legal Person)|0|2008-07-04|2011-04-01|2022-03-24 
rlid1735|XsiRnjzx|contract type|Retail Banking (Legal Person)|0|2006-03-15|2011-11-08|2022-03-24 
rlid1736|aKEUXphj|contract type|Corporate and Investment|1|2001-11-27|2013-04-09|2022-03-24 
rlid1737|SsxbeuUf|contract type|Corporate and Investment|0|2004-02-03|2031-09-20|2022-03-24 
rlid1738|GrPLmSOX|business line|Retail Banking (Natural Person)|1|2005-02-22|2023-07-24|2022-03-24 
rlid1739|FPfsuQVs|contract type|Retail Banking (Legal Person)|0|2005-04-30|2025-04-29|2022-03-24 
rlid1740|wKHyXuVw|contract type|Retail Banking (Natural Person)|0|2009-11-28|2024-05-20|2022-03-24 
rlid1741|JkREczYf|business line|Retail Banking (Natural Person)|1|2010-03-27|2016-10-09|2022-03-24 
rlid1742|tphbhllp|business line|Retail Banking (Natural Person)|0|2005-06-07|2024-03-13|2022-03-24 
rlid1743|XoxnNabc|business line|Retail Banking (Legal Person)|0|2008-10-23|2022-11-05|2022-03-24 
rlid1744|KLfoFwnD|business line|Corporate and Investment|0|2010-10-31|2019-06-25|2022-03-24 
rlid1745|aiahvlyc|business line|Retail Banking (Natural Person)|0|2002-02-25|2012-01-22|2022-03-24 
rlid1746|fPHZHQGK|contract type|Retail Banking (Legal Person)|0|2004-02-01|2026-03-05|2022-03-24 
rlid1747|bkPsGyYC|business line|Retail Banking (Natural Person)|1|2010-01-08|2018-01-05|2022-03-24 
rlid1748|ZEDJjcus|business line|Retail Banking (Natural Person)|1|2006-03-20|2018-02-15|2022-03-24 
rlid1749|wAzoBssC|contract type|Retail Banking (Legal Person)|1|2002-04-17|2028-06-19|2022-03-24 
rlid1750|nUmHHxUs|contract type|Corporate and Investment|0|2010-03-22|2018-08-22|2022-03-24 
rlid1751|KuGwSaMX|business line|Retail Banking (Legal Person)|0|2006-08-30|2017-10-30|2022-03-24 
rlid1752|vjypSTyS|business line|Corporate and Investment|1|2008-02-28|2026-04-15|2022-03-24 
rlid1753|NTYqrLeN|contract type|Corporate and Investment|0|2003-04-08|2027-12-17|2022-03-24 
rlid1754|ALlaVwZD|contract type|Retail Banking (Legal Person)|0|2003-03-02|2025-12-06|2022-03-24 
rlid1755|dxGopDJG|business line|Retail Banking (Natural Person)|0|2007-07-01|2011-09-23|2022-03-24 
rlid1756|WxuwGJpg|contract type|Corporate and Investment|1|2010-07-21|2020-08-11|2022-03-24 
rlid1757|UFbyMfzs|contract type|Retail Banking (Legal Person)|0|2007-10-17|2023-11-20|2022-03-24 
rlid1758|AdVFKvKM|business line|Retail Banking (Natural Person)|1|2005-04-16|2022-10-08|2022-03-24 
rlid1759|ylUfhubX|contract type|Corporate and Investment|1|2004-02-02|2014-01-31|2022-03-24 
rlid1760|rrzYPipC|business line|Corporate and Investment|1|2010-02-20|2016-08-26|2022-03-24 
rlid1761|GXrDbUEk|business line|Retail Banking (Natural Person)|1|2002-04-20|2011-04-21|2022-03-24 
rlid1762|svzXvgJz|contract type|Retail Banking (Legal Person)|0|2002-10-19|2031-04-29|2022-03-24 
rlid1763|TJeylUTL|contract type|Corporate and Investment|0|2001-01-26|2027-03-23|2022-03-24 
rlid1764|nOJQGexo|business line|Retail Banking (Legal Person)|0|2008-02-03|2028-03-14|2022-03-24 
rlid1765|zmIMQJLh|business line|Corporate and Investment|0|2009-05-27|2024-07-12|2022-03-24 
rlid1766|wwZqZqCf|business line|Retail Banking (Legal Person)|0|2008-03-21|2012-03-28|2022-03-24 
rlid1767|JCLjMpVZ|contract type|Retail Banking (Natural Person)|1|2000-12-05|2016-09-15|2022-03-24 
rlid1768|maSHoSeD|business line|Retail Banking (Natural Person)|1|2010-07-15|2017-11-24|2022-03-24 
rlid1769|PmwBGAfT|business line|Corporate and Investment|0|2006-09-11|2016-02-22|2022-03-24 
rlid1770|wtWVSbIK|contract type|Corporate and Investment|1|2008-11-30|2025-12-18|2022-03-24 
rlid1771|PqOxFIzE|contract type|Retail Banking (Natural Person)|0|2006-06-15|2013-12-13|2022-03-24 
rlid1772|fNAzrPtr|contract type|Retail Banking (Natural Person)|0|2006-11-14|2015-05-08|2022-03-24 
rlid1773|NMBGlpBC|business line|Retail Banking (Legal Person)|0|2007-01-17|2011-06-29|2022-03-24 
rlid1774|YBTQXEum|contract type|Retail Banking (Natural Person)|0|2007-09-21|2013-09-19|2022-03-24 
rlid1775|FWWogkMe|business line|Corporate and Investment|1|2008-11-16|2031-03-05|2022-03-24 
rlid1776|AiFLNMPi|contract type|Retail Banking (Legal Person)|1|2001-05-06|2017-10-31|2022-03-24 
rlid1777|WxFOqKmL|contract type|Retail Banking (Natural Person)|0|2010-07-09|2028-12-02|2022-03-24 
rlid1778|kiTabEQo|contract type|Retail Banking (Legal Person)|1|2008-05-16|2027-03-02|2022-03-24 
rlid1779|DlEFkEgv|business line|Retail Banking (Natural Person)|1|2001-04-23|2017-12-16|2022-03-24 
rlid1780|AxnoxRzQ|business line|Corporate and Investment|1|2010-10-29|2022-01-03|2022-03-24 
rlid1781|ekSFJsOh|business line|Retail Banking (Natural Person)|1|2004-12-04|2011-11-06|2022-03-24 
rlid1782|sGgkNWCI|contract type|Retail Banking (Legal Person)|1|2005-01-11|2027-07-15|2022-03-24 
rlid1783|GLEuFHJK|contract type|Corporate and Investment|1|2009-05-18|2011-08-27|2022-03-24 
rlid1784|aGWmvdjj|contract type|Corporate and Investment|1|2003-03-06|2022-08-08|2022-03-24 
rlid1785|mHghWLyq|business line|Retail Banking (Natural Person)|1|2006-07-03|2016-10-26|2022-03-24 
rlid1786|HZMFjwLs|contract type|Retail Banking (Natural Person)|0|2009-09-24|2029-02-08|2022-03-24 
rlid1787|bUHeYaHs|contract type|Retail Banking (Natural Person)|0|2008-02-11|2019-04-28|2022-03-24 
rlid1788|fDgRhaHP|contract type|Retail Banking (Legal Person)|1|2003-12-25|2028-12-16|2022-03-24 
rlid1789|JlteiBAl|contract type|Retail Banking (Legal Person)|1|2008-08-29|2015-12-12|2022-03-24 
rlid1790|zTXMtMlJ|contract type|Retail Banking (Legal Person)|1|2004-03-27|2017-03-31|2022-03-24 
rlid1791|qqpnlMvL|business line|Corporate and Investment|0|2000-09-11|2011-11-18|2022-03-24 
rlid1792|QVumKxPT|business line|Retail Banking (Legal Person)|1|2009-12-30|2022-05-22|2022-03-24 
rlid1793|DoxpicAS|contract type|Retail Banking (Legal Person)|0|2008-06-03|2031-01-04|2022-03-24 
rlid1794|BJeCGEUO|contract type|Retail Banking (Natural Person)|0|2005-02-21|2018-01-10|2022-03-24 
rlid1795|IFpvbeGd|contract type|Retail Banking (Natural Person)|0|2008-05-02|2023-07-12|2022-03-24 
rlid1796|FsWeJGBP|contract type|Corporate and Investment|0|2005-10-13|2019-10-03|2022-03-24 
rlid1797|IvhAFmkF|contract type|Retail Banking (Natural Person)|1|2006-04-01|2027-11-07|2022-03-24 
rlid1798|jTwOeMEU|contract type|Retail Banking (Legal Person)|0|2006-09-08|2030-02-09|2022-03-24 
rlid1799|fpWwAflA|business line|Retail Banking (Natural Person)|0|2009-08-21|2012-10-01|2022-03-24 
rlid1800|nKiWMTuB|business line|Retail Banking (Legal Person)|1|2008-07-23|2014-05-13|2022-03-24 
rlid1801|iKPrNDIv|contract type|Corporate and Investment|1|2004-01-02|2018-09-16|2022-03-24 
rlid1802|MXoHbSko|business line|Retail Banking (Legal Person)|0|2009-01-22|2021-02-14|2022-03-24 
rlid1803|owIAkXkU|business line|Retail Banking (Legal Person)|0|2004-09-25|2030-07-27|2022-03-24 
rlid1804|hIOtZYNF|business line|Retail Banking (Natural Person)|0|2007-06-16|2024-04-22|2022-03-24 
rlid1805|kfxhMzBf|business line|Retail Banking (Legal Person)|1|2008-04-30|2031-06-29|2022-03-24 
rlid1806|rOMWmNXl|business line|Corporate and Investment|0|2001-07-14|2013-11-26|2022-03-24 
rlid1807|szuPnFCR|business line|Retail Banking (Natural Person)|1|2001-02-09|2018-12-07|2022-03-24 
rlid1808|fjzuMRgK|contract type|Retail Banking (Legal Person)|1|2004-09-30|2027-07-01|2022-03-24 
rlid1809|VEhElnCp|business line|Retail Banking (Legal Person)|1|2003-02-28|2011-02-10|2022-03-24 
rlid1810|LZOiRDUA|contract type|Retail Banking (Natural Person)|1|2002-01-03|2030-02-16|2022-03-24 
rlid1811|tXYtSQzu|business line|Retail Banking (Natural Person)|1|2001-05-21|2014-09-28|2022-03-24 
rlid1812|jFvyLDhS|business line|Retail Banking (Natural Person)|1|2008-10-15|2028-05-28|2022-03-24 
rlid1813|mTbQvMaF|contract type|Corporate and Investment|0|2006-01-29|2017-04-20|2022-03-24 
rlid1814|FeMnjYhl|contract type|Corporate and Investment|1|2002-01-09|2013-07-18|2022-03-24 
rlid1815|beRbdKto|business line|Corporate and Investment|0|2006-05-26|2014-02-10|2022-03-24 
rlid1816|CPDjhUIS|business line|Retail Banking (Natural Person)|1|2002-09-05|2015-02-14|2022-03-24 
rlid1817|CHFcfohf|business line|Retail Banking (Legal Person)|0|2008-03-21|2015-09-25|2022-03-24 
rlid1818|rAyuvLIL|business line|Retail Banking (Legal Person)|1|2006-07-16|2023-09-17|2022-03-24 
rlid1819|rEFQoztC|contract type|Retail Banking (Legal Person)|1|2003-09-04|2011-04-15|2022-03-24 
rlid1820|BbTdTMVI|business line|Retail Banking (Legal Person)|1|2003-09-28|2016-08-11|2022-03-24 
rlid1821|TeMelwTc|business line|Retail Banking (Legal Person)|1|2004-08-13|2030-05-19|2022-03-24 
rlid1822|qxHpvBiI|contract type|Retail Banking (Legal Person)|1|2004-02-04|2029-05-27|2022-03-24 
rlid1823|GZvGZXhF|business line|Corporate and Investment|1|2001-12-01|2020-09-08|2022-03-24 
rlid1824|eOqGSsVN|contract type|Retail Banking (Legal Person)|1|2006-04-05|2011-05-12|2022-03-24 
rlid1825|JNVegHCG|contract type|Retail Banking (Legal Person)|1|2010-07-08|2017-09-24|2022-03-24 
rlid1826|AYgnFpJx|business line|Retail Banking (Natural Person)|1|2008-04-01|2024-03-08|2022-03-24 
rlid1827|SBkJvNUo|contract type|Retail Banking (Natural Person)|1|2000-05-16|2012-06-18|2022-03-24 
rlid1828|OMZKygqB|contract type|Retail Banking (Legal Person)|1|2007-10-11|2022-04-22|2022-03-24 
rlid1829|XKLSijBY|business line|Retail Banking (Legal Person)|1|2006-10-09|2017-06-26|2022-03-24 
rlid1830|vfQfTizT|contract type|Corporate and Investment|0|2010-06-04|2021-04-27|2022-03-24 
rlid1831|IYoCmpiA|contract type|Retail Banking (Natural Person)|0|2007-10-20|2011-02-11|2022-03-24 
rlid1832|euuRuMrZ|contract type|Retail Banking (Natural Person)|0|2005-07-29|2028-10-28|2022-03-24 
rlid1833|lsEEAQll|contract type|Retail Banking (Natural Person)|0|2010-06-03|2017-03-04|2022-03-24 
rlid1834|wVAoCNRa|contract type|Retail Banking (Legal Person)|0|2009-05-22|2024-03-13|2022-03-24 
rlid1835|pKvDecIA|business line|Corporate and Investment|1|2002-07-28|2031-08-29|2022-03-24 
rlid1836|MmGEwpmE|contract type|Retail Banking (Natural Person)|1|2002-11-06|2021-12-10|2022-03-24 
rlid1837|WgjidhsB|business line|Retail Banking (Legal Person)|1|2000-08-25|2011-04-26|2022-03-24 
rlid1838|seQomkeb|contract type|Retail Banking (Natural Person)|0|2001-12-15|2022-09-09|2022-03-24 
rlid1839|XvHmyzlS|business line|Retail Banking (Natural Person)|0|2009-08-01|2011-01-27|2022-03-24 
rlid1840|nhbprOBP|contract type|Retail Banking (Legal Person)|1|2001-04-07|2020-03-10|2022-03-24 
rlid1841|Gwvkqcrh|contract type|Corporate and Investment|0|2005-10-02|2013-05-04|2022-03-24 
rlid1842|yfdhKbPQ|business line|Corporate and Investment|0|2010-06-03|2023-05-03|2022-03-24 
rlid1843|ItIjzGtO|contract type|Retail Banking (Legal Person)|1|2008-01-23|2027-08-15|2022-03-24 
rlid1844|ijERnnkR|contract type|Corporate and Investment|1|2008-05-28|2019-08-30|2022-03-24 
rlid1845|HDPYMQZs|contract type|Corporate and Investment|0|2007-04-02|2019-12-31|2022-03-24 
rlid1846|cQxyqyGw|business line|Corporate and Investment|1|2005-07-12|2019-02-24|2022-03-24 
rlid1847|gbbmhQSh|contract type|Retail Banking (Legal Person)|0|2001-11-01|2026-04-01|2022-03-24 
rlid1848|TORctARE|contract type|Retail Banking (Legal Person)|0|2001-10-16|2021-07-06|2022-03-24 
rlid1849|RdDRydzk|contract type|Retail Banking (Legal Person)|0|2006-02-15|2020-07-27|2022-03-24 
rlid1850|yTCPNgZI|business line|Retail Banking (Natural Person)|1|2003-09-01|2020-11-03|2022-03-24 
rlid1851|yafHkBjj|contract type|Retail Banking (Legal Person)|0|2004-06-06|2015-12-03|2022-03-24 
rlid1852|AZbFuant|business line|Retail Banking (Natural Person)|0|2005-10-28|2022-11-14|2022-03-24 
rlid1853|AYihryhx|contract type|Retail Banking (Legal Person)|0|2005-03-02|2023-09-05|2022-03-24 
rlid1854|KxmOxbym|business line|Corporate and Investment|0|2002-03-16|2028-09-09|2022-03-24 
rlid1855|yapShWXV|contract type|Retail Banking (Natural Person)|0|2004-06-28|2017-06-09|2022-03-24 
rlid1856|TSrjjuHv|business line|Retail Banking (Natural Person)|0|2008-04-03|2012-06-21|2022-03-24 
rlid1857|KLmmStmp|contract type|Retail Banking (Natural Person)|0|2001-08-27|2016-03-25|2022-03-24 
rlid1858|cwCgHPmY|contract type|Corporate and Investment|0|2010-10-15|2025-11-26|2022-03-24 
rlid1859|YigFxgqC|contract type|Retail Banking (Legal Person)|0|2005-12-18|2028-03-24|2022-03-24 
rlid1860|oyxOulox|contract type|Retail Banking (Legal Person)|1|2007-03-23|2013-06-19|2022-03-24 
rlid1861|ndxVBZBq|business line|Retail Banking (Natural Person)|0|2003-01-21|2023-08-02|2022-03-24 
rlid1862|MYBdyFMG|business line|Retail Banking (Legal Person)|0|2006-05-15|2027-04-13|2022-03-24 
rlid1863|SAYEfJxN|business line|Retail Banking (Natural Person)|0|2004-04-16|2028-02-05|2022-03-24 
rlid1864|RQQtKhOq|contract type|Corporate and Investment|1|2004-03-05|2020-11-10|2022-03-24 
rlid1865|yBuhhRnl|business line|Retail Banking (Legal Person)|1|2004-02-04|2020-09-29|2022-03-24 
rlid1866|gPmwreHn|contract type|Corporate and Investment|1|2000-10-20|2026-03-06|2022-03-24 
rlid1867|jbMisSsA|business line|Corporate and Investment|0|2001-02-23|2026-01-14|2022-03-24 
rlid1868|yFjrnpct|business line|Retail Banking (Legal Person)|0|2001-06-15|2024-09-29|2022-03-24 
rlid1869|pHjPwpEQ|contract type|Corporate and Investment|1|2005-06-06|2031-02-01|2022-03-24 
rlid1870|rQybWhxQ|contract type|Retail Banking (Legal Person)|1|2010-08-31|2020-04-13|2022-03-24 
rlid1871|benWdxhx|contract type|Retail Banking (Legal Person)|0|2007-06-25|2027-10-10|2022-03-24 
rlid1872|MDUALfoS|contract type|Corporate and Investment|0|2003-04-29|2016-12-23|2022-03-24 
rlid1873|IjLMXliK|business line|Retail Banking (Natural Person)|0|2006-04-30|2031-11-10|2022-03-24 
rlid1874|SYYsUXIO|business line|Retail Banking (Natural Person)|0|2000-11-12|2028-06-30|2022-03-24 
rlid1875|OkQaVcum|business line|Retail Banking (Natural Person)|1|2009-05-07|2027-11-15|2022-03-24 
rlid1876|HcsldJra|contract type|Retail Banking (Natural Person)|0|2007-10-26|2019-04-11|2022-03-24 
rlid1877|efyRFpMs|business line|Corporate and Investment|1|2004-12-26|2015-07-03|2022-03-24 
rlid1878|IHPAPmqr|contract type|Retail Banking (Legal Person)|0|2000-06-18|2019-04-05|2022-03-24 
rlid1879|MUhEDuCN|business line|Retail Banking (Natural Person)|0|2007-10-09|2026-11-17|2022-03-24 
rlid1880|kalYRXks|business line|Retail Banking (Natural Person)|0|2002-08-14|2030-10-22|2022-03-24 
rlid1881|APqEhMrh|business line|Corporate and Investment|0|2005-10-16|2023-07-12|2022-03-24 
rlid1882|VHnXcQtw|business line|Retail Banking (Legal Person)|0|2010-12-29|2017-12-24|2022-03-24 
rlid1883|NjSAtvJZ|business line|Retail Banking (Natural Person)|1|2007-12-07|2021-02-24|2022-03-24 
rlid1884|bbWTMNgT|contract type|Corporate and Investment|1|2008-09-28|2024-02-20|2022-03-24 
rlid1885|HYbLJhnx|contract type|Retail Banking (Legal Person)|1|2005-06-23|2023-09-22|2022-03-24 
rlid1886|SDyFpNXn|contract type|Corporate and Investment|1|2002-04-09|2024-12-18|2022-03-24 
rlid1887|dauyVwrr|business line|Retail Banking (Legal Person)|1|2006-03-07|2015-10-09|2022-03-24 
rlid1888|WIyJzCQf|contract type|Retail Banking (Natural Person)|0|2008-08-13|2027-01-30|2022-03-24 
rlid1889|ALUWZVrH|contract type|Retail Banking (Natural Person)|1|2009-03-21|2015-01-31|2022-03-24 
rlid1890|yHTrhgzT|contract type|Retail Banking (Legal Person)|1|2007-07-10|2022-12-06|2022-03-24 
rlid1891|LbRdbaUo|business line|Retail Banking (Legal Person)|0|2010-12-15|2012-03-19|2022-03-24 
rlid1892|kyOyVPZX|business line|Corporate and Investment|1|2008-06-30|2019-06-05|2022-03-24 
rlid1893|NZOLiian|business line|Retail Banking (Natural Person)|0|2004-11-08|2017-12-11|2022-03-24 
rlid1894|RLTufhEs|contract type|Corporate and Investment|0|2001-05-17|2017-08-15|2022-03-24 
rlid1895|NAHfLRzZ|business line|Retail Banking (Natural Person)|0|2002-03-23|2021-02-26|2022-03-24 
rlid1896|JtsjaGKj|business line|Retail Banking (Natural Person)|0|2001-02-14|2023-08-31|2022-03-24 
rlid1897|nwZkniuo|business line|Retail Banking (Natural Person)|1|2004-11-01|2011-08-22|2022-03-24 
rlid1898|lTLluWaP|contract type|Retail Banking (Legal Person)|1|2003-11-25|2016-04-15|2022-03-24 
rlid1899|JQZOTIqz|business line|Retail Banking (Legal Person)|1|2000-02-26|2027-03-25|2022-03-24 
rlid1900|kaDlFcKC|business line|Retail Banking (Legal Person)|0|2005-08-31|2025-11-24|2022-03-24 
rlid1901|HBcWMrDh|contract type|Corporate and Investment|1|2003-03-26|2011-12-24|2022-03-24 
rlid1902|ZKKXoDAQ|contract type|Retail Banking (Natural Person)|0|2006-08-24|2023-09-25|2022-03-24 
rlid1903|kyMtajAn|business line|Retail Banking (Legal Person)|1|2010-08-19|2011-03-31|2022-03-24 
rlid1904|jNgKrEBc|business line|Corporate and Investment|0|2007-12-11|2019-10-23|2022-03-24 
rlid1905|jpxLVVMV|business line|Retail Banking (Legal Person)|0|2000-11-10|2020-10-25|2022-03-24 
rlid1906|clgxVlip|business line|Retail Banking (Legal Person)|1|2008-02-29|2019-06-27|2022-03-24 
rlid1907|KIknlfUC|contract type|Retail Banking (Natural Person)|1|2005-11-11|2028-12-10|2022-03-24 
rlid1908|JAaAnhfE|business line|Corporate and Investment|0|2010-12-20|2024-02-05|2022-03-24 
rlid1909|HkiKAIox|contract type|Retail Banking (Natural Person)|1|2003-10-31|2021-01-12|2022-03-24 
rlid1910|grNJVBnc|business line|Retail Banking (Legal Person)|0|2004-03-11|2019-02-01|2022-03-24 
rlid1911|SSDiIeoD|contract type|Corporate and Investment|0|2006-07-11|2016-02-20|2022-03-24 
rlid1912|OlJdRvfv|contract type|Retail Banking (Natural Person)|0|2005-10-21|2020-03-30|2022-03-24 
rlid1913|zgAxOrSF|contract type|Retail Banking (Natural Person)|0|2000-12-07|2020-04-09|2022-03-24 
rlid1914|UhvNsXWR|contract type|Retail Banking (Natural Person)|0|2005-03-05|2024-01-06|2022-03-24 
rlid1915|XEknGOnq|business line|Retail Banking (Legal Person)|1|2000-02-12|2013-07-01|2022-03-24 
rlid1916|VYqiNKac|contract type|Retail Banking (Natural Person)|0|2002-08-29|2014-05-26|2022-03-24 
rlid1917|wRUVGNIE|contract type|Corporate and Investment|1|2010-12-27|2016-11-21|2022-03-24 
rlid1918|yJWIxCjQ|business line|Retail Banking (Legal Person)|0|2006-05-25|2020-09-04|2022-03-24 
rlid1919|IMAVHCkr|business line|Corporate and Investment|0|2001-09-19|2016-06-10|2022-03-24 
rlid1920|ZQbwXqJr|business line|Retail Banking (Legal Person)|1|2003-01-04|2026-03-02|2022-03-24 
rlid1921|BjfkdbKz|contract type|Corporate and Investment|0|2009-11-11|2028-08-21|2022-03-24 
rlid1922|dLequDHL|contract type|Corporate and Investment|1|2006-06-23|2023-01-02|2022-03-24 
rlid1923|WFqNpGPS|contract type|Corporate and Investment|1|2004-01-10|2031-10-12|2022-03-24 
rlid1924|ZjslopFn|business line|Retail Banking (Legal Person)|1|2000-07-15|2028-10-17|2022-03-24 
rlid1925|gbvMsKzl|contract type|Corporate and Investment|0|2009-12-01|2022-11-03|2022-03-24 
rlid1926|qnmXbKZm|contract type|Retail Banking (Natural Person)|0|2009-06-23|2011-09-06|2022-03-24 
rlid1927|PoljCWWL|business line|Retail Banking (Natural Person)|0|2006-08-10|2019-01-28|2022-03-24 
rlid1928|CSRVIduf|business line|Retail Banking (Natural Person)|1|2002-04-06|2016-07-13|2022-03-24 
rlid1929|nspPrjDM|business line|Retail Banking (Legal Person)|0|2000-10-13|2017-10-31|2022-03-24 
rlid1930|cPqfRiBg|contract type|Retail Banking (Natural Person)|1|2004-04-26|2030-08-26|2022-03-24 
rlid1931|cQjtRBhP|contract type|Corporate and Investment|0|2000-03-26|2011-01-26|2022-03-24 
rlid1932|szDWqpQg|contract type|Corporate and Investment|1|2002-05-21|2015-05-17|2022-03-24 
rlid1933|gGaJFjMB|business line|Retail Banking (Natural Person)|0|2003-09-27|2025-11-19|2022-03-24 
rlid1934|lIaxfLgg|contract type|Corporate and Investment|0|2005-08-03|2020-10-04|2022-03-24 
rlid1935|xngwlvhr|contract type|Corporate and Investment|1|2008-11-03|2030-09-12|2022-03-24 
rlid1936|OkPdmmNs|contract type|Corporate and Investment|1|2006-10-23|2011-04-11|2022-03-24 
rlid1937|lbWjjvuU|business line|Retail Banking (Legal Person)|1|2008-08-14|2018-10-27|2022-03-24 
rlid1938|GDghREwt|contract type|Corporate and Investment|1|2010-04-04|2014-04-25|2022-03-24 
rlid1939|ZXfRSGIs|contract type|Retail Banking (Legal Person)|0|2002-12-24|2013-11-19|2022-03-24 
rlid1940|BZNsVlRM|business line|Retail Banking (Legal Person)|0|2002-04-22|2025-09-28|2022-03-24 
rlid1941|aEzCtdEt|contract type|Retail Banking (Natural Person)|0|2010-01-05|2018-12-20|2022-03-24 
rlid1942|JSAjPbqb|business line|Retail Banking (Legal Person)|1|2000-02-27|2031-04-19|2022-03-24 
rlid1943|vMGGtusb|business line|Retail Banking (Natural Person)|0|2003-08-18|2022-04-27|2022-03-24 
rlid1944|pHBOHbZq|contract type|Retail Banking (Natural Person)|0|2004-10-27|2019-05-08|2022-03-24 
rlid1945|OvaZRbxI|business line|Retail Banking (Legal Person)|1|2000-06-19|2022-05-10|2022-03-24 
rlid1946|feurcgGj|contract type|Retail Banking (Natural Person)|1|2009-05-08|2026-07-16|2022-03-24 
rlid1947|IxUYxXVR|business line|Retail Banking (Natural Person)|0|2003-02-19|2022-04-30|2022-03-24 
rlid1948|SzXvXKOc|contract type|Retail Banking (Legal Person)|1|2005-04-09|2027-12-16|2022-03-24 
rlid1949|HcEtDSDG|contract type|Retail Banking (Legal Person)|0|2009-10-29|2029-04-30|2022-03-24 
rlid1950|HeULXdFg|business line|Corporate and Investment|0|2009-12-01|2031-04-30|2022-03-24 
rlid1951|LXLeGWAR|contract type|Retail Banking (Natural Person)|1|2003-06-22|2025-12-16|2022-03-24 
rlid1952|fcXkgvHQ|contract type|Retail Banking (Natural Person)|0|2001-08-15|2015-09-15|2022-03-24 
rlid1953|NvNnkRXt|contract type|Retail Banking (Legal Person)|0|2001-04-01|2016-03-31|2022-03-24 
rlid1954|hYtoizXW|contract type|Retail Banking (Natural Person)|1|2004-10-29|2031-06-19|2022-03-24 
rlid1955|MTYKbUiA|contract type|Retail Banking (Natural Person)|1|2003-03-20|2021-04-30|2022-03-24 
rlid1956|WopCGrxE|business line|Retail Banking (Natural Person)|1|2009-11-27|2016-08-19|2022-03-24 
rlid1957|QCJhRVdo|business line|Corporate and Investment|0|2010-01-27|2015-03-09|2022-03-24 
rlid1958|aewxJojJ|business line|Retail Banking (Natural Person)|0|2008-11-13|2016-04-12|2022-03-24 
rlid1959|ZUGzvOeW|contract type|Retail Banking (Natural Person)|0|2001-09-07|2026-06-09|2022-03-24 
rlid1960|XSocAVYu|contract type|Corporate and Investment|0|2007-03-14|2012-07-24|2022-03-24 
rlid1961|ssmxnzwn|contract type|Retail Banking (Legal Person)|1|2009-10-24|2023-02-11|2022-03-24 
rlid1962|ewfOlmRG|business line|Retail Banking (Legal Person)|1|2000-10-26|2017-03-22|2022-03-24 
rlid1963|QNLFcSIQ|contract type|Retail Banking (Natural Person)|1|2008-03-12|2025-07-25|2022-03-24 
rlid1964|dMucEzAB|contract type|Retail Banking (Legal Person)|1|2000-04-12|2026-04-24|2022-03-24 
rlid1965|HwJjwFgn|contract type|Retail Banking (Legal Person)|1|2008-07-11|2022-05-13|2022-03-24 
rlid1966|pHXGiIak|contract type|Retail Banking (Legal Person)|1|2001-02-08|2013-10-27|2022-03-24 
rlid1967|jLTWmWwR|contract type|Retail Banking (Legal Person)|1|2009-11-27|2030-08-28|2022-03-24 
rlid1968|beWtcEGS|business line|Corporate and Investment|0|2010-02-28|2022-08-26|2022-03-24 
rlid1969|ImeAnbOz|contract type|Corporate and Investment|0|2002-04-10|2028-10-22|2022-03-24 
rlid1970|AEALWlQc|contract type|Corporate and Investment|0|2004-06-26|2025-05-08|2022-03-24 
rlid1971|ABEeGLUg|business line|Retail Banking (Legal Person)|1|2005-09-20|2015-01-05|2022-03-24 
rlid1972|TtCMlMRN|contract type|Retail Banking (Legal Person)|1|2001-03-22|2016-04-18|2022-03-24 
rlid1973|ZnynKdQC|business line|Corporate and Investment|0|2005-11-25|2031-08-06|2022-03-24 
rlid1974|RmUZWGHG|business line|Retail Banking (Natural Person)|0|2006-04-02|2016-05-19|2022-03-24 
rlid1975|yQEuIJKO|contract type|Retail Banking (Legal Person)|1|2006-07-25|2029-12-21|2022-03-24 
rlid1976|bgwNmoCr|contract type|Retail Banking (Legal Person)|0|2005-01-04|2011-04-13|2022-03-24 
rlid1977|mVvNOUMR|contract type|Corporate and Investment|1|2003-04-09|2011-11-16|2022-03-24 
rlid1978|EJfKfzCW|business line|Corporate and Investment|1|2010-08-14|2027-05-25|2022-03-24 
rlid1979|ImqWOtYa|contract type|Retail Banking (Legal Person)|0|2004-12-14|2022-04-30|2022-03-24 
rlid1980|DgVRqblp|business line|Retail Banking (Natural Person)|0|2001-06-21|2020-06-12|2022-03-24 
rlid1981|ZEXXJEzp|contract type|Corporate and Investment|1|2002-11-27|2024-07-21|2022-03-24 
rlid1982|nNonGSwo|contract type|Retail Banking (Legal Person)|0|2009-12-16|2027-03-03|2022-03-24 
rlid1983|PJjquQew|business line|Retail Banking (Natural Person)|0|2009-11-20|2017-06-23|2022-03-24 
rlid1984|reGpbxUT|business line|Retail Banking (Natural Person)|0|2010-05-21|2023-04-30|2022-03-24 
rlid1985|afvzzUiU|contract type|Retail Banking (Legal Person)|1|2010-07-06|2016-09-15|2022-03-24 
rlid1986|zHJLhrfz|business line|Retail Banking (Legal Person)|1|2000-07-30|2025-02-05|2022-03-24 
rlid1987|cSCQZnTN|business line|Retail Banking (Legal Person)|0|2008-03-10|2011-08-02|2022-03-24 
rlid1988|oXbSOwVx|contract type|Retail Banking (Legal Person)|0|2002-08-20|2015-10-05|2022-03-24 
rlid1989|PFvUbtEN|contract type|Corporate and Investment|0|2000-01-11|2024-11-20|2022-03-24 
rlid1990|YxcuqlQT|contract type|Retail Banking (Legal Person)|0|2000-09-04|2031-09-27|2022-03-24 
rlid1991|twbYeUHF|contract type|Retail Banking (Legal Person)|0|2008-01-19|2017-04-29|2022-03-24 
rlid1992|JmqolInQ|contract type|Corporate and Investment|0|2007-09-18|2025-08-10|2022-03-24 
rlid1993|pHaVCuyU|contract type|Retail Banking (Legal Person)|0|2000-09-15|2029-05-12|2022-03-24 
rlid1994|twWuAJdc|contract type|Corporate and Investment|1|2001-02-21|2020-12-04|2022-03-24 
rlid1995|xbgDApeZ|contract type|Corporate and Investment|1|2000-12-26|2012-01-09|2022-03-24 
rlid1996|cdaVwarY|contract type|Retail Banking (Legal Person)|0|2003-10-20|2018-08-23|2022-03-24 
rlid1997|mQGwQkTE|business line|Retail Banking (Legal Person)|1|2009-07-30|2022-10-30|2022-03-24 
rlid1998|mzhYofHv|contract type|Corporate and Investment|0|2007-08-29|2027-06-09|2022-03-24 
rlid1999|gBybvsxV|business line|Retail Banking (Natural Person)|1|2009-06-17|2025-06-12|2022-03-24 
rlid2000|oaKipOfF|business line|Corporate and Investment|1|2007-05-23|2018-02-27|2022-03-24 
