Case_ID|Party_ID|Relationship_Type|Relationship_Start_Date|Relationship_End_Date|Reference_Date
csid1001|prty1001|main party|2005-01-31|2017-04-15|2022-03-24
csid1002|prty1002|main party|2009-07-09|2014-10-30|2022-03-24
csid1003|prty1003|main party|2006-06-01|2015-07-18|2022-03-24
csid1004|prty1004|secondary party|2006-01-17|2019-06-29|2022-03-24
csid1005|prty1005|secondary party|2005-12-25|2016-04-03|2022-03-24
csid1006|prty1006|secondary party|2011-05-21|2020-04-01|2022-03-24
csid1007|prty1007|secondary party|2006-09-10|2017-02-16|2022-03-24
csid1008|prty1008|main party|2011-06-22|2016-10-02|2022-03-24
csid1009|prty1009|main party|2010-02-10|2018-03-28|2022-03-24
csid1010|prty1010|main party|2002-11-13|2015-06-29|2022-03-24
csid1011|prty1011|main party|2007-11-24|2012-09-28|2022-03-24
csid1012|prty1012|main party|2006-07-02|2015-08-03|2022-03-24
csid1013|prty1013|secondary party|2011-03-30|2018-03-02|2022-03-24
csid1014|prty1014|secondary party|2006-07-15|2014-11-14|2022-03-24
csid1015|prty1015|main party|2004-12-07|2016-02-22|2022-03-24
csid1016|prty1016|main party|2007-07-02|2020-10-04|2022-03-24
csid1017|prty1017|main party|2002-05-14|2021-10-10|2022-03-24
csid1018|prty1018|main party|2010-11-06|2016-04-07|2022-03-24
csid1019|prty1019|secondary party|2008-09-03|2019-06-04|2022-03-24
csid1020|prty1020|main party|2006-11-27|2020-05-25|2022-03-24
csid1021|prty1021|secondary party|2004-04-18|2013-11-22|2022-03-24
csid1022|prty1022|secondary party|2007-12-18|2013-01-18|2022-03-24
csid1023|prty1023|main party|2004-02-10|2013-09-16|2022-03-24
csid1024|prty1024|main party|2007-02-07|2016-06-18|2022-03-24
csid1025|prty1025|main party|2001-08-20|2021-07-05|2022-03-24
csid1026|prty1026|secondary party|2002-06-02|2020-09-03|2022-03-24
csid1027|prty1027|main party|2006-10-14|2020-05-29|2022-03-24
csid1028|prty1028|secondary party|2008-08-30|2016-08-06|2022-03-24
csid1029|prty1029|main party|2011-06-02|2020-09-21|2022-03-24
csid1030|prty1030|main party|2002-10-08|2013-07-02|2022-03-24
csid1031|prty1031|secondary party|2000-08-27|2019-03-23|2022-03-24
csid1032|prty1032|main party|2011-10-13|2013-03-12|2022-03-24
csid1033|prty1033|main party|2003-11-04|2020-06-27|2022-03-24
csid1034|prty1034|secondary party|2009-10-16|2020-11-02|2022-03-24
csid1035|prty1035|main party|2008-09-20|2013-05-14|2022-03-24
csid1036|prty1036|secondary party|2005-01-09|2016-02-02|2022-03-24
csid1037|prty1037|main party|2011-07-14|2013-03-24|2022-03-24
csid1038|prty1038|secondary party|2002-11-12|2021-02-09|2022-03-24
csid1039|prty1039|secondary party|2008-12-19|2015-02-04|2022-03-24
csid1040|prty1040|secondary party|2002-10-28|2016-06-19|2022-03-24
csid1041|prty1041|secondary party|2008-04-11|2013-01-21|2022-03-24
csid1042|prty1042|main party|2007-12-09|2018-04-30|2022-03-24
csid1043|prty1043|main party|2010-06-18|2015-09-23|2022-03-24
csid1044|prty1044|main party|2008-10-24|2021-12-22|2022-03-24
csid1045|prty1045|main party|2009-05-11|2016-05-28|2022-03-24
csid1046|prty1046|main party|2002-09-25|2016-10-01|2022-03-24
csid1047|prty1047|main party|2008-01-20|2013-12-10|2022-03-24
csid1048|prty1048|secondary party|2009-07-29|2016-03-10|2022-03-24
csid1049|prty1049|secondary party|2008-05-11|2017-05-01|2022-03-24
csid1050|prty1050|secondary party|2008-10-20|2016-12-17|2022-03-24
csid1051|prty1051|secondary party|2006-07-31|2014-01-17|2022-03-24
csid1052|prty1052|secondary party|2011-03-07|2019-09-10|2022-03-24
csid1053|prty1053|secondary party|2010-11-07|2020-10-18|2022-03-24
csid1054|prty1054|main party|2004-09-05|2019-11-28|2022-03-24
csid1055|prty1055|secondary party|2011-05-08|2012-05-07|2022-03-24
csid1056|prty1056|main party|2006-11-21|2015-03-26|2022-03-24
csid1057|prty1057|main party|2010-03-15|2021-07-15|2022-03-24
csid1058|prty1058|main party|2004-06-23|2014-11-28|2022-03-24
csid1059|prty1059|main party|2008-06-05|2014-09-06|2022-03-24
csid1060|prty1060|secondary party|2004-03-31|2015-04-14|2022-03-24
csid1061|prty1061|secondary party|2002-09-18|2013-12-23|2022-03-24
csid1062|prty1062|secondary party|2011-03-10|2012-09-07|2022-03-24
csid1063|prty1063|main party|2002-04-12|2021-04-14|2022-03-24
csid1064|prty1064|secondary party|2004-01-01|2017-06-29|2022-03-24
csid1065|prty1065|secondary party|2002-03-28|2019-12-03|2022-03-24
csid1066|prty1066|secondary party|2008-05-24|2015-11-07|2022-03-24
csid1067|prty1067|main party|2007-06-05|2017-02-18|2022-03-24
csid1068|prty1068|main party|2011-08-07|2021-03-15|2022-03-24
csid1069|prty1069|main party|2004-09-13|2015-06-14|2022-03-24
csid1070|prty1070|secondary party|2007-01-10|2016-03-20|2022-03-24
csid1071|prty1071|secondary party|2009-01-04|2015-11-03|2022-03-24
csid1072|prty1072|secondary party|2006-04-19|2017-03-14|2022-03-24
csid1073|prty1073|main party|2006-03-05|2016-07-09|2022-03-24
csid1074|prty1074|secondary party|2002-10-08|2021-07-16|2022-03-24
csid1075|prty1075|secondary party|2002-06-17|2013-12-03|2022-03-24
csid1076|prty1076|main party|2001-06-22|2012-08-15|2022-03-24
csid1077|prty1077|main party|2002-07-21|2014-06-20|2022-03-24
csid1078|prty1078|secondary party|2004-09-29|2013-01-29|2022-03-24
csid1079|prty1079|secondary party|2007-01-04|2019-04-29|2022-03-24
csid1080|prty1080|secondary party|2002-05-28|2013-07-20|2022-03-24
csid1081|prty1081|secondary party|2006-07-20|2017-06-29|2022-03-24
csid1082|prty1082|main party|2011-04-29|2020-07-23|2022-03-24
csid1083|prty1083|secondary party|2009-05-27|2013-05-14|2022-03-24
csid1084|prty1084|secondary party|2004-07-04|2019-08-15|2022-03-24
csid1085|prty1085|secondary party|2004-03-21|2012-09-18|2022-03-24
csid1086|prty1086|secondary party|2002-03-24|2021-09-14|2022-03-24
csid1087|prty1087|main party|2000-10-20|2019-06-20|2022-03-24
csid1088|prty1088|secondary party|2011-11-12|2017-06-11|2022-03-24
csid1089|prty1089|secondary party|2003-02-21|2015-04-17|2022-03-24
csid1090|prty1090|secondary party|2003-07-16|2020-07-25|2022-03-24
csid1091|prty1091|main party|2009-10-23|2014-02-23|2022-03-24
csid1092|prty1092|secondary party|2005-01-04|2013-03-26|2022-03-24
csid1093|prty1093|main party|2009-04-07|2016-05-15|2022-03-24
csid1094|prty1094|secondary party|2003-11-15|2021-05-31|2022-03-24
csid1095|prty1095|secondary party|2003-07-23|2016-09-07|2022-03-24
csid1096|prty1096|secondary party|2003-12-05|2019-06-16|2022-03-24
csid1097|prty1097|main party|2001-06-28|2020-05-22|2022-03-24
csid1098|prty1098|main party|2011-06-27|2013-10-31|2022-03-24
csid1099|prty1099|secondary party|2002-09-26|2013-01-06|2022-03-24
csid1100|prty1100|main party|2005-08-05|2015-10-05|2022-03-24
csid1101|prty1101|main party|2008-02-14|2014-07-25|2022-03-24
csid1102|prty1102|secondary party|2008-02-28|2019-01-23|2022-03-24
csid1103|prty1103|main party|2007-12-07|2017-02-26|2022-03-24
csid1104|prty1104|main party|2004-10-01|2020-09-17|2022-03-24
csid1105|prty1105|secondary party|2011-11-03|2018-10-22|2022-03-24
csid1106|prty1106|secondary party|2003-06-16|2018-06-01|2022-03-24
csid1107|prty1107|main party|2002-09-29|2019-06-25|2022-03-24
csid1108|prty1108|main party|2008-01-20|2018-04-06|2022-03-24
csid1109|prty1109|main party|2010-12-26|2013-09-05|2022-03-24
csid1110|prty1110|main party|2011-02-05|2020-11-23|2022-03-24
csid1111|prty1111|secondary party|2008-10-04|2015-10-08|2022-03-24
csid1112|prty1112|main party|2005-06-17|2020-11-18|2022-03-24
csid1113|prty1113|main party|2009-09-21|2016-03-13|2022-03-24
csid1114|prty1114|secondary party|2009-06-14|2019-09-18|2022-03-24
csid1115|prty1115|main party|2010-02-14|2013-11-27|2022-03-24
csid1116|prty1116|secondary party|2004-06-06|2020-09-17|2022-03-24
csid1117|prty1117|main party|2001-03-03|2019-07-09|2022-03-24
csid1118|prty1118|secondary party|2006-04-25|2015-09-01|2022-03-24
csid1119|prty1119|main party|2009-01-05|2016-07-17|2022-03-24
csid1120|prty1120|secondary party|2006-05-30|2019-12-06|2022-03-24
csid1121|prty1121|secondary party|2006-06-17|2021-09-18|2022-03-24
csid1122|prty1122|secondary party|2000-10-07|2019-10-02|2022-03-24
csid1123|prty1123|main party|2006-04-21|2017-10-28|2022-03-24
csid1124|prty1124|secondary party|2003-02-04|2012-09-05|2022-03-24
csid1125|prty1125|main party|2010-07-30|2021-10-24|2022-03-24
csid1126|prty1126|main party|2001-05-17|2017-07-11|2022-03-24
csid1127|prty1127|main party|2003-09-03|2020-09-09|2022-03-24
csid1128|prty1128|main party|2008-01-28|2012-11-11|2022-03-24
csid1129|prty1129|main party|2008-11-07|2017-06-05|2022-03-24
csid1130|prty1130|secondary party|2000-09-12|2013-12-24|2022-03-24
csid1131|prty1131|secondary party|2006-06-20|2017-11-13|2022-03-24
csid1132|prty1132|secondary party|2009-10-11|2014-12-28|2022-03-24
csid1133|prty1133|main party|2002-03-09|2018-02-03|2022-03-24
csid1134|prty1134|main party|2000-12-18|2019-10-20|2022-03-24
csid1135|prty1135|secondary party|2010-11-20|2014-11-24|2022-03-24
csid1136|prty1136|main party|2001-12-12|2019-01-26|2022-03-24
csid1137|prty1137|secondary party|2010-05-06|2021-06-27|2022-03-24
csid1138|prty1138|main party|2006-08-13|2017-11-26|2022-03-24
csid1139|prty1139|secondary party|2000-06-12|2017-03-07|2022-03-24
csid1140|prty1140|secondary party|2006-06-11|2015-05-12|2022-03-24
csid1141|prty1141|main party|2003-03-04|2016-05-09|2022-03-24
csid1142|prty1142|main party|2006-08-12|2013-03-10|2022-03-24
csid1143|prty1143|secondary party|2007-01-23|2014-12-11|2022-03-24
csid1144|prty1144|main party|2005-10-28|2020-07-11|2022-03-24
csid1145|prty1145|main party|2002-11-17|2015-11-03|2022-03-24
csid1146|prty1146|secondary party|2002-06-29|2018-05-03|2022-03-24
csid1147|prty1147|main party|2011-11-04|2020-08-31|2022-03-24
csid1148|prty1148|main party|2009-11-01|2013-04-20|2022-03-24
csid1149|prty1149|main party|2011-08-03|2018-08-06|2022-03-24
csid1150|prty1150|main party|2001-07-22|2014-05-22|2022-03-24
csid1151|prty1151|secondary party|2009-04-12|2012-04-17|2022-03-24
csid1152|prty1152|main party|2010-11-24|2015-06-19|2022-03-24
csid1153|prty1153|main party|2001-10-01|2021-08-31|2022-03-24
csid1154|prty1154|main party|2008-01-04|2016-08-03|2022-03-24
csid1155|prty1155|secondary party|2004-06-06|2012-12-16|2022-03-24
csid1156|prty1156|main party|2006-09-09|2012-05-11|2022-03-24
csid1157|prty1157|secondary party|2006-03-24|2019-08-26|2022-03-24
csid1158|prty1158|main party|2000-05-27|2013-10-20|2022-03-24
csid1159|prty1159|main party|2011-09-07|2013-10-12|2022-03-24
csid1160|prty1160|main party|2011-01-02|2016-09-26|2022-03-24
csid1161|prty1161|secondary party|2006-09-21|2018-05-09|2022-03-24
csid1162|prty1162|secondary party|2005-06-17|2013-05-28|2022-03-24
csid1163|prty1163|main party|2003-10-30|2020-06-09|2022-03-24
csid1164|prty1164|secondary party|2009-05-24|2020-01-10|2022-03-24
csid1165|prty1165|secondary party|2008-07-06|2018-04-22|2022-03-24
csid1166|prty1166|secondary party|2006-04-01|2013-04-11|2022-03-24
csid1167|prty1167|secondary party|2001-03-24|2016-12-19|2022-03-24
csid1168|prty1168|secondary party|2011-06-14|2016-07-14|2022-03-24
csid1169|prty1169|main party|2005-08-21|2014-03-10|2022-03-24
csid1170|prty1170|main party|2008-06-22|2017-12-05|2022-03-24
csid1171|prty1171|main party|2001-07-04|2021-04-02|2022-03-24
csid1172|prty1172|secondary party|2011-01-29|2018-04-22|2022-03-24
csid1173|prty1173|main party|2004-03-06|2020-04-12|2022-03-24
csid1174|prty1174|main party|2008-11-14|2017-06-30|2022-03-24
csid1175|prty1175|secondary party|2005-05-20|2016-05-06|2022-03-24
csid1176|prty1176|main party|2001-10-25|2021-08-22|2022-03-24
csid1177|prty1177|main party|2009-10-25|2019-07-21|2022-03-24
csid1178|prty1178|main party|2011-10-29|2015-07-11|2022-03-24
csid1179|prty1179|secondary party|2003-01-28|2019-07-29|2022-03-24
csid1180|prty1180|main party|2005-12-10|2020-05-02|2022-03-24
csid1181|prty1181|secondary party|2003-06-15|2014-12-13|2022-03-24
csid1182|prty1182|main party|2004-08-20|2015-01-25|2022-03-24
csid1183|prty1183|secondary party|2007-04-22|2017-12-11|2022-03-24
csid1184|prty1184|secondary party|2000-01-25|2015-11-29|2022-03-24
csid1185|prty1185|main party|2005-07-10|2015-11-01|2022-03-24
csid1186|prty1186|main party|2008-05-16|2021-10-03|2022-03-24
csid1187|prty1187|secondary party|2009-12-03|2013-02-07|2022-03-24
csid1188|prty1188|main party|2003-10-20|2020-12-31|2022-03-24
csid1189|prty1189|secondary party|2005-08-03|2020-05-13|2022-03-24
csid1190|prty1190|secondary party|2009-10-06|2017-10-31|2022-03-24
csid1191|prty1191|main party|2010-12-13|2012-07-06|2022-03-24
csid1192|prty1192|main party|2002-06-14|2019-02-18|2022-03-24
csid1193|prty1193|secondary party|2008-09-16|2015-10-24|2022-03-24
csid1194|prty1194|main party|2010-04-25|2012-04-23|2022-03-24
csid1195|prty1195|main party|2002-03-18|2015-01-30|2022-03-24
csid1196|prty1196|main party|2006-08-26|2021-12-23|2022-03-24
csid1197|prty1197|main party|2008-06-09|2013-07-31|2022-03-24
csid1198|prty1198|main party|2005-08-17|2019-06-27|2022-03-24
csid1199|prty1199|secondary party|2001-09-02|2019-11-07|2022-03-24
csid1200|prty1200|main party|2000-07-07|2013-12-27|2022-03-24
csid1201|prty1201|main party|2005-05-18|2013-10-06|2022-03-24
csid1202|prty1202|secondary party|2002-11-27|2021-03-12|2022-03-24
csid1203|prty1203|main party|2006-03-16|2014-09-22|2022-03-24
csid1204|prty1204|main party|2002-03-20|2014-02-23|2022-03-24
csid1205|prty1205|main party|2002-11-15|2015-09-17|2022-03-24
csid1206|prty1206|secondary party|2009-08-24|2017-01-20|2022-03-24
csid1207|prty1207|secondary party|2006-10-26|2019-06-13|2022-03-24
csid1208|prty1208|main party|2001-08-14|2015-03-30|2022-03-24
csid1209|prty1209|main party|2006-09-30|2016-01-03|2022-03-24
csid1210|prty1210|main party|2001-09-27|2012-01-04|2022-03-24
csid1211|prty1211|main party|2008-01-10|2012-06-10|2022-03-24
csid1212|prty1212|main party|2008-04-26|2012-09-27|2022-03-24
csid1213|prty1213|main party|2002-10-21|2013-10-14|2022-03-24
csid1214|prty1214|secondary party|2000-07-07|2021-04-07|2022-03-24
csid1215|prty1215|secondary party|2007-11-11|2014-12-28|2022-03-24
csid1216|prty1216|secondary party|2004-05-20|2017-11-21|2022-03-24
csid1217|prty1217|main party|2007-07-24|2015-02-28|2022-03-24
csid1218|prty1218|secondary party|2003-10-10|2019-07-23|2022-03-24
csid1219|prty1219|secondary party|2006-10-01|2018-09-15|2022-03-24
csid1220|prty1220|main party|2000-12-29|2013-04-09|2022-03-24
csid1221|prty1221|secondary party|2008-07-26|2013-11-02|2022-03-24
csid1222|prty1222|secondary party|2005-04-23|2014-05-24|2022-03-24
csid1223|prty1223|secondary party|2010-07-10|2012-12-03|2022-03-24
csid1224|prty1224|secondary party|2003-06-17|2013-05-31|2022-03-24
csid1225|prty1225|main party|2010-10-06|2013-10-29|2022-03-24
csid1226|prty1226|secondary party|2009-03-27|2021-09-02|2022-03-24
csid1227|prty1227|main party|2010-12-17|2017-12-05|2022-03-24
csid1228|prty1228|main party|2006-03-21|2018-07-18|2022-03-24
csid1229|prty1229|secondary party|2008-06-16|2012-04-01|2022-03-24
csid1230|prty1230|main party|2011-03-14|2016-08-09|2022-03-24
csid1231|prty1231|secondary party|2006-06-15|2017-08-14|2022-03-24
csid1232|prty1232|secondary party|2004-12-08|2015-10-31|2022-03-24
csid1233|prty1233|main party|2008-10-22|2015-12-21|2022-03-24
csid1234|prty1234|main party|2006-07-08|2013-07-02|2022-03-24
csid1235|prty1235|main party|2001-09-15|2021-03-21|2022-03-24
csid1236|prty1236|secondary party|2002-03-05|2019-10-16|2022-03-24
csid1237|prty1237|secondary party|2006-02-18|2014-10-31|2022-03-24
csid1238|prty1238|main party|2003-05-05|2014-05-26|2022-03-24
csid1239|prty1239|secondary party|2006-12-26|2018-04-29|2022-03-24
csid1240|prty1240|secondary party|2000-11-29|2021-09-23|2022-03-24
csid1241|prty1241|main party|2006-11-15|2016-09-15|2022-03-24
csid1242|prty1242|main party|2007-03-21|2019-01-28|2022-03-24
csid1243|prty1243|secondary party|2007-11-22|2014-05-30|2022-03-24
csid1244|prty1244|secondary party|2001-11-16|2017-04-02|2022-03-24
csid1245|prty1245|secondary party|2004-09-21|2015-08-27|2022-03-24
csid1246|prty1246|secondary party|2001-08-12|2017-02-22|2022-03-24
csid1247|prty1247|secondary party|2008-06-12|2015-06-18|2022-03-24
csid1248|prty1248|main party|2010-06-15|2020-12-04|2022-03-24
csid1249|prty1249|secondary party|2008-04-07|2013-10-04|2022-03-24
csid1250|prty1250|main party|2005-07-09|2017-06-27|2022-03-24
csid1251|prty1251|secondary party|2011-02-25|2020-03-01|2022-03-24
csid1252|prty1252|secondary party|2005-02-24|2018-04-02|2022-03-24
csid1253|prty1253|secondary party|2001-04-28|2020-01-24|2022-03-24
csid1254|prty1254|secondary party|2007-11-10|2020-04-26|2022-03-24
csid1255|prty1255|secondary party|2003-07-28|2016-06-01|2022-03-24
csid1256|prty1256|secondary party|2009-07-01|2017-01-07|2022-03-24
csid1257|prty1257|main party|2005-04-02|2016-05-02|2022-03-24
csid1258|prty1258|secondary party|2002-12-11|2013-06-14|2022-03-24
csid1259|prty1259|secondary party|2000-03-11|2015-08-14|2022-03-24
csid1260|prty1260|secondary party|2003-10-03|2013-02-01|2022-03-24
csid1261|prty1261|main party|2000-09-20|2018-12-18|2022-03-24
csid1262|prty1262|secondary party|2006-04-05|2016-06-23|2022-03-24
csid1263|prty1263|main party|2000-07-03|2013-06-13|2022-03-24
csid1264|prty1264|main party|2006-12-16|2019-05-20|2022-03-24
csid1265|prty1265|secondary party|2009-07-31|2019-08-21|2022-03-24
csid1266|prty1266|main party|2002-09-15|2014-07-19|2022-03-24
csid1267|prty1267|secondary party|2005-08-01|2019-04-25|2022-03-24
csid1268|prty1268|secondary party|2010-08-02|2021-09-25|2022-03-24
csid1269|prty1269|main party|2000-01-28|2013-10-03|2022-03-24
csid1270|prty1270|main party|2006-06-08|2017-07-02|2022-03-24
csid1271|prty1271|main party|2001-12-14|2018-10-20|2022-03-24
csid1272|prty1272|main party|2011-07-04|2020-11-28|2022-03-24
csid1273|prty1273|secondary party|2004-01-03|2015-10-13|2022-03-24
csid1274|prty1274|secondary party|2000-10-16|2020-01-04|2022-03-24
csid1275|prty1275|secondary party|2009-02-15|2013-11-27|2022-03-24
csid1276|prty1276|secondary party|2002-11-17|2016-10-06|2022-03-24
csid1277|prty1277|main party|2007-04-19|2014-01-10|2022-03-24
csid1278|prty1278|secondary party|2002-01-02|2014-03-20|2022-03-24
csid1279|prty1279|main party|2007-12-13|2014-09-06|2022-03-24
csid1280|prty1280|main party|2008-05-17|2018-02-10|2022-03-24
csid1281|prty1281|secondary party|2011-01-04|2014-05-02|2022-03-24
csid1282|prty1282|secondary party|2003-11-15|2018-04-16|2022-03-24
csid1283|prty1283|secondary party|2008-09-04|2013-06-03|2022-03-24
csid1284|prty1284|secondary party|2008-03-23|2020-05-30|2022-03-24
csid1285|prty1285|secondary party|2002-12-22|2012-05-24|2022-03-24
csid1286|prty1286|main party|2008-02-29|2021-11-13|2022-03-24
csid1287|prty1287|secondary party|2000-10-13|2018-02-23|2022-03-24
csid1288|prty1288|secondary party|2008-08-13|2012-10-06|2022-03-24
csid1289|prty1289|secondary party|2010-01-24|2018-03-25|2022-03-24
csid1290|prty1290|secondary party|2011-03-18|2013-03-31|2022-03-24
csid1291|prty1291|secondary party|2006-07-12|2016-06-24|2022-03-24
csid1292|prty1292|main party|2001-05-19|2016-03-28|2022-03-24
csid1293|prty1293|secondary party|2010-07-01|2013-07-21|2022-03-24
csid1294|prty1294|secondary party|2008-12-17|2012-08-06|2022-03-24
csid1295|prty1295|main party|2005-08-03|2013-08-17|2022-03-24
csid1296|prty1296|main party|2008-02-17|2016-10-13|2022-03-24
csid1297|prty1297|main party|2001-08-14|2013-04-30|2022-03-24
csid1298|prty1298|secondary party|2008-09-23|2021-04-02|2022-03-24
csid1299|prty1299|secondary party|2004-05-13|2019-05-01|2022-03-24
csid1300|prty1300|main party|2002-08-31|2018-04-13|2022-03-24
csid1301|prty1301|secondary party|2010-04-03|2016-12-31|2022-03-24
csid1302|prty1302|secondary party|2007-12-05|2018-05-21|2022-03-24
csid1303|prty1303|secondary party|2011-02-19|2018-02-02|2022-03-24
csid1304|prty1304|secondary party|2008-12-14|2014-07-18|2022-03-24
csid1305|prty1305|main party|2003-02-22|2012-04-16|2022-03-24
csid1306|prty1306|main party|2002-04-28|2014-01-11|2022-03-24
csid1307|prty1307|main party|2006-09-30|2015-02-03|2022-03-24
csid1308|prty1308|main party|2003-12-12|2013-02-28|2022-03-24
csid1309|prty1309|secondary party|2000-08-05|2015-06-04|2022-03-24
csid1310|prty1310|secondary party|2006-08-12|2020-08-06|2022-03-24
csid1311|prty1311|secondary party|2006-04-22|2016-07-15|2022-03-24
csid1312|prty1312|main party|2006-02-16|2019-03-31|2022-03-24
csid1313|prty1313|secondary party|2005-06-23|2016-02-08|2022-03-24
csid1314|prty1314|main party|2000-08-08|2014-07-04|2022-03-24
csid1315|prty1315|secondary party|2002-03-18|2018-01-10|2022-03-24
csid1316|prty1316|secondary party|2010-12-31|2013-01-22|2022-03-24
csid1317|prty1317|main party|2007-05-05|2013-04-03|2022-03-24
csid1318|prty1318|main party|2002-10-29|2014-08-12|2022-03-24
csid1319|prty1319|main party|2006-10-12|2017-11-30|2022-03-24
csid1320|prty1320|secondary party|2002-07-18|2012-08-06|2022-03-24
csid1321|prty1321|secondary party|2004-09-18|2018-12-04|2022-03-24
csid1322|prty1322|secondary party|2004-03-15|2015-07-02|2022-03-24
csid1323|prty1323|main party|2001-12-07|2014-03-30|2022-03-24
csid1324|prty1324|secondary party|2002-03-18|2019-12-23|2022-03-24
csid1325|prty1325|main party|2002-08-26|2012-05-17|2022-03-24
csid1326|prty1326|main party|2007-01-16|2020-08-19|2022-03-24
csid1327|prty1327|main party|2009-06-23|2014-01-30|2022-03-24
csid1328|prty1328|secondary party|2009-03-13|2019-05-29|2022-03-24
csid1329|prty1329|main party|2011-12-13|2014-07-07|2022-03-24
csid1330|prty1330|main party|2001-10-11|2013-07-23|2022-03-24
csid1331|prty1331|main party|2003-01-22|2012-09-10|2022-03-24
csid1332|prty1332|main party|2002-06-12|2014-03-30|2022-03-24
csid1333|prty1333|main party|2008-12-06|2014-06-20|2022-03-24
csid1334|prty1334|secondary party|2006-10-08|2014-04-03|2022-03-24
csid1335|prty1335|main party|2007-03-20|2016-12-03|2022-03-24
csid1336|prty1336|secondary party|2003-03-15|2021-05-07|2022-03-24
csid1337|prty1337|main party|2006-01-30|2014-12-31|2022-03-24
csid1338|prty1338|main party|2011-11-03|2012-09-22|2022-03-24
csid1339|prty1339|main party|2010-08-06|2012-10-26|2022-03-24
csid1340|prty1340|main party|2006-01-20|2012-09-03|2022-03-24
csid1341|prty1341|secondary party|2006-08-22|2012-01-05|2022-03-24
csid1342|prty1342|secondary party|2003-05-26|2012-10-03|2022-03-24
csid1343|prty1343|main party|2007-02-28|2021-03-28|2022-03-24
csid1344|prty1344|main party|2010-12-10|2016-07-01|2022-03-24
csid1345|prty1345|main party|2002-01-03|2015-03-22|2022-03-24
csid1346|prty1346|secondary party|2008-07-28|2015-07-22|2022-03-24
csid1347|prty1347|main party|2003-01-06|2017-09-21|2022-03-24
csid1348|prty1348|secondary party|2001-10-30|2014-04-28|2022-03-24
csid1349|prty1349|main party|2011-08-29|2012-05-25|2022-03-24
csid1350|prty1350|secondary party|2009-04-05|2015-10-16|2022-03-24
csid1351|prty1351|main party|2011-07-12|2013-07-19|2022-03-24
csid1352|prty1352|secondary party|2006-11-01|2013-11-24|2022-03-24
csid1353|prty1353|main party|2001-06-08|2018-05-19|2022-03-24
csid1354|prty1354|main party|2004-10-07|2021-03-07|2022-03-24
csid1355|prty1355|main party|2005-06-19|2014-03-28|2022-03-24
csid1356|prty1356|main party|2007-11-03|2014-03-27|2022-03-24
csid1357|prty1357|main party|2007-02-09|2012-03-07|2022-03-24
csid1358|prty1358|secondary party|2003-06-27|2021-05-31|2022-03-24
csid1359|prty1359|secondary party|2006-02-07|2019-05-18|2022-03-24
csid1360|prty1360|main party|2004-12-26|2014-10-06|2022-03-24
csid1361|prty1361|main party|2004-07-29|2021-04-03|2022-03-24
csid1362|prty1362|secondary party|2004-01-10|2012-09-30|2022-03-24
csid1363|prty1363|secondary party|2005-09-10|2013-09-25|2022-03-24
csid1364|prty1364|secondary party|2003-01-17|2018-03-04|2022-03-24
csid1365|prty1365|secondary party|2005-04-04|2020-12-07|2022-03-24
csid1366|prty1366|main party|2004-04-27|2021-02-08|2022-03-24
csid1367|prty1367|main party|2005-01-15|2014-03-13|2022-03-24
csid1368|prty1368|secondary party|2004-03-11|2014-07-21|2022-03-24
csid1369|prty1369|secondary party|2000-01-05|2019-09-11|2022-03-24
csid1370|prty1370|main party|2005-05-09|2018-12-27|2022-03-24
csid1371|prty1371|secondary party|2002-08-24|2020-01-24|2022-03-24
csid1372|prty1372|main party|2005-07-19|2013-09-15|2022-03-24
csid1373|prty1373|main party|2002-05-21|2016-09-17|2022-03-24
csid1374|prty1374|main party|2010-07-19|2019-10-01|2022-03-24
csid1375|prty1375|main party|2011-07-11|2015-08-03|2022-03-24
csid1376|prty1376|secondary party|2001-09-10|2012-07-25|2022-03-24
csid1377|prty1377|main party|2008-12-16|2017-09-06|2022-03-24
csid1378|prty1378|secondary party|2006-04-18|2017-04-12|2022-03-24
csid1379|prty1379|secondary party|2000-10-09|2013-07-09|2022-03-24
csid1380|prty1380|secondary party|2010-05-28|2015-08-10|2022-03-24
csid1381|prty1381|secondary party|2000-04-21|2017-08-14|2022-03-24
csid1382|prty1382|main party|2011-08-16|2019-03-12|2022-03-24
csid1383|prty1383|main party|2008-09-29|2016-10-18|2022-03-24
csid1384|prty1384|secondary party|2005-12-30|2018-04-01|2022-03-24
csid1385|prty1385|main party|2011-04-06|2015-08-26|2022-03-24
csid1386|prty1386|secondary party|2001-10-10|2017-12-18|2022-03-24
csid1387|prty1387|main party|2006-01-27|2012-02-04|2022-03-24
csid1388|prty1388|main party|2006-11-10|2015-12-24|2022-03-24
csid1389|prty1389|secondary party|2007-05-04|2016-06-21|2022-03-24
csid1390|prty1390|secondary party|2005-03-23|2016-06-03|2022-03-24
csid1391|prty1391|secondary party|2002-09-22|2014-03-27|2022-03-24
csid1392|prty1392|main party|2006-04-05|2015-11-23|2022-03-24
csid1393|prty1393|secondary party|2003-04-18|2016-05-07|2022-03-24
csid1394|prty1394|main party|2002-09-17|2012-03-28|2022-03-24
csid1395|prty1395|main party|2010-11-08|2014-01-10|2022-03-24
csid1396|prty1396|main party|2009-12-01|2012-01-28|2022-03-24
csid1397|prty1397|secondary party|2006-07-04|2018-01-10|2022-03-24
csid1398|prty1398|secondary party|2011-10-10|2019-11-14|2022-03-24
csid1399|prty1399|main party|2009-07-19|2014-02-08|2022-03-24
csid1400|prty1400|main party|2002-07-12|2021-11-28|2022-03-24
csid1401|prty1401|secondary party|2009-02-06|2018-12-20|2022-03-24
csid1402|prty1402|main party|2005-08-29|2018-06-12|2022-03-24
csid1403|prty1403|main party|2005-04-08|2017-11-28|2022-03-24
csid1404|prty1404|secondary party|2008-02-20|2017-03-09|2022-03-24
csid1405|prty1405|main party|2001-09-06|2020-10-23|2022-03-24
csid1406|prty1406|secondary party|2006-09-01|2019-12-26|2022-03-24
csid1407|prty1407|secondary party|2002-06-13|2015-09-25|2022-03-24
csid1408|prty1408|secondary party|2000-04-08|2021-04-25|2022-03-24
csid1409|prty1409|secondary party|2001-01-17|2014-10-05|2022-03-24
csid1410|prty1410|secondary party|2003-07-03|2014-01-05|2022-03-24
csid1411|prty1411|secondary party|2008-08-09|2019-04-07|2022-03-24
csid1412|prty1412|secondary party|2008-07-03|2012-07-25|2022-03-24
csid1413|prty1413|main party|2003-07-06|2017-12-29|2022-03-24
csid1414|prty1414|main party|2005-10-06|2012-07-16|2022-03-24
csid1415|prty1415|secondary party|2005-04-23|2021-09-18|2022-03-24
csid1416|prty1416|secondary party|2007-08-12|2012-09-15|2022-03-24
csid1417|prty1417|secondary party|2001-03-01|2019-12-07|2022-03-24
csid1418|prty1418|main party|2010-05-30|2012-12-01|2022-03-24
csid1419|prty1419|main party|2008-05-19|2014-12-10|2022-03-24
csid1420|prty1420|main party|2002-05-08|2020-10-21|2022-03-24
csid1421|prty1421|secondary party|2011-10-26|2014-05-06|2022-03-24
csid1422|prty1422|secondary party|2002-11-02|2015-10-17|2022-03-24
csid1423|prty1423|main party|2006-02-01|2017-07-20|2022-03-24
csid1424|prty1424|secondary party|2004-08-16|2013-04-16|2022-03-24
csid1425|prty1425|secondary party|2001-07-27|2014-01-08|2022-03-24
csid1426|prty1426|main party|2005-03-13|2020-12-01|2022-03-24
csid1427|prty1427|main party|2010-03-20|2019-03-21|2022-03-24
csid1428|prty1428|main party|2003-02-09|2013-08-15|2022-03-24
csid1429|prty1429|main party|2006-04-20|2018-09-15|2022-03-24
csid1430|prty1430|secondary party|2000-08-10|2015-01-06|2022-03-24
csid1431|prty1431|secondary party|2002-09-01|2015-10-18|2022-03-24
csid1432|prty1432|main party|2001-01-21|2018-03-26|2022-03-24
csid1433|prty1433|secondary party|2005-02-15|2014-07-06|2022-03-24
csid1434|prty1434|secondary party|2000-03-05|2013-05-29|2022-03-24
csid1435|prty1435|secondary party|2008-07-15|2017-12-18|2022-03-24
csid1436|prty1436|main party|2009-11-24|2019-05-28|2022-03-24
csid1437|prty1437|main party|2008-04-01|2014-01-25|2022-03-24
csid1438|prty1438|main party|2007-12-23|2020-06-16|2022-03-24
csid1439|prty1439|secondary party|2004-08-28|2012-06-10|2022-03-24
csid1440|prty1440|secondary party|2001-12-14|2020-12-14|2022-03-24
csid1441|prty1441|main party|2010-09-07|2020-12-02|2022-03-24
csid1442|prty1442|secondary party|2001-09-13|2013-02-20|2022-03-24
csid1443|prty1443|main party|2003-02-16|2019-09-22|2022-03-24
csid1444|prty1444|main party|2005-09-30|2018-07-26|2022-03-24
csid1445|prty1445|main party|2003-02-06|2019-08-14|2022-03-24
csid1446|prty1446|secondary party|2011-02-23|2017-05-03|2022-03-24
csid1447|prty1447|main party|2009-09-02|2015-07-25|2022-03-24
csid1448|prty1448|secondary party|2003-06-23|2013-08-05|2022-03-24
csid1449|prty1449|main party|2010-02-06|2014-02-11|2022-03-24
csid1450|prty1450|main party|2003-07-08|2017-09-10|2022-03-24
csid1451|prty1451|main party|2009-06-24|2015-02-10|2022-03-24
csid1452|prty1452|secondary party|2006-05-22|2017-01-14|2022-03-24
csid1453|prty1453|main party|2008-07-05|2021-11-11|2022-03-24
csid1454|prty1454|main party|2001-03-27|2018-10-29|2022-03-24
csid1455|prty1455|secondary party|2011-07-29|2018-11-26|2022-03-24
csid1456|prty1456|main party|2000-05-22|2019-04-13|2022-03-24
csid1457|prty1457|secondary party|2007-05-11|2019-01-31|2022-03-24
csid1458|prty1458|secondary party|2001-01-13|2018-12-07|2022-03-24
csid1459|prty1459|secondary party|2002-01-30|2018-05-05|2022-03-24
csid1460|prty1460|secondary party|2010-06-29|2020-11-13|2022-03-24
csid1461|prty1461|main party|2011-11-03|2014-04-03|2022-03-24
csid1462|prty1462|main party|2000-01-09|2015-09-07|2022-03-24
csid1463|prty1463|secondary party|2005-03-22|2015-06-25|2022-03-24
csid1464|prty1464|secondary party|2001-07-19|2020-06-03|2022-03-24
csid1465|prty1465|main party|2001-01-11|2021-12-01|2022-03-24
csid1466|prty1466|main party|2005-09-26|2019-04-16|2022-03-24
csid1467|prty1467|secondary party|2008-07-02|2017-05-01|2022-03-24
csid1468|prty1468|secondary party|2005-04-15|2017-05-10|2022-03-24
csid1469|prty1469|secondary party|2007-08-31|2017-04-26|2022-03-24
csid1470|prty1470|secondary party|2004-06-30|2018-07-07|2022-03-24
csid1471|prty1471|main party|2003-03-27|2018-11-10|2022-03-24
csid1472|prty1472|main party|2004-10-20|2019-09-03|2022-03-24
csid1473|prty1473|main party|2006-05-07|2014-03-29|2022-03-24
csid1474|prty1474|main party|2005-10-03|2012-02-25|2022-03-24
csid1475|prty1475|main party|2011-06-15|2021-03-01|2022-03-24
csid1476|prty1476|main party|2004-05-07|2020-08-31|2022-03-24
csid1477|prty1477|secondary party|2009-03-12|2013-10-29|2022-03-24
csid1478|prty1478|main party|2001-10-26|2021-04-07|2022-03-24
csid1479|prty1479|secondary party|2011-04-09|2012-03-06|2022-03-24
csid1480|prty1480|main party|2005-09-18|2012-10-11|2022-03-24
csid1481|prty1481|secondary party|2004-02-26|2020-10-25|2022-03-24
csid1482|prty1482|secondary party|2001-11-19|2016-03-17|2022-03-24
csid1483|prty1483|secondary party|2002-09-12|2016-05-05|2022-03-24
csid1484|prty1484|main party|2001-07-22|2012-04-24|2022-03-24
csid1485|prty1485|secondary party|2006-05-03|2015-12-02|2022-03-24
csid1486|prty1486|secondary party|2005-05-07|2016-12-19|2022-03-24
csid1487|prty1487|main party|2007-05-18|2017-07-27|2022-03-24
csid1488|prty1488|main party|2009-06-13|2014-12-15|2022-03-24
csid1489|prty1489|secondary party|2006-12-23|2018-08-08|2022-03-24
csid1490|prty1490|secondary party|2011-01-15|2016-01-05|2022-03-24
csid1491|prty1491|main party|2007-11-26|2015-08-28|2022-03-24
csid1492|prty1492|main party|2004-01-22|2019-06-23|2022-03-24
csid1493|prty1493|secondary party|2002-02-11|2013-09-29|2022-03-24
csid1494|prty1494|secondary party|2005-05-20|2019-04-23|2022-03-24
csid1495|prty1495|main party|2009-11-10|2021-02-04|2022-03-24
csid1496|prty1496|secondary party|2006-04-12|2015-01-01|2022-03-24
csid1497|prty1497|secondary party|2003-07-16|2017-12-19|2022-03-24
csid1498|prty1498|secondary party|2004-06-05|2013-07-21|2022-03-24
csid1499|prty1499|secondary party|2000-06-21|2016-01-22|2022-03-24
csid1500|prty1500|main party|2010-02-19|2016-08-02|2022-03-24
csid1501|prty1501|main party|2010-04-21|2017-08-01|2022-03-24
csid1502|prty1502|main party|2007-03-30|2016-01-29|2022-03-24
csid1503|prty1503|secondary party|2009-04-08|2020-10-09|2022-03-24
csid1504|prty1504|secondary party|2006-01-11|2013-10-20|2022-03-24
csid1505|prty1505|main party|2001-11-26|2019-04-29|2022-03-24
csid1506|prty1506|secondary party|2002-06-14|2018-03-18|2022-03-24
csid1507|prty1507|secondary party|2009-04-09|2014-06-02|2022-03-24
csid1508|prty1508|main party|2004-11-11|2018-01-21|2022-03-24
csid1509|prty1509|main party|2007-12-16|2017-12-07|2022-03-24
csid1510|prty1510|secondary party|2008-04-29|2013-01-16|2022-03-24
csid1511|prty1511|main party|2010-12-07|2017-11-14|2022-03-24
csid1512|prty1512|main party|2001-12-05|2016-06-10|2022-03-24
csid1513|prty1513|secondary party|2010-08-09|2020-12-06|2022-03-24
csid1514|prty1514|secondary party|2011-08-04|2014-11-01|2022-03-24
csid1515|prty1515|secondary party|2008-05-22|2012-06-24|2022-03-24
csid1516|prty1516|secondary party|2001-06-09|2012-08-29|2022-03-24
csid1517|prty1517|secondary party|2007-08-21|2020-07-26|2022-03-24
csid1518|prty1518|secondary party|2008-10-27|2019-04-25|2022-03-24
csid1519|prty1519|main party|2005-08-27|2014-01-16|2022-03-24
csid1520|prty1520|secondary party|2001-03-06|2019-07-21|2022-03-24
csid1521|prty1521|main party|2003-12-11|2016-01-30|2022-03-24
csid1522|prty1522|secondary party|2007-05-09|2012-04-08|2022-03-24
csid1523|prty1523|main party|2007-11-04|2014-12-18|2022-03-24
csid1524|prty1524|secondary party|2003-02-18|2012-06-04|2022-03-24
csid1525|prty1525|secondary party|2009-02-16|2016-01-16|2022-03-24
csid1526|prty1526|secondary party|2009-08-31|2017-09-28|2022-03-24
csid1527|prty1527|secondary party|2000-12-14|2019-06-07|2022-03-24
csid1528|prty1528|secondary party|2010-09-09|2018-02-18|2022-03-24
csid1529|prty1529|secondary party|2004-10-05|2020-06-06|2022-03-24
csid1530|prty1530|secondary party|2002-05-24|2017-02-21|2022-03-24
csid1531|prty1531|main party|2011-04-20|2017-01-30|2022-03-24
csid1532|prty1532|main party|2003-09-01|2021-07-12|2022-03-24
csid1533|prty1533|main party|2001-05-09|2015-09-07|2022-03-24
csid1534|prty1534|secondary party|2002-06-02|2016-06-01|2022-03-24
csid1535|prty1535|main party|2008-07-10|2019-05-19|2022-03-24
csid1536|prty1536|secondary party|2001-05-17|2018-06-20|2022-03-24
csid1537|prty1537|secondary party|2000-12-19|2012-09-25|2022-03-24
csid1538|prty1538|secondary party|2002-01-16|2020-03-19|2022-03-24
csid1539|prty1539|secondary party|2001-11-04|2020-06-15|2022-03-24
csid1540|prty1540|secondary party|2002-12-17|2013-01-21|2022-03-24
csid1541|prty1541|main party|2008-04-17|2018-06-21|2022-03-24
csid1542|prty1542|secondary party|2006-09-05|2019-10-21|2022-03-24
csid1543|prty1543|secondary party|2006-04-19|2019-10-29|2022-03-24
csid1544|prty1544|main party|2009-04-21|2016-05-12|2022-03-24
csid1545|prty1545|secondary party|2003-01-15|2014-09-06|2022-03-24
csid1546|prty1546|main party|2000-04-22|2015-01-26|2022-03-24
csid1547|prty1547|main party|2011-09-28|2018-09-01|2022-03-24
csid1548|prty1548|secondary party|2006-02-18|2014-02-13|2022-03-24
csid1549|prty1549|main party|2007-09-01|2015-11-28|2022-03-24
csid1550|prty1550|main party|2009-09-17|2020-08-11|2022-03-24
csid1551|prty1551|main party|2004-09-05|2014-01-13|2022-03-24
csid1552|prty1552|main party|2007-04-12|2012-05-16|2022-03-24
csid1553|prty1553|secondary party|2000-10-24|2018-02-11|2022-03-24
csid1554|prty1554|main party|2004-07-01|2021-07-08|2022-03-24
csid1555|prty1555|main party|2011-04-13|2016-06-07|2022-03-24
csid1556|prty1556|secondary party|2000-08-26|2012-03-25|2022-03-24
csid1557|prty1557|main party|2010-02-14|2014-04-10|2022-03-24
csid1558|prty1558|main party|2001-11-22|2015-11-15|2022-03-24
csid1559|prty1559|secondary party|2001-06-29|2015-10-11|2022-03-24
csid1560|prty1560|secondary party|2011-01-04|2018-02-28|2022-03-24
csid1561|prty1561|main party|2000-10-17|2020-05-11|2022-03-24
csid1562|prty1562|main party|2007-08-25|2018-06-05|2022-03-24
csid1563|prty1563|main party|2002-09-07|2018-09-09|2022-03-24
csid1564|prty1564|secondary party|2005-06-21|2018-05-06|2022-03-24
csid1565|prty1565|secondary party|2001-10-01|2016-04-29|2022-03-24
csid1566|prty1566|secondary party|2004-08-06|2013-05-19|2022-03-24
csid1567|prty1567|secondary party|2009-02-01|2016-07-18|2022-03-24
csid1568|prty1568|main party|2011-06-26|2020-09-28|2022-03-24
csid1569|prty1569|secondary party|2004-04-04|2020-11-23|2022-03-24
csid1570|prty1570|secondary party|2010-11-04|2013-05-07|2022-03-24
csid1571|prty1571|main party|2000-01-23|2018-06-27|2022-03-24
csid1572|prty1572|main party|2001-02-26|2014-07-23|2022-03-24
csid1573|prty1573|secondary party|2007-08-04|2016-11-26|2022-03-24
csid1574|prty1574|secondary party|2002-04-09|2016-12-22|2022-03-24
csid1575|prty1575|main party|2004-03-14|2016-12-20|2022-03-24
csid1576|prty1576|secondary party|2011-10-06|2013-09-15|2022-03-24
csid1577|prty1577|secondary party|2005-06-12|2015-02-23|2022-03-24
csid1578|prty1578|main party|2008-08-07|2018-10-01|2022-03-24
csid1579|prty1579|secondary party|2011-07-11|2015-01-24|2022-03-24
csid1580|prty1580|main party|2008-10-01|2016-10-27|2022-03-24
csid1581|prty1581|main party|2009-01-17|2019-06-05|2022-03-24
csid1582|prty1582|secondary party|2005-03-03|2021-10-01|2022-03-24
csid1583|prty1583|secondary party|2002-01-09|2015-01-03|2022-03-24
csid1584|prty1584|main party|2005-09-10|2017-03-06|2022-03-24
csid1585|prty1585|main party|2008-01-17|2013-07-28|2022-03-24
csid1586|prty1586|main party|2009-06-17|2017-02-01|2022-03-24
csid1587|prty1587|secondary party|2010-05-18|2015-12-12|2022-03-24
csid1588|prty1588|secondary party|2000-05-28|2015-08-29|2022-03-24
csid1589|prty1589|main party|2002-10-23|2012-10-22|2022-03-24
csid1590|prty1590|main party|2004-07-26|2012-09-29|2022-03-24
csid1591|prty1591|main party|2003-01-11|2016-01-19|2022-03-24
csid1592|prty1592|main party|2002-11-16|2020-08-20|2022-03-24
csid1593|prty1593|secondary party|2001-04-16|2016-11-17|2022-03-24
csid1594|prty1594|main party|2010-11-29|2019-08-12|2022-03-24
csid1595|prty1595|main party|2005-06-05|2019-06-16|2022-03-24
csid1596|prty1596|secondary party|2011-07-19|2020-04-08|2022-03-24
csid1597|prty1597|secondary party|2000-03-01|2020-09-28|2022-03-24
csid1598|prty1598|main party|2004-12-06|2013-02-25|2022-03-24
csid1599|prty1599|secondary party|2008-01-15|2012-07-26|2022-03-24
csid1600|prty1600|secondary party|2003-04-23|2015-04-23|2022-03-24
csid1601|prty1601|secondary party|2007-12-07|2020-07-13|2022-03-24
csid1602|prty1602|main party|2006-10-14|2016-02-26|2022-03-24
csid1603|prty1603|main party|2011-06-19|2016-07-05|2022-03-24
csid1604|prty1604|secondary party|2011-07-31|2014-01-02|2022-03-24
csid1605|prty1605|secondary party|2008-06-06|2017-11-17|2022-03-24
csid1606|prty1606|main party|2008-11-01|2020-08-20|2022-03-24
csid1607|prty1607|main party|2000-02-13|2013-05-15|2022-03-24
csid1608|prty1608|secondary party|2008-01-26|2015-04-16|2022-03-24
csid1609|prty1609|main party|2007-04-25|2014-04-28|2022-03-24
csid1610|prty1610|secondary party|2000-04-13|2015-09-15|2022-03-24
csid1611|prty1611|secondary party|2011-11-27|2013-01-12|2022-03-24
csid1612|prty1612|secondary party|2004-11-30|2021-07-26|2022-03-24
csid1613|prty1613|main party|2003-04-03|2019-11-11|2022-03-24
csid1614|prty1614|main party|2001-02-19|2012-10-09|2022-03-24
csid1615|prty1615|secondary party|2010-09-11|2015-02-28|2022-03-24
csid1616|prty1616|main party|2011-06-17|2019-02-06|2022-03-24
csid1617|prty1617|secondary party|2007-10-31|2015-04-04|2022-03-24
csid1618|prty1618|main party|2010-10-03|2020-02-12|2022-03-24
csid1619|prty1619|secondary party|2008-07-30|2016-11-21|2022-03-24
csid1620|prty1620|main party|2009-04-20|2020-12-10|2022-03-24
csid1621|prty1621|secondary party|2011-07-28|2016-10-01|2022-03-24
csid1622|prty1622|secondary party|2006-02-18|2015-03-14|2022-03-24
csid1623|prty1623|secondary party|2006-07-22|2021-06-10|2022-03-24
csid1624|prty1624|main party|2006-12-19|2015-11-03|2022-03-24
csid1625|prty1625|main party|2006-02-02|2014-06-30|2022-03-24
csid1626|prty1626|main party|2005-05-27|2015-09-16|2022-03-24
csid1627|prty1627|secondary party|2004-09-30|2015-09-16|2022-03-24
csid1628|prty1628|secondary party|2005-04-14|2015-06-16|2022-03-24
csid1629|prty1629|secondary party|2007-12-27|2021-10-09|2022-03-24
csid1630|prty1630|secondary party|2006-04-29|2018-07-01|2022-03-24
csid1631|prty1631|main party|2009-02-09|2016-06-10|2022-03-24
csid1632|prty1632|secondary party|2006-06-14|2012-08-06|2022-03-24
csid1633|prty1633|main party|2004-12-09|2021-07-29|2022-03-24
csid1634|prty1634|main party|2001-12-22|2020-01-30|2022-03-24
csid1635|prty1635|secondary party|2010-04-22|2014-05-26|2022-03-24
csid1636|prty1636|secondary party|2001-09-24|2013-11-10|2022-03-24
csid1637|prty1637|secondary party|2002-04-25|2019-12-14|2022-03-24
csid1638|prty1638|secondary party|2006-05-20|2012-05-27|2022-03-24
csid1639|prty1639|main party|2008-07-19|2014-02-16|2022-03-24
csid1640|prty1640|secondary party|2002-12-22|2012-05-13|2022-03-24
csid1641|prty1641|secondary party|2001-09-21|2021-08-30|2022-03-24
csid1642|prty1642|main party|2003-09-10|2013-12-19|2022-03-24
csid1643|prty1643|secondary party|2005-03-20|2013-11-05|2022-03-24
csid1644|prty1644|main party|2005-04-12|2018-12-08|2022-03-24
csid1645|prty1645|main party|2003-01-27|2013-07-24|2022-03-24
csid1646|prty1646|secondary party|2001-01-11|2018-05-10|2022-03-24
csid1647|prty1647|main party|2006-04-23|2014-12-22|2022-03-24
csid1648|prty1648|main party|2002-08-09|2014-01-17|2022-03-24
csid1649|prty1649|secondary party|2004-12-18|2014-01-30|2022-03-24
csid1650|prty1650|secondary party|2006-06-25|2020-05-19|2022-03-24
csid1651|prty1651|main party|2004-03-05|2014-07-10|2022-03-24
csid1652|prty1652|main party|2008-08-11|2017-07-07|2022-03-24
csid1653|prty1653|main party|2000-09-16|2013-11-29|2022-03-24
csid1654|prty1654|secondary party|2004-05-29|2013-12-23|2022-03-24
csid1655|prty1655|secondary party|2006-06-08|2015-07-23|2022-03-24
csid1656|prty1656|secondary party|2001-08-19|2018-10-25|2022-03-24
csid1657|prty1657|main party|2008-10-18|2012-11-14|2022-03-24
csid1658|prty1658|main party|2009-09-01|2015-12-09|2022-03-24
csid1659|prty1659|main party|2008-07-19|2021-06-19|2022-03-24
csid1660|prty1660|secondary party|2007-06-19|2017-04-22|2022-03-24
csid1661|prty1661|main party|2009-04-13|2021-06-23|2022-03-24
csid1662|prty1662|secondary party|2001-08-21|2015-07-07|2022-03-24
csid1663|prty1663|secondary party|2007-05-05|2018-08-17|2022-03-24
csid1664|prty1664|secondary party|2004-07-26|2019-06-18|2022-03-24
csid1665|prty1665|main party|2001-05-14|2012-08-03|2022-03-24
csid1666|prty1666|secondary party|2000-04-08|2021-07-22|2022-03-24
csid1667|prty1667|secondary party|2006-07-21|2019-06-25|2022-03-24
csid1668|prty1668|secondary party|2011-03-20|2018-07-24|2022-03-24
csid1669|prty1669|secondary party|2004-05-21|2018-10-25|2022-03-24
csid1670|prty1670|main party|2010-02-21|2016-10-20|2022-03-24
csid1671|prty1671|main party|2000-06-12|2013-10-05|2022-03-24
csid1672|prty1672|main party|2001-05-03|2021-11-26|2022-03-24
csid1673|prty1673|main party|2002-06-13|2015-02-14|2022-03-24
csid1674|prty1674|secondary party|2004-01-14|2012-06-11|2022-03-24
csid1675|prty1675|secondary party|2005-10-01|2019-11-22|2022-03-24
csid1676|prty1676|secondary party|2003-01-04|2020-11-15|2022-03-24
csid1677|prty1677|secondary party|2006-02-01|2013-04-30|2022-03-24
csid1678|prty1678|main party|2009-06-11|2015-10-27|2022-03-24
csid1679|prty1679|secondary party|2009-03-29|2021-03-16|2022-03-24
csid1680|prty1680|main party|2005-01-03|2020-08-04|2022-03-24
csid1681|prty1681|main party|2008-08-30|2015-09-28|2022-03-24
csid1682|prty1682|main party|2011-05-25|2019-08-09|2022-03-24
csid1683|prty1683|secondary party|2000-10-30|2012-10-05|2022-03-24
csid1684|prty1684|main party|2000-03-24|2018-03-12|2022-03-24
csid1685|prty1685|main party|2006-08-24|2019-04-21|2022-03-24
csid1686|prty1686|main party|2005-01-05|2012-05-08|2022-03-24
csid1687|prty1687|secondary party|2001-04-22|2014-01-18|2022-03-24
csid1688|prty1688|main party|2002-07-11|2021-11-28|2022-03-24
csid1689|prty1689|secondary party|2003-05-23|2019-02-18|2022-03-24
csid1690|prty1690|secondary party|2009-05-26|2017-09-10|2022-03-24
csid1691|prty1691|secondary party|2010-09-13|2020-11-26|2022-03-24
csid1692|prty1692|secondary party|2009-04-10|2017-04-30|2022-03-24
csid1693|prty1693|secondary party|2009-10-08|2021-04-01|2022-03-24
csid1694|prty1694|main party|2002-11-13|2012-11-13|2022-03-24
csid1695|prty1695|main party|2000-09-29|2016-04-22|2022-03-24
csid1696|prty1696|main party|2009-09-29|2012-04-24|2022-03-24
csid1697|prty1697|secondary party|2011-10-12|2018-09-07|2022-03-24
csid1698|prty1698|main party|2005-11-04|2016-07-16|2022-03-24
csid1699|prty1699|secondary party|2009-12-06|2014-08-11|2022-03-24
csid1700|prty1700|secondary party|2007-07-11|2017-12-30|2022-03-24
csid1701|prty1701|secondary party|2007-02-27|2013-01-13|2022-03-24
csid1702|prty1702|main party|2010-06-30|2021-02-19|2022-03-24
csid1703|prty1703|secondary party|2011-08-10|2017-02-02|2022-03-24
csid1704|prty1704|secondary party|2005-04-04|2020-05-18|2022-03-24
csid1705|prty1705|secondary party|2004-01-25|2014-09-14|2022-03-24
csid1706|prty1706|secondary party|2006-09-11|2016-02-10|2022-03-24
csid1707|prty1707|main party|2002-07-15|2018-05-13|2022-03-24
csid1708|prty1708|main party|2004-04-24|2014-10-13|2022-03-24
csid1709|prty1709|secondary party|2009-02-22|2019-10-19|2022-03-24
csid1710|prty1710|main party|2002-11-01|2015-08-16|2022-03-24
csid1711|prty1711|secondary party|2001-10-22|2013-05-28|2022-03-24
csid1712|prty1712|secondary party|2000-04-20|2014-05-29|2022-03-24
csid1713|prty1713|main party|2005-06-10|2019-11-15|2022-03-24
csid1714|prty1714|main party|2006-12-24|2017-03-31|2022-03-24
csid1715|prty1715|secondary party|2009-02-07|2013-07-14|2022-03-24
csid1716|prty1716|main party|2007-11-29|2013-12-06|2022-03-24
csid1717|prty1717|secondary party|2009-02-27|2012-02-09|2022-03-24
csid1718|prty1718|main party|2010-10-31|2017-03-31|2022-03-24
csid1719|prty1719|main party|2007-12-27|2016-10-03|2022-03-24
csid1720|prty1720|main party|2001-03-24|2019-10-13|2022-03-24
csid1721|prty1721|main party|2005-10-20|2012-09-02|2022-03-24
csid1722|prty1722|main party|2010-03-31|2012-12-14|2022-03-24
csid1723|prty1723|main party|2005-05-05|2013-04-19|2022-03-24
csid1724|prty1724|main party|2004-04-23|2020-06-18|2022-03-24
csid1725|prty1725|secondary party|2004-10-16|2014-06-04|2022-03-24
csid1726|prty1726|secondary party|2001-05-07|2013-07-24|2022-03-24
csid1727|prty1727|main party|2004-12-14|2021-02-25|2022-03-24
csid1728|prty1728|secondary party|2007-11-14|2012-10-15|2022-03-24
csid1729|prty1729|secondary party|2009-08-06|2021-12-12|2022-03-24
csid1730|prty1730|main party|2010-10-01|2017-08-02|2022-03-24
csid1731|prty1731|main party|2008-12-25|2018-09-29|2022-03-24
csid1732|prty1732|secondary party|2008-10-04|2013-06-25|2022-03-24
csid1733|prty1733|secondary party|2009-03-25|2012-04-16|2022-03-24
csid1734|prty1734|main party|2011-12-07|2017-11-12|2022-03-24
csid1735|prty1735|main party|2002-02-06|2012-08-21|2022-03-24
csid1736|prty1736|main party|2002-03-16|2020-01-11|2022-03-24
csid1737|prty1737|main party|2005-01-11|2018-06-30|2022-03-24
csid1738|prty1738|main party|2007-07-16|2013-09-10|2022-03-24
csid1739|prty1739|secondary party|2011-02-18|2017-06-23|2022-03-24
csid1740|prty1740|main party|2001-12-04|2020-02-07|2022-03-24
csid1741|prty1741|main party|2001-11-01|2015-04-12|2022-03-24
csid1742|prty1742|main party|2011-03-18|2014-05-13|2022-03-24
csid1743|prty1743|main party|2004-05-22|2012-12-05|2022-03-24
csid1744|prty1744|secondary party|2004-09-20|2015-02-18|2022-03-24
csid1745|prty1745|main party|2006-12-08|2021-09-27|2022-03-24
csid1746|prty1746|secondary party|2002-07-03|2018-11-03|2022-03-24
csid1747|prty1747|secondary party|2003-01-04|2018-08-07|2022-03-24
csid1748|prty1748|main party|2009-07-23|2021-01-01|2022-03-24
csid1749|prty1749|main party|2009-08-07|2015-03-03|2022-03-24
csid1750|prty1750|main party|2002-06-11|2012-11-14|2022-03-24
csid1751|prty1751|secondary party|2006-05-24|2012-05-06|2022-03-24
csid1752|prty1752|secondary party|2002-11-17|2016-12-12|2022-03-24
csid1753|prty1753|main party|2006-07-16|2012-06-01|2022-03-24
csid1754|prty1754|main party|2009-08-17|2017-03-25|2022-03-24
csid1755|prty1755|main party|2004-02-25|2020-06-18|2022-03-24
csid1756|prty1756|secondary party|2011-07-28|2012-12-08|2022-03-24
csid1757|prty1757|secondary party|2010-04-17|2021-05-16|2022-03-24
csid1758|prty1758|secondary party|2002-12-10|2019-02-27|2022-03-24
csid1759|prty1759|secondary party|2010-11-28|2019-08-03|2022-03-24
csid1760|prty1760|secondary party|2003-01-05|2015-11-25|2022-03-24
csid1761|prty1761|main party|2000-05-26|2014-05-11|2022-03-24
csid1762|prty1762|secondary party|2009-06-30|2013-05-28|2022-03-24
csid1763|prty1763|main party|2001-01-28|2020-01-07|2022-03-24
csid1764|prty1764|secondary party|2005-05-31|2016-03-12|2022-03-24
csid1765|prty1765|secondary party|2011-01-05|2018-01-31|2022-03-24
csid1766|prty1766|main party|2002-12-25|2019-06-19|2022-03-24
csid1767|prty1767|main party|2006-08-31|2018-07-02|2022-03-24
csid1768|prty1768|main party|2004-02-22|2017-08-25|2022-03-24
csid1769|prty1769|main party|2009-10-15|2021-03-24|2022-03-24
csid1770|prty1770|main party|2002-03-31|2017-11-06|2022-03-24
csid1771|prty1771|main party|2008-05-31|2015-02-24|2022-03-24
csid1772|prty1772|secondary party|2011-08-13|2017-06-04|2022-03-24
csid1773|prty1773|main party|2010-12-14|2020-02-11|2022-03-24
csid1774|prty1774|secondary party|2010-10-31|2020-04-09|2022-03-24
csid1775|prty1775|main party|2010-08-17|2014-06-16|2022-03-24
csid1776|prty1776|secondary party|2007-01-07|2015-10-22|2022-03-24
csid1777|prty1777|secondary party|2004-10-09|2016-05-21|2022-03-24
csid1778|prty1778|main party|2003-02-03|2016-10-16|2022-03-24
csid1779|prty1779|secondary party|2011-07-13|2013-11-13|2022-03-24
csid1780|prty1780|secondary party|2004-06-11|2020-10-01|2022-03-24
csid1781|prty1781|secondary party|2004-02-14|2016-12-20|2022-03-24
csid1782|prty1782|secondary party|2005-07-23|2016-10-29|2022-03-24
csid1783|prty1783|secondary party|2007-06-10|2015-06-16|2022-03-24
csid1784|prty1784|secondary party|2006-10-19|2017-10-22|2022-03-24
csid1785|prty1785|main party|2010-04-07|2016-08-26|2022-03-24
csid1786|prty1786|secondary party|2007-07-24|2021-01-01|2022-03-24
csid1787|prty1787|main party|2008-08-19|2016-09-25|2022-03-24
csid1788|prty1788|main party|2005-06-25|2012-08-06|2022-03-24
csid1789|prty1789|main party|2000-10-17|2017-02-18|2022-03-24
csid1790|prty1790|secondary party|2006-03-23|2016-07-21|2022-03-24
csid1791|prty1791|secondary party|2005-06-27|2015-07-21|2022-03-24
csid1792|prty1792|secondary party|2004-10-21|2020-09-06|2022-03-24
csid1793|prty1793|secondary party|2002-04-24|2013-03-12|2022-03-24
csid1794|prty1794|main party|2004-08-05|2020-12-01|2022-03-24
csid1795|prty1795|secondary party|2001-06-10|2021-04-30|2022-03-24
csid1796|prty1796|secondary party|2005-02-09|2018-03-07|2022-03-24
csid1797|prty1797|secondary party|2001-06-14|2016-12-31|2022-03-24
csid1798|prty1798|secondary party|2001-02-26|2015-10-28|2022-03-24
csid1799|prty1799|main party|2000-02-16|2020-10-03|2022-03-24
csid1800|prty1800|main party|2005-09-01|2015-11-14|2022-03-24
csid1801|prty1801|main party|2009-11-15|2015-04-24|2022-03-24
csid1802|prty1802|main party|2010-08-15|2017-11-10|2022-03-24
csid1803|prty1803|secondary party|2002-05-07|2020-03-22|2022-03-24
csid1804|prty1804|main party|2003-09-14|2020-01-27|2022-03-24
csid1805|prty1805|main party|2003-12-23|2021-07-18|2022-03-24
csid1806|prty1806|secondary party|2011-11-23|2021-03-18|2022-03-24
csid1807|prty1807|secondary party|2009-07-26|2020-01-03|2022-03-24
csid1808|prty1808|main party|2005-04-22|2014-10-05|2022-03-24
csid1809|prty1809|secondary party|2000-05-28|2015-04-27|2022-03-24
csid1810|prty1810|main party|2004-10-17|2013-09-07|2022-03-24
csid1811|prty1811|main party|2009-02-28|2016-03-27|2022-03-24
csid1812|prty1812|main party|2011-06-22|2021-10-12|2022-03-24
csid1813|prty1813|secondary party|2007-11-21|2016-02-15|2022-03-24
csid1814|prty1814|secondary party|2005-06-23|2018-09-29|2022-03-24
csid1815|prty1815|secondary party|2003-12-19|2016-04-26|2022-03-24
csid1816|prty1816|main party|2002-02-19|2019-03-02|2022-03-24
csid1817|prty1817|main party|2006-05-27|2015-04-22|2022-03-24
csid1818|prty1818|secondary party|2008-06-20|2013-08-27|2022-03-24
csid1819|prty1819|main party|2009-05-31|2021-05-20|2022-03-24
csid1820|prty1820|main party|2004-11-14|2021-10-03|2022-03-24
csid1821|prty1821|secondary party|2006-05-09|2021-06-27|2022-03-24
csid1822|prty1822|secondary party|2007-09-05|2017-03-17|2022-03-24
csid1823|prty1823|secondary party|2007-03-10|2015-10-05|2022-03-24
csid1824|prty1824|secondary party|2006-10-29|2013-05-13|2022-03-24
csid1825|prty1825|main party|2005-04-27|2018-12-24|2022-03-24
csid1826|prty1826|secondary party|2003-02-22|2019-10-31|2022-03-24
csid1827|prty1827|main party|2007-03-21|2018-05-26|2022-03-24
csid1828|prty1828|secondary party|2008-05-11|2015-10-15|2022-03-24
csid1829|prty1829|main party|2007-09-28|2016-06-04|2022-03-24
csid1830|prty1830|secondary party|2004-11-20|2014-02-03|2022-03-24
csid1831|prty1831|secondary party|2005-10-20|2014-05-04|2022-03-24
csid1832|prty1832|main party|2005-02-14|2016-12-07|2022-03-24
csid1833|prty1833|main party|2003-12-31|2014-05-20|2022-03-24
csid1834|prty1834|main party|2007-11-30|2014-10-25|2022-03-24
csid1835|prty1835|secondary party|2008-10-09|2016-02-28|2022-03-24
csid1836|prty1836|main party|2005-07-15|2018-03-08|2022-03-24
csid1837|prty1837|secondary party|2011-07-16|2015-01-24|2022-03-24
csid1838|prty1838|main party|2005-03-20|2015-03-07|2022-03-24
csid1839|prty1839|secondary party|2010-10-25|2015-06-10|2022-03-24
csid1840|prty1840|main party|2010-12-19|2020-01-09|2022-03-24
csid1841|prty1841|main party|2001-12-14|2015-09-03|2022-03-24
csid1842|prty1842|secondary party|2004-08-24|2018-02-07|2022-03-24
csid1843|prty1843|secondary party|2001-06-14|2012-11-25|2022-03-24
csid1844|prty1844|secondary party|2010-06-14|2014-09-07|2022-03-24
csid1845|prty1845|secondary party|2010-04-25|2018-05-07|2022-03-24
csid1846|prty1846|main party|2008-07-05|2021-05-23|2022-03-24
csid1847|prty1847|secondary party|2008-08-17|2012-12-02|2022-03-24
csid1848|prty1848|secondary party|2002-06-21|2015-04-09|2022-03-24
csid1849|prty1849|secondary party|2002-09-24|2014-09-25|2022-03-24
csid1850|prty1850|main party|2001-12-31|2019-11-25|2022-03-24
csid1851|prty1851|secondary party|2000-07-06|2013-08-06|2022-03-24
csid1852|prty1852|main party|2008-12-30|2012-07-15|2022-03-24
csid1853|prty1853|secondary party|2008-07-17|2021-08-07|2022-03-24
csid1854|prty1854|secondary party|2009-11-22|2018-11-25|2022-03-24
csid1855|prty1855|main party|2008-10-08|2017-06-24|2022-03-24
csid1856|prty1856|main party|2003-12-23|2013-01-01|2022-03-24
csid1857|prty1857|main party|2005-08-25|2015-11-18|2022-03-24
csid1858|prty1858|secondary party|2004-05-22|2019-09-06|2022-03-24
csid1859|prty1859|main party|2000-06-29|2020-05-12|2022-03-24
csid1860|prty1860|main party|2011-04-24|2015-08-29|2022-03-24
csid1861|prty1861|main party|2004-01-25|2012-10-09|2022-03-24
csid1862|prty1862|secondary party|2008-06-27|2021-01-24|2022-03-24
csid1863|prty1863|secondary party|2002-12-03|2016-06-07|2022-03-24
csid1864|prty1864|secondary party|2004-09-27|2018-12-22|2022-03-24
csid1865|prty1865|secondary party|2009-02-26|2019-05-08|2022-03-24
csid1866|prty1866|secondary party|2003-02-14|2019-04-19|2022-03-24
csid1867|prty1867|secondary party|2007-03-21|2017-03-24|2022-03-24
csid1868|prty1868|main party|2003-01-12|2015-04-27|2022-03-24
csid1869|prty1869|main party|2000-11-28|2018-04-10|2022-03-24
csid1870|prty1870|secondary party|2007-12-11|2013-04-18|2022-03-24
csid1871|prty1871|secondary party|2000-09-16|2019-06-26|2022-03-24
csid1872|prty1872|secondary party|2007-07-06|2016-03-24|2022-03-24
csid1873|prty1873|secondary party|2000-01-26|2021-11-15|2022-03-24
csid1874|prty1874|secondary party|2001-09-30|2012-12-06|2022-03-24
csid1875|prty1875|main party|2005-07-09|2013-03-13|2022-03-24
csid1876|prty1876|secondary party|2006-04-26|2019-04-05|2022-03-24
csid1877|prty1877|secondary party|2005-04-11|2015-12-10|2022-03-24
csid1878|prty1878|secondary party|2010-06-09|2014-04-26|2022-03-24
csid1879|prty1879|main party|2010-10-25|2015-08-14|2022-03-24
csid1880|prty1880|secondary party|2011-06-17|2015-05-03|2022-03-24
csid1881|prty1881|main party|2001-12-24|2015-01-11|2022-03-24
csid1882|prty1882|secondary party|2006-11-01|2018-09-25|2022-03-24
csid1883|prty1883|secondary party|2008-08-21|2019-12-02|2022-03-24
csid1884|prty1884|secondary party|2008-07-17|2014-09-15|2022-03-24
csid1885|prty1885|main party|2007-06-10|2017-02-05|2022-03-24
csid1886|prty1886|main party|2008-09-27|2019-12-22|2022-03-24
csid1887|prty1887|main party|2006-12-07|2018-10-12|2022-03-24
csid1888|prty1888|secondary party|2000-11-04|2019-08-27|2022-03-24
csid1889|prty1889|main party|2007-02-02|2014-08-19|2022-03-24
csid1890|prty1890|secondary party|2002-04-15|2019-05-28|2022-03-24
csid1891|prty1891|secondary party|2002-04-26|2012-11-01|2022-03-24
csid1892|prty1892|main party|2011-07-08|2013-03-06|2022-03-24
csid1893|prty1893|secondary party|2003-04-22|2012-03-25|2022-03-24
csid1894|prty1894|main party|2008-01-23|2018-01-26|2022-03-24
csid1895|prty1895|secondary party|2005-01-09|2012-05-14|2022-03-24
csid1896|prty1896|secondary party|2001-10-07|2014-10-19|2022-03-24
csid1897|prty1897|main party|2002-09-20|2016-12-07|2022-03-24
csid1898|prty1898|secondary party|2000-04-27|2021-07-24|2022-03-24
csid1899|prty1899|main party|2007-08-23|2017-03-23|2022-03-24
csid1900|prty1900|secondary party|2001-02-21|2017-07-17|2022-03-24
csid1901|prty1901|main party|2004-06-12|2017-03-28|2022-03-24
csid1902|prty1902|main party|2004-03-26|2015-04-26|2022-03-24
csid1903|prty1903|main party|2009-06-20|2015-03-29|2022-03-24
csid1904|prty1904|main party|2008-06-17|2014-01-05|2022-03-24
csid1905|prty1905|main party|2006-10-09|2019-10-30|2022-03-24
csid1906|prty1906|secondary party|2001-04-21|2016-03-02|2022-03-24
csid1907|prty1907|main party|2009-08-13|2012-12-03|2022-03-24
csid1908|prty1908|main party|2000-05-31|2014-03-23|2022-03-24
csid1909|prty1909|secondary party|2000-05-05|2019-10-13|2022-03-24
csid1910|prty1910|secondary party|2003-12-09|2019-12-14|2022-03-24
csid1911|prty1911|main party|2008-07-29|2014-04-19|2022-03-24
csid1912|prty1912|main party|2003-06-23|2013-07-31|2022-03-24
csid1913|prty1913|main party|2005-06-09|2019-10-22|2022-03-24
csid1914|prty1914|secondary party|2009-07-10|2014-11-06|2022-03-24
csid1915|prty1915|main party|2005-06-20|2014-03-12|2022-03-24
csid1916|prty1916|secondary party|2011-08-15|2016-01-09|2022-03-24
csid1917|prty1917|secondary party|2007-07-26|2017-09-12|2022-03-24
csid1918|prty1918|secondary party|2007-08-01|2016-02-02|2022-03-24
csid1919|prty1919|secondary party|2010-12-18|2021-04-18|2022-03-24
csid1920|prty1920|main party|2011-02-09|2015-01-06|2022-03-24
csid1921|prty1921|main party|2001-05-10|2017-12-18|2022-03-24
csid1922|prty1922|secondary party|2003-01-27|2019-05-23|2022-03-24
csid1923|prty1923|main party|2009-10-04|2013-07-02|2022-03-24
csid1924|prty1924|secondary party|2004-09-01|2013-06-13|2022-03-24
csid1925|prty1925|secondary party|2007-10-05|2013-12-25|2022-03-24
csid1926|prty1926|secondary party|2010-06-22|2018-04-22|2022-03-24
csid1927|prty1927|secondary party|2009-05-15|2013-12-27|2022-03-24
csid1928|prty1928|secondary party|2006-08-02|2013-03-01|2022-03-24
csid1929|prty1929|main party|2011-07-14|2020-09-21|2022-03-24
csid1930|prty1930|main party|2010-12-23|2014-03-27|2022-03-24
csid1931|prty1931|secondary party|2000-04-05|2020-08-29|2022-03-24
csid1932|prty1932|main party|2003-05-21|2015-01-08|2022-03-24
csid1933|prty1933|main party|2011-02-03|2015-05-07|2022-03-24
csid1934|prty1934|secondary party|2008-12-10|2017-08-11|2022-03-24
csid1935|prty1935|secondary party|2001-05-14|2014-03-15|2022-03-24
csid1936|prty1936|secondary party|2010-03-28|2021-12-04|2022-03-24
csid1937|prty1937|main party|2001-04-22|2013-07-27|2022-03-24
csid1938|prty1938|main party|2009-09-21|2014-03-30|2022-03-24
csid1939|prty1939|main party|2007-08-19|2021-02-27|2022-03-24
csid1940|prty1940|main party|2000-09-23|2019-06-09|2022-03-24
csid1941|prty1941|main party|2004-12-24|2013-10-19|2022-03-24
csid1942|prty1942|main party|2001-01-14|2012-03-31|2022-03-24
csid1943|prty1943|main party|2007-07-01|2017-12-30|2022-03-24
csid1944|prty1944|main party|2003-03-14|2021-09-29|2022-03-24
csid1945|prty1945|secondary party|2007-07-17|2018-07-05|2022-03-24
csid1946|prty1946|secondary party|2002-04-14|2012-08-04|2022-03-24
csid1947|prty1947|secondary party|2002-12-06|2020-01-10|2022-03-24
csid1948|prty1948|secondary party|2000-10-10|2015-01-30|2022-03-24
csid1949|prty1949|main party|2006-11-21|2013-04-21|2022-03-24
csid1950|prty1950|main party|2010-06-12|2019-06-17|2022-03-24
csid1951|prty1951|secondary party|2006-05-27|2015-07-05|2022-03-24
csid1952|prty1952|secondary party|2011-11-25|2015-08-03|2022-03-24
csid1953|prty1953|main party|2011-06-02|2018-07-08|2022-03-24
csid1954|prty1954|main party|2009-10-31|2016-01-21|2022-03-24
csid1955|prty1955|main party|2007-12-04|2020-03-02|2022-03-24
csid1956|prty1956|main party|2008-05-13|2014-10-04|2022-03-24
csid1957|prty1957|secondary party|2010-11-21|2015-12-14|2022-03-24
csid1958|prty1958|main party|2009-04-09|2016-10-01|2022-03-24
csid1959|prty1959|main party|2009-05-13|2020-07-25|2022-03-24
csid1960|prty1960|secondary party|2003-11-08|2012-07-22|2022-03-24
csid1961|prty1961|secondary party|2000-01-08|2014-09-15|2022-03-24
csid1962|prty1962|main party|2009-04-07|2017-06-26|2022-03-24
csid1963|prty1963|secondary party|2004-04-17|2016-06-23|2022-03-24
csid1964|prty1964|secondary party|2006-05-02|2016-02-07|2022-03-24
csid1965|prty1965|secondary party|2004-10-29|2014-09-02|2022-03-24
csid1966|prty1966|main party|2002-04-29|2013-09-07|2022-03-24
csid1967|prty1967|secondary party|2007-11-14|2012-10-07|2022-03-24
csid1968|prty1968|main party|2008-01-12|2020-10-30|2022-03-24
csid1969|prty1969|secondary party|2010-12-20|2014-06-11|2022-03-24
csid1970|prty1970|main party|2008-08-28|2017-10-24|2022-03-24
csid1971|prty1971|main party|2000-08-27|2019-08-06|2022-03-24
csid1972|prty1972|main party|2011-02-27|2020-08-07|2022-03-24
csid1973|prty1973|main party|2009-10-21|2021-12-16|2022-03-24
csid1974|prty1974|secondary party|2010-07-20|2017-10-15|2022-03-24
csid1975|prty1975|secondary party|2010-08-21|2017-01-22|2022-03-24
csid1976|prty1976|main party|2000-04-16|2014-02-17|2022-03-24
csid1977|prty1977|main party|2005-06-19|2021-03-08|2022-03-24
csid1978|prty1978|main party|2011-10-26|2012-05-21|2022-03-24
csid1979|prty1979|main party|2007-07-02|2015-09-25|2022-03-24
csid1980|prty1980|secondary party|2000-12-26|2016-08-23|2022-03-24
csid1981|prty1981|main party|2000-10-12|2016-08-14|2022-03-24
csid1982|prty1982|main party|2006-03-26|2020-08-12|2022-03-24
csid1983|prty1983|main party|2005-09-12|2018-06-25|2022-03-24
csid1984|prty1984|secondary party|2009-03-09|2018-04-29|2022-03-24
csid1985|prty1985|main party|2005-11-18|2019-04-05|2022-03-24
csid1986|prty1986|secondary party|2010-01-23|2018-11-21|2022-03-24
csid1987|prty1987|main party|2009-01-03|2021-05-15|2022-03-24
csid1988|prty1988|secondary party|2004-11-13|2014-07-18|2022-03-24
csid1989|prty1989|secondary party|2002-01-04|2013-01-06|2022-03-24
csid1990|prty1990|main party|2011-08-21|2012-07-05|2022-03-24
csid1991|prty1991|secondary party|2009-12-14|2012-03-02|2022-03-24
csid1992|prty1992|main party|2000-08-18|2017-06-20|2022-03-24
csid1993|prty1993|secondary party|2001-04-09|2019-04-28|2022-03-24
csid1994|prty1994|secondary party|2010-05-20|2016-09-20|2022-03-24
csid1995|prty1995|secondary party|2011-10-12|2014-03-25|2022-03-24
csid1996|prty1996|secondary party|2009-02-17|2013-12-06|2022-03-24
csid1997|prty1997|main party|2006-02-27|2019-10-27|2022-03-24
csid1998|prty1998|secondary party|2011-09-20|2017-02-26|2022-03-24
csid1999|prty1999|secondary party|2011-10-29|2021-04-01|2022-03-24
csid2000|prty2000|secondary party|2002-09-07|2020-10-25|2022-03-24
