Transaction_ID|Account_Number|Broker_ID|Cheque_Type|Cheque_Number|Security_ID|Instrument_Quantity|Bearer_Security_Indicator|Broker_Name|Reference_Date
trns1001|TjEtsUik|brkr1001|bearer cheque|7008|scrt1001|5653|0|LcnJBfbp|2022-03-24
trns1002|jhjvlVoo|brkr1002|personal cheque|3192|scrt1002|306|0|dkPHmHpq|2022-03-24
trns1003|xplfZCkX|brkr1003|bearer cheque|8183|scrt1003|4549|0|mKbVXAax|2022-03-24
trns1004|qSUgHMiO|brkr1004|bearer cheque|3492|scrt1004|8407|0|rchtPhSq|2022-03-24
trns1005|EZubJNli|brkr1005|bearer cheque|8962|scrt1005|6239|1|RkEaAIHh|2022-03-24
trns1006|jzXqnqLo|brkr1006|personal cheque|8727|scrt1006|6128|1|SVhhRTbP|2022-03-24
trns1007|sTkhrieX|brkr1007|personal cheque|9301|scrt1007|9297|1|NgmIilLH|2022-03-24
trns1008|YKbxZTVc|brkr1008|bearer cheque|9907|scrt1008|7326|0|MQupvqxY|2022-03-24
trns1009|jOZLYrve|brkr1009|bearer cheque|277|scrt1009|4602|0|NAMVJfen|2022-03-24
trns1010|oNRQklyU|brkr1010|personal cheque|1271|scrt1010|1176|1|VvxbqLjH|2022-03-24
trns1011|YLiVcNVo|brkr1011|personal cheque|2880|scrt1011|1193|1|tfJfOVRC|2022-03-24
trns1012|jgBKpZCu|brkr1012|bearer cheque|4122|scrt1012|1652|0|DZATUABs|2022-03-24
trns1013|LVVMqrPn|brkr1013|bearer cheque|5838|scrt1013|3842|1|QNoyoeuC|2022-03-24
trns1014|KiHJqINo|brkr1014|bearer cheque|3915|scrt1014|3279|1|XLVDIVKY|2022-03-24
trns1015|OWjWAhMb|brkr1015|bearer cheque|5113|scrt1015|5346|0|VXmsIDCs|2022-03-24
trns1016|QvJFIEnv|brkr1016|personal cheque|2528|scrt1016|1049|1|vHXjQwJf|2022-03-24
trns1017|AyrqRusu|brkr1017|personal cheque|8969|scrt1017|199|1|uWxLvQxd|2022-03-24
trns1018|LnwPUvGs|brkr1018|bearer cheque|4399|scrt1018|3006|1|MpOEJmpp|2022-03-24
trns1019|ICxfeeyJ|brkr1019|bearer cheque|7522|scrt1019|5996|1|OPBAWtqa|2022-03-24
trns1020|mRbHKFzc|brkr1020|bearer cheque|8914|scrt1020|8840|1|MaeSLvtp|2022-03-24
trns1021|VLqpKsbQ|brkr1021|bearer cheque|4668|scrt1021|2270|1|jzzrfGuj|2022-03-24
trns1022|gOkkjYOT|brkr1022|personal cheque|8974|scrt1022|3327|0|DJnDuAro|2022-03-24
trns1023|NSNSbcLi|brkr1023|personal cheque|9852|scrt1023|925|0|jAtGGsmZ|2022-03-24
trns1024|HfdhIQnm|brkr1024|personal cheque|8495|scrt1024|2145|1|qsrqDynA|2022-03-24
trns1025|biIecrME|brkr1025|personal cheque|3388|scrt1025|6963|0|yabROAhm|2022-03-24
trns1026|UbmiQppd|brkr1026|personal cheque|4530|scrt1026|4777|1|fWpBlSyb|2022-03-24
trns1027|hzrUuZaa|brkr1027|bearer cheque|6618|scrt1027|765|0|rZoNNZwK|2022-03-24
trns1028|oTXAoieg|brkr1028|bearer cheque|3892|scrt1028|169|0|FoertyHz|2022-03-24
trns1029|WspqlUAD|brkr1029|personal cheque|148|scrt1029|4026|0|VRfjaLtX|2022-03-24
trns1030|BMEjXTsK|brkr1030|bearer cheque|8581|scrt1030|4911|1|sQNxTmQO|2022-03-24
trns1031|SwiwzLSs|brkr1031|bearer cheque|4629|scrt1031|9251|0|zYZJkzSV|2022-03-24
trns1032|gnpbuDvI|brkr1032|personal cheque|7645|scrt1032|8407|1|TqtOLTQT|2022-03-24
trns1033|xfaCPfni|brkr1033|personal cheque|667|scrt1033|967|0|bJwNhmLs|2022-03-24
trns1034|XyWLztIh|brkr1034|personal cheque|2919|scrt1034|3607|0|AGpaXZki|2022-03-24
trns1035|kMccnGSG|brkr1035|personal cheque|7944|scrt1035|5003|0|cSblldds|2022-03-24
trns1036|BvALDEEs|brkr1036|personal cheque|4574|scrt1036|4465|0|apCtBbQC|2022-03-24
trns1037|ofvmufWy|brkr1037|personal cheque|5872|scrt1037|6930|1|EWyMmQei|2022-03-24
trns1038|enWWrQYp|brkr1038|bearer cheque|6058|scrt1038|7998|0|wqcjPAFR|2022-03-24
trns1039|NrIPZoSh|brkr1039|bearer cheque|7172|scrt1039|3644|1|nDWVdgvz|2022-03-24
trns1040|abODeBEi|brkr1040|bearer cheque|1055|scrt1040|4367|0|TYeqxZuz|2022-03-24
trns1041|zyLCdqXl|brkr1041|bearer cheque|3270|scrt1041|9439|0|hOWcdvqy|2022-03-24
trns1042|zIFEKTdQ|brkr1042|bearer cheque|5633|scrt1042|133|1|ddFJPXpX|2022-03-24
trns1043|LNyGWbwF|brkr1043|bearer cheque|5276|scrt1043|341|0|kuvihuhp|2022-03-24
trns1044|foPfRZAf|brkr1044|bearer cheque|5444|scrt1044|3261|0|SdIBGhSi|2022-03-24
trns1045|YOfTjLqU|brkr1045|personal cheque|5977|scrt1045|3642|0|DMsOEKuf|2022-03-24
trns1046|RSSkACRI|brkr1046|bearer cheque|8485|scrt1046|2144|0|GefJpJKU|2022-03-24
trns1047|BXKEkkEt|brkr1047|bearer cheque|5028|scrt1047|5735|0|hdmcqQlB|2022-03-24
trns1048|CIMJaAaP|brkr1048|bearer cheque|9212|scrt1048|9750|1|rThIbgVs|2022-03-24
trns1049|PiZsgRlk|brkr1049|bearer cheque|4233|scrt1049|7554|0|wKHoJkWm|2022-03-24
trns1050|TNZcryWm|brkr1050|personal cheque|2089|scrt1050|5922|1|oSSrSNEN|2022-03-24
trns1051|xmJzBEKX|brkr1051|personal cheque|5937|scrt1051|2356|0|OxeZzbiH|2022-03-24
trns1052|CVFBGOdQ|brkr1052|personal cheque|5957|scrt1052|5814|0|qbktxHGG|2022-03-24
trns1053|YbKxtMGL|brkr1053|personal cheque|9105|scrt1053|8202|1|mQFmxnEK|2022-03-24
trns1054|ZiAGfYTW|brkr1054|personal cheque|666|scrt1054|4229|1|cvuvXETM|2022-03-24
trns1055|EdJnTHsa|brkr1055|personal cheque|1165|scrt1055|3690|0|xbZUBmHu|2022-03-24
trns1056|hNVMrnrC|brkr1056|bearer cheque|2050|scrt1056|2236|1|SmsIYllk|2022-03-24
trns1057|qVHBnsiv|brkr1057|bearer cheque|8157|scrt1057|8378|1|aRijFjxR|2022-03-24
trns1058|SBzobNkF|brkr1058|bearer cheque|3404|scrt1058|5564|1|BTKWwvQI|2022-03-24
trns1059|dZweZWwo|brkr1059|bearer cheque|4853|scrt1059|8747|1|ImSTpwxv|2022-03-24
trns1060|aOfPvUrr|brkr1060|bearer cheque|6922|scrt1060|1659|1|BtJOoYXT|2022-03-24
trns1061|gHvvqHtF|brkr1061|bearer cheque|8692|scrt1061|1860|1|GJLAJxXJ|2022-03-24
trns1062|qTDeimCA|brkr1062|personal cheque|2109|scrt1062|710|0|ZEzppjKJ|2022-03-24
trns1063|QtbDsazd|brkr1063|personal cheque|7956|scrt1063|1876|0|ybveiQUJ|2022-03-24
trns1064|quoSEFgW|brkr1064|personal cheque|2147|scrt1064|3374|1|cZeLuumw|2022-03-24
trns1065|ReTBhDrG|brkr1065|personal cheque|1992|scrt1065|9076|0|tmSXgSUX|2022-03-24
trns1066|GDIjVlzQ|brkr1066|bearer cheque|5397|scrt1066|7808|0|PaNhGqgF|2022-03-24
trns1067|vXSYipzO|brkr1067|personal cheque|3240|scrt1067|5958|1|SbrglGME|2022-03-24
trns1068|rGoxQJYs|brkr1068|personal cheque|5696|scrt1068|3290|1|vJIpeENa|2022-03-24
trns1069|qcfLYrQd|brkr1069|personal cheque|2610|scrt1069|1240|0|aEMOIVht|2022-03-24
trns1070|gkkhOAbN|brkr1070|bearer cheque|5234|scrt1070|4271|1|vHJCQPJx|2022-03-24
trns1071|KfzDWMoh|brkr1071|bearer cheque|8936|scrt1071|7703|0|HFuFcwDI|2022-03-24
trns1072|ejMwrhTI|brkr1072|bearer cheque|9840|scrt1072|5038|0|XazVRSah|2022-03-24
trns1073|UoCKvWnU|brkr1073|bearer cheque|7888|scrt1073|2244|1|JWxGftoN|2022-03-24
trns1074|MtDxxvRR|brkr1074|bearer cheque|2991|scrt1074|6975|0|OpBEgyDL|2022-03-24
trns1075|aXGwIaEs|brkr1075|personal cheque|7457|scrt1075|5421|1|yWEntEFU|2022-03-24
trns1076|AyiWwcKf|brkr1076|bearer cheque|5974|scrt1076|4180|0|eqaWznuw|2022-03-24
trns1077|brxuVnnc|brkr1077|personal cheque|4805|scrt1077|793|0|KNwqvKKz|2022-03-24
trns1078|eRlahGMf|brkr1078|bearer cheque|611|scrt1078|2090|0|ZsQMULhy|2022-03-24
trns1079|godcBPnO|brkr1079|personal cheque|1126|scrt1079|3486|1|bkEhYoLe|2022-03-24
trns1080|CuhelAhb|brkr1080|personal cheque|8546|scrt1080|551|0|DRYtWDyV|2022-03-24
trns1081|NCqxLroS|brkr1081|personal cheque|4622|scrt1081|8317|1|RNSBPRqh|2022-03-24
trns1082|uDQsszbs|brkr1082|personal cheque|5849|scrt1082|9084|1|mvYxgKnj|2022-03-24
trns1083|jfoaxvix|brkr1083|bearer cheque|3455|scrt1083|7424|1|FXwGxuMt|2022-03-24
trns1084|InNbVksG|brkr1084|personal cheque|8634|scrt1084|986|1|WusObORd|2022-03-24
trns1085|apzSZXfX|brkr1085|bearer cheque|6756|scrt1085|1708|0|opltxgkr|2022-03-24
trns1086|WHkPtqCi|brkr1086|personal cheque|3859|scrt1086|1546|0|CDkvHdfX|2022-03-24
trns1087|sFZgKkGp|brkr1087|bearer cheque|2672|scrt1087|7509|0|KIRBbHWv|2022-03-24
trns1088|sChEBEQH|brkr1088|personal cheque|1510|scrt1088|3295|1|xrBNJglj|2022-03-24
trns1089|yPqovBJS|brkr1089|bearer cheque|8417|scrt1089|3861|0|JIkJxdSE|2022-03-24
trns1090|oryUxWft|brkr1090|bearer cheque|1164|scrt1090|8808|0|XUwxxtcy|2022-03-24
trns1091|GjkdtyeJ|brkr1091|personal cheque|5881|scrt1091|5901|1|YyPNzszb|2022-03-24
trns1092|ePNtXmkA|brkr1092|personal cheque|8835|scrt1092|9798|1|ptGZIaSD|2022-03-24
trns1093|HHUksmdF|brkr1093|bearer cheque|6678|scrt1093|7690|0|SJFOWdPe|2022-03-24
trns1094|uNUgDxKv|brkr1094|bearer cheque|8351|scrt1094|9282|1|hUIWeQBb|2022-03-24
trns1095|huaUcWNH|brkr1095|bearer cheque|2181|scrt1095|4975|1|ekGuUIMy|2022-03-24
trns1096|VvaDAGsm|brkr1096|personal cheque|4746|scrt1096|5035|1|rgmCfegw|2022-03-24
trns1097|esHqaMMN|brkr1097|bearer cheque|632|scrt1097|6476|0|yqPZFnQV|2022-03-24
trns1098|DiNnKydh|brkr1098|personal cheque|2616|scrt1098|5415|0|zfJIzpHz|2022-03-24
trns1099|aKihAlUO|brkr1099|bearer cheque|9329|scrt1099|5716|0|JlHZBaaj|2022-03-24
trns1100|nOmpukFx|brkr1100|bearer cheque|5657|scrt1100|9167|1|RNmENvaC|2022-03-24
trns1101|BysfQrBM|brkr1101|bearer cheque|1690|scrt1101|9410|0|GAZLhkja|2022-03-24
trns1102|RfjeuvVK|brkr1102|bearer cheque|9444|scrt1102|4786|1|zUxbpuKp|2022-03-24
trns1103|teBpGWSL|brkr1103|personal cheque|2251|scrt1103|9153|1|HEFXZbac|2022-03-24
trns1104|ZKgeyzGz|brkr1104|bearer cheque|8349|scrt1104|8424|1|ZSWxiQFD|2022-03-24
trns1105|hhyINfrZ|brkr1105|personal cheque|5545|scrt1105|1654|1|KqVVxUCc|2022-03-24
trns1106|IPZouGaE|brkr1106|bearer cheque|169|scrt1106|132|1|xNQwGOhf|2022-03-24
trns1107|QNBTnlzQ|brkr1107|personal cheque|7301|scrt1107|7875|1|FJzylFBS|2022-03-24
trns1108|clIPlRGL|brkr1108|personal cheque|6729|scrt1108|3445|1|RBCsXvlg|2022-03-24
trns1109|gTxbRzuT|brkr1109|bearer cheque|571|scrt1109|4648|0|gxuTrYRA|2022-03-24
trns1110|WOTwWoqQ|brkr1110|personal cheque|6166|scrt1110|7002|1|pLzSHpEn|2022-03-24
trns1111|vCDnISQv|brkr1111|bearer cheque|4791|scrt1111|5656|1|qHJaytCa|2022-03-24
trns1112|mkUSeHnb|brkr1112|personal cheque|7005|scrt1112|5564|0|JoKdZoOZ|2022-03-24
trns1113|nWrUrWzJ|brkr1113|personal cheque|8640|scrt1113|4519|0|PTQkUAsE|2022-03-24
trns1114|JUOCfDWu|brkr1114|personal cheque|2448|scrt1114|3397|1|CiUiKDMu|2022-03-24
trns1115|pqVCLOUf|brkr1115|personal cheque|4358|scrt1115|6462|0|yGcFgMoU|2022-03-24
trns1116|tMusUltC|brkr1116|personal cheque|9722|scrt1116|2450|1|IIweZqfa|2022-03-24
trns1117|YADlByNL|brkr1117|bearer cheque|6719|scrt1117|1094|0|oqjYuBqj|2022-03-24
trns1118|AFKlyQnz|brkr1118|bearer cheque|7341|scrt1118|5519|1|NCFcwbXE|2022-03-24
trns1119|heLSLcCN|brkr1119|personal cheque|1938|scrt1119|5297|0|OtLYubtN|2022-03-24
trns1120|EulZnUrF|brkr1120|personal cheque|4848|scrt1120|2189|0|gWXfmfXs|2022-03-24
trns1121|LTCDdMPC|brkr1121|personal cheque|3927|scrt1121|9893|1|ZhrzUAKQ|2022-03-24
trns1122|MzSSCklX|brkr1122|personal cheque|9885|scrt1122|7275|0|QVhUrSKK|2022-03-24
trns1123|eBDfqyuF|brkr1123|personal cheque|2300|scrt1123|4946|1|dfdAoIeR|2022-03-24
trns1124|qgEMrWwN|brkr1124|personal cheque|9858|scrt1124|2353|0|IuzIJbRy|2022-03-24
trns1125|tLEZhzlw|brkr1125|bearer cheque|5413|scrt1125|6525|1|YSoBebey|2022-03-24
trns1126|VjLmsSee|brkr1126|bearer cheque|952|scrt1126|7474|1|bkymosaK|2022-03-24
trns1127|VFhaIlvO|brkr1127|personal cheque|1919|scrt1127|5620|1|hMAoPnYw|2022-03-24
trns1128|ajxOZCHr|brkr1128|personal cheque|4069|scrt1128|7005|1|EEdBpRnZ|2022-03-24
trns1129|nApEWaEF|brkr1129|personal cheque|832|scrt1129|9764|1|wbMhPtLy|2022-03-24
trns1130|YgUZUqnS|brkr1130|personal cheque|4260|scrt1130|1008|0|lYJwhYvJ|2022-03-24
trns1131|ivkMBCsb|brkr1131|personal cheque|1448|scrt1131|4912|0|mAjmtlVQ|2022-03-24
trns1132|QZaIMzfc|brkr1132|personal cheque|6900|scrt1132|6457|1|EdZkdnHs|2022-03-24
trns1133|INDAaTKB|brkr1133|bearer cheque|1446|scrt1133|2285|1|VzxgnPvL|2022-03-24
trns1134|MFjDybbc|brkr1134|personal cheque|5741|scrt1134|9486|0|JnNaPEze|2022-03-24
trns1135|JSmfilBa|brkr1135|personal cheque|617|scrt1135|7508|0|DLKPeugk|2022-03-24
trns1136|TWFSVNhN|brkr1136|bearer cheque|7428|scrt1136|7356|0|yxhFAKkx|2022-03-24
trns1137|SjFqjQFU|brkr1137|personal cheque|8541|scrt1137|4099|1|tFrkoitn|2022-03-24
trns1138|kJUgXUVy|brkr1138|bearer cheque|8777|scrt1138|4326|1|hCAuSRnB|2022-03-24
trns1139|yHTPSmTo|brkr1139|personal cheque|3849|scrt1139|5487|1|FdJyDQHh|2022-03-24
trns1140|JjTMusaz|brkr1140|personal cheque|8088|scrt1140|2254|0|KLEAClYK|2022-03-24
trns1141|XhpJerEo|brkr1141|bearer cheque|1985|scrt1141|2931|0|qcnswKCv|2022-03-24
trns1142|HXEHsiWP|brkr1142|bearer cheque|8993|scrt1142|5066|0|pilkKNzX|2022-03-24
trns1143|gpUKrWJh|brkr1143|bearer cheque|6911|scrt1143|7979|0|JBWCsKNY|2022-03-24
trns1144|HWDQHUik|brkr1144|personal cheque|8220|scrt1144|8359|1|jAGhzAef|2022-03-24
trns1145|ZMZapGzA|brkr1145|bearer cheque|7543|scrt1145|5357|1|pbwdGeoD|2022-03-24
trns1146|ZixRdULJ|brkr1146|bearer cheque|9149|scrt1146|592|1|WRlcSBLi|2022-03-24
trns1147|uTHkIFvX|brkr1147|personal cheque|614|scrt1147|3094|1|oSjJcMTF|2022-03-24
trns1148|xncVxzOC|brkr1148|bearer cheque|4083|scrt1148|7521|1|WEMNyMLk|2022-03-24
trns1149|jlmMYBpN|brkr1149|personal cheque|1649|scrt1149|6171|0|iVbauxyc|2022-03-24
trns1150|MeYqFWun|brkr1150|bearer cheque|6771|scrt1150|1439|0|MjsFURMS|2022-03-24
trns1151|xKADwcjs|brkr1151|personal cheque|6857|scrt1151|5214|0|BkBJlweN|2022-03-24
trns1152|zqbruOgX|brkr1152|personal cheque|9755|scrt1152|676|0|IMDBjibE|2022-03-24
trns1153|hSXRwIdV|brkr1153|personal cheque|251|scrt1153|2713|0|iXLJVsav|2022-03-24
trns1154|PqEfIKdL|brkr1154|personal cheque|381|scrt1154|1638|0|JxjYMcwZ|2022-03-24
trns1155|qYRwllnc|brkr1155|bearer cheque|4674|scrt1155|7841|1|KXLVkDtg|2022-03-24
trns1156|ayKHFEfk|brkr1156|bearer cheque|772|scrt1156|9841|0|LznwDFHb|2022-03-24
trns1157|lCXPFlrY|brkr1157|personal cheque|1352|scrt1157|8653|0|JNslmjUQ|2022-03-24
trns1158|xveXbPfL|brkr1158|personal cheque|5374|scrt1158|8097|0|EPdugpQy|2022-03-24
trns1159|FZblhWfG|brkr1159|personal cheque|4157|scrt1159|3906|0|PYnyklTV|2022-03-24
trns1160|IlDKUEJE|brkr1160|personal cheque|5813|scrt1160|2999|1|knNVjPxz|2022-03-24
trns1161|OSptyLdW|brkr1161|personal cheque|803|scrt1161|2937|1|KQugYJIk|2022-03-24
trns1162|enVbDpRk|brkr1162|personal cheque|5466|scrt1162|3668|0|MyoDSWvT|2022-03-24
trns1163|iREsnZvE|brkr1163|bearer cheque|9817|scrt1163|5988|0|UkhnEBcH|2022-03-24
trns1164|cBTPoTkP|brkr1164|personal cheque|536|scrt1164|601|1|DtQjGYso|2022-03-24
trns1165|tgARfJBH|brkr1165|personal cheque|4013|scrt1165|8003|1|bNmllZrE|2022-03-24
trns1166|KagKOpgx|brkr1166|bearer cheque|2176|scrt1166|2223|1|yOPOMmzl|2022-03-24
trns1167|qnlisvzw|brkr1167|personal cheque|8393|scrt1167|7687|0|nPoZYPsu|2022-03-24
trns1168|yBUdfolJ|brkr1168|bearer cheque|3456|scrt1168|6070|1|JYmlnBto|2022-03-24
trns1169|xjQLthBl|brkr1169|bearer cheque|6011|scrt1169|7014|1|mUUqjdTf|2022-03-24
trns1170|SBwGaobs|brkr1170|bearer cheque|7805|scrt1170|429|1|IFiNwRGQ|2022-03-24
trns1171|cGttLvxp|brkr1171|bearer cheque|1045|scrt1171|1722|1|KtoGETpF|2022-03-24
trns1172|gBzgEYni|brkr1172|bearer cheque|4033|scrt1172|9321|1|DJSRofSz|2022-03-24
trns1173|LXNSqnUT|brkr1173|bearer cheque|1028|scrt1173|5335|0|vBHJWtVt|2022-03-24
trns1174|KJOKzvNh|brkr1174|bearer cheque|947|scrt1174|5786|0|zrsEESQZ|2022-03-24
trns1175|deLCBLpk|brkr1175|personal cheque|8466|scrt1175|9261|1|tycrlNfk|2022-03-24
trns1176|lqzJwURW|brkr1176|personal cheque|3417|scrt1176|7646|1|sFyPANsC|2022-03-24
trns1177|iHNefckm|brkr1177|bearer cheque|2818|scrt1177|4326|0|LGSZTlaK|2022-03-24
trns1178|hsshuzbQ|brkr1178|personal cheque|9334|scrt1178|4138|0|TqfoXvPx|2022-03-24
trns1179|JJWBXQxm|brkr1179|personal cheque|7682|scrt1179|8231|0|bQdVjBvI|2022-03-24
trns1180|HAHoXnKn|brkr1180|bearer cheque|2888|scrt1180|3659|0|MGvxqUgv|2022-03-24
trns1181|QWpkoKpi|brkr1181|personal cheque|6823|scrt1181|1589|0|OjeTpEjf|2022-03-24
trns1182|lpHeCIcN|brkr1182|bearer cheque|1032|scrt1182|1576|1|WJGrKevB|2022-03-24
trns1183|ZQMVqJow|brkr1183|personal cheque|510|scrt1183|134|0|xRfPKjTq|2022-03-24
trns1184|bmyBjGDK|brkr1184|bearer cheque|7099|scrt1184|6808|1|qhdhaVaL|2022-03-24
trns1185|jMHlrUee|brkr1185|personal cheque|5067|scrt1185|5972|1|iIIypJpp|2022-03-24
trns1186|uFckWaBw|brkr1186|bearer cheque|8955|scrt1186|4692|0|wAjkRJrv|2022-03-24
trns1187|gMnIiSXc|brkr1187|bearer cheque|8088|scrt1187|7761|1|xxVznVOs|2022-03-24
trns1188|DiIeyKdo|brkr1188|bearer cheque|6784|scrt1188|7861|1|TDWLBuXX|2022-03-24
trns1189|TEBAfooz|brkr1189|bearer cheque|2860|scrt1189|7571|0|gvdgrGWG|2022-03-24
trns1190|vApbfzJl|brkr1190|bearer cheque|7790|scrt1190|2460|1|EhliQYwB|2022-03-24
trns1191|eJRbXVGS|brkr1191|personal cheque|9770|scrt1191|1081|1|JLuBrxpr|2022-03-24
trns1192|RZuQdiYq|brkr1192|personal cheque|8209|scrt1192|8504|0|swWKSMdr|2022-03-24
trns1193|lsZyldjD|brkr1193|personal cheque|5224|scrt1193|6496|1|cnXmNjeA|2022-03-24
trns1194|bpjGlNdQ|brkr1194|personal cheque|4058|scrt1194|2625|0|wKZSrFlJ|2022-03-24
trns1195|nPzFKFzb|brkr1195|personal cheque|4524|scrt1195|4932|0|zRadykbN|2022-03-24
trns1196|XqhChGEu|brkr1196|personal cheque|169|scrt1196|4995|0|lIgcQlAV|2022-03-24
trns1197|NOuRoKVP|brkr1197|bearer cheque|8251|scrt1197|5397|1|GEqGpSXh|2022-03-24
trns1198|PYYSLdhE|brkr1198|personal cheque|2323|scrt1198|8571|1|wjFdsFzN|2022-03-24
trns1199|OoRINosy|brkr1199|bearer cheque|7328|scrt1199|5088|1|QTBHevgA|2022-03-24
trns1200|gPaAhzTe|brkr1200|personal cheque|545|scrt1200|2734|1|cSDdVZDo|2022-03-24
trns1201|eyMQyZar|brkr1201|bearer cheque|6546|scrt1201|8811|1|xrTFYgGF|2022-03-24
trns1202|pXegUHcl|brkr1202|personal cheque|7963|scrt1202|227|1|JMGEbsez|2022-03-24
trns1203|mrNEsRdg|brkr1203|bearer cheque|5791|scrt1203|644|1|DDqeGSGg|2022-03-24
trns1204|DaCXLgPJ|brkr1204|bearer cheque|8891|scrt1204|8023|0|ECpIvdOy|2022-03-24
trns1205|lnvhKZlT|brkr1205|bearer cheque|7032|scrt1205|9359|0|sSCMAwYK|2022-03-24
trns1206|VpSjDVwP|brkr1206|personal cheque|7705|scrt1206|6022|1|jrPvWbjk|2022-03-24
trns1207|capdmmBO|brkr1207|personal cheque|3235|scrt1207|720|0|RNnKzVKh|2022-03-24
trns1208|lBRkRrOn|brkr1208|bearer cheque|7755|scrt1208|1398|1|CbLfvrWh|2022-03-24
trns1209|ZaUrVTkZ|brkr1209|personal cheque|1268|scrt1209|6089|0|QJhadsyZ|2022-03-24
trns1210|XLMjFpGL|brkr1210|bearer cheque|9770|scrt1210|15|0|taSeFVIE|2022-03-24
trns1211|GjJyorNm|brkr1211|personal cheque|4346|scrt1211|5000|1|tuUbwsQI|2022-03-24
trns1212|fBChAyCB|brkr1212|bearer cheque|1471|scrt1212|8687|0|qFgKHnuO|2022-03-24
trns1213|RPkTnxoN|brkr1213|bearer cheque|7546|scrt1213|1625|0|mZAtyjLR|2022-03-24
trns1214|gswhlIGY|brkr1214|personal cheque|612|scrt1214|2451|0|PyQMKCZr|2022-03-24
trns1215|IzRRlAlf|brkr1215|personal cheque|7310|scrt1215|1641|1|fZeETonh|2022-03-24
trns1216|uPjHxWuj|brkr1216|bearer cheque|5049|scrt1216|6026|0|VBwUstMo|2022-03-24
trns1217|ZzMCEHbF|brkr1217|bearer cheque|1585|scrt1217|815|0|KLhEyine|2022-03-24
trns1218|kkddOfGZ|brkr1218|personal cheque|3213|scrt1218|428|0|SDlwVMoJ|2022-03-24
trns1219|zCQoMNee|brkr1219|personal cheque|6961|scrt1219|5608|1|qhVdRDIy|2022-03-24
trns1220|cOgKEzNX|brkr1220|bearer cheque|1307|scrt1220|880|1|wygmUVtI|2022-03-24
trns1221|DPWgklPt|brkr1221|bearer cheque|8685|scrt1221|6281|0|qPSpbpBI|2022-03-24
trns1222|GMdukbLG|brkr1222|personal cheque|1061|scrt1222|981|0|QwldyEkN|2022-03-24
trns1223|RMfdIKnO|brkr1223|personal cheque|6128|scrt1223|6346|0|HSccVCBi|2022-03-24
trns1224|nscSiFSa|brkr1224|personal cheque|9052|scrt1224|7045|1|Vcucgjdo|2022-03-24
trns1225|loensEJf|brkr1225|bearer cheque|8402|scrt1225|2946|1|wbRkQVjX|2022-03-24
trns1226|uXWXqCJr|brkr1226|bearer cheque|6902|scrt1226|8327|0|szuFkUvP|2022-03-24
trns1227|ixtjLPMI|brkr1227|bearer cheque|384|scrt1227|8160|0|CjquOoZO|2022-03-24
trns1228|ibnXhdvY|brkr1228|personal cheque|9684|scrt1228|3601|1|mCiMIOTu|2022-03-24
trns1229|FrTXkfta|brkr1229|personal cheque|6779|scrt1229|5893|1|FihIEMHl|2022-03-24
trns1230|rVCzlkHk|brkr1230|personal cheque|3198|scrt1230|7308|0|cOUFYWiy|2022-03-24
trns1231|pWZCvYYF|brkr1231|personal cheque|2159|scrt1231|6596|1|Qohrmxti|2022-03-24
trns1232|oPnVpFJo|brkr1232|personal cheque|2947|scrt1232|9313|1|RjtrHZXu|2022-03-24
trns1233|qytgboHm|brkr1233|bearer cheque|3399|scrt1233|9485|1|BJCfmGfP|2022-03-24
trns1234|DXLZdFqc|brkr1234|bearer cheque|6795|scrt1234|9733|0|CrGEtLBZ|2022-03-24
trns1235|OSPemGBO|brkr1235|personal cheque|9196|scrt1235|6217|1|qGyvEpXE|2022-03-24
trns1236|LVWgzLla|brkr1236|personal cheque|375|scrt1236|474|0|AVInbczo|2022-03-24
trns1237|UlhAliPE|brkr1237|personal cheque|8806|scrt1237|7011|0|jnhGhtxJ|2022-03-24
trns1238|iCAshArT|brkr1238|personal cheque|5864|scrt1238|195|1|CNLtfmZQ|2022-03-24
trns1239|mvZHrGwq|brkr1239|personal cheque|6551|scrt1239|2987|1|ciyXclNY|2022-03-24
trns1240|ibKQQoyu|brkr1240|bearer cheque|2899|scrt1240|2429|0|rKwyHMaI|2022-03-24
trns1241|duCGmgXp|brkr1241|bearer cheque|8706|scrt1241|176|0|vHoagMWg|2022-03-24
trns1242|SRuRBKXE|brkr1242|bearer cheque|1606|scrt1242|6843|1|KyyIQfgj|2022-03-24
trns1243|eZUMGsAs|brkr1243|personal cheque|2041|scrt1243|7111|0|XJJHUnhO|2022-03-24
trns1244|uOAIgzow|brkr1244|bearer cheque|4842|scrt1244|9419|0|bQyslqNf|2022-03-24
trns1245|AZNnagdQ|brkr1245|personal cheque|9404|scrt1245|289|1|nrVbomMN|2022-03-24
trns1246|YtUeBQjI|brkr1246|bearer cheque|9367|scrt1246|3725|0|OfCtRJEk|2022-03-24
trns1247|sWXddDuB|brkr1247|bearer cheque|7573|scrt1247|8681|0|CuWXwOvl|2022-03-24
trns1248|IaOeDftU|brkr1248|bearer cheque|4080|scrt1248|1983|0|pPyrRYYk|2022-03-24
trns1249|SsOkJRRm|brkr1249|bearer cheque|89|scrt1249|5405|0|BznOrwsA|2022-03-24
trns1250|eBKgsiYK|brkr1250|bearer cheque|9610|scrt1250|5869|1|aXeogCkd|2022-03-24
trns1251|HMbnVPkJ|brkr1251|personal cheque|5163|scrt1251|2175|0|DWfkcjIV|2022-03-24
trns1252|VnBeIvHe|brkr1252|personal cheque|3852|scrt1252|5092|1|iMJOPSgZ|2022-03-24
trns1253|vMmbMDUZ|brkr1253|personal cheque|9129|scrt1253|7084|1|ssQbTzXF|2022-03-24
trns1254|NbltPyxF|brkr1254|personal cheque|444|scrt1254|7495|1|SDEteIBj|2022-03-24
trns1255|BOLmyeuP|brkr1255|personal cheque|918|scrt1255|3289|0|BScXiWYC|2022-03-24
trns1256|IBtslTyz|brkr1256|personal cheque|7728|scrt1256|6954|0|xRnnsftL|2022-03-24
trns1257|XmbmYrQW|brkr1257|bearer cheque|7452|scrt1257|4809|0|UZwUNguv|2022-03-24
trns1258|GXjJZhXM|brkr1258|bearer cheque|7311|scrt1258|4062|1|yMhLrTpV|2022-03-24
trns1259|pKigjomu|brkr1259|personal cheque|3717|scrt1259|8562|1|vkyanbfg|2022-03-24
trns1260|wMFqGBbd|brkr1260|bearer cheque|9281|scrt1260|4627|1|SjvxIwFr|2022-03-24
trns1261|vUsaYqkH|brkr1261|personal cheque|4588|scrt1261|3017|1|PSDSgmNI|2022-03-24
trns1262|uzwqzirk|brkr1262|personal cheque|1017|scrt1262|1204|1|wnnUJXRf|2022-03-24
trns1263|FSVTxSuT|brkr1263|personal cheque|8971|scrt1263|7358|0|QfJbhGYq|2022-03-24
trns1264|lmXgoeys|brkr1264|personal cheque|9657|scrt1264|938|0|mPMJzXrf|2022-03-24
trns1265|aivmGMfd|brkr1265|bearer cheque|1658|scrt1265|7901|1|CNhjoqnU|2022-03-24
trns1266|ONuAEwIE|brkr1266|bearer cheque|6714|scrt1266|8149|1|owPjqLTD|2022-03-24
trns1267|LTXHmlgO|brkr1267|personal cheque|5051|scrt1267|8223|1|JveYwntf|2022-03-24
trns1268|XxRqhdym|brkr1268|personal cheque|3427|scrt1268|476|0|KptpRHOt|2022-03-24
trns1269|NDyAjDFO|brkr1269|personal cheque|2786|scrt1269|100|0|mXvcMByu|2022-03-24
trns1270|wRWPEVie|brkr1270|personal cheque|429|scrt1270|256|1|eHNbErlt|2022-03-24
trns1271|RhAKWpkf|brkr1271|personal cheque|2843|scrt1271|1558|1|EBiGxvmX|2022-03-24
trns1272|SmGGCEZE|brkr1272|bearer cheque|762|scrt1272|4329|0|fWCoCTqW|2022-03-24
trns1273|ZHkamswM|brkr1273|bearer cheque|3196|scrt1273|734|0|QGNChkxU|2022-03-24
trns1274|cRZOPEJa|brkr1274|personal cheque|9479|scrt1274|5632|1|tmiewJrE|2022-03-24
trns1275|vfLWMNcY|brkr1275|bearer cheque|7344|scrt1275|1002|0|ROLdADfL|2022-03-24
trns1276|QkcfMBAZ|brkr1276|bearer cheque|5309|scrt1276|7222|1|ODaGuFdO|2022-03-24
trns1277|TkLeEcen|brkr1277|personal cheque|5415|scrt1277|6992|0|PAKAzcBK|2022-03-24
trns1278|lQfzMbFH|brkr1278|bearer cheque|329|scrt1278|3825|1|psuEWzDe|2022-03-24
trns1279|vPdppiBQ|brkr1279|bearer cheque|1397|scrt1279|2983|1|qONgdMRy|2022-03-24
trns1280|lCFBGQkp|brkr1280|bearer cheque|3131|scrt1280|9135|1|bzbiCZxj|2022-03-24
trns1281|qazBjwOk|brkr1281|personal cheque|7062|scrt1281|5465|0|mySjpReu|2022-03-24
trns1282|qLfqrtPB|brkr1282|bearer cheque|5518|scrt1282|3922|1|CsnyTPiB|2022-03-24
trns1283|NdwaPrVr|brkr1283|bearer cheque|8002|scrt1283|47|0|jSthPFaP|2022-03-24
trns1284|MHiFrHrv|brkr1284|personal cheque|69|scrt1284|8342|0|fkfcWTQA|2022-03-24
trns1285|vAInFtqu|brkr1285|personal cheque|4456|scrt1285|6014|1|kSmsiFRi|2022-03-24
trns1286|LTytidJL|brkr1286|personal cheque|50|scrt1286|5089|0|wkEQAhFH|2022-03-24
trns1287|abllFJBS|brkr1287|bearer cheque|840|scrt1287|4734|0|MPeVDQtJ|2022-03-24
trns1288|CYTHRuez|brkr1288|bearer cheque|6837|scrt1288|4704|1|WHNlJwBy|2022-03-24
trns1289|CeJOwxDM|brkr1289|personal cheque|8160|scrt1289|2639|1|yQBXAEfZ|2022-03-24
trns1290|tgsvbyji|brkr1290|bearer cheque|4246|scrt1290|9521|1|jVhZxusD|2022-03-24
trns1291|ixnWHQqL|brkr1291|bearer cheque|6104|scrt1291|7227|1|hIIVqnji|2022-03-24
trns1292|wMPWTnZj|brkr1292|bearer cheque|6775|scrt1292|3336|1|ACfzWSlB|2022-03-24
trns1293|nfYCaXUY|brkr1293|personal cheque|5152|scrt1293|5622|0|BafbTUXZ|2022-03-24
trns1294|GDerhfWh|brkr1294|personal cheque|9361|scrt1294|4600|1|fvMqlpPO|2022-03-24
trns1295|HfFaoqlF|brkr1295|bearer cheque|7319|scrt1295|5773|1|ushbtVTx|2022-03-24
trns1296|VakpNZmT|brkr1296|bearer cheque|3626|scrt1296|4669|1|dtUfYvxJ|2022-03-24
trns1297|BWXTRqhH|brkr1297|personal cheque|4080|scrt1297|8635|0|HJBeRGTm|2022-03-24
trns1298|HUWZQmqt|brkr1298|personal cheque|7006|scrt1298|6985|1|zEGOyvAX|2022-03-24
trns1299|pcRYYVYx|brkr1299|personal cheque|13|scrt1299|2319|0|IOrePzse|2022-03-24
trns1300|RhFtZvpz|brkr1300|bearer cheque|2066|scrt1300|5320|1|vZlPYTxC|2022-03-24
trns1301|ZwjJTCuz|brkr1301|personal cheque|1609|scrt1301|77|1|mYxxIaIx|2022-03-24
trns1302|UEQhWmjw|brkr1302|personal cheque|1566|scrt1302|2890|1|IciLcTPB|2022-03-24
trns1303|FSSZoodR|brkr1303|bearer cheque|694|scrt1303|8227|1|ukUhXrHs|2022-03-24
trns1304|QbuRCWdv|brkr1304|bearer cheque|9058|scrt1304|1617|1|SteqMpAj|2022-03-24
trns1305|CWWJMfCX|brkr1305|personal cheque|6165|scrt1305|6938|1|zojLZsVe|2022-03-24
trns1306|xErnJAXF|brkr1306|personal cheque|9815|scrt1306|3947|1|myXVDxcp|2022-03-24
trns1307|QAXjujHV|brkr1307|personal cheque|7399|scrt1307|2312|1|dsYToYLL|2022-03-24
trns1308|TygPlPDQ|brkr1308|bearer cheque|8723|scrt1308|1222|0|QCFGhmXf|2022-03-24
trns1309|NSfpPubp|brkr1309|bearer cheque|2309|scrt1309|9077|1|aUMTswzf|2022-03-24
trns1310|qScQDRRP|brkr1310|personal cheque|4035|scrt1310|2469|1|lwgkzKDZ|2022-03-24
trns1311|aQSZOSDy|brkr1311|bearer cheque|3541|scrt1311|1413|0|CTPjYOIc|2022-03-24
trns1312|mmGIlIhm|brkr1312|personal cheque|4034|scrt1312|8891|0|auswmOao|2022-03-24
trns1313|apMzmIYd|brkr1313|personal cheque|1272|scrt1313|4963|0|rXAqJNin|2022-03-24
trns1314|JApOamwO|brkr1314|personal cheque|7741|scrt1314|6753|1|YoDRZEVP|2022-03-24
trns1315|nWvGlxdW|brkr1315|bearer cheque|1248|scrt1315|1838|1|eFhIrPwD|2022-03-24
trns1316|viUcVDWL|brkr1316|bearer cheque|9095|scrt1316|1081|1|UOARcUYi|2022-03-24
trns1317|HqEwsOuS|brkr1317|bearer cheque|8864|scrt1317|7949|0|xEVGSPhf|2022-03-24
trns1318|AqjpEzyd|brkr1318|personal cheque|9484|scrt1318|4056|0|wigrBEZg|2022-03-24
trns1319|dPsPkZDm|brkr1319|bearer cheque|8450|scrt1319|9151|1|WekPeiSH|2022-03-24
trns1320|IMixrrGX|brkr1320|bearer cheque|6804|scrt1320|6034|0|vusInSyR|2022-03-24
trns1321|hkwwazpE|brkr1321|bearer cheque|6770|scrt1321|710|0|NjwoutpL|2022-03-24
trns1322|XlgbGPSJ|brkr1322|personal cheque|6830|scrt1322|7810|1|pMfVoHRT|2022-03-24
trns1323|GLTlJizN|brkr1323|personal cheque|2372|scrt1323|4648|0|CldhiGMP|2022-03-24
trns1324|mNfiMkiB|brkr1324|personal cheque|9782|scrt1324|810|1|klSIhYFl|2022-03-24
trns1325|jSsssoxX|brkr1325|bearer cheque|5496|scrt1325|5205|1|bFnoqhtU|2022-03-24
trns1326|gYdUUpjx|brkr1326|personal cheque|5106|scrt1326|7481|0|qgOsNrfU|2022-03-24
trns1327|UoPPupDu|brkr1327|bearer cheque|4437|scrt1327|1284|1|UwUNygDM|2022-03-24
trns1328|iFKQbsNx|brkr1328|personal cheque|3253|scrt1328|2927|0|AWjzNlNI|2022-03-24
trns1329|UDJwqgZr|brkr1329|personal cheque|7108|scrt1329|5015|1|pGOpeZyZ|2022-03-24
trns1330|XkIJSarM|brkr1330|personal cheque|758|scrt1330|5231|1|byrnqAIm|2022-03-24
trns1331|iUvuxvpA|brkr1331|bearer cheque|8217|scrt1331|4539|1|KyvdhDiL|2022-03-24
trns1332|AUpzGFEe|brkr1332|personal cheque|6052|scrt1332|4429|0|xYQjqlRE|2022-03-24
trns1333|mpSKPTqx|brkr1333|personal cheque|8524|scrt1333|6402|0|hmVvLsAs|2022-03-24
trns1334|KknMMtHy|brkr1334|personal cheque|6043|scrt1334|1524|0|jECxjUYo|2022-03-24
trns1335|pXmhkhhE|brkr1335|personal cheque|1451|scrt1335|1295|0|EPsQMoXl|2022-03-24
trns1336|MwWbiePy|brkr1336|bearer cheque|2666|scrt1336|5113|1|wlkOTxwv|2022-03-24
trns1337|MAoaOosI|brkr1337|personal cheque|4357|scrt1337|9906|0|efoLTPKI|2022-03-24
trns1338|pgymlnhu|brkr1338|bearer cheque|9193|scrt1338|7862|0|xZMcoNUc|2022-03-24
trns1339|fHuPFLkc|brkr1339|bearer cheque|6100|scrt1339|9087|0|unxQjEoy|2022-03-24
trns1340|lGxkYtyn|brkr1340|bearer cheque|9640|scrt1340|9663|1|MsklvEoA|2022-03-24
trns1341|xkgfvHMJ|brkr1341|personal cheque|4445|scrt1341|7746|0|CRMfEbhC|2022-03-24
trns1342|oyXHeVkR|brkr1342|bearer cheque|521|scrt1342|6629|1|HSpCMMNG|2022-03-24
trns1343|yNuYwvBV|brkr1343|bearer cheque|3142|scrt1343|649|1|NBaqARKz|2022-03-24
trns1344|oneyQAyH|brkr1344|personal cheque|6533|scrt1344|8010|0|QyxbcGCc|2022-03-24
trns1345|ysyuYkTn|brkr1345|bearer cheque|5048|scrt1345|4047|1|wjIHYtZs|2022-03-24
trns1346|oyIyrbzc|brkr1346|bearer cheque|5493|scrt1346|3446|1|ScFHNUYr|2022-03-24
trns1347|HTEVbbDA|brkr1347|personal cheque|8730|scrt1347|5607|1|lMPCeZbp|2022-03-24
trns1348|aeFSYpiY|brkr1348|personal cheque|8075|scrt1348|9674|1|PChSBMyX|2022-03-24
trns1349|OROiNnOz|brkr1349|bearer cheque|9213|scrt1349|2185|0|YgMCUwhN|2022-03-24
trns1350|CoiRRzUi|brkr1350|bearer cheque|819|scrt1350|3354|0|qnrkSjTc|2022-03-24
trns1351|IyImtwbO|brkr1351|bearer cheque|7115|scrt1351|2198|0|xDteYqtd|2022-03-24
trns1352|NiDBQYJa|brkr1352|bearer cheque|473|scrt1352|1174|1|GiIxnwdM|2022-03-24
trns1353|AcHrwPQp|brkr1353|personal cheque|9969|scrt1353|3385|0|KGjtydiz|2022-03-24
trns1354|CjKMYJpX|brkr1354|personal cheque|5929|scrt1354|4107|0|DpglscuY|2022-03-24
trns1355|eWShJcMN|brkr1355|personal cheque|2165|scrt1355|1900|0|xxTjIvoH|2022-03-24
trns1356|ygCVRSTG|brkr1356|bearer cheque|7289|scrt1356|837|1|QCSTSTIV|2022-03-24
trns1357|nxKoIhbO|brkr1357|bearer cheque|6503|scrt1357|8252|0|WxsfXbKL|2022-03-24
trns1358|eYNudJtZ|brkr1358|personal cheque|2454|scrt1358|6100|1|XSPXHDyx|2022-03-24
trns1359|wmCDiyWn|brkr1359|bearer cheque|4466|scrt1359|1098|0|kQvHrAiL|2022-03-24
trns1360|xONKsOPk|brkr1360|personal cheque|9751|scrt1360|9901|1|UifVLaMk|2022-03-24
trns1361|bpsYBXvA|brkr1361|personal cheque|7598|scrt1361|6797|0|ndhUlNfv|2022-03-24
trns1362|RRjgTpQy|brkr1362|bearer cheque|5259|scrt1362|8832|1|WgENalhU|2022-03-24
trns1363|KTQOdiOV|brkr1363|personal cheque|7394|scrt1363|2836|1|jplQmFCJ|2022-03-24
trns1364|NBwrNVbx|brkr1364|personal cheque|9698|scrt1364|8857|1|SWLbCRGo|2022-03-24
trns1365|AtkSbzwo|brkr1365|bearer cheque|1007|scrt1365|8062|0|VPtJYIrg|2022-03-24
trns1366|YbGsOhqL|brkr1366|personal cheque|2594|scrt1366|109|1|whlckENW|2022-03-24
trns1367|AWRhowXE|brkr1367|personal cheque|2630|scrt1367|7979|1|RYNwKPxE|2022-03-24
trns1368|sxBzKlDr|brkr1368|bearer cheque|6853|scrt1368|7766|0|vQLJAfEk|2022-03-24
trns1369|HsoLVzpQ|brkr1369|personal cheque|3547|scrt1369|1601|0|ILEKAmMu|2022-03-24
trns1370|MhwrPsCu|brkr1370|bearer cheque|9396|scrt1370|4679|1|uXtGsYnX|2022-03-24
trns1371|PwILbqAy|brkr1371|bearer cheque|4224|scrt1371|3994|1|hoHgpRJw|2022-03-24
trns1372|VFyRzSlQ|brkr1372|personal cheque|8653|scrt1372|6659|0|DcbyQIMQ|2022-03-24
trns1373|hUzovhcV|brkr1373|bearer cheque|806|scrt1373|5119|1|zBUXwJzT|2022-03-24
trns1374|YyyhmTQC|brkr1374|bearer cheque|1570|scrt1374|130|0|lNGNiuNL|2022-03-24
trns1375|InSHAUot|brkr1375|bearer cheque|5111|scrt1375|9607|1|DnraTvRq|2022-03-24
trns1376|ZAusrpdD|brkr1376|personal cheque|9142|scrt1376|1519|1|GgDRJnIY|2022-03-24
trns1377|bqCiazpH|brkr1377|bearer cheque|9079|scrt1377|2630|0|sUoMVBur|2022-03-24
trns1378|OXWmMDZC|brkr1378|personal cheque|7721|scrt1378|1382|1|hjiOQEgy|2022-03-24
trns1379|skUMDBKu|brkr1379|personal cheque|7221|scrt1379|3058|1|aVffuYpG|2022-03-24
trns1380|dCweWYLJ|brkr1380|bearer cheque|7077|scrt1380|6824|0|IwjHiwQK|2022-03-24
trns1381|olzkpBLB|brkr1381|bearer cheque|5380|scrt1381|4615|0|xuzPyEkt|2022-03-24
trns1382|RtyagUzm|brkr1382|personal cheque|2662|scrt1382|3693|1|PhIOyMUi|2022-03-24
trns1383|wJsVHSVF|brkr1383|bearer cheque|9013|scrt1383|6230|0|ToZGheSg|2022-03-24
trns1384|wxYlInTH|brkr1384|bearer cheque|7213|scrt1384|9263|0|uwCQPxJM|2022-03-24
trns1385|FhcmssWo|brkr1385|bearer cheque|3163|scrt1385|1080|0|kPndfsrc|2022-03-24
trns1386|BxZtIyhi|brkr1386|bearer cheque|8570|scrt1386|5203|1|FEMjoYhq|2022-03-24
trns1387|CrfYYteO|brkr1387|personal cheque|5259|scrt1387|4658|0|EqAYKQZJ|2022-03-24
trns1388|zSvJloNl|brkr1388|bearer cheque|7480|scrt1388|3097|0|EXcCCVDd|2022-03-24
trns1389|XMrhpzDL|brkr1389|personal cheque|985|scrt1389|777|0|MdMhHsJo|2022-03-24
trns1390|wopwyQmk|brkr1390|personal cheque|2335|scrt1390|9903|1|kdukJFHo|2022-03-24
trns1391|vKMCGUJa|brkr1391|personal cheque|2601|scrt1391|2955|0|igsxEgZr|2022-03-24
trns1392|SglsWvYK|brkr1392|personal cheque|4777|scrt1392|6353|0|wuHeBUBd|2022-03-24
trns1393|LutnkMxY|brkr1393|bearer cheque|5711|scrt1393|4297|1|mpxGXFzM|2022-03-24
trns1394|LSMOFuzz|brkr1394|personal cheque|1855|scrt1394|4859|1|wIKnGljc|2022-03-24
trns1395|aMJmsMsU|brkr1395|personal cheque|7007|scrt1395|3012|0|lHDdwtZK|2022-03-24
trns1396|lCQSwcpI|brkr1396|bearer cheque|5636|scrt1396|2242|1|GzMJncdH|2022-03-24
trns1397|cIQpkxvt|brkr1397|personal cheque|2145|scrt1397|4719|0|tBInDFUT|2022-03-24
trns1398|VJztxDhh|brkr1398|personal cheque|3576|scrt1398|2909|0|YoQDZffD|2022-03-24
trns1399|RNUyjELY|brkr1399|personal cheque|1005|scrt1399|948|0|vIBvEkDg|2022-03-24
trns1400|erOeMTvY|brkr1400|bearer cheque|250|scrt1400|3790|1|JAeWqATQ|2022-03-24
trns1401|xdiIWIzH|brkr1401|bearer cheque|9148|scrt1401|618|0|pYXMoiNC|2022-03-24
trns1402|THRpnoSu|brkr1402|bearer cheque|8840|scrt1402|5584|0|pgudlrMn|2022-03-24
trns1403|xSCyNEkV|brkr1403|bearer cheque|6095|scrt1403|5013|0|CaLlFTtr|2022-03-24
trns1404|maTLeGng|brkr1404|bearer cheque|3675|scrt1404|6409|0|qjnIpWpS|2022-03-24
trns1405|VKDtPZjh|brkr1405|bearer cheque|549|scrt1405|4692|1|ZuZbHoTC|2022-03-24
trns1406|RsXsuYJR|brkr1406|bearer cheque|5356|scrt1406|4052|0|SYDgTdEQ|2022-03-24
trns1407|JuuLEIjj|brkr1407|personal cheque|5668|scrt1407|4727|0|TOhQuWpV|2022-03-24
trns1408|BofddhdK|brkr1408|bearer cheque|5207|scrt1408|9431|1|lyrbwQbN|2022-03-24
trns1409|qXJOjHcC|brkr1409|bearer cheque|663|scrt1409|8335|0|NxLRcXOV|2022-03-24
trns1410|eFkEyxal|brkr1410|personal cheque|3351|scrt1410|2642|0|cNvUDPfd|2022-03-24
trns1411|WiJQZbJy|brkr1411|personal cheque|4360|scrt1411|5955|0|QPohGuVr|2022-03-24
trns1412|nbtKRfCr|brkr1412|bearer cheque|1574|scrt1412|1188|0|RTZxRZtu|2022-03-24
trns1413|eHoFACJA|brkr1413|personal cheque|8620|scrt1413|8100|0|TbcILbTE|2022-03-24
trns1414|AoArhIZC|brkr1414|personal cheque|9694|scrt1414|1653|1|YOBTjQnX|2022-03-24
trns1415|IRWfnXOX|brkr1415|personal cheque|8775|scrt1415|4026|0|jfQTzEDJ|2022-03-24
trns1416|SjMmWdyd|brkr1416|bearer cheque|6550|scrt1416|55|0|NdeKuKZS|2022-03-24
trns1417|HCTFuPpa|brkr1417|bearer cheque|1518|scrt1417|8020|1|qMhrldIs|2022-03-24
trns1418|hCKWCrcZ|brkr1418|bearer cheque|569|scrt1418|3583|1|xmoCyzdg|2022-03-24
trns1419|QfrGnCtO|brkr1419|bearer cheque|1388|scrt1419|649|0|kHxrKtEx|2022-03-24
trns1420|NSvmzpLZ|brkr1420|personal cheque|3777|scrt1420|2116|1|BvLSqJmT|2022-03-24
trns1421|vRMNCZmT|brkr1421|bearer cheque|5310|scrt1421|7083|1|hcogvGqf|2022-03-24
trns1422|XDOBYqie|brkr1422|bearer cheque|1639|scrt1422|914|1|DPHSppAT|2022-03-24
trns1423|snqdlMtV|brkr1423|personal cheque|3668|scrt1423|9463|1|NOeAmLbv|2022-03-24
trns1424|yJhdIvMT|brkr1424|personal cheque|7298|scrt1424|4506|1|srbFqQHs|2022-03-24
trns1425|CdAYOyGq|brkr1425|personal cheque|2276|scrt1425|8286|0|EZJpwelL|2022-03-24
trns1426|fOiNIcXD|brkr1426|bearer cheque|636|scrt1426|8535|1|HNPKKoNc|2022-03-24
trns1427|erTLcKDi|brkr1427|bearer cheque|3808|scrt1427|1368|1|JRxITAEa|2022-03-24
trns1428|tZVsZMRo|brkr1428|personal cheque|2945|scrt1428|9540|0|zVZAeZIT|2022-03-24
trns1429|VTsAxUCD|brkr1429|bearer cheque|2924|scrt1429|4245|1|COmpNgUC|2022-03-24
trns1430|CKrbZNGx|brkr1430|personal cheque|8483|scrt1430|7466|0|JVGPiASk|2022-03-24
trns1431|asWQibqK|brkr1431|bearer cheque|2097|scrt1431|478|0|seFLoouA|2022-03-24
trns1432|GFGvdbQG|brkr1432|bearer cheque|9866|scrt1432|1224|0|TDghhCQF|2022-03-24
trns1433|aJdqnrOx|brkr1433|personal cheque|1700|scrt1433|7912|0|LlUhQtHQ|2022-03-24
trns1434|lfIQywjG|brkr1434|bearer cheque|8991|scrt1434|5907|0|AfKCnNXp|2022-03-24
trns1435|zLpIrjDj|brkr1435|bearer cheque|8072|scrt1435|9023|1|Basngbpb|2022-03-24
trns1436|RXFQlnwn|brkr1436|personal cheque|4149|scrt1436|1580|0|uCYXaKUo|2022-03-24
trns1437|wbrjnLgU|brkr1437|personal cheque|4994|scrt1437|9632|1|BebrNyqd|2022-03-24
trns1438|ffWqGpyK|brkr1438|personal cheque|4293|scrt1438|3263|0|HLNiOFvB|2022-03-24
trns1439|fGPfikej|brkr1439|personal cheque|9654|scrt1439|8441|1|yDeMYvcl|2022-03-24
trns1440|MWVzIcfC|brkr1440|personal cheque|8633|scrt1440|9021|1|ncEldzua|2022-03-24
trns1441|dboWBtvb|brkr1441|personal cheque|5172|scrt1441|7637|0|lgaATnZS|2022-03-24
trns1442|RwyOaXfw|brkr1442|personal cheque|5259|scrt1442|6367|1|SBpwWfqi|2022-03-24
trns1443|dqGaVMLb|brkr1443|bearer cheque|6519|scrt1443|4048|1|jDIdiGJi|2022-03-24
trns1444|NShuNDax|brkr1444|personal cheque|5846|scrt1444|26|1|XxeHfsLL|2022-03-24
trns1445|XAdGwApv|brkr1445|personal cheque|6488|scrt1445|7594|0|DXEQskDV|2022-03-24
trns1446|jpKwtbSM|brkr1446|personal cheque|9896|scrt1446|2281|1|feBcKdWP|2022-03-24
trns1447|fyiAQavq|brkr1447|personal cheque|3454|scrt1447|9172|1|IbMlZQzW|2022-03-24
trns1448|VcCQUvAl|brkr1448|personal cheque|27|scrt1448|2640|0|cJLBqCZt|2022-03-24
trns1449|DKLciWnL|brkr1449|bearer cheque|114|scrt1449|8507|0|MhxZyPLB|2022-03-24
trns1450|xrpKCJbD|brkr1450|personal cheque|1709|scrt1450|999|1|DTJJXfHQ|2022-03-24
trns1451|uPtDwFyJ|brkr1451|bearer cheque|7803|scrt1451|2874|1|BRsnwvDJ|2022-03-24
trns1452|bwSAIToG|brkr1452|bearer cheque|3040|scrt1452|7651|0|yvGcdNYD|2022-03-24
trns1453|GOfvoPcY|brkr1453|personal cheque|1205|scrt1453|5049|1|waTBmJFW|2022-03-24
trns1454|WZbtvQiI|brkr1454|bearer cheque|5407|scrt1454|1792|0|iCjFExsk|2022-03-24
trns1455|GffhLzNq|brkr1455|bearer cheque|3777|scrt1455|5251|1|BbHusyGL|2022-03-24
trns1456|dKxAcBUl|brkr1456|bearer cheque|4126|scrt1456|6232|0|ZnYgfdhV|2022-03-24
trns1457|tdRFvKMp|brkr1457|personal cheque|3957|scrt1457|1543|0|qHOvrQIF|2022-03-24
trns1458|pOnPtWio|brkr1458|bearer cheque|9241|scrt1458|3789|1|MSrCULms|2022-03-24
trns1459|pdvjCDHq|brkr1459|bearer cheque|1793|scrt1459|3239|0|QHWDXDOE|2022-03-24
trns1460|kgKtletI|brkr1460|personal cheque|5550|scrt1460|6085|0|XiVCgFCO|2022-03-24
trns1461|wyadzHzd|brkr1461|bearer cheque|3143|scrt1461|7145|0|KkZguSzP|2022-03-24
trns1462|OnlqoNSP|brkr1462|personal cheque|1221|scrt1462|8458|0|ADbGJZoa|2022-03-24
trns1463|oDTkjYbu|brkr1463|personal cheque|4486|scrt1463|5627|0|MOdCLysj|2022-03-24
trns1464|ZWEeclVV|brkr1464|personal cheque|2550|scrt1464|1574|1|GFePoIQj|2022-03-24
trns1465|SxklfcPs|brkr1465|personal cheque|4848|scrt1465|9612|1|YoClBsRV|2022-03-24
trns1466|GNonrHed|brkr1466|personal cheque|5664|scrt1466|9790|0|NAQLOybP|2022-03-24
trns1467|kOmqltFL|brkr1467|personal cheque|8664|scrt1467|310|0|vbSiyqdX|2022-03-24
trns1468|TroCUnMh|brkr1468|bearer cheque|968|scrt1468|9967|1|SyIsmeln|2022-03-24
trns1469|EtFdxOlp|brkr1469|personal cheque|4593|scrt1469|8451|0|siPzhPeb|2022-03-24
trns1470|zVtyEDNp|brkr1470|bearer cheque|6100|scrt1470|1658|1|bkDYAvAe|2022-03-24
trns1471|YVbhmfdk|brkr1471|bearer cheque|587|scrt1471|4622|0|hkUhdERG|2022-03-24
trns1472|PTGJzAcr|brkr1472|personal cheque|3161|scrt1472|4529|0|CgYnTbOh|2022-03-24
trns1473|LxZPSrWR|brkr1473|bearer cheque|8440|scrt1473|6026|1|SszCILzY|2022-03-24
trns1474|YZyGForX|brkr1474|personal cheque|7757|scrt1474|5192|1|VjHyXktB|2022-03-24
trns1475|WDGlsJSa|brkr1475|bearer cheque|996|scrt1475|2814|1|DMOtKWdJ|2022-03-24
trns1476|jfkuHXLV|brkr1476|personal cheque|8632|scrt1476|3568|0|mcHVgXVt|2022-03-24
trns1477|BSWnkzIc|brkr1477|bearer cheque|3968|scrt1477|9831|1|dsYfVpPL|2022-03-24
trns1478|MIaLYAbS|brkr1478|personal cheque|111|scrt1478|8548|0|rVffJXHu|2022-03-24
trns1479|YnikuYcJ|brkr1479|personal cheque|6268|scrt1479|8630|0|KuAmUMYF|2022-03-24
trns1480|vHbwZowh|brkr1480|personal cheque|1089|scrt1480|3695|1|VEsWpbkK|2022-03-24
trns1481|OBjRSxdn|brkr1481|personal cheque|7714|scrt1481|2891|0|lUOVdQSa|2022-03-24
trns1482|kbNcvwoA|brkr1482|bearer cheque|8799|scrt1482|5958|1|zuWMkoCj|2022-03-24
trns1483|Kyavjrno|brkr1483|personal cheque|6930|scrt1483|3477|1|IBsciITl|2022-03-24
trns1484|ekeQcHCT|brkr1484|bearer cheque|3751|scrt1484|4625|0|zsAlYmQx|2022-03-24
trns1485|TETjORVL|brkr1485|bearer cheque|9872|scrt1485|8637|0|joVAdIVa|2022-03-24
trns1486|keKilGjK|brkr1486|bearer cheque|3859|scrt1486|6072|0|jaYNGBuU|2022-03-24
trns1487|ebsJxyED|brkr1487|bearer cheque|4243|scrt1487|5060|1|MJbUqpTj|2022-03-24
trns1488|rSnNBcMs|brkr1488|personal cheque|6114|scrt1488|8441|1|wUbmLtVp|2022-03-24
trns1489|bspMmqaF|brkr1489|personal cheque|6560|scrt1489|7247|1|tOBdBIfW|2022-03-24
trns1490|phoZjrxX|brkr1490|personal cheque|1789|scrt1490|6344|0|rnFfyewG|2022-03-24
trns1491|pLphSxRY|brkr1491|bearer cheque|7441|scrt1491|4395|1|gDVJPAyn|2022-03-24
trns1492|ViSPYJsE|brkr1492|personal cheque|4465|scrt1492|1514|0|mUnaSWAm|2022-03-24
trns1493|CSyODLKH|brkr1493|bearer cheque|9645|scrt1493|8949|0|MluoUnfB|2022-03-24
trns1494|qtmWMZEK|brkr1494|bearer cheque|1277|scrt1494|3502|1|vRESAJif|2022-03-24
trns1495|yzLNnCOj|brkr1495|personal cheque|5790|scrt1495|9088|1|ENXssSup|2022-03-24
trns1496|QcrQOsiO|brkr1496|bearer cheque|2772|scrt1496|998|1|itKdqhCg|2022-03-24
trns1497|leETmSTQ|brkr1497|bearer cheque|5523|scrt1497|5211|1|SoncCMIS|2022-03-24
trns1498|NtoZcCUE|brkr1498|personal cheque|3590|scrt1498|9233|1|iOpGqUAg|2022-03-24
trns1499|ANoJieXV|brkr1499|bearer cheque|2238|scrt1499|1841|0|uUPlZFtD|2022-03-24
trns1500|nmRaFFBx|brkr1500|bearer cheque|5627|scrt1500|7564|0|ygSCKvps|2022-03-24
trns1501|MLjyQmYb|brkr1501|bearer cheque|7497|scrt1501|4110|1|hxNzIrQS|2022-03-24
trns1502|lWCUwpwN|brkr1502|personal cheque|2931|scrt1502|326|1|lgkzcIoV|2022-03-24
trns1503|iPMsjirg|brkr1503|bearer cheque|2375|scrt1503|9450|1|tirqEzmA|2022-03-24
trns1504|rgUoCpaJ|brkr1504|personal cheque|4696|scrt1504|5157|0|XyTNHJpz|2022-03-24
trns1505|kssFcavO|brkr1505|personal cheque|2651|scrt1505|3521|0|uGoNSxAX|2022-03-24
trns1506|PplvdNOD|brkr1506|bearer cheque|5190|scrt1506|929|1|WKKMKkqT|2022-03-24
trns1507|GLWwvIex|brkr1507|personal cheque|1992|scrt1507|7385|1|WtylWhoK|2022-03-24
trns1508|NIwqDdhd|brkr1508|personal cheque|1883|scrt1508|5223|1|vHICCwmG|2022-03-24
trns1509|pUwucoAP|brkr1509|bearer cheque|180|scrt1509|7862|0|ptgkORBP|2022-03-24
trns1510|jZgMIkdM|brkr1510|bearer cheque|2607|scrt1510|6865|1|aKpsbDgl|2022-03-24
trns1511|VZmSrQav|brkr1511|personal cheque|9740|scrt1511|8668|1|ihBgfVJh|2022-03-24
trns1512|BuZEtRyj|brkr1512|bearer cheque|3501|scrt1512|3637|1|wTWSmKqw|2022-03-24
trns1513|YEZdgUeQ|brkr1513|bearer cheque|8793|scrt1513|4603|1|OsBpTJUd|2022-03-24
trns1514|XADsAbXz|brkr1514|personal cheque|1972|scrt1514|3479|1|vBgLExVx|2022-03-24
trns1515|VftKMDBC|brkr1515|personal cheque|6651|scrt1515|3884|1|mLouNzFs|2022-03-24
trns1516|ycYPkDFi|brkr1516|personal cheque|5966|scrt1516|7549|1|TpEGMiPu|2022-03-24
trns1517|LdssyMyE|brkr1517|personal cheque|635|scrt1517|312|0|vwvssKKr|2022-03-24
trns1518|LdKbrPzZ|brkr1518|personal cheque|9402|scrt1518|896|1|JmrRaNlX|2022-03-24
trns1519|HTWFEvNv|brkr1519|bearer cheque|9715|scrt1519|5093|1|iEwxKceB|2022-03-24
trns1520|Tjxatgnx|brkr1520|personal cheque|1944|scrt1520|5770|1|jcGptarm|2022-03-24
trns1521|sgCgNnBO|brkr1521|bearer cheque|4832|scrt1521|2814|1|yjWaTjIb|2022-03-24
trns1522|GuJOFvdD|brkr1522|bearer cheque|7930|scrt1522|1603|0|EmbMVmgW|2022-03-24
trns1523|SQciWYYp|brkr1523|bearer cheque|9123|scrt1523|1718|0|pZCxtEdz|2022-03-24
trns1524|gHumiLzK|brkr1524|personal cheque|3743|scrt1524|1960|0|HXRwVjAS|2022-03-24
trns1525|LWwYLEeP|brkr1525|personal cheque|1189|scrt1525|8530|0|YcgblSrn|2022-03-24
trns1526|IunGHLRY|brkr1526|bearer cheque|406|scrt1526|5623|1|JkDiYvAT|2022-03-24
trns1527|WdoHJzkF|brkr1527|bearer cheque|7444|scrt1527|1671|1|tMyctdgg|2022-03-24
trns1528|vCboMooV|brkr1528|personal cheque|3765|scrt1528|7525|1|hlVisdfq|2022-03-24
trns1529|nPZvAWYB|brkr1529|bearer cheque|7856|scrt1529|4337|1|tBuXujtn|2022-03-24
trns1530|cVHKcjqs|brkr1530|personal cheque|3376|scrt1530|1746|1|mdqhJyWI|2022-03-24
trns1531|XpAzXiyN|brkr1531|bearer cheque|4122|scrt1531|8482|0|RRZlVrIN|2022-03-24
trns1532|mWQHCZEF|brkr1532|personal cheque|5730|scrt1532|7108|1|ebhcuqDX|2022-03-24
trns1533|jHSphpnx|brkr1533|bearer cheque|7782|scrt1533|6953|1|KcQxqjqR|2022-03-24
trns1534|wHLMCwUz|brkr1534|personal cheque|9533|scrt1534|8197|0|HpWtDYGr|2022-03-24
trns1535|wNtAbJCA|brkr1535|personal cheque|2449|scrt1535|6943|1|RhHCHsLT|2022-03-24
trns1536|KTfDnJWN|brkr1536|bearer cheque|3950|scrt1536|5789|1|dYzoNgYg|2022-03-24
trns1537|GmeGFrOS|brkr1537|personal cheque|6281|scrt1537|6084|1|FVrtelur|2022-03-24
trns1538|HkFdEzBY|brkr1538|personal cheque|5945|scrt1538|2741|1|SOEXOQJS|2022-03-24
trns1539|lRJwRrAA|brkr1539|bearer cheque|9099|scrt1539|7627|0|ejUcrpJr|2022-03-24
trns1540|gdUFHvqT|brkr1540|personal cheque|9473|scrt1540|2751|1|YtMBfHvE|2022-03-24
trns1541|rWHliEDY|brkr1541|personal cheque|9941|scrt1541|8968|0|cXDBityX|2022-03-24
trns1542|wIlCHnsT|brkr1542|bearer cheque|3732|scrt1542|1288|0|IOIkZOTQ|2022-03-24
trns1543|azgjpNAd|brkr1543|bearer cheque|3921|scrt1543|2782|1|BwcaPPZb|2022-03-24
trns1544|USljaYDs|brkr1544|personal cheque|6703|scrt1544|6030|0|yLgkgxOh|2022-03-24
trns1545|XVoFWxrf|brkr1545|bearer cheque|2674|scrt1545|3944|1|KvdfTkbs|2022-03-24
trns1546|WNBaPKAj|brkr1546|personal cheque|5009|scrt1546|2804|0|TZOZhCol|2022-03-24
trns1547|AdNOeYhS|brkr1547|personal cheque|538|scrt1547|5108|0|BpalkzeQ|2022-03-24
trns1548|vSwrEIDK|brkr1548|personal cheque|6389|scrt1548|5328|1|WdglUxJL|2022-03-24
trns1549|AvMRmCsP|brkr1549|bearer cheque|8543|scrt1549|7513|1|jTCYBauy|2022-03-24
trns1550|RxdltFMB|brkr1550|bearer cheque|9041|scrt1550|3969|0|luvcdhxO|2022-03-24
trns1551|DkfXUVZf|brkr1551|personal cheque|4404|scrt1551|8825|1|vLMgXxkM|2022-03-24
trns1552|tLJsfcDQ|brkr1552|bearer cheque|3289|scrt1552|2200|0|imKYUjdD|2022-03-24
trns1553|npYjfhYE|brkr1553|personal cheque|361|scrt1553|975|0|uRYcFwXa|2022-03-24
trns1554|fYPxUvuG|brkr1554|personal cheque|5750|scrt1554|8912|1|hhFvuAZj|2022-03-24
trns1555|JjTjlDiT|brkr1555|personal cheque|2267|scrt1555|3078|1|aZtOQkHR|2022-03-24
trns1556|mQybKenB|brkr1556|bearer cheque|7318|scrt1556|2411|1|BfVDKeTB|2022-03-24
trns1557|zWjMjzoA|brkr1557|bearer cheque|3898|scrt1557|5440|1|FuJqITZo|2022-03-24
trns1558|qgiDLOhJ|brkr1558|personal cheque|906|scrt1558|3034|0|hrzHwYPS|2022-03-24
trns1559|JByvjEaz|brkr1559|personal cheque|8578|scrt1559|2143|1|LphUJQPs|2022-03-24
trns1560|ZoWskWWc|brkr1560|personal cheque|64|scrt1560|35|1|cIhbXooT|2022-03-24
trns1561|mGRQbbrv|brkr1561|bearer cheque|9484|scrt1561|5821|0|bzKUGFaR|2022-03-24
trns1562|HORMtAAf|brkr1562|bearer cheque|4251|scrt1562|4399|0|eHDasJUv|2022-03-24
trns1563|jwYuWgTc|brkr1563|bearer cheque|9987|scrt1563|8531|0|oCiJSMbr|2022-03-24
trns1564|uxBqeHiT|brkr1564|personal cheque|9198|scrt1564|9864|0|YylXYVKT|2022-03-24
trns1565|qfUCGKCa|brkr1565|bearer cheque|8798|scrt1565|8507|1|qTKqpWAQ|2022-03-24
trns1566|hLKxMZJu|brkr1566|personal cheque|5055|scrt1566|9159|0|duSnuqWo|2022-03-24
trns1567|FPujVrmM|brkr1567|personal cheque|189|scrt1567|5712|1|fJSbPeIr|2022-03-24
trns1568|uMjmzgUc|brkr1568|bearer cheque|5588|scrt1568|8882|1|onGtVoFZ|2022-03-24
trns1569|rXcEnHFG|brkr1569|personal cheque|7628|scrt1569|1016|0|JaJyhlpI|2022-03-24
trns1570|dyNvixRe|brkr1570|personal cheque|1029|scrt1570|9044|1|nDYbmcKf|2022-03-24
trns1571|zUNobipj|brkr1571|personal cheque|8324|scrt1571|8490|1|fvtFnJIk|2022-03-24
trns1572|Ybdhbaar|brkr1572|bearer cheque|6005|scrt1572|1371|1|fUjVmdSI|2022-03-24
trns1573|yBtthUZi|brkr1573|personal cheque|5639|scrt1573|820|1|TJMWWMEq|2022-03-24
trns1574|hVCXuSnR|brkr1574|bearer cheque|5130|scrt1574|5616|0|RAxHIAeF|2022-03-24
trns1575|QUdWXXzB|brkr1575|bearer cheque|1392|scrt1575|2729|1|xPoRbrWt|2022-03-24
trns1576|UpzRmYwM|brkr1576|personal cheque|9819|scrt1576|4297|0|btbYKVcg|2022-03-24
trns1577|pgSWXJnW|brkr1577|bearer cheque|1156|scrt1577|9787|1|RDWjMTGZ|2022-03-24
trns1578|aUGslBKL|brkr1578|personal cheque|8470|scrt1578|6554|0|Gtxmhkml|2022-03-24
trns1579|iqpIyxTr|brkr1579|bearer cheque|6390|scrt1579|5791|0|TNoyrfOB|2022-03-24
trns1580|RyYlpxZH|brkr1580|personal cheque|2745|scrt1580|863|1|EyTZeYDP|2022-03-24
trns1581|BbNMRHTA|brkr1581|personal cheque|3827|scrt1581|1780|1|ZGKQEORh|2022-03-24
trns1582|lELsKfaj|brkr1582|bearer cheque|5385|scrt1582|6144|0|ybBkqUth|2022-03-24
trns1583|NlmmacKH|brkr1583|bearer cheque|1425|scrt1583|7875|0|CUHCplHT|2022-03-24
trns1584|SLxJAYpP|brkr1584|personal cheque|9613|scrt1584|3052|0|BkzsDUnU|2022-03-24
trns1585|vXRdCaAy|brkr1585|bearer cheque|911|scrt1585|1944|0|oisImxwg|2022-03-24
trns1586|SaIhuMmF|brkr1586|personal cheque|3670|scrt1586|9795|0|ZzQXlXpx|2022-03-24
trns1587|PcYkrjNF|brkr1587|personal cheque|5058|scrt1587|307|1|fHyjHEmv|2022-03-24
trns1588|bukOFewG|brkr1588|bearer cheque|4572|scrt1588|3166|1|gemGPQKm|2022-03-24
trns1589|Pdjilbeh|brkr1589|personal cheque|839|scrt1589|9899|0|BehnPcLD|2022-03-24
trns1590|deuKwFaf|brkr1590|personal cheque|808|scrt1590|2408|0|QZvrkkKj|2022-03-24
trns1591|JzwcVKjJ|brkr1591|personal cheque|9783|scrt1591|8595|1|XMwuGtMY|2022-03-24
trns1592|kYoUBrvt|brkr1592|bearer cheque|5415|scrt1592|2676|1|xxHuLRuv|2022-03-24
trns1593|IdgrYwBS|brkr1593|personal cheque|886|scrt1593|1091|0|kPtRQQvO|2022-03-24
trns1594|ujkMxuZx|brkr1594|personal cheque|4253|scrt1594|2936|0|MlbGYzSA|2022-03-24
trns1595|zkhaFfyt|brkr1595|bearer cheque|8350|scrt1595|9616|0|vSTaEuOT|2022-03-24
trns1596|lmJIocbk|brkr1596|bearer cheque|2621|scrt1596|5046|1|rGsllVLx|2022-03-24
trns1597|UGLYmAcp|brkr1597|personal cheque|3846|scrt1597|2191|0|hFDxKaeu|2022-03-24
trns1598|JmvmIAWR|brkr1598|bearer cheque|1675|scrt1598|8817|0|aWBLKZpd|2022-03-24
trns1599|dgTmbiJt|brkr1599|bearer cheque|225|scrt1599|7905|1|phjXlNlk|2022-03-24
trns1600|GxBloigX|brkr1600|bearer cheque|8502|scrt1600|8150|1|xzLwaegb|2022-03-24
trns1601|LwJTANcB|brkr1601|bearer cheque|5260|scrt1601|148|1|gfAJeURK|2022-03-24
trns1602|FPLjiWoT|brkr1602|personal cheque|357|scrt1602|5460|0|UDwvaJAF|2022-03-24
trns1603|PaVUfBSM|brkr1603|bearer cheque|1421|scrt1603|5883|0|ItFEeZKv|2022-03-24
trns1604|NgDsOvzN|brkr1604|bearer cheque|8995|scrt1604|3182|1|EqHRNYuA|2022-03-24
trns1605|cTWgeOds|brkr1605|personal cheque|9711|scrt1605|6648|0|oWFIaItS|2022-03-24
trns1606|ZgvBtHkJ|brkr1606|personal cheque|1976|scrt1606|1796|0|BQgsnYRa|2022-03-24
trns1607|fpRITLej|brkr1607|personal cheque|6419|scrt1607|3477|1|EHUQzBbR|2022-03-24
trns1608|EhloMCUx|brkr1608|personal cheque|5811|scrt1608|5387|1|ZcpCNpkA|2022-03-24
trns1609|lSYLYNTz|brkr1609|personal cheque|3616|scrt1609|6099|0|UcxujIXy|2022-03-24
trns1610|pPGyXspu|brkr1610|bearer cheque|9023|scrt1610|8201|0|wGqPBaWG|2022-03-24
trns1611|PSiGWxJw|brkr1611|personal cheque|2514|scrt1611|3130|0|wHnocweR|2022-03-24
trns1612|gRzlEXyB|brkr1612|personal cheque|9271|scrt1612|4067|0|fpRzVnOP|2022-03-24
trns1613|BGqxZarT|brkr1613|personal cheque|4842|scrt1613|796|1|cCKkyCbn|2022-03-24
trns1614|hMBaFpyA|brkr1614|personal cheque|1573|scrt1614|3200|0|gOMZwHUV|2022-03-24
trns1615|qVpXnFCc|brkr1615|bearer cheque|2248|scrt1615|7904|1|aKMmBZaQ|2022-03-24
trns1616|OuNjjoBa|brkr1616|personal cheque|4930|scrt1616|5921|0|ImHcRZDA|2022-03-24
trns1617|vmkMfYah|brkr1617|bearer cheque|1661|scrt1617|6282|1|qxinMprq|2022-03-24
trns1618|PaHzbjSX|brkr1618|bearer cheque|5959|scrt1618|5353|0|YZBMfMcs|2022-03-24
trns1619|vCVyXbTM|brkr1619|bearer cheque|9293|scrt1619|352|1|YgZcFSHv|2022-03-24
trns1620|TnKcbdNK|brkr1620|personal cheque|6419|scrt1620|7471|1|xlAjQvFw|2022-03-24
trns1621|DBDUkEtU|brkr1621|personal cheque|434|scrt1621|8024|0|BqAhWFDL|2022-03-24
trns1622|WRiEClET|brkr1622|bearer cheque|4421|scrt1622|1908|0|FOrUxBQo|2022-03-24
trns1623|IwHrIeYL|brkr1623|bearer cheque|191|scrt1623|8723|1|laNdOSzy|2022-03-24
trns1624|aXHxFXHH|brkr1624|bearer cheque|2333|scrt1624|9192|1|OuTVYPfB|2022-03-24
trns1625|JWHlpfZM|brkr1625|bearer cheque|4492|scrt1625|4384|0|PkRXFpHk|2022-03-24
trns1626|tAgTRiHH|brkr1626|bearer cheque|6650|scrt1626|2443|1|FqoUaakr|2022-03-24
trns1627|OoTaYhnh|brkr1627|personal cheque|6223|scrt1627|8643|0|HTCdwmMP|2022-03-24
trns1628|MuAYNuTW|brkr1628|personal cheque|3236|scrt1628|9232|0|rOIAvzry|2022-03-24
trns1629|uCjBKwKU|brkr1629|bearer cheque|9934|scrt1629|7712|0|WLkDFyUp|2022-03-24
trns1630|GdtUXtqq|brkr1630|personal cheque|9000|scrt1630|4981|1|ESnzHOPq|2022-03-24
trns1631|wMcWuYnN|brkr1631|bearer cheque|8323|scrt1631|8516|1|nDafIUpm|2022-03-24
trns1632|AUUZadbG|brkr1632|bearer cheque|6082|scrt1632|4245|1|RPpOgbjc|2022-03-24
trns1633|pcQxxhLj|brkr1633|personal cheque|9123|scrt1633|5680|0|TjqBLDBW|2022-03-24
trns1634|FLyROqGJ|brkr1634|bearer cheque|5550|scrt1634|3127|1|vWheesCA|2022-03-24
trns1635|ElvXOULc|brkr1635|bearer cheque|742|scrt1635|2085|0|oxgOrWtg|2022-03-24
trns1636|dXYWYYXe|brkr1636|bearer cheque|9659|scrt1636|542|0|JyOvzpUr|2022-03-24
trns1637|HdBbjvlA|brkr1637|personal cheque|177|scrt1637|4227|0|jBKvNLye|2022-03-24
trns1638|IzVECCnh|brkr1638|bearer cheque|3082|scrt1638|2288|0|dNyHAlXs|2022-03-24
trns1639|ijnInTOC|brkr1639|personal cheque|2825|scrt1639|9540|1|DNQkiSDN|2022-03-24
trns1640|dssunAwo|brkr1640|bearer cheque|9494|scrt1640|1644|0|DgvoEWJm|2022-03-24
trns1641|dIQttOgb|brkr1641|personal cheque|2742|scrt1641|600|1|sPjWtLvD|2022-03-24
trns1642|RFmyzsox|brkr1642|personal cheque|4965|scrt1642|9607|1|jjwXIlek|2022-03-24
trns1643|UGlmaJZA|brkr1643|bearer cheque|179|scrt1643|9780|0|KcTWPkLu|2022-03-24
trns1644|enFKwedm|brkr1644|personal cheque|8356|scrt1644|2960|0|aYHYcKOa|2022-03-24
trns1645|bFdTYStj|brkr1645|personal cheque|117|scrt1645|247|1|YZrYjVgi|2022-03-24
trns1646|jbdjeipg|brkr1646|bearer cheque|6464|scrt1646|8033|1|iGhyansh|2022-03-24
trns1647|zJGpyHrd|brkr1647|bearer cheque|5614|scrt1647|956|1|LZYGlxVY|2022-03-24
trns1648|xAmBJFPa|brkr1648|personal cheque|1198|scrt1648|3269|1|WJmXNJSP|2022-03-24
trns1649|ZXoqDfzY|brkr1649|personal cheque|5762|scrt1649|7553|1|slOyPqFl|2022-03-24
trns1650|dIzcqBxQ|brkr1650|personal cheque|5950|scrt1650|2531|1|hNyKSzcb|2022-03-24
trns1651|lxoDgzWw|brkr1651|personal cheque|8278|scrt1651|1590|1|CQgkQggg|2022-03-24
trns1652|dYLzVVSi|brkr1652|bearer cheque|9739|scrt1652|9603|0|oKTxEbRN|2022-03-24
trns1653|lwRTBDUU|brkr1653|bearer cheque|3260|scrt1653|3208|0|QVHJIOHN|2022-03-24
trns1654|dKkxMLaO|brkr1654|personal cheque|4919|scrt1654|763|1|FfMtSCPb|2022-03-24
trns1655|tMbiHOdu|brkr1655|personal cheque|7101|scrt1655|7645|1|uSnsVeuN|2022-03-24
trns1656|fiTQmALQ|brkr1656|personal cheque|1044|scrt1656|3229|0|IgasAosI|2022-03-24
trns1657|YvCldZIG|brkr1657|bearer cheque|2304|scrt1657|1996|1|ytKfbZAv|2022-03-24
trns1658|XKgRNyBM|brkr1658|bearer cheque|944|scrt1658|5842|0|nEzMHrhs|2022-03-24
trns1659|OrcHkXVP|brkr1659|bearer cheque|503|scrt1659|2787|1|wOOUCFXP|2022-03-24
trns1660|BrcCkyPU|brkr1660|bearer cheque|9388|scrt1660|6311|0|mXCWVceb|2022-03-24
trns1661|eOjellKH|brkr1661|personal cheque|5558|scrt1661|1678|0|KHlHIWgu|2022-03-24
trns1662|hnHylCsw|brkr1662|bearer cheque|5525|scrt1662|2986|1|svqMGPwa|2022-03-24
trns1663|JSaihKNe|brkr1663|bearer cheque|5513|scrt1663|6168|0|oGAAdzED|2022-03-24
trns1664|LnSBuoJK|brkr1664|bearer cheque|4600|scrt1664|5306|1|DPpWotVj|2022-03-24
trns1665|SizPcLLi|brkr1665|personal cheque|8999|scrt1665|6322|1|qaZYBqkw|2022-03-24
trns1666|EBWJqyNX|brkr1666|bearer cheque|3849|scrt1666|6493|0|JIhmMSVM|2022-03-24
trns1667|Cfgqauoc|brkr1667|personal cheque|1947|scrt1667|3175|1|WOedBuIl|2022-03-24
trns1668|SUFkgXqO|brkr1668|personal cheque|5324|scrt1668|1088|0|WUvmyVdt|2022-03-24
trns1669|JWUXqtJt|brkr1669|bearer cheque|8106|scrt1669|8100|1|wuleDRoR|2022-03-24
trns1670|ezsfRpLI|brkr1670|bearer cheque|9606|scrt1670|4529|0|EWkEnLFr|2022-03-24
trns1671|XxfOCRuP|brkr1671|personal cheque|1166|scrt1671|1450|0|emIIBFMi|2022-03-24
trns1672|wKJcMHUC|brkr1672|personal cheque|3364|scrt1672|5351|0|rJRUsHWw|2022-03-24
trns1673|ufNiNhZe|brkr1673|personal cheque|463|scrt1673|3464|1|rIabxvRo|2022-03-24
trns1674|wooIVmyI|brkr1674|bearer cheque|6595|scrt1674|6936|0|BNZCwZnm|2022-03-24
trns1675|JAhwXoVA|brkr1675|bearer cheque|1322|scrt1675|543|1|EeDMEdJO|2022-03-24
trns1676|kKxUtvEQ|brkr1676|personal cheque|5713|scrt1676|1445|0|bmnzFZsI|2022-03-24
trns1677|NskHRATH|brkr1677|personal cheque|208|scrt1677|7570|1|QsoLvaSO|2022-03-24
trns1678|EwgIqOfZ|brkr1678|personal cheque|7592|scrt1678|2180|0|IQigORRI|2022-03-24
trns1679|aQhlXVhg|brkr1679|bearer cheque|1057|scrt1679|1055|0|LsooMkyM|2022-03-24
trns1680|ZYcgDscA|brkr1680|bearer cheque|4317|scrt1680|1359|0|lkyywuue|2022-03-24
trns1681|TiFkwUee|brkr1681|bearer cheque|3378|scrt1681|8920|0|DmfavxBd|2022-03-24
trns1682|aOaSDGgl|brkr1682|personal cheque|9385|scrt1682|2713|1|QeRqNrsK|2022-03-24
trns1683|acZbCKSg|brkr1683|personal cheque|3476|scrt1683|4556|1|mHSAMwLe|2022-03-24
trns1684|PnuEUmVA|brkr1684|bearer cheque|1029|scrt1684|9604|0|kspqyKqY|2022-03-24
trns1685|WTAMrzDd|brkr1685|personal cheque|5133|scrt1685|74|1|AFufRsQg|2022-03-24
trns1686|jOsGFYPd|brkr1686|bearer cheque|8126|scrt1686|5446|0|LBuhDNGg|2022-03-24
trns1687|VohzLnLj|brkr1687|personal cheque|8540|scrt1687|2254|1|nKcpQYDv|2022-03-24
trns1688|qAwAYETx|brkr1688|bearer cheque|9466|scrt1688|1275|1|Mzpckner|2022-03-24
trns1689|hUNxOkLq|brkr1689|personal cheque|852|scrt1689|6197|0|FgTSzwAT|2022-03-24
trns1690|ycEGlKvZ|brkr1690|bearer cheque|6229|scrt1690|6471|0|hxVmsGpR|2022-03-24
trns1691|rINnuzNh|brkr1691|personal cheque|5070|scrt1691|9880|1|ZdeJBAuc|2022-03-24
trns1692|FDtkgncX|brkr1692|bearer cheque|206|scrt1692|9975|1|ShlAuiec|2022-03-24
trns1693|JmvphZtI|brkr1693|personal cheque|8550|scrt1693|289|1|xHaSgTpR|2022-03-24
trns1694|VGteyUDT|brkr1694|personal cheque|8961|scrt1694|8117|0|ldbTMgtg|2022-03-24
trns1695|rjAsXaLv|brkr1695|bearer cheque|5472|scrt1695|4898|0|XjCiwsrD|2022-03-24
trns1696|GbZSvdTi|brkr1696|bearer cheque|9786|scrt1696|9270|0|GcaWURyq|2022-03-24
trns1697|KCaYSpyO|brkr1697|bearer cheque|4017|scrt1697|6936|0|ABFtzNQY|2022-03-24
trns1698|onHigYAr|brkr1698|personal cheque|7581|scrt1698|1140|0|BXsVtvhU|2022-03-24
trns1699|aDxrXESf|brkr1699|bearer cheque|6741|scrt1699|6049|1|nZuTjpSD|2022-03-24
trns1700|kzfmSAdU|brkr1700|personal cheque|4898|scrt1700|8760|0|eZgzIRhd|2022-03-24
trns1701|lMrEASKs|brkr1701|personal cheque|9148|scrt1701|9033|1|aUQVQerV|2022-03-24
trns1702|mgKejfPl|brkr1702|personal cheque|287|scrt1702|2933|0|bgCJnQAp|2022-03-24
trns1703|AQtDZLsU|brkr1703|bearer cheque|3045|scrt1703|3140|0|RWPoSOyG|2022-03-24
trns1704|OqiiKsZL|brkr1704|bearer cheque|7493|scrt1704|3201|0|ftqWXvHV|2022-03-24
trns1705|TzyjdgLv|brkr1705|bearer cheque|7768|scrt1705|9046|0|IlqaPSHO|2022-03-24
trns1706|vXALsczZ|brkr1706|bearer cheque|3584|scrt1706|832|0|lXrHmkxz|2022-03-24
trns1707|pLpYIFZb|brkr1707|personal cheque|5270|scrt1707|8130|1|PeHpIDXm|2022-03-24
trns1708|eovRRuBE|brkr1708|bearer cheque|809|scrt1708|2700|0|YJTcYTGA|2022-03-24
trns1709|JFeOAyIH|brkr1709|personal cheque|5603|scrt1709|281|1|BNjMjljk|2022-03-24
trns1710|apaOoXdq|brkr1710|bearer cheque|1746|scrt1710|7494|1|pjGzuibu|2022-03-24
trns1711|VxBWUZmo|brkr1711|personal cheque|8583|scrt1711|2247|0|GgkYJgNI|2022-03-24
trns1712|YfkVwzzJ|brkr1712|bearer cheque|311|scrt1712|4843|1|BMKsXDCR|2022-03-24
trns1713|IfqBzEnD|brkr1713|personal cheque|5518|scrt1713|3078|1|xCkGdxJu|2022-03-24
trns1714|aVquENmD|brkr1714|bearer cheque|8780|scrt1714|9421|1|ACnfoAmw|2022-03-24
trns1715|XRqiiGlP|brkr1715|personal cheque|3363|scrt1715|8255|0|eOmCEvZM|2022-03-24
trns1716|cydrhdxN|brkr1716|personal cheque|3151|scrt1716|453|0|DxYwsEcj|2022-03-24
trns1717|mHxmUTbJ|brkr1717|personal cheque|8204|scrt1717|3516|1|AolHgxCx|2022-03-24
trns1718|MNqesKAr|brkr1718|personal cheque|2460|scrt1718|7452|0|jhUcIGjY|2022-03-24
trns1719|qbnRmOtu|brkr1719|bearer cheque|4203|scrt1719|6479|0|nrvVHqyu|2022-03-24
trns1720|zSBvJues|brkr1720|bearer cheque|1074|scrt1720|4724|1|EUQHDZnL|2022-03-24
trns1721|BcdrZcHC|brkr1721|bearer cheque|4202|scrt1721|1385|0|pOjhHuyJ|2022-03-24
trns1722|hgFmxTZU|brkr1722|personal cheque|2831|scrt1722|1791|1|pNcenMux|2022-03-24
trns1723|lddaJmri|brkr1723|personal cheque|9998|scrt1723|6774|1|gCapvejV|2022-03-24
trns1724|orotNLjX|brkr1724|personal cheque|8430|scrt1724|6830|0|beLswlLF|2022-03-24
trns1725|jtKJGkZi|brkr1725|bearer cheque|2250|scrt1725|5104|0|OZWBFchm|2022-03-24
trns1726|eGENvmgy|brkr1726|bearer cheque|7317|scrt1726|3630|1|xBrsMCxJ|2022-03-24
trns1727|afpZxkgS|brkr1727|personal cheque|3503|scrt1727|5805|0|EKYeIZLW|2022-03-24
trns1728|VNfVzQvF|brkr1728|bearer cheque|8513|scrt1728|4918|0|ttVFzqnB|2022-03-24
trns1729|uGuDFxCu|brkr1729|personal cheque|4850|scrt1729|7117|1|DDRSPnbp|2022-03-24
trns1730|HgGiKZOe|brkr1730|bearer cheque|56|scrt1730|4969|0|YahOreOa|2022-03-24
trns1731|eqyLAnJY|brkr1731|bearer cheque|3942|scrt1731|9831|0|CQGdANwP|2022-03-24
trns1732|AaMssYMJ|brkr1732|bearer cheque|7837|scrt1732|7682|1|lXrHyERO|2022-03-24
trns1733|RuuNZIBh|brkr1733|bearer cheque|5725|scrt1733|6120|1|MhOnzOmM|2022-03-24
trns1734|MKuseJnC|brkr1734|personal cheque|8071|scrt1734|1680|0|vhIZOsPD|2022-03-24
trns1735|hIuLSGcg|brkr1735|personal cheque|149|scrt1735|2537|1|LfzVUzNj|2022-03-24
trns1736|npCfYQEU|brkr1736|bearer cheque|4587|scrt1736|8036|0|aPYWApyg|2022-03-24
trns1737|wegpPcZn|brkr1737|personal cheque|7042|scrt1737|7957|1|urmbZkRB|2022-03-24
trns1738|KUWaeCbQ|brkr1738|bearer cheque|6483|scrt1738|4133|1|XidrOUwi|2022-03-24
trns1739|wVrnfNcH|brkr1739|bearer cheque|5912|scrt1739|6224|1|kwCTwrcd|2022-03-24
trns1740|cDHGosfL|brkr1740|bearer cheque|5143|scrt1740|4660|0|wpRRjdNE|2022-03-24
trns1741|nIIevaPw|brkr1741|bearer cheque|1650|scrt1741|4830|1|wonNXjSX|2022-03-24
trns1742|iezDRdpA|brkr1742|bearer cheque|4845|scrt1742|5734|1|vjdbgnvG|2022-03-24
trns1743|RdAPZzyG|brkr1743|personal cheque|7190|scrt1743|469|1|UvueytOR|2022-03-24
trns1744|jYmGTlpR|brkr1744|bearer cheque|7121|scrt1744|6185|1|KgkCsMvP|2022-03-24
trns1745|jbKFZInn|brkr1745|personal cheque|978|scrt1745|9483|0|ZomSJsSv|2022-03-24
trns1746|NTGPxgSh|brkr1746|bearer cheque|6734|scrt1746|125|1|FFUDlCbo|2022-03-24
trns1747|ndlYvnUT|brkr1747|personal cheque|6899|scrt1747|9628|1|CUSIxqWQ|2022-03-24
trns1748|CfnTgHPN|brkr1748|personal cheque|3030|scrt1748|3693|0|lVKefCCo|2022-03-24
trns1749|StMlRVVv|brkr1749|personal cheque|9733|scrt1749|9409|0|eLKBVReT|2022-03-24
trns1750|DgbXCcUw|brkr1750|personal cheque|594|scrt1750|1881|0|enfjzdUg|2022-03-24
trns1751|TnXxBKRS|brkr1751|bearer cheque|9245|scrt1751|5564|1|IwpQTtbW|2022-03-24
trns1752|elpNCQnH|brkr1752|bearer cheque|4690|scrt1752|3366|1|yQDhgoAH|2022-03-24
trns1753|QZPBYPUj|brkr1753|personal cheque|9473|scrt1753|1446|0|NzQQVYfQ|2022-03-24
trns1754|cpMrlUoX|brkr1754|bearer cheque|2391|scrt1754|7322|1|lumLbQOr|2022-03-24
trns1755|KSLvadYY|brkr1755|bearer cheque|9435|scrt1755|6273|1|pfBSQcFO|2022-03-24
trns1756|CDpcsCyQ|brkr1756|bearer cheque|1043|scrt1756|9738|1|GJAyPDOE|2022-03-24
trns1757|MmiymJJE|brkr1757|bearer cheque|1215|scrt1757|9107|1|oIKMLPBn|2022-03-24
trns1758|yMPGnpSj|brkr1758|bearer cheque|2322|scrt1758|772|1|eFfMGDAc|2022-03-24
trns1759|tGOyHeZw|brkr1759|bearer cheque|6757|scrt1759|7607|0|LXExCnSm|2022-03-24
trns1760|GtakfDJO|brkr1760|personal cheque|7797|scrt1760|5794|0|WMBoYpRu|2022-03-24
trns1761|eESesNXX|brkr1761|bearer cheque|1673|scrt1761|5719|1|kHLNbAAK|2022-03-24
trns1762|IjpBvhBh|brkr1762|bearer cheque|8658|scrt1762|3100|1|JwCLwKzt|2022-03-24
trns1763|pzjTOeXY|brkr1763|bearer cheque|12|scrt1763|3351|1|AxqIwADK|2022-03-24
trns1764|thQeIscT|brkr1764|personal cheque|3620|scrt1764|9111|1|jDRxIzZD|2022-03-24
trns1765|XtvwjUHG|brkr1765|personal cheque|6345|scrt1765|8906|1|sMghZRXL|2022-03-24
trns1766|xtZapWvT|brkr1766|personal cheque|9264|scrt1766|5732|1|XiMhwqdX|2022-03-24
trns1767|gqGvUzJX|brkr1767|personal cheque|5860|scrt1767|5956|0|aiXqXYUG|2022-03-24
trns1768|jBnxhIMI|brkr1768|personal cheque|2238|scrt1768|1891|1|auwGSLIw|2022-03-24
trns1769|YCIYExUj|brkr1769|bearer cheque|7395|scrt1769|5429|0|WeAGFKEJ|2022-03-24
trns1770|NWMNXCzV|brkr1770|bearer cheque|8038|scrt1770|3096|1|DwNVjSxs|2022-03-24
trns1771|VghcDZKO|brkr1771|bearer cheque|3551|scrt1771|1277|0|qjMUIGIO|2022-03-24
trns1772|RJNGKNQa|brkr1772|bearer cheque|1612|scrt1772|1197|0|jDtAhLyN|2022-03-24
trns1773|RViMQCGb|brkr1773|personal cheque|823|scrt1773|1519|1|PrHpBLmS|2022-03-24
trns1774|uWViikKd|brkr1774|personal cheque|8172|scrt1774|5697|0|mIcWQUtn|2022-03-24
trns1775|ANAetiWB|brkr1775|bearer cheque|794|scrt1775|5836|0|SpjtfJxq|2022-03-24
trns1776|WLGeOwVk|brkr1776|personal cheque|3740|scrt1776|7736|1|uRtokQZE|2022-03-24
trns1777|fimwgIoU|brkr1777|bearer cheque|1903|scrt1777|253|1|RpfYdSIn|2022-03-24
trns1778|yqiaJppy|brkr1778|bearer cheque|2932|scrt1778|1732|0|JsbTXmGb|2022-03-24
trns1779|QpPIGxvs|brkr1779|bearer cheque|8608|scrt1779|2823|0|ObsmCwHv|2022-03-24
trns1780|hOaLtyJn|brkr1780|personal cheque|4339|scrt1780|9921|0|MzVwewrg|2022-03-24
trns1781|qRjfLYND|brkr1781|personal cheque|3934|scrt1781|4164|0|AxMsIAVN|2022-03-24
trns1782|kPMkrsTB|brkr1782|personal cheque|3889|scrt1782|9352|0|hkgmEEfB|2022-03-24
trns1783|zKdanOYV|brkr1783|bearer cheque|9429|scrt1783|9406|0|hrMlhXMD|2022-03-24
trns1784|owZXNtaZ|brkr1784|personal cheque|2475|scrt1784|1217|0|UsTQtHia|2022-03-24
trns1785|VdscRLfa|brkr1785|bearer cheque|2614|scrt1785|7387|0|uHhatVaT|2022-03-24
trns1786|EuOUPEUL|brkr1786|bearer cheque|8723|scrt1786|5031|1|POWYlSBN|2022-03-24
trns1787|xjNXQZhL|brkr1787|bearer cheque|4229|scrt1787|4376|1|MSqOQDnP|2022-03-24
trns1788|qxasbGfY|brkr1788|personal cheque|3732|scrt1788|7611|1|OjOfdsuc|2022-03-24
trns1789|aEWcTNid|brkr1789|bearer cheque|6448|scrt1789|6350|0|yooPbmpk|2022-03-24
trns1790|UYVjJpmf|brkr1790|personal cheque|8346|scrt1790|6512|1|UGGgfBHR|2022-03-24
trns1791|RIhdtFQX|brkr1791|bearer cheque|5032|scrt1791|7140|1|RoTrfrgN|2022-03-24
trns1792|uxwTWuBp|brkr1792|bearer cheque|5742|scrt1792|2152|1|cZFKegku|2022-03-24
trns1793|SnmFiTjn|brkr1793|personal cheque|2662|scrt1793|1257|0|YWqJSRbE|2022-03-24
trns1794|ayEkLXUl|brkr1794|personal cheque|6618|scrt1794|872|1|LhtQVxHg|2022-03-24
trns1795|vOOwvweW|brkr1795|personal cheque|9421|scrt1795|9515|1|INUsygjd|2022-03-24
trns1796|pmoQopqO|brkr1796|personal cheque|8706|scrt1796|3287|0|YmkndXYx|2022-03-24
trns1797|WEbYhtOx|brkr1797|bearer cheque|1084|scrt1797|3780|0|tGEFbuDP|2022-03-24
trns1798|AFgshteo|brkr1798|bearer cheque|3956|scrt1798|767|0|UNAKmszS|2022-03-24
trns1799|rWQsxrcU|brkr1799|bearer cheque|2699|scrt1799|8675|1|xlpCxfKo|2022-03-24
trns1800|BWwnmTvN|brkr1800|personal cheque|1327|scrt1800|5580|0|CrrRqqkj|2022-03-24
trns1801|CnRrsira|brkr1801|bearer cheque|1326|scrt1801|6846|0|QaCffXDr|2022-03-24
trns1802|qukbpDFO|brkr1802|personal cheque|436|scrt1802|4740|0|PeGdxzMa|2022-03-24
trns1803|FaUmgTdh|brkr1803|bearer cheque|9130|scrt1803|7481|1|XOjjHNDo|2022-03-24
trns1804|SmpoXhZx|brkr1804|personal cheque|9374|scrt1804|1778|0|pOLKamhb|2022-03-24
trns1805|idPYkQYA|brkr1805|bearer cheque|6240|scrt1805|5644|1|xNAyBnei|2022-03-24
trns1806|ujOPAIqM|brkr1806|personal cheque|3145|scrt1806|8628|0|MyBZAvmS|2022-03-24
trns1807|kPUMxRLV|brkr1807|bearer cheque|2568|scrt1807|776|0|HOkRbOSm|2022-03-24
trns1808|SqgeIMXt|brkr1808|bearer cheque|1446|scrt1808|3969|0|GAgYEujh|2022-03-24
trns1809|dgjUtbfV|brkr1809|bearer cheque|1947|scrt1809|8882|0|wPGfwabn|2022-03-24
trns1810|ScsYKPTb|brkr1810|bearer cheque|9736|scrt1810|8388|0|SwAeMUlh|2022-03-24
trns1811|JqTAMCfI|brkr1811|bearer cheque|4183|scrt1811|6177|1|GRixVWFd|2022-03-24
trns1812|MXIOJlXx|brkr1812|bearer cheque|9752|scrt1812|2407|0|nOmHlWwD|2022-03-24
trns1813|HkGFzxyn|brkr1813|personal cheque|7051|scrt1813|4134|1|QjOrHTAP|2022-03-24
trns1814|wAEyCTFe|brkr1814|bearer cheque|2363|scrt1814|2076|1|HofKbJLz|2022-03-24
trns1815|ciNTNope|brkr1815|bearer cheque|8188|scrt1815|9245|0|RNPbJFFY|2022-03-24
trns1816|gkeMBnhG|brkr1816|personal cheque|6999|scrt1816|5092|1|yCGhGsrN|2022-03-24
trns1817|cVUsQhuZ|brkr1817|bearer cheque|4605|scrt1817|6494|0|fdcrlOzU|2022-03-24
trns1818|nyaaQAGl|brkr1818|bearer cheque|2512|scrt1818|6466|0|tEIDZXlS|2022-03-24
trns1819|qeEwCyUo|brkr1819|bearer cheque|6889|scrt1819|5847|0|hXHAcsoR|2022-03-24
trns1820|QTZBOwUV|brkr1820|bearer cheque|8771|scrt1820|8086|1|zoSgTugw|2022-03-24
trns1821|FIOHvYzR|brkr1821|personal cheque|3846|scrt1821|6308|0|yJuXVHZv|2022-03-24
trns1822|BlIPLjLP|brkr1822|bearer cheque|5264|scrt1822|2504|0|jUaRPhVU|2022-03-24
trns1823|IvACoauc|brkr1823|bearer cheque|813|scrt1823|96|1|iTqnABDA|2022-03-24
trns1824|nfdsUDzr|brkr1824|bearer cheque|2451|scrt1824|7344|1|ReYNfgqV|2022-03-24
trns1825|LTEZczxt|brkr1825|bearer cheque|7370|scrt1825|9598|1|PvImBBpu|2022-03-24
trns1826|CxpEpVUB|brkr1826|personal cheque|9805|scrt1826|3077|0|PIDDctnz|2022-03-24
trns1827|WveqptKX|brkr1827|bearer cheque|3044|scrt1827|5056|1|zzgKqICR|2022-03-24
trns1828|gFxtYFGI|brkr1828|bearer cheque|8191|scrt1828|4369|0|FbQXaBgD|2022-03-24
trns1829|zIvZbxeJ|brkr1829|personal cheque|3316|scrt1829|4456|1|xeoImvbx|2022-03-24
trns1830|nXmGASFt|brkr1830|personal cheque|3918|scrt1830|8993|0|FfIFBvcE|2022-03-24
trns1831|ZCPKfoZG|brkr1831|bearer cheque|7099|scrt1831|5801|0|YFDkgfxv|2022-03-24
trns1832|onwgGOMA|brkr1832|personal cheque|923|scrt1832|6072|0|zMFbJpLt|2022-03-24
trns1833|EtInZkJp|brkr1833|personal cheque|6145|scrt1833|7369|0|qJeWcsot|2022-03-24
trns1834|IkckLHgj|brkr1834|personal cheque|7089|scrt1834|2367|0|qDPDFQcW|2022-03-24
trns1835|faMeVpIq|brkr1835|personal cheque|8047|scrt1835|9223|0|VhXoGEHf|2022-03-24
trns1836|BWFBXieW|brkr1836|bearer cheque|4105|scrt1836|7095|1|OFOVJPjV|2022-03-24
trns1837|qjBFolMP|brkr1837|personal cheque|8571|scrt1837|324|0|JeWulbql|2022-03-24
trns1838|fZcNEUKh|brkr1838|personal cheque|3340|scrt1838|1103|0|yfEyyCfw|2022-03-24
trns1839|UBWLkMzq|brkr1839|personal cheque|1636|scrt1839|3581|1|srgvNuNd|2022-03-24
trns1840|iWXstVcp|brkr1840|bearer cheque|3849|scrt1840|5959|1|zWHibzOL|2022-03-24
trns1841|sDakwBGE|brkr1841|bearer cheque|7490|scrt1841|2615|0|ORdIZyND|2022-03-24
trns1842|eCZIapCN|brkr1842|bearer cheque|8760|scrt1842|6495|1|sDvaZUGK|2022-03-24
trns1843|kAOcrddc|brkr1843|bearer cheque|6027|scrt1843|7190|0|TvttrfZl|2022-03-24
trns1844|ROOOiFBx|brkr1844|bearer cheque|5558|scrt1844|1127|0|AjxaEbYi|2022-03-24
trns1845|MlyVYGVO|brkr1845|bearer cheque|7720|scrt1845|2041|0|ZWwsYkyy|2022-03-24
trns1846|NjecVKMW|brkr1846|personal cheque|8091|scrt1846|5155|0|lvoYAnrl|2022-03-24
trns1847|BwTjceOT|brkr1847|bearer cheque|8763|scrt1847|7159|0|caiVqslc|2022-03-24
trns1848|bDLgLawR|brkr1848|personal cheque|1981|scrt1848|7548|0|xmiNfYCC|2022-03-24
trns1849|igRKxfre|brkr1849|bearer cheque|1934|scrt1849|7927|0|PUaBsyBK|2022-03-24
trns1850|pckInTxf|brkr1850|bearer cheque|1109|scrt1850|4863|0|VHxxHmRN|2022-03-24
trns1851|ocSbQgAw|brkr1851|bearer cheque|2112|scrt1851|5238|0|pacibddC|2022-03-24
trns1852|oznEXsyo|brkr1852|personal cheque|2678|scrt1852|6393|1|CWqGnSIG|2022-03-24
trns1853|iGtNbWkq|brkr1853|bearer cheque|8361|scrt1853|7745|1|MsJfosOQ|2022-03-24
trns1854|ErajsSNQ|brkr1854|bearer cheque|3161|scrt1854|5854|0|qpGcsBRe|2022-03-24
trns1855|nnDvEJBN|brkr1855|bearer cheque|8491|scrt1855|9329|0|OuumDUXd|2022-03-24
trns1856|rrMjsaAm|brkr1856|bearer cheque|9537|scrt1856|8622|1|JduzigMx|2022-03-24
trns1857|rRgCgieq|brkr1857|bearer cheque|3298|scrt1857|6372|1|UIFmbZKy|2022-03-24
trns1858|kTuZDNfW|brkr1858|personal cheque|8409|scrt1858|6466|0|aDqODjhN|2022-03-24
trns1859|VUCwZUqm|brkr1859|bearer cheque|542|scrt1859|3092|1|IuHAZXfW|2022-03-24
trns1860|pgfRFCgF|brkr1860|bearer cheque|4474|scrt1860|1218|1|DHFIyFUf|2022-03-24
trns1861|xQrQKDSY|brkr1861|personal cheque|4325|scrt1861|9459|0|gGtnoqjV|2022-03-24
trns1862|SDWSPKta|brkr1862|personal cheque|4071|scrt1862|7412|0|TgmTChOr|2022-03-24
trns1863|xBZJWEBi|brkr1863|personal cheque|1740|scrt1863|7974|0|QWkbNHPA|2022-03-24
trns1864|tyIihYeU|brkr1864|bearer cheque|651|scrt1864|8015|1|MzhVqZGK|2022-03-24
trns1865|BbnJQmFN|brkr1865|bearer cheque|2034|scrt1865|1240|0|FbhxrPiV|2022-03-24
trns1866|eBRbvuiV|brkr1866|personal cheque|977|scrt1866|1471|0|pRvXenZr|2022-03-24
trns1867|VezVlkdA|brkr1867|bearer cheque|6340|scrt1867|9527|0|MzYcDAvd|2022-03-24
trns1868|AivurKWp|brkr1868|personal cheque|5530|scrt1868|9797|1|xudmOpfQ|2022-03-24
trns1869|sUkqigFX|brkr1869|personal cheque|5130|scrt1869|7622|1|kkzBpbxw|2022-03-24
trns1870|ltJXFqzc|brkr1870|personal cheque|8375|scrt1870|8902|1|NrmCzriG|2022-03-24
trns1871|UrujMtIL|brkr1871|personal cheque|8589|scrt1871|9829|1|jbTPVwBG|2022-03-24
trns1872|RjAHdVYr|brkr1872|bearer cheque|3745|scrt1872|5045|1|jylxCuAg|2022-03-24
trns1873|BGDvpeoe|brkr1873|personal cheque|378|scrt1873|1669|0|awDijpCN|2022-03-24
trns1874|WfSNhewh|brkr1874|personal cheque|5219|scrt1874|723|1|xhEhTePB|2022-03-24
trns1875|jltniYCs|brkr1875|bearer cheque|820|scrt1875|7732|0|nZqKdrHm|2022-03-24
trns1876|GHXIoYhl|brkr1876|personal cheque|26|scrt1876|3270|0|bEKQHury|2022-03-24
trns1877|LeNrjcQz|brkr1877|personal cheque|4939|scrt1877|3766|1|IfrbVwdY|2022-03-24
trns1878|PvLoTyJk|brkr1878|personal cheque|2263|scrt1878|4704|0|xoGiwjrB|2022-03-24
trns1879|LtvtUCLm|brkr1879|bearer cheque|1932|scrt1879|8749|0|NxwIHoei|2022-03-24
trns1880|MarYoNqE|brkr1880|personal cheque|4379|scrt1880|4165|1|JfuXqqMe|2022-03-24
trns1881|ZsrRxkbT|brkr1881|personal cheque|8125|scrt1881|9793|1|OLKPDRcu|2022-03-24
trns1882|vXuqHexv|brkr1882|personal cheque|4767|scrt1882|1840|1|cDdGUGOZ|2022-03-24
trns1883|BwobSDJb|brkr1883|personal cheque|1437|scrt1883|7055|1|JdedHyVP|2022-03-24
trns1884|uDvXKxkQ|brkr1884|bearer cheque|7728|scrt1884|445|1|PWrhiNWF|2022-03-24
trns1885|COzyGjtI|brkr1885|bearer cheque|8502|scrt1885|9901|0|jdnTfZTM|2022-03-24
trns1886|IPHxvLAe|brkr1886|personal cheque|6069|scrt1886|9805|1|hDvTzGlX|2022-03-24
trns1887|cMTHwBtD|brkr1887|bearer cheque|9324|scrt1887|743|1|WOGOyLwZ|2022-03-24
trns1888|KRTqavto|brkr1888|bearer cheque|5373|scrt1888|7287|0|wBylvYbM|2022-03-24
trns1889|AQbaHZxP|brkr1889|bearer cheque|8908|scrt1889|9884|0|PTQsMAUG|2022-03-24
trns1890|PZPmClsr|brkr1890|personal cheque|6466|scrt1890|3892|0|BkyDTTOP|2022-03-24
trns1891|IAFdMnDc|brkr1891|bearer cheque|1372|scrt1891|7262|1|fkZIxXNY|2022-03-24
trns1892|rDCAhomF|brkr1892|personal cheque|3939|scrt1892|9240|1|QiWkznGh|2022-03-24
trns1893|zplgQGVQ|brkr1893|bearer cheque|5675|scrt1893|8647|1|AiAhqcTB|2022-03-24
trns1894|twrMJUGu|brkr1894|personal cheque|3414|scrt1894|2901|1|CumFDsDi|2022-03-24
trns1895|TGgaOkii|brkr1895|personal cheque|2968|scrt1895|7060|1|iIDoUeAo|2022-03-24
trns1896|xdBzhDqK|brkr1896|bearer cheque|2195|scrt1896|7361|0|cdPRafRr|2022-03-24
trns1897|ukUNlNGt|brkr1897|bearer cheque|1178|scrt1897|7038|0|UcVZXBdx|2022-03-24
trns1898|OGVTudZQ|brkr1898|bearer cheque|2656|scrt1898|6068|0|RLRzuaQI|2022-03-24
trns1899|fzNazaym|brkr1899|bearer cheque|8930|scrt1899|2189|0|CoHtwmHQ|2022-03-24
trns1900|UuaUZCsa|brkr1900|personal cheque|869|scrt1900|2050|0|wmavAEoh|2022-03-24
trns1901|cOrggOJM|brkr1901|personal cheque|3416|scrt1901|3575|0|OchJcbUY|2022-03-24
trns1902|GyADTIOH|brkr1902|bearer cheque|1790|scrt1902|21|0|MsBqBnIk|2022-03-24
trns1903|AckYSqfY|brkr1903|bearer cheque|9162|scrt1903|5489|0|nVcIKYxV|2022-03-24
trns1904|HzFpjJhf|brkr1904|bearer cheque|5254|scrt1904|5252|1|RCDfVawY|2022-03-24
trns1905|hPbrUDMN|brkr1905|personal cheque|2929|scrt1905|4851|1|vmmnOTMh|2022-03-24
trns1906|QNAGdHHq|brkr1906|bearer cheque|1993|scrt1906|3110|1|RHRkVSay|2022-03-24
trns1907|oQtNERiI|brkr1907|bearer cheque|352|scrt1907|9919|0|wGczTbdW|2022-03-24
trns1908|AAksggTx|brkr1908|personal cheque|8993|scrt1908|706|1|zHSuTQUP|2022-03-24
trns1909|ecZwckaO|brkr1909|personal cheque|1832|scrt1909|869|0|aRxyFYqX|2022-03-24
trns1910|dmzbRbTn|brkr1910|bearer cheque|456|scrt1910|6062|1|azmVEANs|2022-03-24
trns1911|aMIBQpxn|brkr1911|personal cheque|1696|scrt1911|1784|1|rZQJYfbD|2022-03-24
trns1912|cCJXxCfc|brkr1912|bearer cheque|8210|scrt1912|6457|0|aEQhncHm|2022-03-24
trns1913|dBXJnIEd|brkr1913|bearer cheque|4672|scrt1913|9201|1|RYoPVJgO|2022-03-24
trns1914|crkUuUCm|brkr1914|bearer cheque|6195|scrt1914|3216|0|Pwxhhrtd|2022-03-24
trns1915|jeCdqOSS|brkr1915|personal cheque|4385|scrt1915|7882|0|jXHNOjLW|2022-03-24
trns1916|WWVwSFCN|brkr1916|personal cheque|1838|scrt1916|2091|0|UtROyJYm|2022-03-24
trns1917|mbDODYYZ|brkr1917|bearer cheque|8013|scrt1917|2836|1|maxagqQF|2022-03-24
trns1918|wnnrgLvg|brkr1918|bearer cheque|1844|scrt1918|8502|1|SRnDNkzO|2022-03-24
trns1919|rZZiehHG|brkr1919|personal cheque|2522|scrt1919|9726|1|eIJXlUgB|2022-03-24
trns1920|OMuRxDbo|brkr1920|bearer cheque|1264|scrt1920|1803|0|AEQquRbG|2022-03-24
trns1921|uDMWzYra|brkr1921|personal cheque|5582|scrt1921|7747|1|NGXdEMwk|2022-03-24
trns1922|MapKDbrj|brkr1922|bearer cheque|7601|scrt1922|9147|0|wVPCCVja|2022-03-24
trns1923|yoaMQLwZ|brkr1923|personal cheque|6922|scrt1923|1825|1|XzXoCEMf|2022-03-24
trns1924|xHxaGEty|brkr1924|bearer cheque|2183|scrt1924|6790|0|lqOYXDra|2022-03-24
trns1925|OnuLKjmR|brkr1925|bearer cheque|6333|scrt1925|3903|1|FbzjkTFq|2022-03-24
trns1926|sOzSIiVo|brkr1926|personal cheque|9513|scrt1926|3603|0|qAAsSAKz|2022-03-24
trns1927|xzOalJns|brkr1927|personal cheque|4479|scrt1927|3564|1|VzFykPLk|2022-03-24
trns1928|dkJQzDGg|brkr1928|bearer cheque|3760|scrt1928|742|0|MNaJdJik|2022-03-24
trns1929|yLfWxlCY|brkr1929|personal cheque|1686|scrt1929|5252|1|qDbqBevs|2022-03-24
trns1930|YwnxEzKB|brkr1930|personal cheque|1974|scrt1930|7081|0|PoxaYcFM|2022-03-24
trns1931|JGtzTLHC|brkr1931|personal cheque|5244|scrt1931|5282|0|uwMruwCm|2022-03-24
trns1932|aCkYuqeB|brkr1932|personal cheque|7209|scrt1932|1560|0|soexvlcn|2022-03-24
trns1933|BiRWxmsQ|brkr1933|personal cheque|3242|scrt1933|6030|0|AowMjJSr|2022-03-24
trns1934|gsWEudEX|brkr1934|personal cheque|7411|scrt1934|7060|1|luIOdako|2022-03-24
trns1935|yYVWRprK|brkr1935|bearer cheque|1857|scrt1935|3963|1|KnXAomDa|2022-03-24
trns1936|wssWrmLr|brkr1936|bearer cheque|6563|scrt1936|8951|1|mEaxlzwY|2022-03-24
trns1937|YqVjplYL|brkr1937|personal cheque|7470|scrt1937|9728|1|lTVxXiOK|2022-03-24
trns1938|UfqQzmZI|brkr1938|bearer cheque|8080|scrt1938|2309|0|ueBnrwBt|2022-03-24
trns1939|TZmwVuAp|brkr1939|personal cheque|5058|scrt1939|1253|0|pAWcPpRr|2022-03-24
trns1940|CgRzEVwV|brkr1940|personal cheque|6281|scrt1940|7226|0|lvufpGPT|2022-03-24
trns1941|BhjldjLn|brkr1941|bearer cheque|2256|scrt1941|5587|1|RnusPChb|2022-03-24
trns1942|ezLPdOyY|brkr1942|personal cheque|5742|scrt1942|9889|0|PkOzDpRA|2022-03-24
trns1943|PBHdawGL|brkr1943|bearer cheque|3217|scrt1943|1677|0|VbfHMPzI|2022-03-24
trns1944|kCwveKfC|brkr1944|bearer cheque|434|scrt1944|3942|1|Xjmhofol|2022-03-24
trns1945|PlMcYZPR|brkr1945|personal cheque|908|scrt1945|6284|0|tkcYuqee|2022-03-24
trns1946|PraMIGrW|brkr1946|personal cheque|6779|scrt1946|9508|1|eRRvbOHI|2022-03-24
trns1947|fXWXqJax|brkr1947|personal cheque|7745|scrt1947|8772|1|PpzWZsuU|2022-03-24
trns1948|rnMdnjGI|brkr1948|bearer cheque|835|scrt1948|522|0|UNeAfbZp|2022-03-24
trns1949|rkLbirPh|brkr1949|personal cheque|8256|scrt1949|9856|1|vJEJNutY|2022-03-24
trns1950|snvkAXzq|brkr1950|personal cheque|1637|scrt1950|4924|1|fOKwyHgq|2022-03-24
trns1951|uENjBGeZ|brkr1951|bearer cheque|9993|scrt1951|6138|1|arruVEGc|2022-03-24
trns1952|zeBWigvr|brkr1952|personal cheque|8156|scrt1952|4887|0|edLKMQCv|2022-03-24
trns1953|smYgHGWD|brkr1953|bearer cheque|9533|scrt1953|9563|0|CkzwXcAq|2022-03-24
trns1954|hePrJEhS|brkr1954|personal cheque|6074|scrt1954|427|1|XpvtwhNU|2022-03-24
trns1955|TvNFfwaq|brkr1955|bearer cheque|3697|scrt1955|2675|1|RkmNXlxD|2022-03-24
trns1956|oyxZtLZx|brkr1956|bearer cheque|6452|scrt1956|4610|0|nbgfhEYa|2022-03-24
trns1957|MGfaRVAk|brkr1957|bearer cheque|2218|scrt1957|7749|0|FcPrdXSm|2022-03-24
trns1958|QADKOuTw|brkr1958|bearer cheque|5792|scrt1958|1647|1|KzhAEwip|2022-03-24
trns1959|GJfHzGUf|brkr1959|bearer cheque|1014|scrt1959|810|0|JbyhyFii|2022-03-24
trns1960|uWoNiiXL|brkr1960|bearer cheque|908|scrt1960|3777|1|uxhpuzAY|2022-03-24
trns1961|ifrxiWnm|brkr1961|bearer cheque|7468|scrt1961|8142|1|wCqcptwO|2022-03-24
trns1962|rtWTsSsg|brkr1962|bearer cheque|5746|scrt1962|6006|0|AwzNsSrL|2022-03-24
trns1963|irGbuJpE|brkr1963|personal cheque|1491|scrt1963|4798|0|lyRLRXVq|2022-03-24
trns1964|VDROUVSx|brkr1964|bearer cheque|1068|scrt1964|4110|1|SOxWtMlr|2022-03-24
trns1965|GOQZbsKT|brkr1965|bearer cheque|7456|scrt1965|8337|1|SJpHnXim|2022-03-24
trns1966|RjdfxIaY|brkr1966|bearer cheque|4260|scrt1966|8017|0|VazuaHRY|2022-03-24
trns1967|ZuQxhfuA|brkr1967|bearer cheque|2426|scrt1967|9851|1|eUkUDSfJ|2022-03-24
trns1968|lDUvTGus|brkr1968|bearer cheque|6236|scrt1968|1567|1|fwHCERTQ|2022-03-24
trns1969|pnhQhkDZ|brkr1969|bearer cheque|5721|scrt1969|3496|1|cmCMypgW|2022-03-24
trns1970|BnsCojgu|brkr1970|personal cheque|6256|scrt1970|5172|1|QMxLNoXW|2022-03-24
trns1971|SKnslMvG|brkr1971|personal cheque|6820|scrt1971|485|1|TxPnZtQy|2022-03-24
trns1972|whGlfiLH|brkr1972|personal cheque|8163|scrt1972|5073|1|qKWcrYvr|2022-03-24
trns1973|tLXkJlUW|brkr1973|bearer cheque|7390|scrt1973|8463|0|drRVqHOq|2022-03-24
trns1974|TWSMAkDd|brkr1974|bearer cheque|3152|scrt1974|1238|0|slYyhMVr|2022-03-24
trns1975|nvAqHIne|brkr1975|personal cheque|1410|scrt1975|2103|1|kzyFNNtB|2022-03-24
trns1976|dIXjaeWo|brkr1976|bearer cheque|7808|scrt1976|7351|1|tEKkCkZR|2022-03-24
trns1977|gishbyhN|brkr1977|personal cheque|1786|scrt1977|609|1|kxioanJZ|2022-03-24
trns1978|fHUlXbCF|brkr1978|bearer cheque|664|scrt1978|3191|0|bnSoxowI|2022-03-24
trns1979|nBzwYzIs|brkr1979|bearer cheque|2107|scrt1979|453|1|ubMCxdBx|2022-03-24
trns1980|pqqBqVvg|brkr1980|bearer cheque|5832|scrt1980|1477|0|UqpzCFiR|2022-03-24
trns1981|PLlRLmQy|brkr1981|bearer cheque|6676|scrt1981|1473|1|rNVLPCpS|2022-03-24
trns1982|sgOxMoUW|brkr1982|bearer cheque|6349|scrt1982|4118|0|FndbvbMb|2022-03-24
trns1983|vJXIntHB|brkr1983|bearer cheque|3511|scrt1983|7415|1|MjFXUoPb|2022-03-24
trns1984|QbeYNtzN|brkr1984|personal cheque|7791|scrt1984|4353|0|NcttYEdB|2022-03-24
trns1985|XBdAEvPb|brkr1985|personal cheque|568|scrt1985|4987|1|nyfJjzvB|2022-03-24
trns1986|VeUZJNXm|brkr1986|bearer cheque|4990|scrt1986|6763|0|KEBiHoVz|2022-03-24
trns1987|qUnJReTm|brkr1987|bearer cheque|4795|scrt1987|6759|0|Rnimyril|2022-03-24
trns1988|uImneccl|brkr1988|personal cheque|1325|scrt1988|4126|1|NnhxkTAZ|2022-03-24
trns1989|erbTWLMe|brkr1989|personal cheque|8558|scrt1989|8063|0|NOGkWKJR|2022-03-24
trns1990|TQLFpwCX|brkr1990|personal cheque|6987|scrt1990|6543|0|mnjVlzjC|2022-03-24
trns1991|TXHWBIFf|brkr1991|personal cheque|6272|scrt1991|7756|1|mHViVFqc|2022-03-24
trns1992|sEptlagm|brkr1992|personal cheque|2771|scrt1992|3690|0|LIxiXAGA|2022-03-24
trns1993|cnLwQCXO|brkr1993|personal cheque|6283|scrt1993|5675|0|xOOoWqbp|2022-03-24
trns1994|YaMhJeQO|brkr1994|personal cheque|1739|scrt1994|5334|0|sJBiVcDt|2022-03-24
trns1995|GydxUcBR|brkr1995|personal cheque|2776|scrt1995|3256|1|SKldmiJt|2022-03-24
trns1996|rJEgXWYH|brkr1996|bearer cheque|3645|scrt1996|7081|0|lUAJWsKF|2022-03-24
trns1997|AxQmdAUZ|brkr1997|bearer cheque|1804|scrt1997|2588|0|ewkUdcQC|2022-03-24
trns1998|pHaaHMRp|brkr1998|personal cheque|7902|scrt1998|4552|1|WQMJJLeH|2022-03-24
trns1999|mVUFwqpS|brkr1999|bearer cheque|5227|scrt1999|3200|0|FATkbbuy|2022-03-24
trns2000|ExSDtymC|brkr2000|bearer cheque|5797|scrt2000|3385|1|GDQBffVY|2022-03-24
