KYC_questionnaire_ID|Party_ID|Question_ID|Question|Answer|Questionnaire_update_date|Trigger|Version|Reference_Date
kyqs1001|prty1001|qstn1001|SzJwAbwp|HByXGqwZ|2016-01-19|Alert Stacks|2.3.1|2022-03-24
kyqs1002|prty1002|qstn1002|bgEPNocQ|LqPLdyOX|2017-08-17|New products|2.1.5|2022-03-24
kyqs1003|prty1003|qstn1003|selhXKbo|LYxKRSfL|2019-09-13|Onboarding|8.7.6|2022-03-24
kyqs1004|prty1004|qstn1004|RgkEmfgA|FhBHjtXY|2020-11-12|Volume increase|5.4.3|2022-03-24
kyqs1005|prty1005|qstn1005|iBDCDxdz|aSvXaePB|2015-05-02|Onboarding|4.4.4|2022-03-24
kyqs1006|prty1006|qstn1006|ZYiEQtxZ|mXlbNHGq|2000-10-09|Volume increase|2.4.2|2022-03-24
kyqs1007|prty1007|qstn1007|pDlvyFaM|jVJnOnsm|2013-12-14|New products|8.2.6|2022-03-24
kyqs1008|prty1008|qstn1008|zLhkoxaD|QSxyBNfY|2003-09-11|Onboarding|1.4.6|2022-03-24
kyqs1009|prty1009|qstn1009|GSmUeOGH|KhkUlCqo|2002-03-15|Alert Stacks|1.3.2|2022-03-24
kyqs1010|prty1010|qstn1010|zkVoaasA|YHluslhd|2005-04-25|New products|6.2.1|2022-03-24
kyqs1011|prty1011|qstn1011|OyzHTGTi|QRnQSjyJ|2015-06-07|Alert Stacks|5.7.5|2022-03-24
kyqs1012|prty1012|qstn1012|mtRCIMUU|nyZfQmAq|2011-06-22|New products|1.7.7|2022-03-24
kyqs1013|prty1013|qstn1013|SDqWOfaR|iHMBKbIV|2000-05-08|Volume increase|3.4.2|2022-03-24
kyqs1014|prty1014|qstn1014|ZTawGFxg|tiSOIocV|2010-08-20|Alert Stacks|4.5.3|2022-03-24
kyqs1015|prty1015|qstn1015|DKLqRgxh|ZoBptXnY|2013-10-27|Volume increase|8.6.4|2022-03-24
kyqs1016|prty1016|qstn1016|vQgirKGv|hxLDZKVO|2007-10-01|New products|2.2.3|2022-03-24
kyqs1017|prty1017|qstn1017|NPEfDIZA|aSdnZphV|2020-08-01|Alert Stacks|2.5.2|2022-03-24
kyqs1018|prty1018|qstn1018|GcPefRuT|CJETvWHN|2009-10-13|New products|2.7.1|2022-03-24
kyqs1019|prty1019|qstn1019|ldwdCiOz|WSiuOrOG|2002-12-06|Alert Stacks|6.8.7|2022-03-24
kyqs1020|prty1020|qstn1020|gdPmNhiC|eEcucyEh|2018-10-02|New products|6.8.3|2022-03-24
kyqs1021|prty1021|qstn1021|wLebdMsu|IPhSwEww|2021-11-06|New products|3.4.3|2022-03-24
kyqs1022|prty1022|qstn1022|xJyekIaj|KsobXbRg|2005-01-14|New products|5.2.8|2022-03-24
kyqs1023|prty1023|qstn1023|gXiZaUgK|CvDkbSJe|2011-11-21|Alert Stacks|4.4.5|2022-03-24
kyqs1024|prty1024|qstn1024|ZNymFJes|LnLrRrMf|2009-09-10|New products|2.8.7|2022-03-24
kyqs1025|prty1025|qstn1025|YCRhoSsN|uaYeigAb|2010-09-29|Alert Stacks|6.1.6|2022-03-24
kyqs1026|prty1026|qstn1026|sBJRWMjs|krYjQtwh|2013-09-07|Alert Stacks|4.2.4|2022-03-24
kyqs1027|prty1027|qstn1027|wbdmSPYo|UzTAebxS|2007-10-06|Volume increase|4.5.3|2022-03-24
kyqs1028|prty1028|qstn1028|BdlAwszP|NbenccQz|2016-06-16|Onboarding|2.3.5|2022-03-24
kyqs1029|prty1029|qstn1029|xBMmkkCF|cMwXOOTZ|2010-09-14|Alert Stacks|8.5.4|2022-03-24
kyqs1030|prty1030|qstn1030|jydLqRqc|vJbbqJnY|2003-09-14|Volume increase|3.3.3|2022-03-24
kyqs1031|prty1031|qstn1031|uuArkCXl|gxQYxkgK|2019-07-16|Onboarding|6.3.8|2022-03-24
kyqs1032|prty1032|qstn1032|lKawhwwF|JbGJXZzy|2015-01-28|Alert Stacks|1.3.4|2022-03-24
kyqs1033|prty1033|qstn1033|sBkvXlLt|SKMIwgLt|2011-09-22|New products|5.1.6|2022-03-24
kyqs1034|prty1034|qstn1034|ogCTXiaY|jZZbHbzm|2014-07-02|New products|8.6.3|2022-03-24
kyqs1035|prty1035|qstn1035|cKtKQaRS|mbwvhbty|2003-02-14|New products|2.3.8|2022-03-24
kyqs1036|prty1036|qstn1036|vPfmnFEs|WXNcXqsv|2006-11-18|Volume increase|1.4.6|2022-03-24
kyqs1037|prty1037|qstn1037|DJgUvhPW|WjsCgzrO|2016-10-28|Onboarding|3.3.3|2022-03-24
kyqs1038|prty1038|qstn1038|elECeEiw|aLjUBxSn|2019-05-07|Onboarding|4.7.6|2022-03-24
kyqs1039|prty1039|qstn1039|gHYRcHDk|rzaQvBVf|2006-03-23|Onboarding|4.2.4|2022-03-24
kyqs1040|prty1040|qstn1040|IsNTIJZR|igZlUHHT|2010-09-26|Volume increase|8.6.6|2022-03-24
kyqs1041|prty1041|qstn1041|CqgEeVFu|IliuvWmr|2021-01-22|New products|4.6.7|2022-03-24
kyqs1042|prty1042|qstn1042|SVjMQCHw|WnmDfazA|2015-08-19|Volume increase|4.5.3|2022-03-24
kyqs1043|prty1043|qstn1043|MAYEeefj|ghpWDCXh|2009-10-21|Onboarding|6.5.6|2022-03-24
kyqs1044|prty1044|qstn1044|oaGwyrgi|jneauRjv|2011-04-07|New products|6.2.6|2022-03-24
kyqs1045|prty1045|qstn1045|tJFVPlzh|GUOxqoYu|2006-05-07|Volume increase|5.3.6|2022-03-24
kyqs1046|prty1046|qstn1046|TawoETrL|pLsAVucw|2020-08-20|Onboarding|3.7.4|2022-03-24
kyqs1047|prty1047|qstn1047|rLDJuGZD|USYXiuSg|2015-12-29|New products|7.8.5|2022-03-24
kyqs1048|prty1048|qstn1048|eJQPfPdR|yxaGtYJl|2005-06-10|Alert Stacks|8.8.3|2022-03-24
kyqs1049|prty1049|qstn1049|HDkIOERx|menzAZuK|2018-11-12|Volume increase|7.7.6|2022-03-24
kyqs1050|prty1050|qstn1050|vgTCKxbb|DsATJMzp|2007-12-09|New products|5.4.2|2022-03-24
kyqs1051|prty1051|qstn1051|qGCnVKKB|GMsdUDsH|2012-01-16|Volume increase|8.1.6|2022-03-24
kyqs1052|prty1052|qstn1052|EbJFUgVZ|mFQVLQvb|2009-06-14|Volume increase|7.5.4|2022-03-24
kyqs1053|prty1053|qstn1053|WTsSxKds|sjmABzkv|2005-05-08|Alert Stacks|2.2.6|2022-03-24
kyqs1054|prty1054|qstn1054|VoSsILRe|nzUIzDxI|2001-02-02|New products|6.7.3|2022-03-24
kyqs1055|prty1055|qstn1055|cWVxyXOG|RjiklnzN|2017-05-12|New products|7.6.1|2022-03-24
kyqs1056|prty1056|qstn1056|FzqgNvGz|FMrwxdBH|2003-04-05|Onboarding|7.8.6|2022-03-24
kyqs1057|prty1057|qstn1057|RowbeQqP|ETOXLirP|2013-12-24|Alert Stacks|7.3.2|2022-03-24
kyqs1058|prty1058|qstn1058|xRXnSwxf|VewJWnoF|2018-10-06|Onboarding|6.4.3|2022-03-24
kyqs1059|prty1059|qstn1059|tVLelojm|TMhiJHgr|2008-02-17|New products|4.2.4|2022-03-24
kyqs1060|prty1060|qstn1060|cfoRAZkP|mxVlNDXC|2015-09-17|Volume increase|8.6.2|2022-03-24
kyqs1061|prty1061|qstn1061|WfdZuvtP|RiscvftQ|2007-03-18|Onboarding|5.1.8|2022-03-24
kyqs1062|prty1062|qstn1062|MKfGjPEW|fSJGZVeo|2010-12-13|Onboarding|4.4.3|2022-03-24
kyqs1063|prty1063|qstn1063|OCFfFqxa|MEVMqpmj|2003-07-03|New products|5.8.5|2022-03-24
kyqs1064|prty1064|qstn1064|DkCpSAtg|nhwCeAYK|2008-08-21|New products|4.3.1|2022-03-24
kyqs1065|prty1065|qstn1065|ScVLtqIM|qTQkFkDu|2013-03-31|New products|5.3.4|2022-03-24
kyqs1066|prty1066|qstn1066|CTJXqpOp|KtoNeeIw|2019-05-30|New products|4.4.8|2022-03-24
kyqs1067|prty1067|qstn1067|sUaWsQFW|TaWBkQXm|2008-12-14|Onboarding|2.3.1|2022-03-24
kyqs1068|prty1068|qstn1068|iPXdFNcR|aMYhjYbq|2015-10-25|Alert Stacks|7.3.6|2022-03-24
kyqs1069|prty1069|qstn1069|oPFroVtT|IoufxXqB|2006-07-06|New products|5.3.1|2022-03-24
kyqs1070|prty1070|qstn1070|UfTnJjXk|KEkkdEUa|2009-01-03|Alert Stacks|4.8.3|2022-03-24
kyqs1071|prty1071|qstn1071|czLFXNfI|gnhmRsLC|2001-10-13|Alert Stacks|7.5.4|2022-03-24
kyqs1072|prty1072|qstn1072|iEsZVrbn|InUHUthZ|2008-03-11|Onboarding|4.8.5|2022-03-24
kyqs1073|prty1073|qstn1073|gdjkyilh|rwfWlljf|2012-10-25|Onboarding|1.5.5|2022-03-24
kyqs1074|prty1074|qstn1074|jLaXRBVP|NdKNHWNZ|2010-01-22|New products|5.2.1|2022-03-24
kyqs1075|prty1075|qstn1075|LPjsBAdX|kieQnJht|2017-04-14|Volume increase|6.2.8|2022-03-24
kyqs1076|prty1076|qstn1076|zHUYHQEl|YOHSzKjC|2018-04-18|Volume increase|4.3.2|2022-03-24
kyqs1077|prty1077|qstn1077|ySNGjxgV|ZvkJWbOo|2016-07-18|Onboarding|4.7.4|2022-03-24
kyqs1078|prty1078|qstn1078|HirrOyLZ|RVsljzqz|2007-05-23|Onboarding|5.1.6|2022-03-24
kyqs1079|prty1079|qstn1079|LHIeZzNd|tnMRSZSH|2003-08-20|New products|5.8.3|2022-03-24
kyqs1080|prty1080|qstn1080|cLBNLuVy|EfmfZcmh|2006-03-12|Onboarding|6.1.6|2022-03-24
kyqs1081|prty1081|qstn1081|dUfxQVgJ|UNgXCmbi|2000-08-08|Volume increase|4.3.4|2022-03-24
kyqs1082|prty1082|qstn1082|IdiwkYgT|AvXgWWZU|2007-03-06|New products|5.5.4|2022-03-24
kyqs1083|prty1083|qstn1083|nftWEMrw|OKeExKEJ|2020-12-19|New products|5.7.2|2022-03-24
kyqs1084|prty1084|qstn1084|qhILUVHh|pLYbIAnv|2010-12-04|Volume increase|4.7.5|2022-03-24
kyqs1085|prty1085|qstn1085|aHnbZfvZ|LFdVHLBL|2015-06-02|Onboarding|4.2.7|2022-03-24
kyqs1086|prty1086|qstn1086|bETNFtcR|vJyHjewl|2014-04-25|Onboarding|8.5.7|2022-03-24
kyqs1087|prty1087|qstn1087|udVTPspO|nMKQoqRQ|2001-10-03|New products|8.8.8|2022-03-24
kyqs1088|prty1088|qstn1088|NbooqlZi|HGQLvKbx|2014-10-16|Onboarding|1.6.6|2022-03-24
kyqs1089|prty1089|qstn1089|NIcMfkqd|iajuHifB|2002-10-09|Alert Stacks|7.8.8|2022-03-24
kyqs1090|prty1090|qstn1090|UPeVqhhK|pOGHJlYy|2010-05-14|Alert Stacks|2.6.3|2022-03-24
kyqs1091|prty1091|qstn1091|NlQWCnnK|OmjNChzD|2010-11-26|Volume increase|6.1.4|2022-03-24
kyqs1092|prty1092|qstn1092|hrUyiZbX|lDNpaaEe|2009-05-28|Alert Stacks|2.7.4|2022-03-24
kyqs1093|prty1093|qstn1093|YfBBkRUf|qIPTHWVP|2007-09-17|Alert Stacks|5.3.1|2022-03-24
kyqs1094|prty1094|qstn1094|jDJxfvsT|AyQHJAZi|2005-10-20|Onboarding|7.4.4|2022-03-24
kyqs1095|prty1095|qstn1095|DDNrYzdn|TwocRlDO|2013-09-01|Volume increase|7.6.7|2022-03-24
kyqs1096|prty1096|qstn1096|qrbPZqQs|fdSkqIsT|2009-12-01|Alert Stacks|3.4.6|2022-03-24
kyqs1097|prty1097|qstn1097|axKUpJIu|MJvmNHzS|2009-05-04|Onboarding|4.4.5|2022-03-24
kyqs1098|prty1098|qstn1098|lrAgMSGB|dttYGFAp|2003-09-05|New products|7.6.3|2022-03-24
kyqs1099|prty1099|qstn1099|hweRxsbB|YeAOsqNh|2012-11-21|Onboarding|8.4.8|2022-03-24
kyqs1100|prty1100|qstn1100|QWXqrZLo|ctdWWLff|2011-04-10|Alert Stacks|6.1.4|2022-03-24
kyqs1101|prty1101|qstn1101|qlXRuGHB|kkGYZJfy|2014-10-01|New products|6.6.7|2022-03-24
kyqs1102|prty1102|qstn1102|vTWTygrY|WjHxOCZL|2003-05-05|New products|1.7.5|2022-03-24
kyqs1103|prty1103|qstn1103|fhLlLneh|zteMVBSb|2014-07-28|Onboarding|8.3.2|2022-03-24
kyqs1104|prty1104|qstn1104|WPIUExTw|EkDuVXjV|2017-12-09|New products|6.5.3|2022-03-24
kyqs1105|prty1105|qstn1105|RzdphNXU|UakeyyIP|2009-11-11|Alert Stacks|4.5.1|2022-03-24
kyqs1106|prty1106|qstn1106|LbgCDOhq|XzLXmmQP|2002-05-27|Onboarding|4.5.8|2022-03-24
kyqs1107|prty1107|qstn1107|ShYnBdPr|EyvlnMtB|2012-04-20|Volume increase|3.2.4|2022-03-24
kyqs1108|prty1108|qstn1108|mEzQqpRH|DdJGKoim|2020-01-01|Volume increase|5.6.3|2022-03-24
kyqs1109|prty1109|qstn1109|xVsjVreW|rtJtXVzQ|2004-06-17|Alert Stacks|5.8.3|2022-03-24
kyqs1110|prty1110|qstn1110|xUwgUitb|nmsOelLP|2004-07-11|New products|3.2.7|2022-03-24
kyqs1111|prty1111|qstn1111|nDTnOsAn|qEqtExiz|2010-08-01|Onboarding|6.7.3|2022-03-24
kyqs1112|prty1112|qstn1112|HPUoZIgK|pdkKVGtA|2013-12-25|New products|2.4.6|2022-03-24
kyqs1113|prty1113|qstn1113|xUrzQNAY|LRzHAvYm|2018-03-10|Onboarding|3.6.5|2022-03-24
kyqs1114|prty1114|qstn1114|jNYvYvXb|MPqyMZLl|2002-04-16|Volume increase|7.6.3|2022-03-24
kyqs1115|prty1115|qstn1115|ZhFmlNzz|qqrQDUOn|2002-07-30|Onboarding|6.6.6|2022-03-24
kyqs1116|prty1116|qstn1116|tmPsxTvo|BXiWGbBy|2018-05-03|New products|2.7.6|2022-03-24
kyqs1117|prty1117|qstn1117|MBIvCTkx|GQrwGuYc|2013-10-14|Volume increase|4.3.1|2022-03-24
kyqs1118|prty1118|qstn1118|AxRqbrUK|meppCYPF|2019-08-26|New products|6.6.8|2022-03-24
kyqs1119|prty1119|qstn1119|assYsfXd|cBLuNCFf|2021-04-07|New products|7.2.3|2022-03-24
kyqs1120|prty1120|qstn1120|PCONKSWi|FzlgRPJr|2016-12-26|Volume increase|7.6.6|2022-03-24
kyqs1121|prty1121|qstn1121|SbYOCVCp|NeVPOwDG|2009-04-29|Onboarding|7.5.8|2022-03-24
kyqs1122|prty1122|qstn1122|btvYRQhU|KYufwsbi|2018-04-09|Volume increase|7.3.1|2022-03-24
kyqs1123|prty1123|qstn1123|RcIUYZdp|bWCdOOKZ|2014-08-01|Alert Stacks|4.7.1|2022-03-24
kyqs1124|prty1124|qstn1124|DjTslvrM|puqymdiG|2011-10-25|Alert Stacks|4.5.3|2022-03-24
kyqs1125|prty1125|qstn1125|dRllskni|iRbCmoOC|2012-09-24|Alert Stacks|1.5.3|2022-03-24
kyqs1126|prty1126|qstn1126|qiNVmCLJ|CdRYOBRU|2005-04-07|New products|8.6.4|2022-03-24
kyqs1127|prty1127|qstn1127|EAfmjMOF|RnhMjeht|2004-07-11|New products|1.7.2|2022-03-24
kyqs1128|prty1128|qstn1128|pwTshqGe|FPqJjSTZ|2018-06-26|New products|3.5.4|2022-03-24
kyqs1129|prty1129|qstn1129|mJAYJbiK|NIgtuoOc|2021-05-14|Volume increase|7.6.7|2022-03-24
kyqs1130|prty1130|qstn1130|vZHkXeDY|DUNWLWgX|2003-08-06|New products|1.3.6|2022-03-24
kyqs1131|prty1131|qstn1131|ekDDUrsm|elmycULU|2005-10-10|Alert Stacks|1.8.4|2022-03-24
kyqs1132|prty1132|qstn1132|YOLQQAbG|dezidBtP|2021-07-09|Onboarding|5.3.2|2022-03-24
kyqs1133|prty1133|qstn1133|QIQZNDSt|zfTALzrq|2004-12-11|Onboarding|3.3.5|2022-03-24
kyqs1134|prty1134|qstn1134|qYDcgMYZ|dykumDOZ|2013-09-07|Alert Stacks|1.6.8|2022-03-24
kyqs1135|prty1135|qstn1135|OSVwDFBY|eBMjysOA|2020-10-31|New products|4.6.2|2022-03-24
kyqs1136|prty1136|qstn1136|DIoshwCa|OPSBIsUz|2020-01-19|New products|8.1.8|2022-03-24
kyqs1137|prty1137|qstn1137|bhlnFRdB|QwxujWUc|2015-07-12|Onboarding|6.2.4|2022-03-24
kyqs1138|prty1138|qstn1138|xNqLbVeK|ZMuOoxnw|2012-06-19|Alert Stacks|1.4.7|2022-03-24
kyqs1139|prty1139|qstn1139|EAXNqYCH|ZvyRoETU|2016-03-24|New products|3.7.6|2022-03-24
kyqs1140|prty1140|qstn1140|uywcsULB|oBglfnLE|2015-01-14|New products|8.1.7|2022-03-24
kyqs1141|prty1141|qstn1141|SqJorPpr|FTyctouC|2001-12-06|New products|2.5.2|2022-03-24
kyqs1142|prty1142|qstn1142|ESppbOOR|hmktcCBG|2019-06-22|Onboarding|2.6.3|2022-03-24
kyqs1143|prty1143|qstn1143|TGNNBsjM|BQymblRy|2009-10-12|Volume increase|6.6.6|2022-03-24
kyqs1144|prty1144|qstn1144|haPyjyCc|rFdCiTWW|2014-07-07|New products|6.3.6|2022-03-24
kyqs1145|prty1145|qstn1145|UzeKzCKP|IstJgqbS|2011-03-31|New products|3.1.8|2022-03-24
kyqs1146|prty1146|qstn1146|tPgOtjUP|neyGtlnS|2001-02-14|Alert Stacks|7.1.1|2022-03-24
kyqs1147|prty1147|qstn1147|DgYFhPhp|FLsFECKQ|2008-06-24|Alert Stacks|4.5.3|2022-03-24
kyqs1148|prty1148|qstn1148|luAcHdAS|BkZUoDRJ|2006-08-11|Alert Stacks|4.5.1|2022-03-24
kyqs1149|prty1149|qstn1149|ICwIwUsO|GwjNlFKm|2013-10-25|Volume increase|7.5.6|2022-03-24
kyqs1150|prty1150|qstn1150|ZZpsWuBO|AnkjmYzW|2005-11-16|New products|6.7.5|2022-03-24
kyqs1151|prty1151|qstn1151|chkkXuVg|GULSuqSg|2003-12-22|Onboarding|7.8.2|2022-03-24
kyqs1152|prty1152|qstn1152|noGxQCcq|MTfxBGDZ|2009-11-02|Alert Stacks|8.7.4|2022-03-24
kyqs1153|prty1153|qstn1153|AApoJXsN|EttozclO|2001-05-20|Alert Stacks|5.1.2|2022-03-24
kyqs1154|prty1154|qstn1154|npRFuzjY|HWXqjAbF|2004-05-16|Onboarding|2.4.2|2022-03-24
kyqs1155|prty1155|qstn1155|UScMjeCs|kXZwKrlz|2018-03-18|Alert Stacks|3.5.8|2022-03-24
kyqs1156|prty1156|qstn1156|ndqKCYcc|tMgvlCzD|2007-07-10|Onboarding|2.8.2|2022-03-24
kyqs1157|prty1157|qstn1157|HscjSPTa|gHPPTchy|2001-09-21|Onboarding|4.7.4|2022-03-24
kyqs1158|prty1158|qstn1158|XmNzKxDh|bGTsbxGQ|2014-03-24|Volume increase|8.5.2|2022-03-24
kyqs1159|prty1159|qstn1159|wPUXqwDi|PBSdlHuZ|2021-04-03|Alert Stacks|4.6.2|2022-03-24
kyqs1160|prty1160|qstn1160|PjawfIjz|riNUyTOf|2018-09-24|Onboarding|4.8.4|2022-03-24
kyqs1161|prty1161|qstn1161|NvCrusvj|zDHPlhiQ|2010-07-05|Volume increase|1.5.5|2022-03-24
kyqs1162|prty1162|qstn1162|XCwKzjZH|WkZBEREL|2016-08-11|New products|4.5.3|2022-03-24
kyqs1163|prty1163|qstn1163|NsQVONdW|HdCokCCE|2010-10-12|Onboarding|6.3.2|2022-03-24
kyqs1164|prty1164|qstn1164|cTDROdoC|jMJnIneh|2013-09-09|Alert Stacks|6.7.3|2022-03-24
kyqs1165|prty1165|qstn1165|tHkGpuQI|SCpITxFP|2000-09-16|Onboarding|6.4.3|2022-03-24
kyqs1166|prty1166|qstn1166|srbbMxea|HItFqrLs|2013-04-19|Volume increase|2.8.5|2022-03-24
kyqs1167|prty1167|qstn1167|azZmUFbW|DdyonAXN|2020-04-15|New products|7.2.6|2022-03-24
kyqs1168|prty1168|qstn1168|chNuxzrl|zrqANuwk|2002-12-21|Alert Stacks|7.6.2|2022-03-24
kyqs1169|prty1169|qstn1169|yrYFqoxj|LblwGHoB|2021-04-05|New products|2.8.7|2022-03-24
kyqs1170|prty1170|qstn1170|kzEJmCoQ|tzLqdBjW|2006-04-11|Volume increase|3.8.7|2022-03-24
kyqs1171|prty1171|qstn1171|xJvvpJUx|qhbkHOEW|2004-07-29|Volume increase|6.3.7|2022-03-24
kyqs1172|prty1172|qstn1172|rdwicMwP|vlvLSgCF|2019-06-18|Volume increase|2.3.3|2022-03-24
kyqs1173|prty1173|qstn1173|hdqytTdJ|niGwWDhO|2006-04-26|Onboarding|2.1.6|2022-03-24
kyqs1174|prty1174|qstn1174|saiCnoiO|RkGYvNNU|2017-08-16|Alert Stacks|4.7.1|2022-03-24
kyqs1175|prty1175|qstn1175|oQDUkOlj|QOFtnedY|2018-06-11|Onboarding|7.8.6|2022-03-24
kyqs1176|prty1176|qstn1176|mDkPNZnO|asGdiRFd|2003-06-05|Onboarding|4.2.1|2022-03-24
kyqs1177|prty1177|qstn1177|uOMlpZIJ|QWNiPEGf|2021-10-24|Onboarding|3.4.3|2022-03-24
kyqs1178|prty1178|qstn1178|qvROwrkI|hqwgNEyT|2008-10-09|Volume increase|7.4.3|2022-03-24
kyqs1179|prty1179|qstn1179|tUSTqTxk|QVglsMkd|2010-03-19|Onboarding|7.7.3|2022-03-24
kyqs1180|prty1180|qstn1180|MwughRNG|atyIcZWn|2002-08-14|Alert Stacks|2.7.3|2022-03-24
kyqs1181|prty1181|qstn1181|dgIzhaEs|MQDnkddG|2009-09-05|Alert Stacks|1.2.8|2022-03-24
kyqs1182|prty1182|qstn1182|bPtFoKWO|pRWtRPHq|2003-10-15|Volume increase|8.1.7|2022-03-24
kyqs1183|prty1183|qstn1183|oBlFmdkU|pzZnHmZQ|2009-01-13|Volume increase|5.1.1|2022-03-24
kyqs1184|prty1184|qstn1184|IzXJvTKl|fKRFUlYC|2004-10-19|New products|5.7.3|2022-03-24
kyqs1185|prty1185|qstn1185|IYbGhOea|cFzXvwKX|2009-05-26|Onboarding|6.5.5|2022-03-24
kyqs1186|prty1186|qstn1186|CFshtkLB|wRJSodUK|2000-11-12|Volume increase|7.7.8|2022-03-24
kyqs1187|prty1187|qstn1187|RmZhSbeG|lmFzuwPD|2016-07-22|Alert Stacks|6.2.7|2022-03-24
kyqs1188|prty1188|qstn1188|cTYuFIcv|RIhKYGLh|2001-08-08|Alert Stacks|7.4.2|2022-03-24
kyqs1189|prty1189|qstn1189|VyZUPMxl|XYfRuMaL|2016-04-01|New products|6.5.3|2022-03-24
kyqs1190|prty1190|qstn1190|elUdkHSS|vhnWiyHH|2009-08-25|Alert Stacks|6.6.6|2022-03-24
kyqs1191|prty1191|qstn1191|fIiNRSAX|XuaFJjjh|2018-11-28|New products|6.8.6|2022-03-24
kyqs1192|prty1192|qstn1192|IraTXCsZ|psjnsWvm|2008-02-01|Alert Stacks|1.8.8|2022-03-24
kyqs1193|prty1193|qstn1193|TKeVpFOM|YaymNGLE|2004-12-15|Alert Stacks|8.7.1|2022-03-24
kyqs1194|prty1194|qstn1194|MsCEXhAL|JHNzHbss|2007-07-12|New products|1.6.8|2022-03-24
kyqs1195|prty1195|qstn1195|CNzuRbrQ|AHtYzaBh|2012-08-08|New products|1.4.4|2022-03-24
kyqs1196|prty1196|qstn1196|aEabdOTr|rIUXIJxG|2009-12-12|Alert Stacks|7.8.3|2022-03-24
kyqs1197|prty1197|qstn1197|KbvcDtOL|KqtpPtqf|2015-01-27|Volume increase|3.7.8|2022-03-24
kyqs1198|prty1198|qstn1198|AXVBCwhu|tCoOQffO|2009-07-27|Alert Stacks|4.1.3|2022-03-24
kyqs1199|prty1199|qstn1199|DBfEdBWU|TYdxTcPb|2009-05-01|New products|7.8.6|2022-03-24
kyqs1200|prty1200|qstn1200|niZTWoVi|nCkJwJLz|2013-09-21|New products|3.8.1|2022-03-24
kyqs1201|prty1201|qstn1201|bBOgzmcJ|MfWmwyiG|2001-10-27|Volume increase|6.6.2|2022-03-24
kyqs1202|prty1202|qstn1202|oEGIJvUf|pfGQwXMN|2012-03-29|Alert Stacks|1.3.8|2022-03-24
kyqs1203|prty1203|qstn1203|asncYxWq|ZjsoyyDL|2012-03-02|Alert Stacks|1.2.6|2022-03-24
kyqs1204|prty1204|qstn1204|BMbpPitK|qSjbOanF|2006-12-02|Onboarding|1.1.1|2022-03-24
kyqs1205|prty1205|qstn1205|anRzgvxQ|pjOlZxyA|2019-09-07|Volume increase|7.2.8|2022-03-24
kyqs1206|prty1206|qstn1206|QRHDFxtg|AUNaMihz|2016-07-21|Onboarding|1.4.1|2022-03-24
kyqs1207|prty1207|qstn1207|QeVVgzGL|fIrJfsyr|2005-04-03|Onboarding|1.4.6|2022-03-24
kyqs1208|prty1208|qstn1208|VUvjndam|NgOFEpQs|2014-06-21|Onboarding|6.1.8|2022-03-24
kyqs1209|prty1209|qstn1209|pGgFAskt|WBAkhCLd|2013-07-14|Alert Stacks|1.5.7|2022-03-24
kyqs1210|prty1210|qstn1210|JxheKAOV|aHrMkNvZ|2011-10-12|Alert Stacks|7.8.6|2022-03-24
kyqs1211|prty1211|qstn1211|dqiBDgQJ|VaHOUTHb|2004-06-06|Alert Stacks|3.5.8|2022-03-24
kyqs1212|prty1212|qstn1212|SDwmuNTI|nQpRfRCH|2003-05-18|New products|8.5.7|2022-03-24
kyqs1213|prty1213|qstn1213|UwYlgrQs|gnaPlsoa|2015-07-23|Volume increase|6.2.6|2022-03-24
kyqs1214|prty1214|qstn1214|PZCNCqpI|PiVzQQXX|2004-05-25|Alert Stacks|1.7.5|2022-03-24
kyqs1215|prty1215|qstn1215|jcKMvyFh|jsIkzPEZ|2001-11-19|Volume increase|3.4.7|2022-03-24
kyqs1216|prty1216|qstn1216|bhKAMWcH|NVfkGwVD|2008-12-30|Alert Stacks|5.4.8|2022-03-24
kyqs1217|prty1217|qstn1217|NxWELMdm|jNQzKbRB|2011-09-25|New products|2.6.6|2022-03-24
kyqs1218|prty1218|qstn1218|JffeLTzH|ZOjfJvbx|2006-06-04|Volume increase|2.5.6|2022-03-24
kyqs1219|prty1219|qstn1219|jEWURxky|oyojbCOB|2017-04-21|Alert Stacks|6.3.8|2022-03-24
kyqs1220|prty1220|qstn1220|uWeSbDJx|OIxzdGCO|2003-10-28|Onboarding|8.7.4|2022-03-24
kyqs1221|prty1221|qstn1221|nTkjalCU|bbmsIOcL|2001-03-06|Volume increase|5.3.2|2022-03-24
kyqs1222|prty1222|qstn1222|nALklUBq|RqzhedEu|2012-10-01|Alert Stacks|1.4.4|2022-03-24
kyqs1223|prty1223|qstn1223|SMFQYFck|aDwLTJdn|2011-08-08|Onboarding|3.8.6|2022-03-24
kyqs1224|prty1224|qstn1224|uzAtdRYh|JMgLycxI|2003-03-05|New products|3.8.8|2022-03-24
kyqs1225|prty1225|qstn1225|ImdxGWxj|bYTlnmQt|2007-02-08|Onboarding|6.1.2|2022-03-24
kyqs1226|prty1226|qstn1226|SgYfCDnw|PGhYNdEO|2002-09-01|Alert Stacks|7.3.7|2022-03-24
kyqs1227|prty1227|qstn1227|WCgVtzlA|pbNsgRVK|2018-08-28|Volume increase|6.6.5|2022-03-24
kyqs1228|prty1228|qstn1228|sarNiOHS|XrwamAOE|2005-09-11|Volume increase|1.8.7|2022-03-24
kyqs1229|prty1229|qstn1229|Vzkxgiuc|ddUhCBDM|2001-08-30|Onboarding|1.6.2|2022-03-24
kyqs1230|prty1230|qstn1230|LqzPKdfY|aNbkVbZZ|2006-03-08|Onboarding|8.2.1|2022-03-24
kyqs1231|prty1231|qstn1231|uaBnFdxA|bhLksSHJ|2020-03-19|Alert Stacks|1.4.4|2022-03-24
kyqs1232|prty1232|qstn1232|BjcgqPVe|xjylpLtv|2010-01-27|New products|7.4.2|2022-03-24
kyqs1233|prty1233|qstn1233|aPGByTFg|FXUQkwdl|2020-06-15|Onboarding|5.1.8|2022-03-24
kyqs1234|prty1234|qstn1234|uCDPguKJ|AZATazUe|2017-05-09|New products|2.1.1|2022-03-24
kyqs1235|prty1235|qstn1235|EMmEPXPa|AiUGPmap|2018-05-05|Onboarding|5.5.3|2022-03-24
kyqs1236|prty1236|qstn1236|XFlTajKb|lNfBxfsA|2002-11-04|New products|5.6.2|2022-03-24
kyqs1237|prty1237|qstn1237|PKdKhWVy|BlmjcvLy|2021-12-28|Volume increase|6.7.1|2022-03-24
kyqs1238|prty1238|qstn1238|oZoofjvM|JKOzzwtC|2004-03-07|New products|8.7.7|2022-03-24
kyqs1239|prty1239|qstn1239|WozmuHhT|xgzQeSfe|2017-07-22|New products|4.5.8|2022-03-24
kyqs1240|prty1240|qstn1240|KyHvVbsP|uRDtZlBc|2015-09-13|Volume increase|2.6.2|2022-03-24
kyqs1241|prty1241|qstn1241|yikHklQC|TmbUYlpD|2020-11-05|Alert Stacks|8.5.6|2022-03-24
kyqs1242|prty1242|qstn1242|tAmnlfFq|EIIZlDqG|2006-04-23|New products|1.7.7|2022-03-24
kyqs1243|prty1243|qstn1243|AMYtFUoW|aAXEcVjf|2008-02-04|Volume increase|1.2.2|2022-03-24
kyqs1244|prty1244|qstn1244|OECCgmrP|NsuXuHmU|2004-03-23|Onboarding|3.6.1|2022-03-24
kyqs1245|prty1245|qstn1245|nRbZllsb|EDhjhoMN|2016-10-25|Onboarding|2.3.2|2022-03-24
kyqs1246|prty1246|qstn1246|TpzRptXB|huAhKHDZ|2009-02-13|Alert Stacks|3.3.7|2022-03-24
kyqs1247|prty1247|qstn1247|pWBrxqqq|BGZLVuit|2003-05-23|New products|2.7.5|2022-03-24
kyqs1248|prty1248|qstn1248|DSFxHrTO|SsXevWiQ|2009-05-26|Volume increase|8.2.8|2022-03-24
kyqs1249|prty1249|qstn1249|zVhuiiah|yGmKRJrA|2017-10-28|Alert Stacks|7.5.1|2022-03-24
kyqs1250|prty1250|qstn1250|KYiKzeRp|uZmtitrt|2014-05-26|Onboarding|5.7.5|2022-03-24
kyqs1251|prty1251|qstn1251|OTFYLyCd|orYakhcD|2014-03-28|Alert Stacks|4.1.5|2022-03-24
kyqs1252|prty1252|qstn1252|voYuNVAU|qJjrzrFN|2012-10-27|Alert Stacks|3.8.6|2022-03-24
kyqs1253|prty1253|qstn1253|qKzHsfFb|QcuhLvbs|2019-11-10|Onboarding|3.2.8|2022-03-24
kyqs1254|prty1254|qstn1254|ViSCeMfP|ZKFtJBDP|2007-03-15|New products|2.3.6|2022-03-24
kyqs1255|prty1255|qstn1255|HhHIecgk|ONkUqTSt|2001-09-11|Onboarding|3.4.3|2022-03-24
kyqs1256|prty1256|qstn1256|SQatfDPx|ssfQDwRA|2002-01-08|Alert Stacks|1.2.5|2022-03-24
kyqs1257|prty1257|qstn1257|uBNuOQSt|CZnXwpdy|2010-09-24|Alert Stacks|5.8.2|2022-03-24
kyqs1258|prty1258|qstn1258|fEirMgcy|mvehdpFF|2008-01-29|Alert Stacks|8.3.8|2022-03-24
kyqs1259|prty1259|qstn1259|yhHZQRVp|haNbRdMp|2010-03-31|Volume increase|1.5.4|2022-03-24
kyqs1260|prty1260|qstn1260|JptgCVQU|zNygdMav|2019-10-04|Onboarding|7.5.7|2022-03-24
kyqs1261|prty1261|qstn1261|riQImBdK|QXUxCTrV|2003-11-20|Onboarding|7.5.1|2022-03-24
kyqs1262|prty1262|qstn1262|xHgPCtRe|hOeuEenp|2009-04-29|Volume increase|1.7.6|2022-03-24
kyqs1263|prty1263|qstn1263|nVihjFxq|cnwPUOfR|2006-03-29|Volume increase|6.8.6|2022-03-24
kyqs1264|prty1264|qstn1264|FGxKfqLo|OiiocxHf|2020-09-28|Alert Stacks|6.6.8|2022-03-24
kyqs1265|prty1265|qstn1265|UtVXAfRk|mBJrTLPn|2004-02-07|Volume increase|4.5.6|2022-03-24
kyqs1266|prty1266|qstn1266|mDFMKzfe|hJbqhTzN|2017-05-14|New products|5.3.7|2022-03-24
kyqs1267|prty1267|qstn1267|JYRKsIIC|dQWTHLnY|2008-02-16|Alert Stacks|6.4.5|2022-03-24
kyqs1268|prty1268|qstn1268|uHTEjhDz|CIlWEMsX|2002-08-15|Volume increase|1.6.1|2022-03-24
kyqs1269|prty1269|qstn1269|zeoVFuPI|lFFmuycm|2010-04-14|New products|2.3.5|2022-03-24
kyqs1270|prty1270|qstn1270|UZVhqSMm|YmWkuiMr|2010-12-18|Alert Stacks|8.1.4|2022-03-24
kyqs1271|prty1271|qstn1271|YPLFipvf|KyiqaRNZ|2000-07-13|New products|4.8.8|2022-03-24
kyqs1272|prty1272|qstn1272|PFlkQwEc|OHDlHGZE|2003-08-28|Alert Stacks|8.1.1|2022-03-24
kyqs1273|prty1273|qstn1273|kHIpXDls|nYNpMhCI|2012-03-01|Alert Stacks|1.1.5|2022-03-24
kyqs1274|prty1274|qstn1274|VzSreigb|ZFoXlRlZ|2004-05-03|Alert Stacks|8.7.2|2022-03-24
kyqs1275|prty1275|qstn1275|KPqJiJWU|RQSKfMUY|2009-08-27|Onboarding|7.4.1|2022-03-24
kyqs1276|prty1276|qstn1276|kDrFLtrE|gioTnrFf|2005-01-05|Volume increase|3.5.2|2022-03-24
kyqs1277|prty1277|qstn1277|DAbLukdJ|GuPJJNcU|2009-03-16|New products|8.8.4|2022-03-24
kyqs1278|prty1278|qstn1278|BetzMCtR|CnoxnNAq|2013-12-15|New products|6.3.7|2022-03-24
kyqs1279|prty1279|qstn1279|BxpOkdZS|aWkIufFp|2019-01-28|Onboarding|7.2.1|2022-03-24
kyqs1280|prty1280|qstn1280|qxlLqGSW|XRboVpJq|2001-01-06|Volume increase|2.4.2|2022-03-24
kyqs1281|prty1281|qstn1281|QyqukHjl|jFVQocQH|2019-05-25|Alert Stacks|5.4.6|2022-03-24
kyqs1282|prty1282|qstn1282|gHDDcRmw|AmTeHSmi|2019-01-02|Volume increase|2.4.8|2022-03-24
kyqs1283|prty1283|qstn1283|zVzCwOzl|wluYccyl|2004-06-04|Onboarding|7.5.5|2022-03-24
kyqs1284|prty1284|qstn1284|UaGkaGFD|cwcscwMg|2000-04-18|New products|3.6.1|2022-03-24
kyqs1285|prty1285|qstn1285|zJFCHVLb|nxeMxtlS|2007-04-28|New products|7.4.6|2022-03-24
kyqs1286|prty1286|qstn1286|aAfbILUk|IEdaraBl|2011-04-19|New products|4.4.6|2022-03-24
kyqs1287|prty1287|qstn1287|VegzvNJK|MfsDmDtM|2018-12-28|Volume increase|5.4.1|2022-03-24
kyqs1288|prty1288|qstn1288|PuvMuLMS|XWAvzleY|2012-03-26|Volume increase|3.5.2|2022-03-24
kyqs1289|prty1289|qstn1289|gENFKcUu|lBXhWzjD|2018-03-08|Volume increase|7.2.6|2022-03-24
kyqs1290|prty1290|qstn1290|NErZUBGZ|WnLsJqnL|2015-09-19|Onboarding|7.5.1|2022-03-24
kyqs1291|prty1291|qstn1291|pFHVoRCH|KvGWZIhr|2003-10-05|Volume increase|4.6.7|2022-03-24
kyqs1292|prty1292|qstn1292|XYAprkFs|bBbtzQag|2012-07-25|Alert Stacks|7.6.1|2022-03-24
kyqs1293|prty1293|qstn1293|vgMPbaNh|wRbKycIg|2018-02-15|New products|5.7.7|2022-03-24
kyqs1294|prty1294|qstn1294|yXuLdIPv|GXZLplMg|2011-11-09|Volume increase|6.8.2|2022-03-24
kyqs1295|prty1295|qstn1295|DnXjaYyD|dXHcaMnG|2012-12-07|Volume increase|6.6.3|2022-03-24
kyqs1296|prty1296|qstn1296|OjARqdOl|PIdAaXGM|2019-07-30|Alert Stacks|3.6.2|2022-03-24
kyqs1297|prty1297|qstn1297|MORrVyJV|WFeGTumy|2002-07-27|Volume increase|2.2.4|2022-03-24
kyqs1298|prty1298|qstn1298|HLnqTVwJ|XWtxRLth|2000-12-31|New products|1.6.1|2022-03-24
kyqs1299|prty1299|qstn1299|xLuxamBm|BNEIvQkP|2011-06-07|Volume increase|5.6.2|2022-03-24
kyqs1300|prty1300|qstn1300|ptBStWFP|hVdSrviX|2021-10-21|Onboarding|5.5.5|2022-03-24
kyqs1301|prty1301|qstn1301|kViiDWYm|JHflDGFs|2015-11-14|Onboarding|5.2.4|2022-03-24
kyqs1302|prty1302|qstn1302|cmoJtJMX|iJgxfZLl|2006-02-01|Alert Stacks|4.5.7|2022-03-24
kyqs1303|prty1303|qstn1303|ScnrKZmI|fOVHOWUF|2012-05-23|Alert Stacks|1.5.2|2022-03-24
kyqs1304|prty1304|qstn1304|xIGesliy|CBUKtGaD|2009-07-24|Onboarding|6.4.4|2022-03-24
kyqs1305|prty1305|qstn1305|PeXuEYUn|upBKrKmK|2017-01-28|Onboarding|7.7.6|2022-03-24
kyqs1306|prty1306|qstn1306|cqEcxhmu|goPIdNyi|2017-11-05|Onboarding|2.3.3|2022-03-24
kyqs1307|prty1307|qstn1307|VkZNjAmt|OMAtwpfe|2008-03-28|Onboarding|6.5.6|2022-03-24
kyqs1308|prty1308|qstn1308|lxQHJTus|fSiJXAwb|2016-04-17|New products|2.2.2|2022-03-24
kyqs1309|prty1309|qstn1309|AmEwQNnZ|iurIcXoQ|2016-01-15|Onboarding|8.4.4|2022-03-24
kyqs1310|prty1310|qstn1310|hlpaBbOw|RblZdRCM|2015-09-05|New products|5.5.7|2022-03-24
kyqs1311|prty1311|qstn1311|FPHhbUaL|lwvdfbyV|2012-04-14|Volume increase|4.4.6|2022-03-24
kyqs1312|prty1312|qstn1312|RBqRXesn|iBoUjDuG|2015-01-27|Alert Stacks|7.3.8|2022-03-24
kyqs1313|prty1313|qstn1313|AUqbHXbd|jjVyqjPg|2007-08-22|Alert Stacks|7.5.7|2022-03-24
kyqs1314|prty1314|qstn1314|QXVyxtJq|EHVKwiWM|2021-06-30|Volume increase|1.3.4|2022-03-24
kyqs1315|prty1315|qstn1315|JBRfYeSU|ttKDwRhz|2005-06-02|Volume increase|2.3.2|2022-03-24
kyqs1316|prty1316|qstn1316|ELGRKzXn|IxfDhQXk|2005-03-10|Alert Stacks|4.3.7|2022-03-24
kyqs1317|prty1317|qstn1317|ipkGtxFf|GABcYgby|2007-06-15|New products|7.6.2|2022-03-24
kyqs1318|prty1318|qstn1318|uUbkfvdl|rSEaKbPa|2018-02-28|Onboarding|1.6.3|2022-03-24
kyqs1319|prty1319|qstn1319|pMYwioKb|wrrOmeds|2005-11-30|Alert Stacks|2.4.5|2022-03-24
kyqs1320|prty1320|qstn1320|YAnpXMNW|QkldoABH|2013-03-12|Volume increase|6.5.2|2022-03-24
kyqs1321|prty1321|qstn1321|SxVUitut|xvBypYyw|2013-07-31|Onboarding|5.1.5|2022-03-24
kyqs1322|prty1322|qstn1322|IPvjhBBu|WfcWUoyQ|2009-08-20|New products|8.8.2|2022-03-24
kyqs1323|prty1323|qstn1323|proGSGEQ|vCdIlGHX|2001-11-12|Onboarding|1.2.8|2022-03-24
kyqs1324|prty1324|qstn1324|lblnRmud|LdyPzCNf|2002-05-03|Volume increase|4.3.5|2022-03-24
kyqs1325|prty1325|qstn1325|SxdaRUAl|Aocmgvmj|2010-12-04|New products|5.1.3|2022-03-24
kyqs1326|prty1326|qstn1326|YllogZIw|GJhSHZRB|2021-07-05|Alert Stacks|2.1.2|2022-03-24
kyqs1327|prty1327|qstn1327|FWjxcmTU|gTVKNvVy|2019-04-04|New products|6.1.5|2022-03-24
kyqs1328|prty1328|qstn1328|TLZFlpBa|wHdledBG|2019-09-27|Onboarding|6.8.3|2022-03-24
kyqs1329|prty1329|qstn1329|fcXEVyGl|fYVYedUA|2007-09-18|New products|1.1.1|2022-03-24
kyqs1330|prty1330|qstn1330|jmVXSkyI|lzbdPUaV|2000-02-06|New products|4.3.7|2022-03-24
kyqs1331|prty1331|qstn1331|MhqwMUcb|QebWbqkf|2010-03-28|New products|8.2.5|2022-03-24
kyqs1332|prty1332|qstn1332|YarIAFZD|elLQgbXo|2014-04-13|Volume increase|7.8.4|2022-03-24
kyqs1333|prty1333|qstn1333|dLKJcisg|CnbtAgyG|2011-07-07|Onboarding|6.8.5|2022-03-24
kyqs1334|prty1334|qstn1334|OsbxJCVD|KGtoxnfc|2013-08-29|New products|1.6.7|2022-03-24
kyqs1335|prty1335|qstn1335|pFhenPmR|InqLwdof|2021-07-29|Onboarding|2.4.6|2022-03-24
kyqs1336|prty1336|qstn1336|YkkucaEc|VTjDNDCL|2017-07-02|Onboarding|3.2.1|2022-03-24
kyqs1337|prty1337|qstn1337|VMHpgcKV|KninLYNi|2011-07-09|Onboarding|1.3.4|2022-03-24
kyqs1338|prty1338|qstn1338|gNAuREAK|vFtPeYEC|2021-01-01|Volume increase|3.3.1|2022-03-24
kyqs1339|prty1339|qstn1339|jmYOuGBu|zDlExzzT|2008-11-05|New products|5.6.3|2022-03-24
kyqs1340|prty1340|qstn1340|kFPrfOqJ|LIjmFluh|2021-07-05|New products|1.6.4|2022-03-24
kyqs1341|prty1341|qstn1341|woBoLhdj|JMZYRSHc|2017-05-19|Alert Stacks|4.1.3|2022-03-24
kyqs1342|prty1342|qstn1342|RPAKgVhC|kpmYBfgs|2018-01-08|Onboarding|6.3.7|2022-03-24
kyqs1343|prty1343|qstn1343|tjwpryVK|VVeleKkJ|2009-05-17|Onboarding|6.1.5|2022-03-24
kyqs1344|prty1344|qstn1344|QYXKCpnu|YMkuREIY|2015-03-22|Volume increase|5.4.2|2022-03-24
kyqs1345|prty1345|qstn1345|bJufRDSy|LMJsizJI|2012-05-21|Alert Stacks|5.7.6|2022-03-24
kyqs1346|prty1346|qstn1346|AXXwZEKA|MWaMZPQK|2014-05-15|Volume increase|5.3.1|2022-03-24
kyqs1347|prty1347|qstn1347|zDAAbCso|cDHflezq|2006-06-04|Volume increase|2.7.8|2022-03-24
kyqs1348|prty1348|qstn1348|ZFmyfoRF|AXPOqhuT|2007-11-18|New products|1.1.1|2022-03-24
kyqs1349|prty1349|qstn1349|gXSKYRtE|NfURzvus|2014-03-13|Alert Stacks|4.3.4|2022-03-24
kyqs1350|prty1350|qstn1350|DITlnViO|YCEJgybH|2001-12-05|Volume increase|4.7.8|2022-03-24
kyqs1351|prty1351|qstn1351|LbIxbeXl|gKpAkbXM|2010-09-14|Alert Stacks|4.8.6|2022-03-24
kyqs1352|prty1352|qstn1352|jRHnerpJ|rWFfFjcX|2006-03-29|Alert Stacks|2.5.1|2022-03-24
kyqs1353|prty1353|qstn1353|iosOpdNx|lFbEYTBI|2001-12-24|Volume increase|3.7.4|2022-03-24
kyqs1354|prty1354|qstn1354|cUCsQeXF|ItKwBvoK|2016-03-01|Alert Stacks|8.6.8|2022-03-24
kyqs1355|prty1355|qstn1355|GoZitwvV|ViSSxFcM|2010-09-08|New products|2.7.4|2022-03-24
kyqs1356|prty1356|qstn1356|DKTKnvCs|LhNQaLjf|2005-04-11|New products|8.3.7|2022-03-24
kyqs1357|prty1357|qstn1357|IxAPTzPI|WZioskSx|2002-03-03|Alert Stacks|1.6.3|2022-03-24
kyqs1358|prty1358|qstn1358|oLKASCjf|gNNUPQSF|2001-01-28|New products|6.1.6|2022-03-24
kyqs1359|prty1359|qstn1359|xNApQOjL|iqvBlBpb|2020-10-08|Onboarding|8.6.7|2022-03-24
kyqs1360|prty1360|qstn1360|EBUlZRlh|cAhGapzB|2013-11-23|New products|3.8.1|2022-03-24
kyqs1361|prty1361|qstn1361|Zuxusazk|pTlSvZvQ|2014-08-26|Onboarding|6.3.7|2022-03-24
kyqs1362|prty1362|qstn1362|xkcbOayi|ivltWhDQ|2007-11-06|Alert Stacks|4.1.7|2022-03-24
kyqs1363|prty1363|qstn1363|vjBZHfIi|HbkAWIQr|2021-10-13|Alert Stacks|3.2.6|2022-03-24
kyqs1364|prty1364|qstn1364|SMvdWZkd|dzdkaFhi|2010-06-20|Alert Stacks|5.8.5|2022-03-24
kyqs1365|prty1365|qstn1365|MSDCQZsm|pKxuVVXp|2016-08-19|Onboarding|1.6.1|2022-03-24
kyqs1366|prty1366|qstn1366|qxCgVGrv|kFYcopfu|2008-11-20|Onboarding|4.6.1|2022-03-24
kyqs1367|prty1367|qstn1367|danFygdQ|PoTrjRQE|2011-12-01|Alert Stacks|4.4.2|2022-03-24
kyqs1368|prty1368|qstn1368|ilkLAEge|SGyKQKWx|2014-08-12|Onboarding|2.2.8|2022-03-24
kyqs1369|prty1369|qstn1369|YVcWWUoI|wWxzmWND|2000-12-20|Alert Stacks|7.4.1|2022-03-24
kyqs1370|prty1370|qstn1370|JODEjSZR|uNrrjSHw|2000-05-10|Alert Stacks|1.3.4|2022-03-24
kyqs1371|prty1371|qstn1371|qEgmUCPA|CvpJTyub|2017-07-12|Onboarding|7.3.8|2022-03-24
kyqs1372|prty1372|qstn1372|PsmVsyKo|FszCrgsz|2005-03-05|New products|3.5.8|2022-03-24
kyqs1373|prty1373|qstn1373|lGCetyah|lJRzcydY|2011-03-29|Onboarding|8.3.3|2022-03-24
kyqs1374|prty1374|qstn1374|MmVTKJGp|MwqdvLEv|2015-11-16|Onboarding|8.6.3|2022-03-24
kyqs1375|prty1375|qstn1375|XSDlitUC|QchxrvwG|2006-11-29|Volume increase|8.4.6|2022-03-24
kyqs1376|prty1376|qstn1376|tZdIipku|plUXxUNm|2013-09-11|New products|5.1.4|2022-03-24
kyqs1377|prty1377|qstn1377|SonXIznA|ENgJxqQd|2009-04-26|Volume increase|7.2.7|2022-03-24
kyqs1378|prty1378|qstn1378|lQfSChHt|cvjKPQhW|2009-07-18|Volume increase|1.3.4|2022-03-24
kyqs1379|prty1379|qstn1379|PZBUHemh|nrxHFuLo|2007-07-04|Volume increase|8.2.7|2022-03-24
kyqs1380|prty1380|qstn1380|KMJdqHfD|zskcwICZ|2002-05-17|Alert Stacks|5.4.3|2022-03-24
kyqs1381|prty1381|qstn1381|TPIDcnLk|srupVxxC|2010-09-24|Onboarding|2.5.7|2022-03-24
kyqs1382|prty1382|qstn1382|uAGBfJrZ|WZAtDatw|2011-12-04|Volume increase|1.2.8|2022-03-24
kyqs1383|prty1383|qstn1383|jUeJHmDd|cGnmVZUN|2006-08-05|Alert Stacks|4.8.3|2022-03-24
kyqs1384|prty1384|qstn1384|tfDSgdRO|iPpHiovK|2020-11-07|Onboarding|4.8.3|2022-03-24
kyqs1385|prty1385|qstn1385|DNjqizeR|IrupWZbK|2004-07-31|Volume increase|1.2.4|2022-03-24
kyqs1386|prty1386|qstn1386|kzVzSOij|zNWFRNfM|2000-02-10|New products|7.3.8|2022-03-24
kyqs1387|prty1387|qstn1387|mxGZPoPb|lmGxATKj|2012-12-31|Alert Stacks|2.1.1|2022-03-24
kyqs1388|prty1388|qstn1388|VUmFzemk|pHvyJLNd|2019-10-06|Onboarding|7.2.8|2022-03-24
kyqs1389|prty1389|qstn1389|mFrKBoYH|GPrIBSAS|2016-04-13|Onboarding|1.2.1|2022-03-24
kyqs1390|prty1390|qstn1390|vRfxAYMU|FtnsvBsV|2006-08-01|Onboarding|3.5.4|2022-03-24
kyqs1391|prty1391|qstn1391|CXbujFOj|nlUaLPWu|2002-10-31|New products|8.4.1|2022-03-24
kyqs1392|prty1392|qstn1392|kfKyxhIw|aoDJBsZX|2002-05-31|Onboarding|7.2.5|2022-03-24
kyqs1393|prty1393|qstn1393|lyfUxRno|LbroPJGI|2016-12-02|Volume increase|4.6.4|2022-03-24
kyqs1394|prty1394|qstn1394|HeLXskvn|iZfQMHaQ|2006-12-14|New products|2.2.2|2022-03-24
kyqs1395|prty1395|qstn1395|zuGLoYAA|JPJlEuSm|2005-10-02|Volume increase|4.3.6|2022-03-24
kyqs1396|prty1396|qstn1396|moXzxNrM|iGGfBCFk|2013-06-30|Alert Stacks|6.4.3|2022-03-24
kyqs1397|prty1397|qstn1397|JZHbBuVl|fWeGlEbv|2004-06-18|Alert Stacks|7.5.8|2022-03-24
kyqs1398|prty1398|qstn1398|BNRxDJVe|TGbeChOR|2012-04-07|Onboarding|2.3.5|2022-03-24
kyqs1399|prty1399|qstn1399|taMNXkHK|XdYrrdZz|2021-11-05|New products|6.4.8|2022-03-24
kyqs1400|prty1400|qstn1400|syFtuDNB|IaorQaUg|2019-04-09|Onboarding|7.2.6|2022-03-24
kyqs1401|prty1401|qstn1401|OgjjwkFu|yxtprdck|2015-08-23|Volume increase|6.2.6|2022-03-24
kyqs1402|prty1402|qstn1402|CAYBAcxD|mQEdZCWZ|2005-01-03|Onboarding|1.6.7|2022-03-24
kyqs1403|prty1403|qstn1403|lxGtRHXZ|GfCfcUQg|2014-07-28|New products|4.7.7|2022-03-24
kyqs1404|prty1404|qstn1404|XycTFtKT|upGXwbqe|2003-01-26|Volume increase|3.7.7|2022-03-24
kyqs1405|prty1405|qstn1405|JHivHxVs|HyREdpkl|2008-10-02|New products|8.6.2|2022-03-24
kyqs1406|prty1406|qstn1406|tmAAzizU|FDJAsIlI|2001-06-17|Onboarding|6.1.2|2022-03-24
kyqs1407|prty1407|qstn1407|WFBCEHRu|khnTLAnd|2010-11-05|New products|1.5.8|2022-03-24
kyqs1408|prty1408|qstn1408|nYURLupr|tStShkzf|2011-07-12|New products|3.8.8|2022-03-24
kyqs1409|prty1409|qstn1409|RdhTzODa|msSvIOlO|2003-02-19|New products|7.1.6|2022-03-24
kyqs1410|prty1410|qstn1410|KTtkyFUd|gWtgnirz|2000-07-20|Volume increase|3.4.3|2022-03-24
kyqs1411|prty1411|qstn1411|sfmdNJLN|pOLyVOEf|2014-10-07|Onboarding|4.2.2|2022-03-24
kyqs1412|prty1412|qstn1412|FRIjgzJs|EXRFGHCR|2002-06-23|New products|6.5.5|2022-03-24
kyqs1413|prty1413|qstn1413|EceHltXo|dsYSovnD|2008-08-28|New products|8.6.6|2022-03-24
kyqs1414|prty1414|qstn1414|FbFwZjsJ|sYbNwQEq|2002-11-12|Alert Stacks|8.5.1|2022-03-24
kyqs1415|prty1415|qstn1415|NBeYFaar|PaMnLNmt|2019-01-02|Volume increase|5.5.1|2022-03-24
kyqs1416|prty1416|qstn1416|KxwVgsdX|EPrrinlp|2010-11-06|Alert Stacks|8.1.1|2022-03-24
kyqs1417|prty1417|qstn1417|RtvyDntD|lWgPSyIH|2009-11-26|Alert Stacks|4.8.5|2022-03-24
kyqs1418|prty1418|qstn1418|irnDKXRD|QydQDvQB|2002-12-07|Volume increase|4.1.8|2022-03-24
kyqs1419|prty1419|qstn1419|qNptnFnA|HnCcBlxO|2007-05-30|Onboarding|3.3.4|2022-03-24
kyqs1420|prty1420|qstn1420|iBcCjHmc|ZrLLNGCc|2010-07-12|Onboarding|4.6.3|2022-03-24
kyqs1421|prty1421|qstn1421|hQpRznVx|CAffjnne|2011-05-31|Onboarding|3.5.3|2022-03-24
kyqs1422|prty1422|qstn1422|eOzvFfOl|MGdlBaWk|2017-06-30|Volume increase|6.3.1|2022-03-24
kyqs1423|prty1423|qstn1423|SYcQlpkp|KHVAPehj|2001-10-14|Volume increase|3.1.2|2022-03-24
kyqs1424|prty1424|qstn1424|njnWBtRx|KtFpoQZJ|2021-07-12|New products|3.2.3|2022-03-24
kyqs1425|prty1425|qstn1425|FDXsZQZZ|AlKAsAMA|2001-09-08|Alert Stacks|5.7.1|2022-03-24
kyqs1426|prty1426|qstn1426|cpJRBdlU|sEpTfESD|2019-10-24|Onboarding|7.8.1|2022-03-24
kyqs1427|prty1427|qstn1427|qOtJhvvp|JGGFGwCd|2013-06-17|Alert Stacks|2.1.6|2022-03-24
kyqs1428|prty1428|qstn1428|rZWzsAuY|apCFbOHz|2005-05-28|Alert Stacks|6.5.2|2022-03-24
kyqs1429|prty1429|qstn1429|HogCdnUo|vNsSUacb|2007-04-09|Alert Stacks|5.4.6|2022-03-24
kyqs1430|prty1430|qstn1430|xyUMnvtA|kZqrRPsa|2007-10-09|Alert Stacks|5.4.7|2022-03-24
kyqs1431|prty1431|qstn1431|ZQgvRZSS|WnLrVfrF|2007-07-31|Volume increase|2.1.1|2022-03-24
kyqs1432|prty1432|qstn1432|qhSrvtyR|mwSCpmwZ|2021-04-12|Alert Stacks|6.6.6|2022-03-24
kyqs1433|prty1433|qstn1433|YpLUKgiq|JJJhliQV|2017-09-01|Volume increase|5.5.2|2022-03-24
kyqs1434|prty1434|qstn1434|UPWVWMIT|UvoCNyhM|2020-10-28|Volume increase|2.1.1|2022-03-24
kyqs1435|prty1435|qstn1435|ZENbSvfM|UzFCLBge|2015-09-14|Onboarding|8.5.8|2022-03-24
kyqs1436|prty1436|qstn1436|uOPGQhPf|ZmeSiPqK|2020-06-03|Onboarding|7.8.7|2022-03-24
kyqs1437|prty1437|qstn1437|WQSaJiMr|GsxNsqRU|2007-05-15|New products|2.3.8|2022-03-24
kyqs1438|prty1438|qstn1438|FnHqEesG|oEgjYotO|2014-07-12|Alert Stacks|7.7.7|2022-03-24
kyqs1439|prty1439|qstn1439|lnMnaajf|QEFQlofu|2009-09-16|Onboarding|3.3.7|2022-03-24
kyqs1440|prty1440|qstn1440|srzRWVmz|ofnQLbJY|2004-09-20|Onboarding|6.2.5|2022-03-24
kyqs1441|prty1441|qstn1441|dOgJLMDk|OPAsXFrS|2000-10-04|Alert Stacks|6.6.1|2022-03-24
kyqs1442|prty1442|qstn1442|CnuwJdIs|kXqUmpjP|2012-09-17|Onboarding|6.1.6|2022-03-24
kyqs1443|prty1443|qstn1443|gpsuKbCK|mEfTZIXN|2013-07-12|Alert Stacks|1.7.2|2022-03-24
kyqs1444|prty1444|qstn1444|SzKeNGkL|lfGxFbHT|2004-01-01|Alert Stacks|7.3.6|2022-03-24
kyqs1445|prty1445|qstn1445|VCAymNUE|GKvdMcoe|2021-03-10|Onboarding|6.4.6|2022-03-24
kyqs1446|prty1446|qstn1446|DRRtvOEP|dGYDjGTP|2017-01-10|New products|5.6.5|2022-03-24
kyqs1447|prty1447|qstn1447|mMXsNgbN|LyJaLiAY|2010-09-28|New products|1.8.2|2022-03-24
kyqs1448|prty1448|qstn1448|dpOTilqE|MJjBRMqF|2014-07-26|New products|2.2.6|2022-03-24
kyqs1449|prty1449|qstn1449|YsaBoJAH|hKzgbxtK|2012-12-24|Volume increase|2.3.7|2022-03-24
kyqs1450|prty1450|qstn1450|jMZcyayI|UvJwRRVc|2016-12-09|Alert Stacks|6.3.2|2022-03-24
kyqs1451|prty1451|qstn1451|fBcnBXcd|JMDcJnUP|2003-07-19|Onboarding|5.3.1|2022-03-24
kyqs1452|prty1452|qstn1452|ZdahBpFH|FCzSSbhF|2002-11-04|New products|5.5.5|2022-03-24
kyqs1453|prty1453|qstn1453|wmxMPChT|hYvKdJgI|2006-08-11|Onboarding|6.2.3|2022-03-24
kyqs1454|prty1454|qstn1454|WDmmWNTE|QpTUnCRJ|2008-11-22|Volume increase|3.4.8|2022-03-24
kyqs1455|prty1455|qstn1455|ZZoncPgF|jkJrNspw|2012-02-22|New products|8.3.8|2022-03-24
kyqs1456|prty1456|qstn1456|WOQWNksL|ioLcYCKY|2017-07-21|Onboarding|6.1.3|2022-03-24
kyqs1457|prty1457|qstn1457|cSfKztzX|SAiUqERw|2010-12-01|Alert Stacks|4.1.1|2022-03-24
kyqs1458|prty1458|qstn1458|vStEhLHc|gcsJehvJ|2004-09-23|Onboarding|6.4.6|2022-03-24
kyqs1459|prty1459|qstn1459|CtVjciJG|wFCQWZVs|2007-01-15|Volume increase|1.4.2|2022-03-24
kyqs1460|prty1460|qstn1460|GKbvsPNa|vPLCFUoJ|2019-04-28|New products|5.5.6|2022-03-24
kyqs1461|prty1461|qstn1461|TdRqYrdz|GCuHXLIn|2001-07-09|Volume increase|6.7.2|2022-03-24
kyqs1462|prty1462|qstn1462|GoxuVBUy|clIIzKln|2015-01-15|Alert Stacks|2.6.2|2022-03-24
kyqs1463|prty1463|qstn1463|BKQJMcrn|XWdJBsBN|2014-04-17|Alert Stacks|4.8.5|2022-03-24
kyqs1464|prty1464|qstn1464|FWUdtFmv|uSLIpOdx|2010-01-22|New products|2.7.4|2022-03-24
kyqs1465|prty1465|qstn1465|JgUkmZFc|LwvGZllE|2006-04-11|New products|8.8.1|2022-03-24
kyqs1466|prty1466|qstn1466|bmgCIziR|YbOSYOdH|2020-08-07|Volume increase|8.5.5|2022-03-24
kyqs1467|prty1467|qstn1467|URABNaPn|vhoiWqcb|2001-04-04|Volume increase|3.1.2|2022-03-24
kyqs1468|prty1468|qstn1468|zOMBKszY|qGbmeTyM|2016-02-07|Alert Stacks|4.1.6|2022-03-24
kyqs1469|prty1469|qstn1469|yNodQORm|TqmZDFOz|2008-01-17|New products|5.3.4|2022-03-24
kyqs1470|prty1470|qstn1470|OWUlnNZp|eGpgHzCi|2016-07-15|Onboarding|3.7.1|2022-03-24
kyqs1471|prty1471|qstn1471|otGigijE|RgFFjCak|2013-10-17|New products|2.8.5|2022-03-24
kyqs1472|prty1472|qstn1472|DFygJXrb|OxGiDkMB|2012-06-08|Onboarding|8.4.6|2022-03-24
kyqs1473|prty1473|qstn1473|uYWOwNJy|EdctLkgV|2006-07-05|Volume increase|8.5.7|2022-03-24
kyqs1474|prty1474|qstn1474|alPPicKx|ucukzzAL|2021-05-07|New products|7.5.2|2022-03-24
kyqs1475|prty1475|qstn1475|OCDbodUJ|pvbihWjo|2007-07-15|Onboarding|3.5.5|2022-03-24
kyqs1476|prty1476|qstn1476|AaBDpAYT|LHOmZoib|2012-12-09|New products|7.4.2|2022-03-24
kyqs1477|prty1477|qstn1477|tSYkoqFL|hceoLuiK|2014-05-08|Volume increase|4.5.8|2022-03-24
kyqs1478|prty1478|qstn1478|MSKZpfaf|KVzatzsu|2014-06-17|New products|4.1.2|2022-03-24
kyqs1479|prty1479|qstn1479|yrVqpTCm|okZbprKo|2009-02-26|New products|7.4.3|2022-03-24
kyqs1480|prty1480|qstn1480|YenFIscq|oqZUJqdh|2007-01-19|Volume increase|6.8.5|2022-03-24
kyqs1481|prty1481|qstn1481|ZFxdsuQV|pWJslOYW|2010-07-17|Onboarding|7.7.2|2022-03-24
kyqs1482|prty1482|qstn1482|euqghlIJ|JFRpMJta|2013-06-19|New products|3.4.5|2022-03-24
kyqs1483|prty1483|qstn1483|ArHrEQzh|fljBIagi|2017-04-02|New products|5.8.3|2022-03-24
kyqs1484|prty1484|qstn1484|MaMqiBnB|lWtROAHr|2000-09-18|Alert Stacks|4.7.6|2022-03-24
kyqs1485|prty1485|qstn1485|JoapHCgF|EMPgwFZX|2011-01-11|New products|3.2.4|2022-03-24
kyqs1486|prty1486|qstn1486|WtpNbxoa|KVigoDXG|2001-08-31|Onboarding|2.2.3|2022-03-24
kyqs1487|prty1487|qstn1487|MFEVJVPj|goxspmXk|2003-10-13|Alert Stacks|2.8.5|2022-03-24
kyqs1488|prty1488|qstn1488|CwusCXJG|KFCWLeFk|2007-01-20|New products|4.5.7|2022-03-24
kyqs1489|prty1489|qstn1489|BcyEIvMd|LnPOXpRZ|2004-07-31|New products|7.6.2|2022-03-24
kyqs1490|prty1490|qstn1490|idKHDPLR|hpbmHIMW|2016-01-28|Volume increase|5.2.5|2022-03-24
kyqs1491|prty1491|qstn1491|SaIEkLKb|cglILclq|2008-08-19|Alert Stacks|5.7.3|2022-03-24
kyqs1492|prty1492|qstn1492|MsIBAaUa|pTweVeqq|2013-08-27|New products|7.6.2|2022-03-24
kyqs1493|prty1493|qstn1493|YGrZLJtT|oAwtLbwE|2013-01-26|Onboarding|3.8.1|2022-03-24
kyqs1494|prty1494|qstn1494|XGeyInBS|oVtJnWQZ|2007-07-27|Alert Stacks|8.6.1|2022-03-24
kyqs1495|prty1495|qstn1495|LRfGxtcS|iIqxZOjL|2017-04-29|Volume increase|7.5.5|2022-03-24
kyqs1496|prty1496|qstn1496|dMPQkjDK|dxSJeVkC|2002-10-30|Alert Stacks|3.6.8|2022-03-24
kyqs1497|prty1497|qstn1497|IXdONhjP|dlXRWrgs|2012-12-28|New products|1.4.2|2022-03-24
kyqs1498|prty1498|qstn1498|uiIPHwui|avgZPmPd|2014-04-07|Onboarding|8.7.3|2022-03-24
kyqs1499|prty1499|qstn1499|XzGvVgqu|leWkyYal|2021-05-17|Onboarding|6.7.1|2022-03-24
kyqs1500|prty1500|qstn1500|WktjAoeV|OIhpJukD|2018-10-20|Alert Stacks|2.6.3|2022-03-24
kyqs1501|prty1501|qstn1501|gHzzUzst|ddlGXPpH|2010-06-04|New products|6.4.6|2022-03-24
kyqs1502|prty1502|qstn1502|nuHQBxLv|iTcLCxUG|2006-11-07|Volume increase|5.3.4|2022-03-24
kyqs1503|prty1503|qstn1503|qQQHjUHg|AdLgYdvi|2006-05-09|Volume increase|1.6.7|2022-03-24
kyqs1504|prty1504|qstn1504|YFKGDekL|FZMDgVSM|2017-03-09|Volume increase|6.6.6|2022-03-24
kyqs1505|prty1505|qstn1505|LbCRiaFI|gImtUWuU|2017-04-16|Onboarding|4.1.5|2022-03-24
kyqs1506|prty1506|qstn1506|NEUvPJxR|FOhhSIHo|2001-12-09|Onboarding|5.1.3|2022-03-24
kyqs1507|prty1507|qstn1507|sgpIYHph|JYDIXecY|2014-02-15|Onboarding|8.1.7|2022-03-24
kyqs1508|prty1508|qstn1508|kbQgyccw|GLCIIrMB|2007-08-31|Volume increase|1.5.5|2022-03-24
kyqs1509|prty1509|qstn1509|vNaGrsPv|xBcSkZYP|2012-02-20|Volume increase|6.8.8|2022-03-24
kyqs1510|prty1510|qstn1510|goHdWvVf|guMqDuuY|2011-02-25|Alert Stacks|2.3.5|2022-03-24
kyqs1511|prty1511|qstn1511|WTPfXNYR|EyfDuOhD|2013-05-12|Alert Stacks|1.4.4|2022-03-24
kyqs1512|prty1512|qstn1512|oLuCTMKd|dawIVFfV|2016-03-31|Volume increase|8.5.6|2022-03-24
kyqs1513|prty1513|qstn1513|MtFHmXUP|NgrmRDna|2018-03-17|New products|4.8.3|2022-03-24
kyqs1514|prty1514|qstn1514|jdMUPlIk|XxKNgbAj|2015-01-27|Volume increase|6.7.5|2022-03-24
kyqs1515|prty1515|qstn1515|klDlaHCQ|llatJbod|2021-10-07|Onboarding|4.3.4|2022-03-24
kyqs1516|prty1516|qstn1516|XjWhCHQD|UwxFNrsI|2015-01-26|New products|5.8.3|2022-03-24
kyqs1517|prty1517|qstn1517|ZBXVoRRm|MzSSDVwB|2019-02-08|New products|8.3.2|2022-03-24
kyqs1518|prty1518|qstn1518|FIzoZEtM|DDJkjQJf|2002-09-10|Alert Stacks|1.7.6|2022-03-24
kyqs1519|prty1519|qstn1519|ZHVKYxPV|asoUCWLX|2005-02-12|New products|1.5.1|2022-03-24
kyqs1520|prty1520|qstn1520|yQXdmWJf|xJOfcifB|2017-01-13|Volume increase|6.8.8|2022-03-24
kyqs1521|prty1521|qstn1521|dXywZpSp|hVoARSlj|2009-10-28|Volume increase|3.2.8|2022-03-24
kyqs1522|prty1522|qstn1522|MZVwLZZs|iRewkgAj|2012-06-29|Onboarding|4.5.4|2022-03-24
kyqs1523|prty1523|qstn1523|YleAVXGu|IXmxtHeb|2007-07-31|Onboarding|6.5.6|2022-03-24
kyqs1524|prty1524|qstn1524|fxWcRTzD|ARUIvThI|2010-04-11|Alert Stacks|4.4.5|2022-03-24
kyqs1525|prty1525|qstn1525|OORGtVVW|iyBeCLVE|2002-05-16|New products|5.3.5|2022-03-24
kyqs1526|prty1526|qstn1526|kFTYXuWs|TIeyePyf|2006-11-21|Alert Stacks|6.1.4|2022-03-24
kyqs1527|prty1527|qstn1527|JUNKeGNf|OIDARxsL|2005-05-09|Onboarding|4.2.6|2022-03-24
kyqs1528|prty1528|qstn1528|txeYmlLt|IkXmFRLl|2006-10-19|Onboarding|4.6.4|2022-03-24
kyqs1529|prty1529|qstn1529|wPRMYvVX|KDlIViGa|2008-10-27|Onboarding|4.2.8|2022-03-24
kyqs1530|prty1530|qstn1530|BuOFMjLz|WPjCzSMO|2011-01-21|Alert Stacks|5.8.8|2022-03-24
kyqs1531|prty1531|qstn1531|VIZlPkfy|NlFzDimB|2015-03-12|Onboarding|1.1.5|2022-03-24
kyqs1532|prty1532|qstn1532|CcQNxbWw|syijVgJC|2001-03-25|Volume increase|8.2.5|2022-03-24
kyqs1533|prty1533|qstn1533|urkCWZsE|BBNMaxAU|2008-01-12|Volume increase|8.3.7|2022-03-24
kyqs1534|prty1534|qstn1534|oDENzsls|etOWXBCb|2006-12-01|Alert Stacks|4.5.7|2022-03-24
kyqs1535|prty1535|qstn1535|VjggNISX|RAceuLdA|2004-10-08|Onboarding|5.6.7|2022-03-24
kyqs1536|prty1536|qstn1536|YbocgpNh|YdgmAHfq|2015-01-10|Onboarding|2.4.7|2022-03-24
kyqs1537|prty1537|qstn1537|piYfsuSJ|pShCFVyz|2017-10-17|New products|7.6.4|2022-03-24
kyqs1538|prty1538|qstn1538|lrENjoxl|rrkyUBnX|2002-05-01|Volume increase|2.4.4|2022-03-24
kyqs1539|prty1539|qstn1539|TDaiyBlu|EvgCUMQf|2015-06-06|New products|7.5.2|2022-03-24
kyqs1540|prty1540|qstn1540|yyKqFLCx|lluFMSkg|2011-02-04|Alert Stacks|2.1.6|2022-03-24
kyqs1541|prty1541|qstn1541|PxdEfRrY|gyteBRCG|2003-09-26|New products|7.8.6|2022-03-24
kyqs1542|prty1542|qstn1542|acrLYfRP|yhRkXOdF|2019-03-23|Onboarding|8.4.4|2022-03-24
kyqs1543|prty1543|qstn1543|EwuFCplA|ktocQavY|2011-05-27|Alert Stacks|8.6.2|2022-03-24
kyqs1544|prty1544|qstn1544|AkgJxiCZ|RKXJqqmP|2019-03-07|Onboarding|8.6.5|2022-03-24
kyqs1545|prty1545|qstn1545|WOiWrWoz|nxGAEXnX|2021-08-31|Volume increase|6.3.6|2022-03-24
kyqs1546|prty1546|qstn1546|RstCLvPD|ZUahMRNU|2013-09-23|Alert Stacks|4.4.8|2022-03-24
kyqs1547|prty1547|qstn1547|mYqPkJrC|PDilZVzX|2008-11-30|New products|2.3.5|2022-03-24
kyqs1548|prty1548|qstn1548|drKVxEDb|kEmMiwci|2003-12-12|Volume increase|8.8.3|2022-03-24
kyqs1549|prty1549|qstn1549|tqfnzAGg|emwPqQaK|2005-10-01|Alert Stacks|7.1.8|2022-03-24
kyqs1550|prty1550|qstn1550|mprQbgvd|nLVjQCEn|2011-01-12|Alert Stacks|6.3.4|2022-03-24
kyqs1551|prty1551|qstn1551|kWdsmwcc|ogCwFOlO|2010-04-22|Volume increase|1.4.4|2022-03-24
kyqs1552|prty1552|qstn1552|tbgMkqfr|OsUMLMNL|2003-02-20|New products|1.1.2|2022-03-24
kyqs1553|prty1553|qstn1553|nBYtvxue|axWSgNLf|2006-03-03|Volume increase|3.8.4|2022-03-24
kyqs1554|prty1554|qstn1554|fkFiwMNO|bEFaEQAd|2017-01-30|Onboarding|6.2.1|2022-03-24
kyqs1555|prty1555|qstn1555|sefAPGsK|OExVxivN|2021-08-04|Onboarding|3.3.4|2022-03-24
kyqs1556|prty1556|qstn1556|xIWkKyDd|cfuFvzIB|2012-09-17|Alert Stacks|4.1.3|2022-03-24
kyqs1557|prty1557|qstn1557|uaRogKPl|cyWVsxFB|2013-08-18|Volume increase|1.8.7|2022-03-24
kyqs1558|prty1558|qstn1558|LRVkRNjy|oiFcQCUz|2000-10-05|Volume increase|2.3.5|2022-03-24
kyqs1559|prty1559|qstn1559|ZQicCBsD|iNHcNJAV|2019-08-03|New products|8.3.2|2022-03-24
kyqs1560|prty1560|qstn1560|mNoRKxjt|rKaCxkWN|2003-05-11|Onboarding|4.2.7|2022-03-24
kyqs1561|prty1561|qstn1561|TLSXoAOe|facRyczp|2009-06-09|Alert Stacks|3.4.4|2022-03-24
kyqs1562|prty1562|qstn1562|ekCjYhAE|JKtbmvuy|2003-09-18|Alert Stacks|6.4.8|2022-03-24
kyqs1563|prty1563|qstn1563|TUGBvbKA|rUcQXpGe|2004-01-09|Volume increase|3.5.5|2022-03-24
kyqs1564|prty1564|qstn1564|jYevtFxZ|HRbqLMgQ|2018-04-16|Onboarding|4.4.7|2022-03-24
kyqs1565|prty1565|qstn1565|NmkLGbzl|menYCFsZ|2005-06-16|Onboarding|7.6.4|2022-03-24
kyqs1566|prty1566|qstn1566|pjlCiNRS|KJtwjXpO|2000-06-14|Alert Stacks|2.7.4|2022-03-24
kyqs1567|prty1567|qstn1567|rWGbUMSV|sBckKVbs|2011-10-05|Volume increase|1.6.5|2022-03-24
kyqs1568|prty1568|qstn1568|ffRsvLbM|qTFiOFJD|2021-09-21|Volume increase|3.2.5|2022-03-24
kyqs1569|prty1569|qstn1569|mrKKutic|qpPSdVSU|2019-09-02|New products|3.1.4|2022-03-24
kyqs1570|prty1570|qstn1570|gdFQHZbg|XTCchGkB|2016-12-03|Volume increase|7.8.4|2022-03-24
kyqs1571|prty1571|qstn1571|jzNJrQSP|RayUKIPl|2019-07-21|Alert Stacks|1.5.2|2022-03-24
kyqs1572|prty1572|qstn1572|nWryMMvF|HxEtbTBk|2008-11-27|Alert Stacks|3.5.4|2022-03-24
kyqs1573|prty1573|qstn1573|NemwpeeQ|TgxNVBVi|2004-09-05|Onboarding|4.4.6|2022-03-24
kyqs1574|prty1574|qstn1574|ElJkjgSM|bUjSRgiF|2009-02-16|Alert Stacks|3.4.6|2022-03-24
kyqs1575|prty1575|qstn1575|RrRQqzlO|gftLYFQL|2019-06-13|Onboarding|7.1.6|2022-03-24
kyqs1576|prty1576|qstn1576|DgwoNCYp|xVVabQIT|2014-02-21|Alert Stacks|1.2.3|2022-03-24
kyqs1577|prty1577|qstn1577|AHOqGHzh|wmcjKSTX|2015-11-13|Alert Stacks|3.2.1|2022-03-24
kyqs1578|prty1578|qstn1578|vhLZfPLi|utETmDBb|2020-12-27|Volume increase|7.5.1|2022-03-24
kyqs1579|prty1579|qstn1579|rMFSOvTY|lcCPZhfn|2006-04-18|Onboarding|6.8.6|2022-03-24
kyqs1580|prty1580|qstn1580|mdDZkkfT|gDKWVDhH|2010-09-01|Onboarding|1.6.8|2022-03-24
kyqs1581|prty1581|qstn1581|SISDIqTC|WVWbSstM|2009-07-11|Alert Stacks|1.3.6|2022-03-24
kyqs1582|prty1582|qstn1582|VFqAkDSH|ewwnsuOm|2002-02-13|Alert Stacks|8.5.5|2022-03-24
kyqs1583|prty1583|qstn1583|cJuDsqcL|GPkHiosN|2018-06-02|Volume increase|4.4.2|2022-03-24
kyqs1584|prty1584|qstn1584|obYNpGLs|uampgnBa|2009-10-25|Volume increase|1.2.3|2022-03-24
kyqs1585|prty1585|qstn1585|IknCFMFk|GxuyHHDJ|2008-09-09|New products|2.3.1|2022-03-24
kyqs1586|prty1586|qstn1586|oPVyWhtf|BEiZytRG|2013-08-01|New products|8.8.6|2022-03-24
kyqs1587|prty1587|qstn1587|QGuszjhD|sFZljUjS|2003-12-20|Volume increase|7.2.6|2022-03-24
kyqs1588|prty1588|qstn1588|SvoGgvgN|gEsiuyJo|2012-05-01|Volume increase|2.3.2|2022-03-24
kyqs1589|prty1589|qstn1589|NCQfIyIt|dyjGmAGG|2016-01-06|Alert Stacks|7.6.4|2022-03-24
kyqs1590|prty1590|qstn1590|kpdHTGfi|QcgVrbTj|2015-05-14|Onboarding|3.1.2|2022-03-24
kyqs1591|prty1591|qstn1591|xXgQMoQW|wVdjdpuD|2016-12-14|Alert Stacks|5.1.2|2022-03-24
kyqs1592|prty1592|qstn1592|UsQtGCRg|cIXGokkX|2020-04-02|Onboarding|5.5.8|2022-03-24
kyqs1593|prty1593|qstn1593|xXqOFWtM|KnIOUGuE|2004-05-15|Alert Stacks|6.1.4|2022-03-24
kyqs1594|prty1594|qstn1594|PAiEMswu|uEWbMbmM|2018-08-31|Alert Stacks|2.3.3|2022-03-24
kyqs1595|prty1595|qstn1595|IoRSOuNt|ufttXXZn|2020-07-17|New products|7.8.2|2022-03-24
kyqs1596|prty1596|qstn1596|BaECEnNf|FbVYXqtt|2015-04-12|New products|5.1.8|2022-03-24
kyqs1597|prty1597|qstn1597|UtAOJieB|GYTNoJzm|2013-07-17|New products|1.4.1|2022-03-24
kyqs1598|prty1598|qstn1598|yuvTMPhP|joLvjpbo|2005-08-25|Onboarding|8.2.1|2022-03-24
kyqs1599|prty1599|qstn1599|FdjLExqi|iCBzasOL|2010-07-22|Volume increase|7.8.8|2022-03-24
kyqs1600|prty1600|qstn1600|dUnImmJO|hsynbrHA|2012-12-18|Volume increase|2.2.4|2022-03-24
kyqs1601|prty1601|qstn1601|dnMRWZtI|HYIFFaND|2012-09-18|Alert Stacks|5.5.5|2022-03-24
kyqs1602|prty1602|qstn1602|OxOZDQCs|PXUrmbAt|2014-11-05|Onboarding|8.7.1|2022-03-24
kyqs1603|prty1603|qstn1603|HVVDFzSt|uWZMLGIx|2011-10-06|Onboarding|4.6.5|2022-03-24
kyqs1604|prty1604|qstn1604|YzlzjrAL|cnBeBDCD|2021-09-16|Alert Stacks|6.7.8|2022-03-24
kyqs1605|prty1605|qstn1605|ukhNDGGI|aNvWdYFH|2008-01-24|Onboarding|8.7.8|2022-03-24
kyqs1606|prty1606|qstn1606|YEttZcAe|syvPSZLU|2003-10-25|Volume increase|2.3.3|2022-03-24
kyqs1607|prty1607|qstn1607|SKIgsnpt|kThNXZKD|2010-12-25|New products|2.5.7|2022-03-24
kyqs1608|prty1608|qstn1608|IcSKFekZ|kLXHoBwv|2004-11-21|Onboarding|4.3.5|2022-03-24
kyqs1609|prty1609|qstn1609|DRxYyUxd|HdBQnbNY|2000-03-19|Alert Stacks|7.4.2|2022-03-24
kyqs1610|prty1610|qstn1610|XYXziAfX|cIjYbwaf|2008-03-16|Volume increase|6.3.3|2022-03-24
kyqs1611|prty1611|qstn1611|MJaqNgee|UgoIywSQ|2006-06-18|Alert Stacks|1.7.4|2022-03-24
kyqs1612|prty1612|qstn1612|XfeDjAmZ|TdRukZcd|2016-01-17|New products|1.7.7|2022-03-24
kyqs1613|prty1613|qstn1613|mUwkSGTK|sZhyEVCU|2017-11-06|Alert Stacks|6.8.7|2022-03-24
kyqs1614|prty1614|qstn1614|qzDNBUik|bdWNJhjm|2021-12-10|Onboarding|1.4.5|2022-03-24
kyqs1615|prty1615|qstn1615|nktJmXEU|GyvxIeZF|2006-08-22|Onboarding|6.6.2|2022-03-24
kyqs1616|prty1616|qstn1616|hXGrHCBB|CvWAONeP|2000-07-13|Alert Stacks|3.2.7|2022-03-24
kyqs1617|prty1617|qstn1617|CkVbpUfs|uEBuHwlK|2019-03-20|Onboarding|4.7.1|2022-03-24
kyqs1618|prty1618|qstn1618|SdOwkUau|hRCimWMQ|2018-07-25|Volume increase|1.6.7|2022-03-24
kyqs1619|prty1619|qstn1619|qiVKBwmW|WVksOrJg|2014-09-29|New products|1.8.5|2022-03-24
kyqs1620|prty1620|qstn1620|cjvYUpot|EXpUPjTs|2016-07-12|Alert Stacks|7.4.5|2022-03-24
kyqs1621|prty1621|qstn1621|OsulWAml|VNopXlgf|2008-11-02|Volume increase|6.7.7|2022-03-24
kyqs1622|prty1622|qstn1622|EWUZqLyb|LcXHUBcQ|2011-06-25|Volume increase|2.3.6|2022-03-24
kyqs1623|prty1623|qstn1623|MLVHCktH|LMgdQbhR|2019-04-16|Alert Stacks|7.8.2|2022-03-24
kyqs1624|prty1624|qstn1624|NZvYhBGX|ufbFTPgu|2005-10-17|Volume increase|1.1.3|2022-03-24
kyqs1625|prty1625|qstn1625|jONFbynR|JfHuKjZx|2018-03-09|Alert Stacks|3.1.5|2022-03-24
kyqs1626|prty1626|qstn1626|vdWaOPCY|fXrCcIFN|2012-03-20|New products|1.8.6|2022-03-24
kyqs1627|prty1627|qstn1627|LwRUYUmA|rhDddSBG|2015-12-26|Volume increase|1.5.2|2022-03-24
kyqs1628|prty1628|qstn1628|mNIiCoEF|pMjPjHch|2010-01-24|New products|1.8.1|2022-03-24
kyqs1629|prty1629|qstn1629|eVYhGMQo|eHSxJdhA|2000-07-28|Alert Stacks|2.3.6|2022-03-24
kyqs1630|prty1630|qstn1630|YvykIWMc|GzkykCkH|2015-05-03|Volume increase|6.8.8|2022-03-24
kyqs1631|prty1631|qstn1631|SotqLwfT|xkbdmBkG|2004-02-01|Volume increase|3.3.2|2022-03-24
kyqs1632|prty1632|qstn1632|LDZkGoSx|znCWzbzk|2018-07-14|New products|5.6.8|2022-03-24
kyqs1633|prty1633|qstn1633|AquVONpm|DhuYwAsA|2004-01-28|Volume increase|1.1.7|2022-03-24
kyqs1634|prty1634|qstn1634|kTwQSIbk|NiGOZhUv|2012-02-25|Onboarding|3.1.1|2022-03-24
kyqs1635|prty1635|qstn1635|HpCdeQEI|qwPjlgKe|2015-09-06|Volume increase|4.5.8|2022-03-24
kyqs1636|prty1636|qstn1636|CakYGeLl|RTKiKMFV|2001-03-27|New products|4.5.3|2022-03-24
kyqs1637|prty1637|qstn1637|vhpFDEiT|JpYrorch|2001-09-20|Alert Stacks|8.5.5|2022-03-24
kyqs1638|prty1638|qstn1638|JgyLLXhh|xfGgONWU|2018-12-07|Onboarding|4.6.8|2022-03-24
kyqs1639|prty1639|qstn1639|XpjmVwZi|KsHHgyht|2021-12-25|Onboarding|6.2.4|2022-03-24
kyqs1640|prty1640|qstn1640|GiSvoVYw|vlagCmPi|2006-10-28|Onboarding|1.8.4|2022-03-24
kyqs1641|prty1641|qstn1641|WWlRoTUn|KeOxlqTI|2017-09-28|New products|6.6.2|2022-03-24
kyqs1642|prty1642|qstn1642|rVRBykIh|QdmeOOJg|2000-09-08|Onboarding|5.4.7|2022-03-24
kyqs1643|prty1643|qstn1643|yEQmFuoi|AZDEQhWD|2006-02-14|Alert Stacks|8.4.7|2022-03-24
kyqs1644|prty1644|qstn1644|lvWjtGBZ|QaLLnkKE|2010-07-22|Volume increase|8.3.1|2022-03-24
kyqs1645|prty1645|qstn1645|ARGHinSh|zyeiiOjc|2006-03-04|Alert Stacks|1.6.5|2022-03-24
kyqs1646|prty1646|qstn1646|mMIlEZPn|vaBWlxRJ|2017-03-23|Alert Stacks|2.3.4|2022-03-24
kyqs1647|prty1647|qstn1647|xFuUmMbY|oXvzzbcV|2013-06-13|New products|3.4.1|2022-03-24
kyqs1648|prty1648|qstn1648|efsvWevN|dMatXAea|2017-12-08|Volume increase|3.4.5|2022-03-24
kyqs1649|prty1649|qstn1649|ejFqZoTB|LFgMJsnZ|2021-06-30|Onboarding|1.3.4|2022-03-24
kyqs1650|prty1650|qstn1650|YtPwgidy|ZhMaFiEP|2021-08-10|Onboarding|4.5.1|2022-03-24
kyqs1651|prty1651|qstn1651|zIFUjqzZ|MwKPDbBK|2017-11-30|Volume increase|1.6.6|2022-03-24
kyqs1652|prty1652|qstn1652|BnyiKxZZ|sdNEEXzK|2010-12-03|Alert Stacks|4.7.3|2022-03-24
kyqs1653|prty1653|qstn1653|PIUtDeVT|tBYuPTjf|2016-09-29|Volume increase|8.4.4|2022-03-24
kyqs1654|prty1654|qstn1654|aDKkUOzv|juFzNPNj|2000-09-03|Alert Stacks|4.5.2|2022-03-24
kyqs1655|prty1655|qstn1655|igNIpedz|EXeBvKBn|2020-07-07|Onboarding|7.8.2|2022-03-24
kyqs1656|prty1656|qstn1656|JnkEFcDl|kUIWQgyH|2011-01-08|Volume increase|3.3.5|2022-03-24
kyqs1657|prty1657|qstn1657|MWOilVNJ|RTiovKId|2017-09-07|Onboarding|8.5.6|2022-03-24
kyqs1658|prty1658|qstn1658|AQQTiJtd|WDLijICc|2008-09-28|Alert Stacks|2.4.1|2022-03-24
kyqs1659|prty1659|qstn1659|WsCZzrAn|lLupJuIx|2009-04-29|Onboarding|2.1.5|2022-03-24
kyqs1660|prty1660|qstn1660|qbQTKzyH|NGKllXaB|2011-04-15|Alert Stacks|6.1.3|2022-03-24
kyqs1661|prty1661|qstn1661|woEWLUIO|LlHIZeza|2019-06-17|New products|7.7.3|2022-03-24
kyqs1662|prty1662|qstn1662|eqHydLxx|KiMXJcJj|2003-03-11|Alert Stacks|8.7.2|2022-03-24
kyqs1663|prty1663|qstn1663|HcNPpdfu|uRyNFjXf|2010-03-06|Volume increase|6.3.7|2022-03-24
kyqs1664|prty1664|qstn1664|ckoxgkXt|cprTlBFd|2018-07-02|New products|1.7.6|2022-03-24
kyqs1665|prty1665|qstn1665|PTdakXct|onbDZJOP|2013-05-31|New products|8.2.4|2022-03-24
kyqs1666|prty1666|qstn1666|SJpHEyEh|CvjqCvVQ|2012-01-03|Onboarding|6.1.5|2022-03-24
kyqs1667|prty1667|qstn1667|EyImdfss|mBSZuWNj|2000-06-18|New products|2.1.7|2022-03-24
kyqs1668|prty1668|qstn1668|FtENtCyw|dfFbfMrY|2012-07-11|New products|5.1.4|2022-03-24
kyqs1669|prty1669|qstn1669|TtYCYYGa|OebHfWds|2007-05-26|Volume increase|4.4.8|2022-03-24
kyqs1670|prty1670|qstn1670|WCrixYRr|TqpSZlyi|2003-01-09|Onboarding|2.4.3|2022-03-24
kyqs1671|prty1671|qstn1671|dXBAblUz|aPhgszIy|2014-02-15|New products|4.5.3|2022-03-24
kyqs1672|prty1672|qstn1672|uLlfLbDc|vJWZcxxs|2009-03-06|Volume increase|8.3.4|2022-03-24
kyqs1673|prty1673|qstn1673|LHtVcqwq|HWxklvfz|2018-04-24|Alert Stacks|8.4.4|2022-03-24
kyqs1674|prty1674|qstn1674|GDmpmAvF|mOVlcYKS|2017-11-28|Volume increase|4.7.4|2022-03-24
kyqs1675|prty1675|qstn1675|yRJfzypW|tYWEjQwA|2001-04-27|Volume increase|5.6.4|2022-03-24
kyqs1676|prty1676|qstn1676|ROzYquMK|XJdlUArL|2000-07-14|Volume increase|1.2.6|2022-03-24
kyqs1677|prty1677|qstn1677|QcUoipgN|MLeDGWmF|2021-02-28|Volume increase|5.4.1|2022-03-24
kyqs1678|prty1678|qstn1678|guIFapuD|sYNSvhyd|2017-08-19|Onboarding|6.1.4|2022-03-24
kyqs1679|prty1679|qstn1679|WWbmCFxm|NeuRswsR|2001-10-23|New products|5.8.8|2022-03-24
kyqs1680|prty1680|qstn1680|HQMtDJhN|iXSLTipq|2014-01-25|New products|6.6.5|2022-03-24
kyqs1681|prty1681|qstn1681|jtCObHoX|VEJAZFNL|2020-05-29|Volume increase|2.7.4|2022-03-24
kyqs1682|prty1682|qstn1682|tRBOoXGI|NBNMAeen|2013-07-05|Volume increase|2.6.4|2022-03-24
kyqs1683|prty1683|qstn1683|zjoasnwj|VCOBkfFT|2008-08-09|New products|4.5.4|2022-03-24
kyqs1684|prty1684|qstn1684|lLtCmgMj|dDwQusDB|2009-07-10|Alert Stacks|2.5.5|2022-03-24
kyqs1685|prty1685|qstn1685|ZJZfctUA|KLDQoKIM|2018-11-24|Onboarding|4.6.3|2022-03-24
kyqs1686|prty1686|qstn1686|uffCqMtq|UwMaTOad|2007-07-01|Alert Stacks|2.7.4|2022-03-24
kyqs1687|prty1687|qstn1687|XiPlwtdm|PWNGjnXY|2003-11-04|Onboarding|4.4.7|2022-03-24
kyqs1688|prty1688|qstn1688|SZgKXNaQ|kQfOGofb|2019-11-28|New products|3.3.5|2022-03-24
kyqs1689|prty1689|qstn1689|AiRRvSmq|PwHNxKQp|2017-02-01|Alert Stacks|3.3.1|2022-03-24
kyqs1690|prty1690|qstn1690|PzAfrHBg|dTqNTeZS|2018-11-10|New products|6.3.6|2022-03-24
kyqs1691|prty1691|qstn1691|PeCVSYVJ|UjyTBTqd|2016-06-19|Volume increase|7.2.2|2022-03-24
kyqs1692|prty1692|qstn1692|WDQEQgsk|ybojtmfW|2002-07-11|New products|3.7.6|2022-03-24
kyqs1693|prty1693|qstn1693|vGtbKXIZ|KNtjnqfp|2004-12-06|Volume increase|3.5.4|2022-03-24
kyqs1694|prty1694|qstn1694|qXyHTUuL|hKMiwbhW|2017-11-26|Volume increase|6.1.1|2022-03-24
kyqs1695|prty1695|qstn1695|iKLnwHaC|eVcEwWpJ|2012-09-22|Volume increase|5.3.5|2022-03-24
kyqs1696|prty1696|qstn1696|hzqsWzPO|vBwEPCfH|2015-05-30|Onboarding|6.4.1|2022-03-24
kyqs1697|prty1697|qstn1697|iWbulWlR|paNjnNwa|2002-02-12|Volume increase|8.4.7|2022-03-24
kyqs1698|prty1698|qstn1698|taWnIayV|jcfpGFdG|2010-11-15|Alert Stacks|4.7.4|2022-03-24
kyqs1699|prty1699|qstn1699|uCUfWvGa|eEProfxs|2007-12-30|New products|1.2.6|2022-03-24
kyqs1700|prty1700|qstn1700|sZQBckXm|SpNljwXe|2020-02-13|Onboarding|2.7.4|2022-03-24
kyqs1701|prty1701|qstn1701|VyTBuuga|nEVTutpG|2009-12-21|Onboarding|3.1.4|2022-03-24
kyqs1702|prty1702|qstn1702|NCwdWKKk|CepoymuF|2019-09-10|Volume increase|6.3.1|2022-03-24
kyqs1703|prty1703|qstn1703|IOYDZpSe|AyyTufJb|2001-12-12|Alert Stacks|3.3.8|2022-03-24
kyqs1704|prty1704|qstn1704|yasgzTDL|QbypwJzZ|2003-03-18|Volume increase|5.6.6|2022-03-24
kyqs1705|prty1705|qstn1705|ubXGKQHm|JkNbntpw|2007-10-18|Onboarding|1.2.4|2022-03-24
kyqs1706|prty1706|qstn1706|SXnfddcF|VQodLNVZ|2013-09-07|Volume increase|8.4.4|2022-03-24
kyqs1707|prty1707|qstn1707|OrggCAlx|JakqquDO|2004-08-11|Alert Stacks|5.7.1|2022-03-24
kyqs1708|prty1708|qstn1708|XlMlPFWY|ZGduFKvw|2014-05-13|Onboarding|8.7.6|2022-03-24
kyqs1709|prty1709|qstn1709|LHPJPMoZ|EwLbIQNt|2021-11-25|New products|2.8.1|2022-03-24
kyqs1710|prty1710|qstn1710|RJSWaMrX|EdRhZYfs|2009-12-10|Alert Stacks|6.2.7|2022-03-24
kyqs1711|prty1711|qstn1711|RygLSAvy|TZBjthPt|2008-05-10|Onboarding|4.8.3|2022-03-24
kyqs1712|prty1712|qstn1712|DGRbsdkp|eAfYaPtf|2010-07-11|Alert Stacks|7.5.4|2022-03-24
kyqs1713|prty1713|qstn1713|MorLaVId|GwIQMACA|2015-02-21|Onboarding|5.2.4|2022-03-24
kyqs1714|prty1714|qstn1714|MkNXMLts|dsEigRDl|2014-06-14|Volume increase|7.7.5|2022-03-24
kyqs1715|prty1715|qstn1715|cKEzKvUZ|YJSjgJRN|2008-04-03|Onboarding|5.5.1|2022-03-24
kyqs1716|prty1716|qstn1716|wRwKTenH|NabGqCgc|2016-12-09|New products|3.8.8|2022-03-24
kyqs1717|prty1717|qstn1717|ueBCmpte|esdKmfYl|2010-03-01|Volume increase|4.6.8|2022-03-24
kyqs1718|prty1718|qstn1718|LHzOzUIm|FrEjiCvI|2009-08-29|Onboarding|8.8.1|2022-03-24
kyqs1719|prty1719|qstn1719|xvIoHMWL|ntGNtSJT|2002-12-11|Volume increase|5.3.4|2022-03-24
kyqs1720|prty1720|qstn1720|XwWEfYOA|YLjyXEiB|2021-07-15|Volume increase|1.4.3|2022-03-24
kyqs1721|prty1721|qstn1721|LbzlDvAT|eyEhAHmz|2007-03-19|New products|8.6.6|2022-03-24
kyqs1722|prty1722|qstn1722|QYBgMjDC|mwMyfkBQ|2001-08-18|Alert Stacks|7.6.1|2022-03-24
kyqs1723|prty1723|qstn1723|ywMBWIUm|wkorrvcm|2001-06-06|Alert Stacks|2.8.5|2022-03-24
kyqs1724|prty1724|qstn1724|CLqBCtkk|WqejZWEF|2014-07-02|Alert Stacks|8.2.8|2022-03-24
kyqs1725|prty1725|qstn1725|EQbiCidC|PffXmZDg|2010-09-20|New products|7.4.3|2022-03-24
kyqs1726|prty1726|qstn1726|bkHDoDDe|UfuBtqhS|2013-05-22|New products|5.4.2|2022-03-24
kyqs1727|prty1727|qstn1727|VIvSqwAm|jmPVHDQB|2000-11-26|Onboarding|1.1.5|2022-03-24
kyqs1728|prty1728|qstn1728|deprtOlP|DAxORISY|2018-06-20|Alert Stacks|3.3.1|2022-03-24
kyqs1729|prty1729|qstn1729|jmaIBxAe|MHiuVuOn|2000-06-20|New products|2.8.3|2022-03-24
kyqs1730|prty1730|qstn1730|JiRJVjEx|OOfMSRZG|2004-09-13|Onboarding|1.3.1|2022-03-24
kyqs1731|prty1731|qstn1731|LBOzPhYd|kZLVRbYe|2016-01-28|Alert Stacks|2.4.2|2022-03-24
kyqs1732|prty1732|qstn1732|zRbjPiCK|MRNoOCwl|2004-03-27|New products|4.2.4|2022-03-24
kyqs1733|prty1733|qstn1733|WvEELUYs|gmktKUxl|2018-08-09|Volume increase|3.7.7|2022-03-24
kyqs1734|prty1734|qstn1734|nBKBRPUp|QZveyJLd|2011-10-20|Onboarding|2.7.1|2022-03-24
kyqs1735|prty1735|qstn1735|UMbraIBk|MnXSauKq|2004-01-19|Alert Stacks|8.6.6|2022-03-24
kyqs1736|prty1736|qstn1736|XLrWkJgk|TbgmLtiS|2010-05-17|Onboarding|8.1.1|2022-03-24
kyqs1737|prty1737|qstn1737|wZSCDjuK|paoRnVPy|2021-04-05|Onboarding|5.1.5|2022-03-24
kyqs1738|prty1738|qstn1738|ZFqSxRgY|yVDmtJyR|2014-05-13|New products|5.1.7|2022-03-24
kyqs1739|prty1739|qstn1739|aOfzWYTf|orWqSfSc|2018-04-11|New products|6.7.3|2022-03-24
kyqs1740|prty1740|qstn1740|YPZRNavx|YrQYddCG|2020-08-26|Volume increase|4.7.1|2022-03-24
kyqs1741|prty1741|qstn1741|dHAhBIjG|bHohXhJJ|2007-01-27|Alert Stacks|3.2.3|2022-03-24
kyqs1742|prty1742|qstn1742|stNEyMTw|XLRVIACR|2010-03-29|Alert Stacks|6.3.2|2022-03-24
kyqs1743|prty1743|qstn1743|pKVVbEOS|HVqjGobS|2006-07-31|Alert Stacks|4.1.8|2022-03-24
kyqs1744|prty1744|qstn1744|DKMznIRF|cxBxuUqX|2016-08-30|New products|1.3.8|2022-03-24
kyqs1745|prty1745|qstn1745|bPYBmPCh|yfcbSqOI|2016-05-16|New products|1.6.1|2022-03-24
kyqs1746|prty1746|qstn1746|mfWwMdDR|jilhvFHC|2014-03-11|Volume increase|5.8.6|2022-03-24
kyqs1747|prty1747|qstn1747|thvQphsJ|cfeGVCGt|2015-10-25|Alert Stacks|8.1.5|2022-03-24
kyqs1748|prty1748|qstn1748|BlpcGpuI|rUyJceMe|2012-07-24|Alert Stacks|2.1.8|2022-03-24
kyqs1749|prty1749|qstn1749|qbPREfgK|zYgGWvvG|2018-04-22|Alert Stacks|2.2.5|2022-03-24
kyqs1750|prty1750|qstn1750|OLxbGSGF|bSlLcdim|2010-03-26|Onboarding|3.6.2|2022-03-24
kyqs1751|prty1751|qstn1751|RwOpgaUi|UxfCkian|2009-02-25|Volume increase|2.4.1|2022-03-24
kyqs1752|prty1752|qstn1752|axaYMWJo|nJZluAFz|2016-04-18|New products|3.4.7|2022-03-24
kyqs1753|prty1753|qstn1753|vuqqcycf|ZcbUrcIH|2016-09-03|Onboarding|4.2.2|2022-03-24
kyqs1754|prty1754|qstn1754|ottPXYOk|nmGgwKnY|2002-09-26|Volume increase|6.3.1|2022-03-24
kyqs1755|prty1755|qstn1755|thwymJmX|tEazJNoA|2003-07-17|Alert Stacks|3.3.7|2022-03-24
kyqs1756|prty1756|qstn1756|PajFClJQ|UhLcFNGH|2021-04-06|Volume increase|3.2.4|2022-03-24
kyqs1757|prty1757|qstn1757|tghymRgp|qFUSFdLK|2006-09-29|Alert Stacks|6.1.5|2022-03-24
kyqs1758|prty1758|qstn1758|mtZADNBk|nePnsTvl|2008-12-15|Alert Stacks|5.2.4|2022-03-24
kyqs1759|prty1759|qstn1759|nhYbXBIP|VkIgFbwI|2008-04-28|New products|6.2.5|2022-03-24
kyqs1760|prty1760|qstn1760|CSjqJQqJ|JjoMvdOu|2005-09-24|Onboarding|2.3.2|2022-03-24
kyqs1761|prty1761|qstn1761|bUpXRHDX|hrxOzTFz|2014-11-02|Onboarding|4.8.2|2022-03-24
kyqs1762|prty1762|qstn1762|pdKuEfaA|fcrFGupz|2017-02-09|Onboarding|7.5.8|2022-03-24
kyqs1763|prty1763|qstn1763|nqLcKhvb|OkOcitDO|2021-08-07|Alert Stacks|1.8.7|2022-03-24
kyqs1764|prty1764|qstn1764|ThGIRCeE|zIruylbT|2010-12-23|Volume increase|7.5.6|2022-03-24
kyqs1765|prty1765|qstn1765|WoiQXlZa|QjkVNcGg|2017-12-14|Onboarding|5.7.2|2022-03-24
kyqs1766|prty1766|qstn1766|KZcqkciM|NQnUJPhz|2005-09-02|Volume increase|2.3.5|2022-03-24
kyqs1767|prty1767|qstn1767|kFTagajD|mqhcCIXC|2016-04-17|New products|6.1.3|2022-03-24
kyqs1768|prty1768|qstn1768|PtcKaJgp|HFUZFlAI|2000-07-16|Alert Stacks|3.7.6|2022-03-24
kyqs1769|prty1769|qstn1769|kavcnEFr|javePhGE|2008-02-29|Alert Stacks|2.3.6|2022-03-24
kyqs1770|prty1770|qstn1770|AVWvOhDi|HPFCrKgY|2015-01-07|Volume increase|7.8.1|2022-03-24
kyqs1771|prty1771|qstn1771|KHGadAJc|HpYbGkzf|2007-06-27|Alert Stacks|8.2.5|2022-03-24
kyqs1772|prty1772|qstn1772|TcJyRUfg|OdbJsQLT|2000-06-08|New products|6.6.4|2022-03-24
kyqs1773|prty1773|qstn1773|aJiCihns|CVDsSgtg|2010-02-18|Volume increase|5.3.1|2022-03-24
kyqs1774|prty1774|qstn1774|PlOQqJwh|HhmkAhaa|2004-02-09|Onboarding|6.1.8|2022-03-24
kyqs1775|prty1775|qstn1775|ZWVrolUT|PMXKPZyj|2012-01-09|Volume increase|6.5.1|2022-03-24
kyqs1776|prty1776|qstn1776|vjnWZInv|adHvqnzr|2013-10-14|Alert Stacks|6.1.8|2022-03-24
kyqs1777|prty1777|qstn1777|fgnqNkBb|wWfzlhtw|2019-06-19|Volume increase|7.3.4|2022-03-24
kyqs1778|prty1778|qstn1778|pAygGHHQ|sgOqpsqx|2000-04-05|Alert Stacks|1.7.4|2022-03-24
kyqs1779|prty1779|qstn1779|GGsJYspN|FNicsBGa|2002-12-05|Alert Stacks|5.2.5|2022-03-24
kyqs1780|prty1780|qstn1780|xbaoIgIp|AeOjFKia|2000-09-27|Alert Stacks|6.5.4|2022-03-24
kyqs1781|prty1781|qstn1781|kkWiNCfd|XkBpTBWJ|2011-03-04|Onboarding|7.3.5|2022-03-24
kyqs1782|prty1782|qstn1782|WBVScspa|IFbuClWP|2021-10-25|Alert Stacks|2.2.6|2022-03-24
kyqs1783|prty1783|qstn1783|dqljdRch|JdjmTzfh|2010-08-23|New products|7.5.7|2022-03-24
kyqs1784|prty1784|qstn1784|khwxylnd|LWgPUtPr|2000-01-25|Volume increase|5.8.3|2022-03-24
kyqs1785|prty1785|qstn1785|zwDqGSnF|rXQnJStw|2019-01-25|Onboarding|2.2.6|2022-03-24
kyqs1786|prty1786|qstn1786|fXixhkxm|lWFquhae|2006-09-06|New products|1.1.4|2022-03-24
kyqs1787|prty1787|qstn1787|zPEMnjtB|CjqVKRuY|2000-08-12|Alert Stacks|7.4.6|2022-03-24
kyqs1788|prty1788|qstn1788|kHeIVINH|mVMvEQUE|2012-05-17|Onboarding|1.5.5|2022-03-24
kyqs1789|prty1789|qstn1789|hdbjmouE|QFBhgfBT|2006-04-22|Alert Stacks|1.1.6|2022-03-24
kyqs1790|prty1790|qstn1790|BxAWzVdW|WelVHGiS|2007-07-01|Onboarding|7.7.5|2022-03-24
kyqs1791|prty1791|qstn1791|ZwsUZNDp|CbyQXyUD|2020-03-29|Volume increase|8.3.1|2022-03-24
kyqs1792|prty1792|qstn1792|JrgDJsqt|GPVaqLZD|2018-04-14|Volume increase|4.8.1|2022-03-24
kyqs1793|prty1793|qstn1793|FFNTKXSs|fQrwmPCx|2000-11-17|Volume increase|1.1.3|2022-03-24
kyqs1794|prty1794|qstn1794|SvUfMFHK|RoSDXSEu|2017-08-01|Alert Stacks|5.4.6|2022-03-24
kyqs1795|prty1795|qstn1795|crdzpqXr|NzTVOHUu|2013-10-03|Onboarding|6.8.7|2022-03-24
kyqs1796|prty1796|qstn1796|eeoSjXsj|itItGKTd|2004-06-30|New products|8.6.5|2022-03-24
kyqs1797|prty1797|qstn1797|LVpiyqvx|hjGMwSBH|2007-05-06|New products|7.8.8|2022-03-24
kyqs1798|prty1798|qstn1798|YbkMvvwn|RpntLALc|2007-03-30|New products|6.8.6|2022-03-24
kyqs1799|prty1799|qstn1799|mkDWHQkw|SfDkemzF|2006-12-20|Volume increase|2.7.5|2022-03-24
kyqs1800|prty1800|qstn1800|yCACrUAY|uVnQkHvk|2008-02-22|Alert Stacks|4.7.8|2022-03-24
kyqs1801|prty1801|qstn1801|VWLVvhjz|CQDiBLPm|2003-07-14|New products|5.2.7|2022-03-24
kyqs1802|prty1802|qstn1802|LEQxXbpc|BvZlgBJy|2007-08-17|New products|5.5.8|2022-03-24
kyqs1803|prty1803|qstn1803|HQTXMLgz|BKiVtFRc|2005-06-30|Onboarding|7.6.8|2022-03-24
kyqs1804|prty1804|qstn1804|HKRslwby|HGWVYiJN|2019-05-07|Volume increase|6.7.5|2022-03-24
kyqs1805|prty1805|qstn1805|bkHvkKIv|QrstEDtB|2006-07-09|New products|2.1.6|2022-03-24
kyqs1806|prty1806|qstn1806|YtlcQaDL|AAZwXEcA|2018-10-19|Volume increase|6.1.8|2022-03-24
kyqs1807|prty1807|qstn1807|roKjIvPt|cYwmkWZQ|2011-06-15|Alert Stacks|7.1.7|2022-03-24
kyqs1808|prty1808|qstn1808|YcxugxYR|dVXGqFiD|2005-04-28|Alert Stacks|6.1.4|2022-03-24
kyqs1809|prty1809|qstn1809|JsQwrzpD|mzvycsQo|2021-08-25|Onboarding|5.6.5|2022-03-24
kyqs1810|prty1810|qstn1810|YJTWgoYK|eWrDqyMK|2008-02-22|Onboarding|4.1.5|2022-03-24
kyqs1811|prty1811|qstn1811|CEWneiRK|DbOzzQOR|2019-02-13|Alert Stacks|3.3.3|2022-03-24
kyqs1812|prty1812|qstn1812|TQkEQTJZ|tuSsYZKk|2016-12-22|Alert Stacks|4.2.6|2022-03-24
kyqs1813|prty1813|qstn1813|LenHuyiN|HZhYyzCL|2001-11-15|Volume increase|8.5.1|2022-03-24
kyqs1814|prty1814|qstn1814|RGXkFfkN|yhfnRdOQ|2006-10-02|Alert Stacks|2.8.5|2022-03-24
kyqs1815|prty1815|qstn1815|IFJWiwSV|tLVNgwjx|2009-08-13|Onboarding|8.5.5|2022-03-24
kyqs1816|prty1816|qstn1816|OdByXgMF|TnsaShnF|2014-05-26|Onboarding|4.5.5|2022-03-24
kyqs1817|prty1817|qstn1817|VTLQimql|FThyfZCN|2016-02-26|Alert Stacks|5.1.7|2022-03-24
kyqs1818|prty1818|qstn1818|sdqQDtgZ|WmuEFGPM|2008-12-18|Onboarding|8.3.5|2022-03-24
kyqs1819|prty1819|qstn1819|HYBaXkch|SUQshFZv|2014-02-21|Onboarding|4.4.1|2022-03-24
kyqs1820|prty1820|qstn1820|PYfolEgd|zFfkkYfi|2021-02-05|Onboarding|8.6.7|2022-03-24
kyqs1821|prty1821|qstn1821|hIBisWgG|sfSKvOBv|2017-04-08|Onboarding|6.7.4|2022-03-24
kyqs1822|prty1822|qstn1822|cGCoToxu|ocIQJKKW|2001-09-07|Volume increase|7.6.2|2022-03-24
kyqs1823|prty1823|qstn1823|VPcyjVSs|yIecRQGq|2012-09-30|New products|5.8.8|2022-03-24
kyqs1824|prty1824|qstn1824|ZeyMOefm|BJZPRtYX|2012-06-14|Onboarding|2.4.8|2022-03-24
kyqs1825|prty1825|qstn1825|tAYetVQu|HSRnFDGZ|2012-09-13|Volume increase|6.1.4|2022-03-24
kyqs1826|prty1826|qstn1826|Ppitrscx|udlLdnBS|2015-08-27|Onboarding|2.6.5|2022-03-24
kyqs1827|prty1827|qstn1827|UKWrNqEL|DyGkFdug|2013-03-17|Alert Stacks|5.5.7|2022-03-24
kyqs1828|prty1828|qstn1828|SCYqYVdI|OcamvvLh|2005-03-12|New products|8.4.5|2022-03-24
kyqs1829|prty1829|qstn1829|rtPKlcwI|TrbMnnqS|2017-12-22|Onboarding|4.6.5|2022-03-24
kyqs1830|prty1830|qstn1830|YempzhoI|SchFwLuk|2008-04-15|New products|4.5.8|2022-03-24
kyqs1831|prty1831|qstn1831|iAGdFDuw|LoyCjQAA|2021-12-25|Alert Stacks|4.1.2|2022-03-24
kyqs1832|prty1832|qstn1832|JkFXQehT|kVlBKewk|2006-05-26|Onboarding|7.2.7|2022-03-24
kyqs1833|prty1833|qstn1833|DSGZUAjt|xdoYHVXR|2013-02-27|Onboarding|6.3.7|2022-03-24
kyqs1834|prty1834|qstn1834|VmnrCveY|FywAzovw|2009-04-03|Alert Stacks|8.4.6|2022-03-24
kyqs1835|prty1835|qstn1835|PHndNLZr|Gtfxixxf|2020-11-01|New products|3.6.2|2022-03-24
kyqs1836|prty1836|qstn1836|gQuSfTfr|aPSQpLgX|2013-10-26|New products|6.3.6|2022-03-24
kyqs1837|prty1837|qstn1837|uTrSuDET|ZSlNVJjP|2018-10-28|Alert Stacks|8.4.2|2022-03-24
kyqs1838|prty1838|qstn1838|zDJxNXtn|vhyULVNB|2019-06-13|Onboarding|7.3.5|2022-03-24
kyqs1839|prty1839|qstn1839|ZLBlcVPl|EnAIKgaJ|2002-01-27|Alert Stacks|6.4.8|2022-03-24
kyqs1840|prty1840|qstn1840|RUhKVcIr|sMbETnYC|2001-01-06|New products|7.6.4|2022-03-24
kyqs1841|prty1841|qstn1841|eGUgNvVT|syikFcme|2017-03-21|New products|8.8.4|2022-03-24
kyqs1842|prty1842|qstn1842|zTVoyCFy|bTKmtdcM|2017-06-19|New products|3.1.6|2022-03-24
kyqs1843|prty1843|qstn1843|LAxQHeUz|GtKAYqyI|2010-12-27|Volume increase|7.3.5|2022-03-24
kyqs1844|prty1844|qstn1844|EHTkgyZj|UQtLZLbr|2002-02-15|New products|1.4.7|2022-03-24
kyqs1845|prty1845|qstn1845|qMatkTsd|lpkHXFVs|2021-12-22|New products|7.4.8|2022-03-24
kyqs1846|prty1846|qstn1846|krwJHvBQ|RhuEWweF|2015-04-15|Onboarding|6.7.6|2022-03-24
kyqs1847|prty1847|qstn1847|dFpvzzXi|KJmqlUKp|2017-06-30|Alert Stacks|5.2.7|2022-03-24
kyqs1848|prty1848|qstn1848|RjtdRNEn|ggsUoEHJ|2020-09-16|Onboarding|3.3.5|2022-03-24
kyqs1849|prty1849|qstn1849|aTsxZeEf|zBywxpYy|2011-01-20|Alert Stacks|4.6.1|2022-03-24
kyqs1850|prty1850|qstn1850|PHfSaVek|HtBzolpJ|2000-04-11|Onboarding|5.2.4|2022-03-24
kyqs1851|prty1851|qstn1851|NpluUsEC|KTaZMSbB|2016-06-28|Alert Stacks|6.4.6|2022-03-24
kyqs1852|prty1852|qstn1852|NdjzyaaP|czoIkNbP|2020-07-30|New products|3.6.8|2022-03-24
kyqs1853|prty1853|qstn1853|qFQnEmZz|upixHHJZ|2015-04-04|Onboarding|2.5.5|2022-03-24
kyqs1854|prty1854|qstn1854|xMAzocNY|kYOxQtWu|2002-02-25|Alert Stacks|7.8.1|2022-03-24
kyqs1855|prty1855|qstn1855|VFfUgvmC|GscHLzBj|2013-12-10|New products|2.1.1|2022-03-24
kyqs1856|prty1856|qstn1856|mJnYaeEZ|uPFWIsNA|2019-12-15|Volume increase|8.4.5|2022-03-24
kyqs1857|prty1857|qstn1857|FFlfFYCU|tZBBemuh|2000-01-28|Alert Stacks|5.8.4|2022-03-24
kyqs1858|prty1858|qstn1858|qWxhEUtp|VCHfaxIK|2001-02-01|New products|4.7.5|2022-03-24
kyqs1859|prty1859|qstn1859|YptZicIx|vdjToNhx|2001-04-13|Onboarding|4.5.4|2022-03-24
kyqs1860|prty1860|qstn1860|RetqONPq|vlEDdDqK|2007-11-30|Volume increase|7.7.5|2022-03-24
kyqs1861|prty1861|qstn1861|aoovOlpF|yeEkfHac|2020-02-01|New products|7.5.1|2022-03-24
kyqs1862|prty1862|qstn1862|dxVRfdLm|ScSYGmGi|2014-08-01|Alert Stacks|3.3.8|2022-03-24
kyqs1863|prty1863|qstn1863|QkkxryPJ|KhPiJAWJ|2004-01-28|Alert Stacks|8.6.4|2022-03-24
kyqs1864|prty1864|qstn1864|JhFvLnol|xjvfGqbU|2001-06-23|New products|3.2.2|2022-03-24
kyqs1865|prty1865|qstn1865|FyheKXzY|yCxfYvnZ|2008-10-14|Alert Stacks|5.6.6|2022-03-24
kyqs1866|prty1866|qstn1866|sevNoytw|atAssKHq|2002-04-07|Volume increase|2.1.4|2022-03-24
kyqs1867|prty1867|qstn1867|iNonsmFu|PGspsNXy|2010-07-01|Alert Stacks|3.2.1|2022-03-24
kyqs1868|prty1868|qstn1868|kmoMMnlV|xlOnFvsU|2017-04-08|Volume increase|6.7.1|2022-03-24
kyqs1869|prty1869|qstn1869|jHhsbzYH|PMlrOBnd|2001-12-28|New products|1.8.2|2022-03-24
kyqs1870|prty1870|qstn1870|xVbqpViX|hBrXtCnU|2003-03-29|Onboarding|5.8.3|2022-03-24
kyqs1871|prty1871|qstn1871|ZuaLBgMT|zjiNSoYQ|2008-09-04|Onboarding|4.8.3|2022-03-24
kyqs1872|prty1872|qstn1872|CCdTYakR|YagRVbyq|2001-02-15|Alert Stacks|6.7.5|2022-03-24
kyqs1873|prty1873|qstn1873|tJcOIhDx|GAwOTeuL|2014-09-18|Alert Stacks|5.2.5|2022-03-24
kyqs1874|prty1874|qstn1874|GSpMnvRe|jMZvjCeO|2002-03-07|Onboarding|5.4.4|2022-03-24
kyqs1875|prty1875|qstn1875|vJraSvtM|nKULmtjf|2015-05-21|New products|3.8.1|2022-03-24
kyqs1876|prty1876|qstn1876|OiSNEDfU|YFKSTVdm|2006-07-24|Onboarding|8.7.1|2022-03-24
kyqs1877|prty1877|qstn1877|khdwdDBM|nQydLVDD|2006-09-12|Volume increase|3.6.2|2022-03-24
kyqs1878|prty1878|qstn1878|vQTlKTiC|tDRdqQqU|2015-10-10|Onboarding|2.1.6|2022-03-24
kyqs1879|prty1879|qstn1879|ZYCkwwmZ|IyYQtcvN|2006-02-11|Onboarding|6.6.3|2022-03-24
kyqs1880|prty1880|qstn1880|ivTygAMM|mwyuUATq|2016-06-22|New products|8.1.3|2022-03-24
kyqs1881|prty1881|qstn1881|ABLsZnwj|fAjRRcIX|2003-06-03|Alert Stacks|2.5.6|2022-03-24
kyqs1882|prty1882|qstn1882|LKagJwaN|jgqdeROO|2016-09-07|Alert Stacks|7.8.1|2022-03-24
kyqs1883|prty1883|qstn1883|LvycUtkR|zmyjyKYy|2014-01-27|New products|1.3.4|2022-03-24
kyqs1884|prty1884|qstn1884|TjPTDKec|NQDbyCcJ|2018-01-17|New products|8.7.1|2022-03-24
kyqs1885|prty1885|qstn1885|nXPeKZSY|mnwEClNX|2004-10-29|Onboarding|3.2.4|2022-03-24
kyqs1886|prty1886|qstn1886|xkTFvqKQ|pmSJHekJ|2021-09-05|Volume increase|1.3.6|2022-03-24
kyqs1887|prty1887|qstn1887|JofvTVRn|dETcMmOc|2011-02-14|Alert Stacks|7.5.7|2022-03-24
kyqs1888|prty1888|qstn1888|iezXKPia|qCFmwHlW|2000-02-15|Alert Stacks|6.1.6|2022-03-24
kyqs1889|prty1889|qstn1889|GdgfgiIP|WNZPINtl|2001-08-07|Onboarding|8.8.6|2022-03-24
kyqs1890|prty1890|qstn1890|GVSpCYZP|utJmhBKq|2016-01-26|Volume increase|4.7.2|2022-03-24
kyqs1891|prty1891|qstn1891|HhSdYklS|KcnOZCuh|2003-02-26|Onboarding|7.3.3|2022-03-24
kyqs1892|prty1892|qstn1892|ZxEwEsmr|fBnPJTVt|2010-02-11|Alert Stacks|8.5.5|2022-03-24
kyqs1893|prty1893|qstn1893|nTAbeVuL|ktKrlYHL|2006-02-28|Volume increase|2.7.3|2022-03-24
kyqs1894|prty1894|qstn1894|DmlAhRfZ|FnEHsGWN|2008-02-08|New products|4.5.8|2022-03-24
kyqs1895|prty1895|qstn1895|PnBALcYn|gNRjmAcF|2007-12-18|New products|4.5.1|2022-03-24
kyqs1896|prty1896|qstn1896|POXNWsgy|zSkgIbOY|2016-09-11|Volume increase|2.8.5|2022-03-24
kyqs1897|prty1897|qstn1897|ogsxrtey|xFMSxUnO|2011-04-14|Volume increase|4.4.7|2022-03-24
kyqs1898|prty1898|qstn1898|NLkzJImv|oWwHoebN|2006-06-23|Alert Stacks|6.6.1|2022-03-24
kyqs1899|prty1899|qstn1899|sejvsOhQ|gmaColgD|2007-02-12|Volume increase|6.5.2|2022-03-24
kyqs1900|prty1900|qstn1900|CidQhHjX|bofUVVXG|2012-04-11|New products|2.4.4|2022-03-24
kyqs1901|prty1901|qstn1901|WlNKEckt|uOgPdjou|2014-06-30|Alert Stacks|5.4.5|2022-03-24
kyqs1902|prty1902|qstn1902|VpcrHcoh|ieUsYDsE|2005-08-06|Volume increase|6.3.7|2022-03-24
kyqs1903|prty1903|qstn1903|bxHUGksr|xeHqGhCs|2012-11-14|Onboarding|1.3.3|2022-03-24
kyqs1904|prty1904|qstn1904|gDonwQCB|tfZLykZX|2002-08-05|Alert Stacks|3.5.4|2022-03-24
kyqs1905|prty1905|qstn1905|FJsHkkBW|GHWVKzuI|2010-02-06|Onboarding|6.1.1|2022-03-24
kyqs1906|prty1906|qstn1906|ukDclXSF|QnTJNRvD|2002-10-04|Onboarding|7.6.7|2022-03-24
kyqs1907|prty1907|qstn1907|DXHXNQDY|MZeoAALw|2000-08-11|Onboarding|5.8.3|2022-03-24
kyqs1908|prty1908|qstn1908|vJDHaVCT|CrgoLFer|2020-05-15|Volume increase|7.1.7|2022-03-24
kyqs1909|prty1909|qstn1909|zzjzZutK|rQJWNANh|2010-01-30|Alert Stacks|3.6.1|2022-03-24
kyqs1910|prty1910|qstn1910|XUYOuBjf|uKnYUtAy|2010-11-08|Alert Stacks|2.8.8|2022-03-24
kyqs1911|prty1911|qstn1911|GJBGherE|fGXzbqAQ|2012-11-20|New products|4.4.2|2022-03-24
kyqs1912|prty1912|qstn1912|kVTVaEsa|ABxaRFqn|2019-05-28|Volume increase|3.8.2|2022-03-24
kyqs1913|prty1913|qstn1913|hWlwRdxw|anaTAJoI|2006-08-23|Onboarding|7.4.3|2022-03-24
kyqs1914|prty1914|qstn1914|KCZSQhWh|xTewJdWT|2013-10-26|Onboarding|4.6.5|2022-03-24
kyqs1915|prty1915|qstn1915|iDPQeziT|KCrtEZvw|2020-07-19|Onboarding|3.5.2|2022-03-24
kyqs1916|prty1916|qstn1916|tksCIJuW|fxsaroDF|2016-12-25|Volume increase|2.3.3|2022-03-24
kyqs1917|prty1917|qstn1917|OnLawmuB|lsbQRFBc|2014-09-02|Onboarding|1.1.4|2022-03-24
kyqs1918|prty1918|qstn1918|dHJLCoXF|UOfpIhOP|2015-05-24|Alert Stacks|7.4.8|2022-03-24
kyqs1919|prty1919|qstn1919|bxwEpruO|bnBmOSQV|2011-12-27|Onboarding|4.3.2|2022-03-24
kyqs1920|prty1920|qstn1920|wYenxkfV|WwMGKnia|2000-01-24|Onboarding|1.5.2|2022-03-24
kyqs1921|prty1921|qstn1921|YApBCsAj|vHTgWyti|2007-11-30|Alert Stacks|8.8.6|2022-03-24
kyqs1922|prty1922|qstn1922|FPEPprun|mqkhkTDu|2007-05-30|Onboarding|7.4.2|2022-03-24
kyqs1923|prty1923|qstn1923|iaailFpQ|LyCmJVal|2017-01-15|New products|2.6.4|2022-03-24
kyqs1924|prty1924|qstn1924|sEYxFyNz|yHotXPTr|2018-01-24|Volume increase|2.6.6|2022-03-24
kyqs1925|prty1925|qstn1925|UbsZnnFH|rcKgvKHp|2008-02-08|Volume increase|6.3.7|2022-03-24
kyqs1926|prty1926|qstn1926|nrlBdJkf|YLYDJJEr|2019-03-18|Alert Stacks|2.1.4|2022-03-24
kyqs1927|prty1927|qstn1927|ePOwNaIN|jiDZzaFK|2019-07-24|Alert Stacks|7.6.5|2022-03-24
kyqs1928|prty1928|qstn1928|KuciPvNU|cXZDXTqU|2010-09-16|Onboarding|2.8.6|2022-03-24
kyqs1929|prty1929|qstn1929|ApJKpcbl|gZaKpqqZ|2019-11-08|New products|1.8.1|2022-03-24
kyqs1930|prty1930|qstn1930|WXDjXjYl|dWeEQklk|2019-05-17|New products|7.2.8|2022-03-24
kyqs1931|prty1931|qstn1931|MSfTVKAv|IPhRLAfs|2004-03-02|Volume increase|6.2.5|2022-03-24
kyqs1932|prty1932|qstn1932|drPxQfME|DBQWxWPE|2002-10-13|Onboarding|3.4.5|2022-03-24
kyqs1933|prty1933|qstn1933|ZnqnxqRs|ukUPFznT|2015-07-14|Alert Stacks|7.7.2|2022-03-24
kyqs1934|prty1934|qstn1934|HaidDNsB|GFcgmzCA|2018-05-20|New products|5.4.7|2022-03-24
kyqs1935|prty1935|qstn1935|lwsTWgBj|KWVxLlww|2014-03-27|Alert Stacks|3.1.1|2022-03-24
kyqs1936|prty1936|qstn1936|OVwfBkiW|HPaGZdyk|2005-03-31|Alert Stacks|6.6.3|2022-03-24
kyqs1937|prty1937|qstn1937|HEmRWMvv|SdAPhWSm|2003-12-21|Onboarding|3.7.6|2022-03-24
kyqs1938|prty1938|qstn1938|iLGMnpZT|ufemtsRy|2000-05-18|Alert Stacks|5.5.3|2022-03-24
kyqs1939|prty1939|qstn1939|kcXaSZRL|KPizvVHB|2015-08-05|Alert Stacks|7.2.4|2022-03-24
kyqs1940|prty1940|qstn1940|wTwsEXhl|jNnYoMbg|2001-07-23|Alert Stacks|3.6.1|2022-03-24
kyqs1941|prty1941|qstn1941|BVIFQQfC|UsvhZxDP|2002-03-12|Volume increase|5.2.6|2022-03-24
kyqs1942|prty1942|qstn1942|eRIrEuUD|CoLspdxv|2021-08-26|Onboarding|3.8.6|2022-03-24
kyqs1943|prty1943|qstn1943|DQUVWdoj|UHvvTfut|2004-01-09|Volume increase|4.6.7|2022-03-24
kyqs1944|prty1944|qstn1944|cwbuLCIK|ETncEAWU|2007-08-20|Onboarding|1.7.7|2022-03-24
kyqs1945|prty1945|qstn1945|TsoHWTjH|QzLJOhxj|2021-01-10|Onboarding|5.3.8|2022-03-24
kyqs1946|prty1946|qstn1946|cclpRcfU|izQdPETQ|2005-01-22|Volume increase|7.6.4|2022-03-24
kyqs1947|prty1947|qstn1947|YhWsmZqM|wsICrYFk|2008-01-02|Alert Stacks|4.7.5|2022-03-24
kyqs1948|prty1948|qstn1948|PMDjIrIk|wTtvIgDG|2001-05-01|Volume increase|6.3.4|2022-03-24
kyqs1949|prty1949|qstn1949|ZzlKHgjC|jMksidfE|2004-10-15|Alert Stacks|7.8.1|2022-03-24
kyqs1950|prty1950|qstn1950|hVYvGScZ|AUlzrirP|2018-12-07|Alert Stacks|1.3.3|2022-03-24
kyqs1951|prty1951|qstn1951|LGtKiNjY|uollDluI|2017-10-20|Onboarding|1.7.2|2022-03-24
kyqs1952|prty1952|qstn1952|BUpVgVNW|FyrMozei|2006-11-13|Volume increase|1.5.7|2022-03-24
kyqs1953|prty1953|qstn1953|IZjmeyvD|xhvitmdm|2000-11-09|Alert Stacks|8.1.2|2022-03-24
kyqs1954|prty1954|qstn1954|eihfohwv|IdukuSyG|2008-09-12|Onboarding|4.3.7|2022-03-24
kyqs1955|prty1955|qstn1955|KzfONCml|ugPFFAxI|2009-05-20|New products|4.8.2|2022-03-24
kyqs1956|prty1956|qstn1956|WKprhYxG|zLDiCgVk|2009-01-13|New products|3.5.2|2022-03-24
kyqs1957|prty1957|qstn1957|GzqzIMHc|TyOgTVPu|2004-06-07|New products|8.1.6|2022-03-24
kyqs1958|prty1958|qstn1958|nribSaMC|nKuBQyNq|2000-10-30|Alert Stacks|4.1.6|2022-03-24
kyqs1959|prty1959|qstn1959|pVGRdxYZ|StILXQsY|2017-02-27|New products|8.2.5|2022-03-24
kyqs1960|prty1960|qstn1960|rAnwWSXu|TIRRzMiy|2015-09-07|Onboarding|5.6.5|2022-03-24
kyqs1961|prty1961|qstn1961|MIlzHvFI|GNupQONF|2007-03-16|Onboarding|8.3.4|2022-03-24
kyqs1962|prty1962|qstn1962|PEciwduA|qrJhGzCm|2000-04-15|Onboarding|8.6.2|2022-03-24
kyqs1963|prty1963|qstn1963|QNHzxzQV|ThGnftTM|2017-02-23|Alert Stacks|6.1.4|2022-03-24
kyqs1964|prty1964|qstn1964|eBkXnFno|QvcHEHSF|2020-04-09|Alert Stacks|8.6.5|2022-03-24
kyqs1965|prty1965|qstn1965|qhGJpAYv|vzqcTWyX|2014-03-19|New products|6.5.4|2022-03-24
kyqs1966|prty1966|qstn1966|XZhruQYG|IlJauAIn|2018-01-28|New products|2.8.8|2022-03-24
kyqs1967|prty1967|qstn1967|SsAiERAQ|BEsCftyF|2003-07-11|New products|3.6.3|2022-03-24
kyqs1968|prty1968|qstn1968|ZSFTAJsc|qkiVAwys|2017-12-23|Onboarding|1.2.3|2022-03-24
kyqs1969|prty1969|qstn1969|ukHjkfyC|EfEZPKKg|2018-09-20|Onboarding|6.7.3|2022-03-24
kyqs1970|prty1970|qstn1970|reAAjSSs|rhgegbUg|2011-02-08|New products|4.4.2|2022-03-24
kyqs1971|prty1971|qstn1971|unYXuYCA|EUkxSJKg|2009-01-31|New products|7.6.6|2022-03-24
kyqs1972|prty1972|qstn1972|tKZpvJjs|qTisSgix|2014-03-16|Onboarding|1.1.1|2022-03-24
kyqs1973|prty1973|qstn1973|JLFvzoQe|nCjOmRmn|2018-04-20|New products|2.6.3|2022-03-24
kyqs1974|prty1974|qstn1974|SmjODspO|pPOtNnnj|2005-12-14|New products|7.4.2|2022-03-24
kyqs1975|prty1975|qstn1975|uTxGnYEF|jZxwRLIj|2001-09-07|Onboarding|2.6.8|2022-03-24
kyqs1976|prty1976|qstn1976|uyIhYWXU|gOxioKNz|2013-11-30|New products|4.2.2|2022-03-24
kyqs1977|prty1977|qstn1977|XCgnldJo|iqpEJFjZ|2006-12-28|Volume increase|4.2.6|2022-03-24
kyqs1978|prty1978|qstn1978|bAQOWBXz|fOlvUowO|2001-09-24|New products|6.5.6|2022-03-24
kyqs1979|prty1979|qstn1979|oyuQWyhI|VmIFfSRy|2012-02-20|New products|6.6.5|2022-03-24
kyqs1980|prty1980|qstn1980|rJBXkuzQ|TYAgUCEF|2007-09-02|Onboarding|1.1.8|2022-03-24
kyqs1981|prty1981|qstn1981|fCjcamAc|zScUSnRc|2015-09-09|New products|3.2.5|2022-03-24
kyqs1982|prty1982|qstn1982|cmbuwbTD|ShlNlYcs|2000-08-29|Onboarding|7.4.1|2022-03-24
kyqs1983|prty1983|qstn1983|duwOQhrv|poSSvXDd|2018-08-10|Onboarding|7.7.3|2022-03-24
kyqs1984|prty1984|qstn1984|pRCMrmcI|JVxspdMO|2019-10-12|Alert Stacks|2.1.7|2022-03-24
kyqs1985|prty1985|qstn1985|QbhhOtfP|xhuHMeYF|2014-09-05|New products|8.6.3|2022-03-24
kyqs1986|prty1986|qstn1986|mHiBGGjd|RzZEtDPZ|2014-07-11|Onboarding|6.6.1|2022-03-24
kyqs1987|prty1987|qstn1987|qmTHmyTa|ZhCNDsBP|2020-01-14|Volume increase|2.1.2|2022-03-24
kyqs1988|prty1988|qstn1988|kIvbBmzZ|PGvwztVH|2003-06-25|Alert Stacks|7.3.4|2022-03-24
kyqs1989|prty1989|qstn1989|pvqpVKiS|WkSNFLWe|2003-06-21|Volume increase|7.6.1|2022-03-24
kyqs1990|prty1990|qstn1990|VrkqJNpc|zNqgEfdj|2010-08-28|New products|1.5.3|2022-03-24
kyqs1991|prty1991|qstn1991|HevTiJHx|xWtpSLCo|2010-08-10|New products|1.3.7|2022-03-24
kyqs1992|prty1992|qstn1992|XBWJHvqb|UiiaDMoa|2011-07-03|Alert Stacks|6.4.4|2022-03-24
kyqs1993|prty1993|qstn1993|tJFIcThy|IkDrbKAt|2002-09-29|Onboarding|4.5.8|2022-03-24
kyqs1994|prty1994|qstn1994|ecRVqgLa|mkRoEqmk|2008-07-28|New products|1.6.5|2022-03-24
kyqs1995|prty1995|qstn1995|aLmCdLLf|MYfoDbOR|2012-10-06|Alert Stacks|3.4.8|2022-03-24
kyqs1996|prty1996|qstn1996|dsQhPgZL|byyswIhW|2019-12-17|New products|2.6.1|2022-03-24
kyqs1997|prty1997|qstn1997|QHcTGUVE|yAInIAWR|2020-09-27|Volume increase|2.6.3|2022-03-24
kyqs1998|prty1998|qstn1998|BhsJeznc|UiQfwZMT|2015-12-17|Volume increase|8.2.2|2022-03-24
kyqs1999|prty1999|qstn1999|sWYignxw|AQmQXqQp|2001-11-08|Volume increase|6.2.6|2022-03-24
kyqs2000|prty2000|qstn2000|jkiqClTi|YpuZtoEL|2020-12-07|Onboarding|6.3.5|2022-03-24
