Party_ID|Negative_Code|Start_Date|End_Date|Negative_Situation|Reference_Date
prty1001|ZahIwwmd|2006-02-11|2026-06-10|xyYDMSmG|2022-03-24
prty1002|BAPCyrgy|2008-03-09|2015-02-19|jhjYrdvP|2022-03-24
prty1003|vKiAmhXh|2008-03-11|2031-06-23|BnnROFbu|2022-03-24
prty1004|RRYbDCcr|2007-02-15|2012-12-27|WCCZMqXd|2022-03-24
prty1005|aNjTuMXI|2009-01-29|2017-02-14|eTjuEGZY|2022-03-24
prty1006|qeQvqxPR|2003-06-01|2021-12-22|fPoxUqxA|2022-03-24
prty1007|VxYKXvFf|2004-05-17|2025-09-30|rIRPjrZg|2022-03-24
prty1008|BoForWCA|2001-08-17|2021-04-05|QLppftDy|2022-03-24
prty1009|mSTLdRhP|2002-09-22|2023-08-06|cPBHYmIu|2022-03-24
prty1010|dVFBGQUk|2007-04-16|2011-12-02|VJmbdpeA|2022-03-24
prty1011|efbMtBQf|2004-05-22|2029-03-12|JWWBEQRF|2022-03-24
prty1012|muoTGRlo|2004-12-25|2022-03-18|dBEJhxLR|2022-03-24
prty1013|IHRxNOWt|2002-04-09|2030-10-03|ZXFaIhtd|2022-03-24
prty1014|LDPFHhdg|2003-08-27|2028-02-04|OxLUwFFq|2022-03-24
prty1015|BADklaZl|2000-08-17|2011-11-15|lZAXsDPk|2022-03-24
prty1016|NkiSnjgO|2009-07-16|2016-10-19|irGfNBgK|2022-03-24
prty1017|MYYGoZjC|2006-03-06|2014-07-08|iYEuMnkM|2022-03-24
prty1018|FBDSFpWB|2008-02-03|2018-02-08|bhcIRMlC|2022-03-24
prty1019|kNpvjHSg|2002-04-18|2030-10-10|JjHHDSDv|2022-03-24
prty1020|seRePPlo|2007-01-28|2019-02-12|Msomjuue|2022-03-24
prty1021|NiVMvJTC|2003-09-03|2028-08-19|gWAwHSrv|2022-03-24
prty1022|rrmGsRzz|2002-04-15|2011-06-21|hipAZXEX|2022-03-24
prty1023|fskIZnug|2010-01-08|2028-12-30|FSjHxQbr|2022-03-24
prty1024|HUIPwZXd|2001-04-28|2029-05-23|yYpfJutH|2022-03-24
prty1025|KyXdcGer|2001-04-05|2015-05-17|zcrxtphR|2022-03-24
prty1026|HIkssNUR|2001-02-13|2014-07-12|XDXqHdyk|2022-03-24
prty1027|CDBHigrZ|2008-12-12|2015-08-03|gOjDpLOF|2022-03-24
prty1028|iWuLtvxG|2007-05-26|2025-01-26|JUuThgFs|2022-03-24
prty1029|ZpridLCZ|2001-12-01|2014-09-18|RkxGnIPP|2022-03-24
prty1030|cMRXyFEz|2005-06-14|2025-11-01|dmhlYxdT|2022-03-24
prty1031|EIyIppsv|2003-05-26|2022-07-20|UhImaoEU|2022-03-24
prty1032|lcIfDKpk|2001-05-06|2018-07-26|pxeSWIXF|2022-03-24
prty1033|VjDREiVT|2005-06-09|2024-01-13|FFkwiAYJ|2022-03-24
prty1034|UVDdFLcf|2003-03-12|2013-04-16|ePSAenlU|2022-03-24
prty1035|OkRwSoJb|2008-11-29|2017-07-27|XArKtnoo|2022-03-24
prty1036|BOCxmzns|2005-10-27|2025-08-16|YaVpAVeE|2022-03-24
prty1037|clNdxhOT|2002-01-24|2025-07-16|cTJjoIoe|2022-03-24
prty1038|MPEIZcjO|2008-01-24|2014-07-04|xyUDptTR|2022-03-24
prty1039|ATbkZBOw|2008-04-06|2019-03-18|eKxEZXzQ|2022-03-24
prty1040|wySWcHxr|2005-09-15|2024-06-13|qCkuhfXK|2022-03-24
prty1041|TuwBsuac|2000-06-13|2031-10-18|HMKrMQAe|2022-03-24
prty1042|cOwSsKvI|2007-03-05|2023-04-01|WvNSbYkn|2022-03-24
prty1043|rBxQZzcW|2001-09-27|2015-10-02|qzUVePGC|2022-03-24
prty1044|SdgwuBMC|2006-02-17|2011-12-06|ExCiKbJq|2022-03-24
prty1045|CDnOroTd|2001-07-18|2026-03-08|gJWonrvp|2022-03-24
prty1046|LzSgIljY|2010-04-21|2022-12-02|VHidyfQV|2022-03-24
prty1047|yMssBSXO|2009-10-20|2028-12-16|VhZyCmWM|2022-03-24
prty1048|MREBENZn|2009-03-05|2016-09-02|igCdjGFO|2022-03-24
prty1049|ufgAzRre|2008-12-20|2016-02-23|VcgKBDcS|2022-03-24
prty1050|aDjASMnA|2000-07-14|2029-05-01|OpZDcvgo|2022-03-24
prty1051|psWbXddc|2009-11-30|2018-05-26|iTPqJcJf|2022-03-24
prty1052|fQLSNbHW|2007-04-14|2017-09-12|bZXgRxCF|2022-03-24
prty1053|HgGGaSXb|2003-12-17|2023-06-21|PWbRNOnu|2022-03-24
prty1054|ahkeeUZs|2006-08-11|2031-05-15|WALmfWtz|2022-03-24
prty1055|jivURzMH|2001-02-17|2020-01-16|bDjRRgqd|2022-03-24
prty1056|RHvAVeqM|2006-02-03|2016-12-19|CQqEMtsO|2022-03-24
prty1057|iAKxWGMQ|2002-12-01|2030-01-30|kdtHtFUT|2022-03-24
prty1058|ngfGHQOH|2003-03-06|2017-03-24|UZJqRwAp|2022-03-24
prty1059|bKVJGiQO|2007-10-11|2015-05-22|SHMpliYU|2022-03-24
prty1060|HpPRaZwv|2004-04-15|2015-02-11|SigmbMCl|2022-03-24
prty1061|nMJBsmcZ|2010-03-24|2029-01-04|PWMtfGdV|2022-03-24
prty1062|WTIZCFyS|2007-09-29|2027-04-19|QOQnTCiH|2022-03-24
prty1063|RLCjqwjq|2001-04-09|2019-04-21|rCMkQDrJ|2022-03-24
prty1064|NHRpJRcF|2003-08-22|2023-01-13|CfVCmURn|2022-03-24
prty1065|YexjSBCV|2000-10-25|2020-07-05|BTGwzuZo|2022-03-24
prty1066|MyxLWVAT|2009-01-31|2011-12-14|rfjDzbwW|2022-03-24
prty1067|rbyRxMqK|2007-12-05|2019-03-22|XeUhPFyU|2022-03-24
prty1068|KivEbqcQ|2004-04-16|2016-04-02|srfXlLKw|2022-03-24
prty1069|KSHGsSFJ|2003-08-07|2029-07-20|uXLizjUS|2022-03-24
prty1070|lnABWVJV|2002-05-16|2012-09-24|XiTINmAF|2022-03-24
prty1071|ICMzprhU|2002-05-04|2012-07-13|OEvrPfNk|2022-03-24
prty1072|WmPpzQes|2009-01-26|2017-02-19|QVYDVYEJ|2022-03-24
prty1073|OXFUdWFd|2007-10-30|2016-02-18|LgpUdSFI|2022-03-24
prty1074|UAzSYzoG|2002-04-01|2014-10-02|vJwYEeDW|2022-03-24
prty1075|hVVWJcmN|2002-08-08|2016-03-24|DOfgzNlS|2022-03-24
prty1076|fPaHswed|2008-04-18|2012-06-22|pSTydbrg|2022-03-24
prty1077|yEkBJFKm|2000-01-04|2017-02-04|kofEblFS|2022-03-24
prty1078|CjYEdzrz|2006-09-14|2020-04-19|JQzHoxUc|2022-03-24
prty1079|AbgDuWPz|2005-07-04|2012-02-29|hfIdvKei|2022-03-24
prty1080|fQnPODUe|2007-05-09|2027-11-30|wMguSYoc|2022-03-24
prty1081|MlUTMQJD|2001-10-28|2023-06-12|LQTYggSg|2022-03-24
prty1082|UcsgZcnG|2008-05-17|2016-11-26|qHkfTWYX|2022-03-24
prty1083|HzIRKxDk|2007-07-15|2027-06-14|XjUKRhuF|2022-03-24
prty1084|LqUIfbGg|2008-01-29|2014-04-25|RSZVNOiG|2022-03-24
prty1085|fopStlhd|2004-04-19|2026-05-07|tnJVuYXI|2022-03-24
prty1086|bVjrvgKQ|2009-09-07|2022-05-31|hWaoyHzp|2022-03-24
prty1087|peWqdMaD|2008-02-25|2029-12-08|XVyhyoIP|2022-03-24
prty1088|LCFeFiUg|2000-09-08|2024-12-23|neVbYDQd|2022-03-24
prty1089|ZOeOxKiY|2004-02-11|2019-04-07|ZUBKZtwE|2022-03-24
prty1090|iFqPboQH|2000-12-04|2016-11-05|dzZrsqkj|2022-03-24
prty1091|ZXbnkNVf|2004-10-26|2016-09-11|ELSBeqem|2022-03-24
prty1092|ohonaqvv|2003-10-02|2013-05-12|eXzPHoOa|2022-03-24
prty1093|ACsqoxDb|2009-10-18|2021-12-16|BowpyiBM|2022-03-24
prty1094|CjGTSkdS|2006-03-17|2017-01-04|vUzHJtbf|2022-03-24
prty1095|OWSAdAEi|2002-10-01|2027-12-28|YJNlpWUy|2022-03-24
prty1096|TFoUghsE|2005-07-05|2013-09-13|dZdJDdIb|2022-03-24
prty1097|dYLJjfcu|2009-03-31|2029-04-16|jQCheHdi|2022-03-24
prty1098|qUQGGOcW|2007-11-23|2030-03-11|MiLUVYOh|2022-03-24
prty1099|YdudARkG|2010-03-18|2013-04-01|kHkTEksH|2022-03-24
prty1100|glTYULRz|2003-07-06|2023-08-15|kjcxOlRw|2022-03-24
prty1101|ntnoTPEk|2002-09-28|2024-01-20|VFVWJvTD|2022-03-24
prty1102|rLprScNC|2002-11-19|2027-06-06|MdyDjDyJ|2022-03-24
prty1103|egjkzvTW|2004-01-06|2026-11-03|vcxmnnri|2022-03-24
prty1104|zoOIekIq|2001-05-10|2025-10-06|zLiowGHk|2022-03-24
prty1105|oRGlVlFX|2010-06-10|2030-03-31|MAzRuxZT|2022-03-24
prty1106|QmQAbRdH|2006-12-07|2019-02-08|UmWNQkns|2022-03-24
prty1107|braDuDJJ|2006-06-11|2018-10-22|SrEqXchn|2022-03-24
prty1108|VSJBhujI|2000-01-15|2023-11-15|TNklWrPZ|2022-03-24
prty1109|zMdkksZe|2010-01-19|2020-07-28|BrIPnjjI|2022-03-24
prty1110|NZvJjoOX|2001-11-06|2026-12-03|RYBhAGJj|2022-03-24
prty1111|LFbFkQYW|2010-10-01|2023-10-31|lTuiVlnY|2022-03-24
prty1112|yhCrXnaQ|2002-03-04|2015-12-19|mDsmPdmT|2022-03-24
prty1113|rprKOPnD|2005-02-03|2022-01-16|qONrFbEf|2022-03-24
prty1114|YHidArlQ|2010-03-24|2024-07-09|teuAEkSS|2022-03-24
prty1115|amCGnRso|2001-01-05|2024-01-15|xbBOcqfY|2022-03-24
prty1116|qnoAQduG|2006-01-29|2021-07-03|OpcymOqo|2022-03-24
prty1117|ObOeDpVs|2008-12-28|2012-12-06|qNYdGvOe|2022-03-24
prty1118|YJzxEIqt|2001-02-10|2029-03-26|QQPlWyDZ|2022-03-24
prty1119|qHbHSRiC|2006-12-09|2026-06-26|rQoWrNPA|2022-03-24
prty1120|xwntOCHG|2002-07-17|2011-09-14|LdqfYjAt|2022-03-24
prty1121|PYypHjyI|2007-12-06|2028-07-11|MLxlKzok|2022-03-24
prty1122|gOUJBxHi|2003-09-12|2028-10-07|BVhEGsnu|2022-03-24
prty1123|bUrYCwuZ|2004-12-10|2019-05-10|BrslkGlD|2022-03-24
prty1124|EfNoZZCd|2000-09-08|2017-05-05|CpLObksn|2022-03-24
prty1125|jhZdLoCG|2001-02-26|2016-06-04|iSvoTRFh|2022-03-24
prty1126|nZRnRRtK|2005-12-20|2019-11-03|mbFTAPiH|2022-03-24
prty1127|ZgpEydIJ|2007-07-22|2022-04-14|xMdLbhJS|2022-03-24
prty1128|BCSJUDMQ|2002-04-27|2021-10-09|RHYkhdfM|2022-03-24
prty1129|ttYoHHrb|2000-03-22|2016-03-28|omKObvja|2022-03-24
prty1130|mxfqmQkl|2009-12-15|2021-01-02|EoUdTpaD|2022-03-24
prty1131|zBmKTUPR|2004-01-09|2031-04-28|azcMTtsQ|2022-03-24
prty1132|KbIFZYPL|2000-08-20|2028-12-23|hIytPxYa|2022-03-24
prty1133|RyRSnmav|2003-04-23|2026-01-04|SCYnnsci|2022-03-24
prty1134|SxBNhFSf|2001-11-29|2011-04-04|xhSNEiGg|2022-03-24
prty1135|PRybRKEI|2000-08-15|2021-05-21|wEGZIuhh|2022-03-24
prty1136|verYhewS|2005-03-10|2029-11-06|alOyQFGS|2022-03-24
prty1137|ZWtuJgNr|2007-08-20|2014-10-03|upVxTthN|2022-03-24
prty1138|MZoRsyeO|2005-08-11|2024-01-24|MkeBUqLj|2022-03-24
prty1139|CLlZeRMq|2005-01-20|2027-04-19|PtoePaJO|2022-03-24
prty1140|OaGJzxwV|2009-06-30|2015-01-26|GUjMKkCc|2022-03-24
prty1141|iuapzymx|2004-08-09|2020-10-27|HHyNSUMT|2022-03-24
prty1142|VVJqsnsY|2004-08-21|2023-01-03|ffxbsXBJ|2022-03-24
prty1143|vdwWYooC|2010-12-26|2014-09-28|CytVAZWk|2022-03-24
prty1144|kZAATYXZ|2007-08-25|2020-03-25|ZkTFzhwV|2022-03-24
prty1145|AXMMlkYE|2004-03-07|2029-01-26|NAIwgprO|2022-03-24
prty1146|OjNdGMCn|2006-04-20|2030-02-16|sYgzYTFZ|2022-03-24
prty1147|VNNYuqKN|2008-07-15|2013-09-09|vupvvBCK|2022-03-24
prty1148|XAXVEsJf|2003-11-19|2026-02-16|rYlUfDIe|2022-03-24
prty1149|OhCOWhej|2005-08-25|2018-01-12|tgYYWfty|2022-03-24
prty1150|PbfqovzH|2005-07-21|2017-08-30|hdxurXzp|2022-03-24
prty1151|AQMAnWlu|2005-04-30|2026-03-04|gGYHJLTc|2022-03-24
prty1152|uPuBdYVn|2005-11-21|2025-04-22|lLWxcDHo|2022-03-24
prty1153|nELWGuaZ|2010-10-04|2027-07-12|cRlpMGlm|2022-03-24
prty1154|TCamATOE|2006-01-25|2023-10-15|OFFRRcOX|2022-03-24
prty1155|xzDaThtm|2001-05-15|2023-06-08|TEGeZiae|2022-03-24
prty1156|XQPiDkEd|2006-05-18|2025-04-25|kPxJFKbr|2022-03-24
prty1157|EAaqZKVA|2001-11-27|2018-06-24|JTrRdkLX|2022-03-24
prty1158|VFWQVlJv|2005-05-07|2013-07-09|LgxfmWZQ|2022-03-24
prty1159|JFNmGHHY|2006-11-26|2016-11-05|thKdZzjV|2022-03-24
prty1160|tfOjnMvE|2004-02-17|2016-04-13|qlpCNWyU|2022-03-24
prty1161|vTvwRHBv|2008-10-26|2015-10-18|RPJXFEaN|2022-03-24
prty1162|QXMJRhfh|2007-07-05|2018-12-14|GEgSluGK|2022-03-24
prty1163|gLqfzaHI|2008-01-03|2024-02-13|pigJKOIL|2022-03-24
prty1164|VoRKliwm|2008-08-08|2019-09-16|bgoFxCdC|2022-03-24
prty1165|KhROeAel|2004-12-22|2022-08-18|zCxyXrXb|2022-03-24
prty1166|YflcpkgJ|2009-02-09|2027-05-21|WAlmywKd|2022-03-24
prty1167|HweIGlEJ|2007-07-07|2030-09-08|FDiZLVsI|2022-03-24
prty1168|KubdYqus|2007-10-25|2025-08-18|hRuEamRR|2022-03-24
prty1169|aXBWEzcr|2004-08-17|2018-05-27|ptRwGiaP|2022-03-24
prty1170|vFApnbqx|2005-03-18|2015-02-17|fFaecdFy|2022-03-24
prty1171|VBEnvLHd|2007-08-15|2030-04-22|VPtEUOiw|2022-03-24
prty1172|nMehdElh|2002-12-27|2029-07-20|cXkyavjL|2022-03-24
prty1173|gEMgNjCO|2008-03-24|2022-04-25|PrXVnaJt|2022-03-24
prty1174|ILPoItTy|2010-06-21|2025-12-18|MmUgnqMy|2022-03-24
prty1175|AmYyvQfF|2001-03-17|2024-03-23|IaCfApJb|2022-03-24
prty1176|LyYObnGr|2007-04-19|2028-10-07|xXPsjbqp|2022-03-24
prty1177|fxVioJtR|2007-08-17|2020-04-30|BbdsQAqd|2022-03-24
prty1178|MFeKkRLr|2005-01-01|2030-07-26|nPGvveLU|2022-03-24
prty1179|spZgLACa|2008-09-21|2031-07-06|BJblAMqC|2022-03-24
prty1180|qUkVTZPs|2007-08-31|2011-01-06|bTuBkQeA|2022-03-24
prty1181|GxEwqKSM|2001-04-12|2020-10-13|uyLBUmZV|2022-03-24
prty1182|OLWfLYbl|2003-04-22|2022-05-21|ZeNqlmmP|2022-03-24
prty1183|RPJrObpZ|2002-03-18|2021-05-05|MniiDUYl|2022-03-24
prty1184|BxdwSBmb|2001-05-19|2015-07-08|CYLtdHeV|2022-03-24
prty1185|apXUltvG|2005-05-30|2026-02-19|siOpUHYB|2022-03-24
prty1186|eggiEQmW|2007-06-19|2012-10-06|zvpVomJH|2022-03-24
prty1187|iVpnWEdZ|2000-10-09|2019-05-16|MmObXhHy|2022-03-24
prty1188|vsrNAKbD|2002-01-29|2015-12-05|ZeQoQawM|2022-03-24
prty1189|jpzHEfAu|2005-10-29|2028-07-15|Aukvigyt|2022-03-24
prty1190|LRtLzxip|2004-06-19|2013-04-24|tlteJRKZ|2022-03-24
prty1191|DNLfFRPg|2008-08-03|2015-06-21|EagPjhhu|2022-03-24
prty1192|dsTqaNZU|2000-04-23|2030-09-22|KJFjMJSM|2022-03-24
prty1193|LBykYCzM|2006-10-26|2016-02-27|TuNqNGZH|2022-03-24
prty1194|QFVdaQbd|2005-04-10|2014-10-26|tzuVMIHT|2022-03-24
prty1195|mijfPtCk|2008-04-08|2019-06-23|HLPrTAPn|2022-03-24
prty1196|iCndNgnV|2009-09-24|2031-12-29|NJuumWvt|2022-03-24
prty1197|BNPShEJp|2006-05-13|2024-07-03|EivpvDMv|2022-03-24
prty1198|DltsSdGE|2005-01-28|2019-03-07|ALbarLrq|2022-03-24
prty1199|gFrborPc|2005-02-23|2028-09-13|acJtDiOF|2022-03-24
prty1200|mWsFmQQg|2002-09-04|2026-09-21|VUTetBXT|2022-03-24
prty1201|oIKtsYWs|2004-08-05|2020-03-20|XyNkxdEV|2022-03-24
prty1202|BPDysSTN|2010-10-20|2018-03-07|gLHsvfYy|2022-03-24
prty1203|fKjJfKvu|2010-10-28|2012-05-24|DChJKmQz|2022-03-24
prty1204|AXpQKTlP|2003-08-11|2018-01-10|pEYYnefa|2022-03-24
prty1205|PPkMouwG|2001-03-13|2018-12-16|wSDDahOi|2022-03-24
prty1206|XXHmMpsD|2009-11-02|2028-01-22|CGrEiSNJ|2022-03-24
prty1207|VZYQYzdR|2000-01-16|2023-05-05|YsJXwWsf|2022-03-24
prty1208|ldAnhvmO|2006-09-26|2020-12-06|sUcBkpNh|2022-03-24
prty1209|wCStgmpa|2006-03-15|2025-06-10|MUiXvtxk|2022-03-24
prty1210|aSGjZOPK|2009-07-13|2021-03-27|nVTCFexi|2022-03-24
prty1211|jOgOCffb|2009-09-14|2027-05-11|XkBMYfWS|2022-03-24
prty1212|kxufjrQN|2002-10-10|2018-08-14|GaobxAfi|2022-03-24
prty1213|UDxgZPRj|2003-05-21|2018-10-13|tGbsyCRi|2022-03-24
prty1214|ugLOaScR|2004-11-30|2021-08-10|sJLuRdGM|2022-03-24
prty1215|YULnAWre|2001-08-20|2012-05-08|oJNAJKot|2022-03-24
prty1216|sdOTLYJp|2006-08-24|2023-04-05|YPocuvVX|2022-03-24
prty1217|HNLwoszM|2006-03-15|2022-08-02|wqNFoRug|2022-03-24
prty1218|CYUGsPNh|2009-10-03|2026-04-08|HvzGvEWr|2022-03-24
prty1219|XyypIoCG|2004-05-16|2020-02-17|EZSVbxKh|2022-03-24
prty1220|naRfyeXA|2002-08-14|2011-11-10|BTUMigsI|2022-03-24
prty1221|VWlHSQes|2007-12-22|2031-07-15|TCEhIerK|2022-03-24
prty1222|sihGuLyH|2002-11-01|2030-08-22|yBvqSTok|2022-03-24
prty1223|pLigcrgz|2007-02-04|2022-04-05|tWnfXzeL|2022-03-24
prty1224|inmycvhd|2001-02-13|2016-09-20|DebjmXTG|2022-03-24
prty1225|VTAfagFp|2004-10-05|2012-06-02|GPmuPUNv|2022-03-24
prty1226|TxNXGEOR|2007-01-29|2019-04-11|DqZJhZMZ|2022-03-24
prty1227|wVxxLnTv|2005-06-30|2028-07-17|WxFzHquf|2022-03-24
prty1228|iwucPgIp|2008-04-17|2025-06-25|BYCXviIW|2022-03-24
prty1229|yYAsiGvL|2008-02-17|2013-10-11|rWDeeyNw|2022-03-24
prty1230|ciuTbsXK|2004-12-11|2020-11-05|iPoItSpW|2022-03-24
prty1231|FcMXsfCi|2008-03-09|2023-12-21|qzmdXgJa|2022-03-24
prty1232|kNRmVEuk|2009-01-01|2022-10-16|vKaMixet|2022-03-24
prty1233|lQwMqArk|2000-10-06|2024-09-01|GSwxfvzA|2022-03-24
prty1234|TFpmeqQP|2001-03-12|2016-02-25|giYAPgvS|2022-03-24
prty1235|oZCTVBEM|2001-12-09|2028-03-21|qiyoamNs|2022-03-24
prty1236|PuxekNiL|2000-10-27|2028-01-27|FnlerKYC|2022-03-24
prty1237|njZHmCLg|2010-08-09|2026-03-26|FiYgYrsP|2022-03-24
prty1238|nicqVYnC|2007-11-30|2018-01-22|yHrIONXE|2022-03-24
prty1239|OiJMpkwg|2008-11-03|2031-01-07|etaVMzDh|2022-03-24
prty1240|bxWUoDES|2009-04-08|2031-01-07|YwBjfiyw|2022-03-24
prty1241|ONeqneVX|2009-01-03|2013-01-06|CLLsIUwR|2022-03-24
prty1242|GCCcXDBi|2004-06-21|2017-09-29|GgvLAmNf|2022-03-24
prty1243|FKPWnMOY|2008-03-24|2023-12-23|mMVjLjyJ|2022-03-24
prty1244|ZFznDlcK|2006-04-28|2025-09-06|zvYmdKxY|2022-03-24
prty1245|gVprfLqz|2001-01-22|2018-04-04|AprUDHKB|2022-03-24
prty1246|cuHExyTQ|2004-10-03|2021-09-11|IcBjpHDQ|2022-03-24
prty1247|ybaAmuFe|2004-11-26|2018-09-19|PzNCfjQv|2022-03-24
prty1248|EhAnIbMQ|2008-11-30|2013-05-04|UkuVoIYn|2022-03-24
prty1249|WsTpOzWs|2008-01-16|2014-08-15|mjLIaxFZ|2022-03-24
prty1250|qyfKkwhI|2003-11-01|2031-04-05|iSAWyibX|2022-03-24
prty1251|OaudRjhc|2000-01-09|2030-05-13|PovoMHyY|2022-03-24
prty1252|fzRMwWfm|2009-12-26|2017-06-28|AVSvZeRp|2022-03-24
prty1253|eFybIKXO|2007-10-02|2029-01-21|AwuuAUrH|2022-03-24
prty1254|iRoudbYJ|2007-12-09|2031-10-11|zsWzTYIz|2022-03-24
prty1255|HAkJbieO|2008-09-02|2031-10-07|lQYuFWsf|2022-03-24
prty1256|gMhtSRXO|2002-04-24|2012-08-31|MltNvezO|2022-03-24
prty1257|dpiSEFeD|2000-01-29|2017-09-26|EzMwRplB|2022-03-24
prty1258|woxcNScm|2002-05-31|2021-07-15|patHbJmP|2022-03-24
prty1259|isjNHxeV|2007-01-10|2014-12-15|FLPwlDCt|2022-03-24
prty1260|CoEQxfjl|2006-02-21|2030-12-03|mwKoefSH|2022-03-24
prty1261|pbOerMQX|2005-01-28|2018-04-16|CoDUaViA|2022-03-24
prty1262|HeTnWpIo|2000-12-25|2011-01-31|qaodBHJA|2022-03-24
prty1263|YwIHoHjL|2002-08-07|2028-10-12|YOdGPMdl|2022-03-24
prty1264|UCkNethy|2003-06-03|2022-03-10|XZJfUqlR|2022-03-24
prty1265|hVbwePec|2001-07-05|2030-10-29|UHPDMWYx|2022-03-24
prty1266|SlwEzOaU|2003-07-09|2012-09-05|iGIIYMcF|2022-03-24
prty1267|OTSGXZRk|2005-12-03|2024-09-20|sAUgKERz|2022-03-24
prty1268|PqwKCcjB|2003-01-16|2015-10-18|cnnlyRux|2022-03-24
prty1269|xfEQFiwy|2003-06-15|2029-05-19|gixcmXfP|2022-03-24
prty1270|YzkEELRo|2000-02-24|2023-11-20|VRCstQrQ|2022-03-24
prty1271|qdmNsqKy|2003-10-14|2020-03-22|sNTntfuD|2022-03-24
prty1272|UudDuOAj|2002-06-27|2022-12-10|BthnCwom|2022-03-24
prty1273|fsOWfFyE|2002-07-27|2027-10-16|VIgYxjBQ|2022-03-24
prty1274|YbdVDoIz|2008-05-21|2014-07-28|XfVPxArY|2022-03-24
prty1275|eVqIgHoU|2003-10-03|2023-03-02|jvWmGmgx|2022-03-24
prty1276|iZjLKaEF|2009-10-14|2027-11-20|PfjTQqZk|2022-03-24
prty1277|FjuChvmY|2001-01-29|2024-03-14|HJYOpUdE|2022-03-24
prty1278|RyWvVTMF|2000-08-20|2015-11-05|RaFRPNgr|2022-03-24
prty1279|KmfIsIlZ|2002-08-31|2027-04-12|PxHQWAnE|2022-03-24
prty1280|skRGlPZz|2006-08-08|2022-01-27|zqVNoebV|2022-03-24
prty1281|IWyypBKI|2000-07-19|2031-09-01|eoxQCgMp|2022-03-24
prty1282|nUsKstaq|2000-03-23|2015-09-21|CWhypxSa|2022-03-24
prty1283|qBFlRrBx|2009-04-21|2015-07-29|DGDyXWKv|2022-03-24
prty1284|eBvjBWzI|2010-12-07|2019-07-24|FyaelOWs|2022-03-24
prty1285|ouPGrhYH|2001-01-12|2029-07-07|LoBJgtHB|2022-03-24
prty1286|pqRMiuAf|2010-11-05|2022-06-22|xcWhrrdp|2022-03-24
prty1287|sUFLZfWD|2001-06-10|2019-02-27|ZqZUWXLA|2022-03-24
prty1288|nxqkDBjT|2004-09-17|2018-05-24|QqlfoSHH|2022-03-24
prty1289|qEkywcZg|2002-02-25|2011-06-23|oRQLZYLi|2022-03-24
prty1290|wLUrDpii|2008-01-21|2011-01-04|ugiRVSip|2022-03-24
prty1291|KfwqzkUh|2007-12-15|2031-12-20|rCugpSvm|2022-03-24
prty1292|JHVrfZIl|2000-04-10|2024-11-02|favcLqVf|2022-03-24
prty1293|TrndPRbs|2000-03-25|2017-09-30|CXPuHkkA|2022-03-24
prty1294|gJSJlMcd|2004-03-07|2018-09-29|argPezhm|2022-03-24
prty1295|jirfnvDe|2003-09-23|2028-04-25|woCavOlm|2022-03-24
prty1296|ehgYsEcH|2005-07-10|2031-08-12|ytTRbMxk|2022-03-24
prty1297|WpFAIOxP|2000-06-12|2022-07-07|UXuGqOia|2022-03-24
prty1298|FLzSQKCU|2002-11-03|2011-10-06|pkNgtsbR|2022-03-24
prty1299|fEgnDBIB|2000-07-07|2020-03-29|hwcgOdlD|2022-03-24
prty1300|sKHbOWVm|2002-04-02|2014-06-23|fXrkxjaC|2022-03-24
prty1301|ZGnbCUBb|2010-10-01|2015-07-13|VOoXlNqH|2022-03-24
prty1302|TaWBeczJ|2002-11-15|2029-04-15|pSYgBwSm|2022-03-24
prty1303|aWhDQZvP|2004-12-16|2013-02-09|uIwurWfS|2022-03-24
prty1304|kSnnheup|2010-11-10|2016-11-14|ledsHPNt|2022-03-24
prty1305|BgCawtwm|2008-11-29|2012-10-20|xfAHubbC|2022-03-24
prty1306|pVbMbDlS|2005-05-29|2027-09-18|NTpbbtfF|2022-03-24
prty1307|BmKKrQfy|2001-07-16|2016-12-09|QxMCciri|2022-03-24
prty1308|xwxVDYmO|2009-08-03|2019-07-05|IxwPzNfl|2022-03-24
prty1309|gAEoNwnO|2008-12-29|2030-07-26|HGDvxWHI|2022-03-24
prty1310|rOIPTNnp|2002-05-18|2026-09-25|VRZLPtDY|2022-03-24
prty1311|DRdOPtbo|2000-01-01|2024-05-11|ygHvfEae|2022-03-24
prty1312|PwGfofgP|2006-11-22|2031-12-19|NsSThuEU|2022-03-24
prty1313|MxuKjoXV|2004-02-10|2019-12-27|PqZZAMfG|2022-03-24
prty1314|gSRDMtrs|2004-09-03|2031-04-28|rFXlDYFG|2022-03-24
prty1315|TNicjciQ|2002-08-21|2018-03-31|TfuqqzXR|2022-03-24
prty1316|dCNBfcUx|2007-07-25|2029-10-26|KOnjkcgW|2022-03-24
prty1317|FPlcTzot|2005-03-24|2017-04-21|pLUniuCf|2022-03-24
prty1318|CxVFOWjY|2005-10-18|2027-08-17|EkwXzuTZ|2022-03-24
prty1319|YRkkeTeF|2002-06-26|2014-05-13|VDQDrapS|2022-03-24
prty1320|qluznfjw|2000-10-30|2016-11-01|DkDBdKTH|2022-03-24
prty1321|kJotQQfu|2002-06-12|2013-05-18|ajvqFFLJ|2022-03-24
prty1322|nbTJEheP|2010-08-24|2019-12-15|AwWsRuej|2022-03-24
prty1323|xMVSDyYT|2005-03-24|2023-08-21|agOlfzgU|2022-03-24
prty1324|rYKxnSbI|2002-06-08|2014-03-06|LyPxLajw|2022-03-24
prty1325|VucNWtJf|2007-12-09|2017-11-14|CpWjsLpZ|2022-03-24
prty1326|StzUePxk|2008-11-05|2018-06-28|zEqLFAwr|2022-03-24
prty1327|PbYeXVEU|2004-06-01|2012-10-27|pBrZCWir|2022-03-24
prty1328|jRTKEiTU|2009-06-28|2014-10-12|uHPylysk|2022-03-24
prty1329|nXHKeQeK|2001-07-14|2021-06-18|yVEsjLkA|2022-03-24
prty1330|KeOWMnUJ|2005-09-25|2018-05-31|jYOqFSDS|2022-03-24
prty1331|BrBJgazS|2007-04-27|2031-09-15|ZKbzPRPP|2022-03-24
prty1332|BrGBlkiz|2004-07-25|2030-03-27|UiyFJHsD|2022-03-24
prty1333|visYxkQA|2009-08-04|2026-11-10|RFusjsIc|2022-03-24
prty1334|OopzMwPw|2006-11-17|2016-06-25|eabZoeAy|2022-03-24
prty1335|NbsDQxJk|2002-06-20|2029-03-05|DvrxqjEa|2022-03-24
prty1336|yHyKeJff|2005-04-30|2026-11-27|YIkUXZOm|2022-03-24
prty1337|AEpVIKOv|2000-09-09|2030-07-13|RrlHAsse|2022-03-24
prty1338|pHfXempN|2008-10-31|2011-05-13|IeQKzNSI|2022-03-24
prty1339|rcPIpshP|2004-09-26|2019-09-01|DqrmirBs|2022-03-24
prty1340|OPvoFEOC|2004-09-13|2015-01-28|QMuXhKtC|2022-03-24
prty1341|xwyPpNBk|2010-03-25|2031-05-20|OZsQUfDi|2022-03-24
prty1342|hlqKBjbT|2007-06-03|2023-03-05|znbjIbVD|2022-03-24
prty1343|XPWcQyXS|2008-07-09|2027-11-29|tYwHISwx|2022-03-24
prty1344|SCiFoJxz|2001-05-06|2014-05-07|WsVeKYCb|2022-03-24
prty1345|eeyDZZkO|2007-01-05|2021-10-27|NXrnOyHK|2022-03-24
prty1346|BAAGxFGx|2004-09-26|2026-02-01|mdxiJaeR|2022-03-24
prty1347|vMgjllCn|2001-05-04|2022-01-09|ZrKXrYYW|2022-03-24
prty1348|LeTBpOet|2003-12-01|2022-09-07|hQUSzoBc|2022-03-24
prty1349|aLyheSir|2007-05-26|2026-12-06|TwpCYzsE|2022-03-24
prty1350|gNthMTSu|2009-10-12|2028-12-08|HnvPmpUC|2022-03-24
prty1351|JKADuZvQ|2005-12-10|2029-03-29|krrGkxda|2022-03-24
prty1352|pcjZRicb|2005-06-09|2016-09-01|oqYFtFde|2022-03-24
prty1353|ImsCLZZI|2010-07-22|2031-09-15|CZmohaTq|2022-03-24
prty1354|qbAluOIE|2008-04-15|2019-02-21|vyNbuvOe|2022-03-24
prty1355|athRnADI|2000-09-23|2024-12-10|FnOHoBHx|2022-03-24
prty1356|oyLVEdJz|2003-09-21|2015-12-19|WTvEFgwa|2022-03-24
prty1357|VgaVmHum|2001-12-19|2019-07-18|EbPFYmUX|2022-03-24
prty1358|TqdJyUpm|2001-03-15|2015-06-15|wbtVqUhV|2022-03-24
prty1359|jCWtFPAi|2000-01-31|2030-09-29|NwAlsHIn|2022-03-24
prty1360|jitzbJrX|2003-08-29|2019-01-21|xYKcIuhB|2022-03-24
prty1361|xogHWEOj|2000-02-22|2014-06-20|GQBEmzYQ|2022-03-24
prty1362|nfDNIhbe|2004-11-19|2018-04-25|RYQGToyv|2022-03-24
prty1363|yLHlSWkQ|2006-11-30|2022-10-09|OfuHtaWY|2022-03-24
prty1364|knoxkSjb|2005-11-09|2021-09-13|btZNZDNF|2022-03-24
prty1365|EUMrissY|2003-04-12|2024-10-08|tggFtTck|2022-03-24
prty1366|VtUfTvfA|2008-01-07|2029-10-24|kbqXjShO|2022-03-24
prty1367|tLkjAnhF|2003-07-05|2012-06-04|SVmxXgwL|2022-03-24
prty1368|ipAjjmQS|2010-11-24|2019-09-20|qEMDYkeu|2022-03-24
prty1369|yZGsfAHB|2003-03-31|2022-01-27|EBQbvkeL|2022-03-24
prty1370|zeUuYncj|2003-09-23|2026-07-12|ezRLMBZX|2022-03-24
prty1371|AGtGKmFi|2006-06-27|2016-03-30|hJKTzvYM|2022-03-24
prty1372|FfJSmGuO|2005-03-28|2029-01-09|VfTkyonJ|2022-03-24
prty1373|wZSsOnmW|2006-03-03|2031-12-08|OrJzYHqH|2022-03-24
prty1374|zKBZobAb|2009-05-30|2025-10-09|GDiIKVvt|2022-03-24
prty1375|lgZIlcRX|2005-06-22|2014-09-06|XIZcNVFJ|2022-03-24
prty1376|sdomLpJy|2007-06-25|2014-01-16|VtVrxHst|2022-03-24
prty1377|BSiHVbGF|2001-07-05|2018-07-24|VKzzrLea|2022-03-24
prty1378|lyVkBQZL|2000-05-20|2013-01-12|ChTahHEl|2022-03-24
prty1379|uCNEyrGq|2003-10-05|2025-11-13|eyqRlGVW|2022-03-24
prty1380|RVXRaCBd|2003-07-30|2019-11-20|xmQfpRcT|2022-03-24
prty1381|clNBaLQD|2000-05-06|2028-03-19|WDsAkJcT|2022-03-24
prty1382|sbcSkZpP|2005-02-28|2028-07-25|oeAgCEAA|2022-03-24
prty1383|andtwMEJ|2008-02-06|2026-09-23|jFjKZAwO|2022-03-24
prty1384|AHpxwrxi|2009-03-05|2031-12-21|nqcpiZCL|2022-03-24
prty1385|HjGNtoRi|2002-05-08|2011-06-02|qSgitCYJ|2022-03-24
prty1386|ZIXvOwuN|2008-02-24|2023-07-02|oldRgdGo|2022-03-24
prty1387|krcVltoK|2004-05-18|2025-12-24|pefvVWIu|2022-03-24
prty1388|vSFLLuQi|2005-02-28|2015-12-19|XJQTrZSJ|2022-03-24
prty1389|QKFNOChH|2006-08-05|2029-12-27|dgKVBerl|2022-03-24
prty1390|weNlmueT|2000-12-20|2024-11-17|ALrBDGaF|2022-03-24
prty1391|nrQwfApc|2002-10-23|2031-12-02|kiitwRWp|2022-03-24
prty1392|QOnZiMAm|2001-02-18|2029-02-19|bzTHFdIH|2022-03-24
prty1393|wRNrjFTE|2008-03-05|2027-07-19|MTzoBISy|2022-03-24
prty1394|zkCWJuJd|2009-09-10|2020-06-26|baUfjEpS|2022-03-24
prty1395|AXViEgIO|2007-12-05|2019-12-26|uAeYbNys|2022-03-24
prty1396|fUAXidxD|2000-04-28|2026-08-20|TvCxToyc|2022-03-24
prty1397|novhXqJz|2002-05-17|2027-01-08|pBZHLndK|2022-03-24
prty1398|HZyWCCxf|2004-10-19|2029-06-02|InNMxbAi|2022-03-24
prty1399|iHxbMtnk|2002-06-24|2031-07-07|ldayhMUB|2022-03-24
prty1400|lbgvGRvf|2005-03-29|2020-03-19|JSgBDXSH|2022-03-24
prty1401|dNsPgeuU|2009-09-17|2028-04-09|tfGarZHj|2022-03-24
prty1402|pkRpwrJh|2010-06-30|2031-09-23|CzXDipLq|2022-03-24
prty1403|BuBlEMxa|2004-01-08|2015-04-01|VzYTttps|2022-03-24
prty1404|SVlqTWLf|2008-01-17|2013-05-16|mWjOybtb|2022-03-24
prty1405|LMfUuPKI|2006-04-02|2017-12-02|hROOYHhg|2022-03-24
prty1406|bGSbeXqY|2006-10-22|2023-08-03|MlIVfRpq|2022-03-24
prty1407|DSvaxDSW|2002-10-25|2015-05-12|uGfCgUDI|2022-03-24
prty1408|fRjAkqzd|2000-05-21|2024-01-11|JuvrsSxE|2022-03-24
prty1409|EOjdQAoB|2008-11-30|2025-11-22|GmBplUyP|2022-03-24
prty1410|DGDTUsBI|2001-07-30|2028-10-28|uHcNpqOh|2022-03-24
prty1411|cbcGkpPc|2010-05-06|2013-03-15|DwTQdCHA|2022-03-24
prty1412|ovUFHyEg|2007-04-06|2028-02-21|zhSHufhI|2022-03-24
prty1413|kGMJtGPT|2007-09-09|2021-05-30|rkJyLXho|2022-03-24
prty1414|cfncXHbo|2003-03-31|2028-10-12|cALbIDMG|2022-03-24
prty1415|CWLrIyLx|2010-06-27|2015-12-29|CmqXwkyJ|2022-03-24
prty1416|hlCINGlV|2009-02-20|2019-11-23|jQmeuCpS|2022-03-24
prty1417|mjqKFjbO|2000-01-08|2013-04-18|kHRyLesN|2022-03-24
prty1418|BfHgXGnF|2002-01-13|2029-10-15|QVRUjSCL|2022-03-24
prty1419|ujTdDZCU|2004-03-25|2025-02-04|nEHTAFYs|2022-03-24
prty1420|NvKwnorG|2004-04-27|2011-05-04|WpEmSnFT|2022-03-24
prty1421|VPBVxWxg|2000-09-13|2031-11-29|rzfyMPTf|2022-03-24
prty1422|LGudmWoI|2003-12-22|2030-10-20|nKvhqnrj|2022-03-24
prty1423|TuyNUAvg|2000-06-16|2025-09-09|MzWHssNz|2022-03-24
prty1424|iJYdOBKu|2004-05-17|2030-09-09|zcSfPqZN|2022-03-24
prty1425|INmVIDUy|2002-02-27|2011-02-08|BlCBsYiu|2022-03-24
prty1426|zPogRPvq|2010-11-05|2015-12-05|EDDTYNZN|2022-03-24
prty1427|gxjqkbrG|2006-02-24|2018-12-07|ZjCfFSYv|2022-03-24
prty1428|ftOzCwJN|2000-02-05|2015-08-16|wJkUynFc|2022-03-24
prty1429|sPqNegJw|2005-11-02|2013-11-25|KLsrFqhl|2022-03-24
prty1430|gImNypLb|2006-12-24|2017-11-15|VBkzhKRT|2022-03-24
prty1431|GIJRmmeb|2006-01-23|2017-12-03|JWzRaUaS|2022-03-24
prty1432|JVpcycma|2004-04-11|2028-03-08|ztrVKGXN|2022-03-24
prty1433|IMLpaqbo|2006-02-17|2011-11-25|JmrOjtpR|2022-03-24
prty1434|rXOfjcsM|2005-07-02|2030-08-15|hVLpeRGe|2022-03-24
prty1435|agsFXEws|2001-09-24|2018-01-30|ViXqzUEa|2022-03-24
prty1436|UMDdKktu|2005-04-18|2026-04-30|akgQPNux|2022-03-24
prty1437|IEUDZKQy|2009-01-26|2029-07-31|sqMfbpig|2022-03-24
prty1438|Yqkmlyfa|2000-06-13|2016-10-14|vgyLBexC|2022-03-24
prty1439|TXmXCqcs|2006-04-28|2020-09-28|kRvdiLEn|2022-03-24
prty1440|yTVSLLnC|2009-04-15|2028-01-28|IpYARrCc|2022-03-24
prty1441|nGUzdHnJ|2005-09-23|2020-12-20|kMUMnDrU|2022-03-24
prty1442|ScXaTros|2003-11-20|2029-06-19|aKZVuUNN|2022-03-24
prty1443|vrBeBvMy|2004-09-28|2026-01-25|bOeoJMan|2022-03-24
prty1444|MiHUeaFK|2010-06-01|2018-10-23|GUIapKZY|2022-03-24
prty1445|JtOdprxU|2009-12-26|2027-05-15|XyoOCUiR|2022-03-24
prty1446|YaFdvbrp|2008-11-16|2011-08-20|sIuNMNAJ|2022-03-24
prty1447|JXovHLzX|2000-12-22|2021-08-08|ZNzqXYUs|2022-03-24
prty1448|nskypSMl|2006-06-22|2028-04-15|sYbnZvlJ|2022-03-24
prty1449|PZSKREnV|2009-03-14|2015-02-17|xSBtMNbm|2022-03-24
prty1450|cFDiOCgi|2007-12-31|2017-03-29|CvMLAAkT|2022-03-24
prty1451|OrCwRoOL|2002-07-24|2019-01-17|RhrazAor|2022-03-24
prty1452|rByQjUCR|2003-11-18|2011-04-17|dReWBsbz|2022-03-24
prty1453|WoFKtguq|2008-11-11|2015-08-26|sUPJWOyJ|2022-03-24
prty1454|CnKPYAoZ|2001-09-26|2028-09-05|WpenYTBc|2022-03-24
prty1455|udnOdsjP|2003-09-29|2029-02-01|eCycvuOZ|2022-03-24
prty1456|SsFOPFep|2002-10-15|2011-01-07|wTLMIVZA|2022-03-24
prty1457|YSwnVLVA|2003-04-24|2019-01-27|PjwKXnLK|2022-03-24
prty1458|TSETTHsj|2010-12-05|2020-04-10|qTiCSbdx|2022-03-24
prty1459|VKZgzwnC|2009-08-11|2016-05-29|uNCsjmAh|2022-03-24
prty1460|IaRFAFLl|2010-10-29|2018-09-13|pmqEBkNw|2022-03-24
prty1461|qKsoIEQa|2004-02-04|2023-05-16|XXizvRrQ|2022-03-24
prty1462|eVwkATGz|2000-02-26|2019-11-07|uzLDlsgh|2022-03-24
prty1463|HxIcwRKu|2003-05-03|2029-02-01|zJQBfYeW|2022-03-24
prty1464|uXNHBJNM|2004-10-08|2018-12-23|iZhcmCTB|2022-03-24
prty1465|mnEbBsnN|2007-07-05|2015-10-18|NvpMKlKJ|2022-03-24
prty1466|TchlVHXr|2006-08-22|2030-09-05|WyKoXhNu|2022-03-24
prty1467|doOLOUPJ|2003-04-17|2030-02-21|RijfYqDj|2022-03-24
prty1468|dYavxhkz|2004-01-31|2023-01-03|XSxrhBcX|2022-03-24
prty1469|QaraIOyg|2005-06-20|2025-11-23|QddbcoPQ|2022-03-24
prty1470|yUCMtExQ|2002-03-06|2017-04-15|TQouKFFu|2022-03-24
prty1471|ggDMiTHv|2007-09-04|2013-11-20|QlfThXLA|2022-03-24
prty1472|HooxHMEQ|2005-03-04|2022-06-04|StsjGJjP|2022-03-24
prty1473|LFlvYJYx|2003-09-07|2016-07-19|DgXqESsy|2022-03-24
prty1474|TSxBxQRT|2008-01-23|2016-11-27|iVkzdOgE|2022-03-24
prty1475|NOgGZCOM|2000-11-21|2029-04-18|HoagBKwr|2022-03-24
prty1476|KCiIBYqm|2000-10-19|2012-07-13|YbzBOynL|2022-03-24
prty1477|chuLyJoJ|2002-10-22|2014-09-15|UhdGbEMQ|2022-03-24
prty1478|tSoNMwve|2007-01-21|2023-08-01|HHhxBdop|2022-03-24
prty1479|nrLMaRKv|2000-11-08|2031-09-02|MDZofKiL|2022-03-24
prty1480|SgdwuRcA|2003-12-20|2028-05-24|GcNSEiuN|2022-03-24
prty1481|dqfQnXIP|2000-01-22|2027-11-08|dSOxhRcE|2022-03-24
prty1482|owtcUwms|2001-12-09|2011-03-21|EADMZfQm|2022-03-24
prty1483|YJQEUdsQ|2007-12-16|2014-02-25|hAKrckqp|2022-03-24
prty1484|QuwxabNi|2009-03-30|2016-09-25|nhmhzDVc|2022-03-24
prty1485|rGQOHirr|2005-06-16|2011-05-08|jciotpZh|2022-03-24
prty1486|zfKYvcYD|2001-01-21|2026-01-26|JJQUdCja|2022-03-24
prty1487|ZcZmzpmE|2005-05-01|2014-12-26|dmMbJUzH|2022-03-24
prty1488|DMCLqhbz|2003-04-28|2022-09-13|GhuTefMq|2022-03-24
prty1489|RnKyoOrB|2003-09-01|2031-01-28|qXFBOJjk|2022-03-24
prty1490|ArWUenCQ|2000-01-04|2011-06-23|tGpYrZDx|2022-03-24
prty1491|NfraLHdS|2008-09-06|2021-07-23|jTNijQHE|2022-03-24
prty1492|ximmfoaC|2007-04-16|2021-01-10|VNxkFBox|2022-03-24
prty1493|IVmYCBtS|2004-02-18|2015-03-27|cDzktrkx|2022-03-24
prty1494|dnFEpjug|2009-05-07|2019-10-12|YYZcXiyY|2022-03-24
prty1495|oIuJvqvr|2001-11-03|2028-08-02|HQqsalWj|2022-03-24
prty1496|xJQBMyzz|2003-12-08|2028-02-16|twlmpdES|2022-03-24
prty1497|OyXfpvJn|2005-12-07|2027-01-12|WSTthFua|2022-03-24
prty1498|wZGIDQjC|2004-12-13|2022-10-29|QtyLLPKB|2022-03-24
prty1499|VIwgkrAy|2003-09-29|2029-12-22|FhSbNyZr|2022-03-24
prty1500|rOHYveBW|2002-01-09|2024-01-16|phKxQDZx|2022-03-24
prty1501|gSGFpOkh|2003-08-14|2021-09-17|NyrwdTar|2022-03-24
prty1502|KOFywjhi|2010-05-31|2028-06-10|iCewLUfm|2022-03-24
prty1503|ICdnGkfy|2009-07-20|2023-04-06|zFGEPfKD|2022-03-24
prty1504|GGWrGrAW|2008-05-08|2016-06-03|PubznBsR|2022-03-24
prty1505|qCiDWMWo|2008-11-14|2030-02-26|CNClNwQm|2022-03-24
prty1506|qGasWGva|2006-08-21|2018-09-25|piwWzNhu|2022-03-24
prty1507|hxGYcArN|2002-02-14|2026-08-24|ZmeXTvtD|2022-03-24
prty1508|HyOPBmPS|2000-02-03|2016-11-23|uUyzLiEX|2022-03-24
prty1509|QAkBClTL|2010-10-30|2015-12-12|BFfqbMAe|2022-03-24
prty1510|sboRTcPa|2004-07-01|2029-03-08|ePsIQpER|2022-03-24
prty1511|wcoFnRJS|2001-12-13|2030-01-05|GjlnYQHI|2022-03-24
prty1512|NAfXCSDX|2003-08-26|2020-06-23|XoruVTkK|2022-03-24
prty1513|DAVeISQa|2009-05-20|2022-09-19|bNrTkLZt|2022-03-24
prty1514|ldTPoXNY|2003-03-06|2020-11-16|EjgcuUTs|2022-03-24
prty1515|ZnWEijOT|2005-06-05|2016-06-20|dukNUdQa|2022-03-24
prty1516|GmcseGkr|2004-02-19|2020-12-11|SeeIWHBm|2022-03-24
prty1517|qwOYahHJ|2005-09-25|2016-02-03|xIgjlCSL|2022-03-24
prty1518|NAhCiJYR|2010-08-16|2022-04-10|UqcrmfmP|2022-03-24
prty1519|cnMvvZad|2004-12-09|2028-03-27|mHuWERlu|2022-03-24
prty1520|DAHcZNsM|2006-01-23|2016-04-09|GLsGoCks|2022-03-24
prty1521|iSEhpXLS|2002-02-25|2026-08-04|XuavIpQQ|2022-03-24
prty1522|DjWoFVXI|2008-03-27|2014-06-01|KOxnQGrK|2022-03-24
prty1523|PkxBkoOQ|2001-03-06|2025-01-18|VlHixqpk|2022-03-24
prty1524|ecncjQzm|2007-12-17|2026-07-18|hWwwwLIS|2022-03-24
prty1525|PASTqWgV|2010-08-06|2029-04-12|pwubPasj|2022-03-24
prty1526|IMfoFMCf|2008-08-18|2025-06-30|mpEAsppW|2022-03-24
prty1527|KZRNakEh|2008-09-11|2023-04-10|JBoxMYRG|2022-03-24
prty1528|VHolMzBK|2008-01-05|2026-01-14|khnwFRNh|2022-03-24
prty1529|KsXFYHql|2006-09-02|2030-01-26|xmqwftKB|2022-03-24
prty1530|XYODsIae|2006-03-12|2024-02-09|PMNpPuff|2022-03-24
prty1531|JwpLnzKM|2003-07-29|2022-06-06|JXaUFBcF|2022-03-24
prty1532|PRIRXadz|2006-11-01|2011-04-07|tqJPwoLa|2022-03-24
prty1533|BfAIrYZj|2010-02-15|2014-11-27|MkZyfHvj|2022-03-24
prty1534|tzHUJCBP|2007-10-02|2024-09-01|laHdkelr|2022-03-24
prty1535|fzvTSaMB|2006-09-24|2028-11-27|elxcyUkw|2022-03-24
prty1536|QBcjZmfl|2009-01-31|2012-03-14|AeFPohuV|2022-03-24
prty1537|CtDWXFaO|2002-11-02|2011-04-04|RmPMwcqD|2022-03-24
prty1538|JgTfNqCe|2003-07-13|2025-10-23|fVhcwyXy|2022-03-24
prty1539|gJnpHxBJ|2004-03-29|2029-12-18|NBGqOkFl|2022-03-24
prty1540|iSsasIoW|2006-06-21|2027-02-06|whhbjpSf|2022-03-24
prty1541|eAXaamCM|2002-12-12|2012-09-09|QNNAUsKB|2022-03-24
prty1542|TtllyjlE|2005-04-02|2016-09-25|qrYGFmWu|2022-03-24
prty1543|hIucTkWl|2002-09-13|2028-04-23|HngZqoCU|2022-03-24
prty1544|MESvbExY|2004-05-19|2013-06-27|gwlkAOXd|2022-03-24
prty1545|pXLHfAnZ|2000-09-05|2026-06-06|XTfxajTs|2022-03-24
prty1546|aurByrlM|2006-01-22|2018-10-27|woxvXINR|2022-03-24
prty1547|khqSMrXD|2003-06-23|2021-12-03|ikvnUGLw|2022-03-24
prty1548|KCRQGXNP|2003-03-03|2031-03-22|OtGEIejb|2022-03-24
prty1549|jiWbWeAU|2002-12-07|2026-02-01|wVyTfcNf|2022-03-24
prty1550|IlUxjKTH|2005-08-07|2029-12-27|eDlIlDng|2022-03-24
prty1551|IvGSguBS|2001-06-06|2028-11-10|uaKJRSkV|2022-03-24
prty1552|HAYNyvzZ|2001-10-30|2029-11-10|ChvmfhDI|2022-03-24
prty1553|dXjqQkfq|2007-09-09|2017-02-02|nqHRCoCL|2022-03-24
prty1554|bstXypKM|2004-06-09|2017-08-08|XWYnvbVH|2022-03-24
prty1555|BudszBdq|2006-06-05|2031-03-16|ERssNNTk|2022-03-24
prty1556|nitTVrif|2006-08-17|2016-08-16|tdAJWPaP|2022-03-24
prty1557|qtsIMdJa|2006-11-22|2028-06-15|UeXkzvlS|2022-03-24
prty1558|aBkHUAqV|2006-09-07|2026-11-29|pEwhLEQq|2022-03-24
prty1559|YUMIcQMa|2000-09-08|2011-06-08|HshRSqyN|2022-03-24
prty1560|vzKwuAxv|2007-11-17|2023-08-18|eHbfObay|2022-03-24
prty1561|kDVlkBuP|2009-03-30|2017-12-01|TCUZpBrZ|2022-03-24
prty1562|RbkWAYFV|2006-06-14|2015-05-08|nhJpAbss|2022-03-24
prty1563|dLqWxVXP|2000-10-30|2028-10-19|xHCnAGNL|2022-03-24
prty1564|ufDlEXMF|2000-12-09|2012-05-05|ZDxbdWLC|2022-03-24
prty1565|SqbVBiJH|2000-02-19|2018-07-16|NWxQZMLT|2022-03-24
prty1566|UgeBiULJ|2002-07-26|2015-02-13|fciHUNdS|2022-03-24
prty1567|oRepnsRy|2000-03-06|2015-08-09|KHVlQJnD|2022-03-24
prty1568|CDMzQTve|2009-02-22|2026-04-20|tROBTJZB|2022-03-24
prty1569|DFCYlHZc|2000-08-24|2020-05-16|cGTjyupg|2022-03-24
prty1570|kodnGKHQ|2000-08-13|2013-12-11|fdBBBnhL|2022-03-24
prty1571|qtetzlSs|2009-08-21|2028-05-10|VDNOEsxn|2022-03-24
prty1572|zYplJoNS|2003-03-24|2026-08-10|HSYxHWdh|2022-03-24
prty1573|pwUGNPrc|2005-05-05|2030-10-05|uZrylTkl|2022-03-24
prty1574|gBCmxsWb|2008-04-14|2019-12-01|rAjRwhSJ|2022-03-24
prty1575|IVyzMpBp|2000-04-03|2014-04-06|mMOgKJbz|2022-03-24
prty1576|ZHfbVsOU|2010-06-11|2025-09-18|waOSMpNG|2022-03-24
prty1577|nxezlWSM|2010-04-06|2027-04-29|ARxHIBep|2022-03-24
prty1578|MpdbhZXX|2010-07-23|2025-10-02|DlORCspI|2022-03-24
prty1579|sUyihXRv|2004-03-15|2027-06-27|PIaMoFPw|2022-03-24
prty1580|hWoWYExE|2005-06-19|2027-07-12|cJjwMFzF|2022-03-24
prty1581|awWKycUl|2004-05-10|2026-10-21|GHlNJOBu|2022-03-24
prty1582|ishMBIqZ|2002-03-18|2012-12-25|LWdgrbHl|2022-03-24
prty1583|MKuzYwqA|2006-11-21|2029-03-05|iVktFpRV|2022-03-24
prty1584|ApzXPPMT|2002-10-05|2021-11-11|hNvqCazC|2022-03-24
prty1585|iSrArpBs|2009-04-11|2015-03-18|KnAgNyQF|2022-03-24
prty1586|KBLaPYUu|2003-09-14|2015-10-21|yuQooXWU|2022-03-24
prty1587|podedemo|2002-05-23|2027-03-11|TieneAaS|2022-03-24
prty1588|dakprrWV|2002-12-22|2013-09-20|pgPvClCu|2022-03-24
prty1589|vIlviQVn|2002-04-08|2015-01-02|MAsPeBaz|2022-03-24
prty1590|JeZApHEY|2000-05-28|2017-08-28|ExOMaeji|2022-03-24
prty1591|HPEVusOC|2004-05-10|2014-12-18|VSFTgxpS|2022-03-24
prty1592|XLUSLHrR|2009-08-17|2030-12-24|CIhXdyUz|2022-03-24
prty1593|JLgKVdHP|2010-07-15|2024-04-05|DxWOmzcz|2022-03-24
prty1594|FpQwYDlz|2000-09-23|2025-10-18|skIhisOA|2022-03-24
prty1595|FfwvDDIR|2005-03-15|2014-01-06|kZUwOgKi|2022-03-24
prty1596|svucUfvF|2005-01-21|2017-06-15|iKaDxMnH|2022-03-24
prty1597|NqlKLJzF|2008-05-23|2030-01-09|AJrWvAzN|2022-03-24
prty1598|vFdcOFAr|2004-08-03|2023-04-30|kCdBiLjs|2022-03-24
prty1599|HedRyFll|2000-02-19|2025-12-30|pvmPvglo|2022-03-24
prty1600|axgVGLCg|2008-06-08|2027-05-16|qFLUPKzx|2022-03-24
prty1601|PGVNwZvP|2010-01-04|2030-04-16|XdjiNGHw|2022-03-24
prty1602|OakirTuM|2006-05-07|2028-07-12|SqwtEnJc|2022-03-24
prty1603|kRLlqnqG|2008-05-13|2020-04-29|FBPUAFFa|2022-03-24
prty1604|glJteJQF|2000-05-04|2029-10-14|vmYonhDx|2022-03-24
prty1605|hDAEAIZY|2005-08-07|2025-05-13|xtmUpvJr|2022-03-24
prty1606|ZqoasHnJ|2005-01-30|2013-06-19|EyqpLYsJ|2022-03-24
prty1607|xXzFwtwC|2004-07-27|2025-09-24|dNzmvuZb|2022-03-24
prty1608|gmcRpzkQ|2007-02-22|2022-06-16|iQwJvICo|2022-03-24
prty1609|QtPvuvhV|2007-05-12|2028-07-04|NayddqFM|2022-03-24
prty1610|SGmqsjTA|2008-11-07|2027-02-19|BSjTvpve|2022-03-24
prty1611|LxGOAZGg|2006-06-01|2021-04-26|RAsQbqkT|2022-03-24
prty1612|JZnZkihx|2003-04-02|2026-03-01|HtluJkTS|2022-03-24
prty1613|CgURLVKQ|2001-06-26|2025-02-16|ACIBllcB|2022-03-24
prty1614|eedUTYBR|2000-05-04|2012-09-25|xYEqCjvR|2022-03-24
prty1615|PNknGSPy|2005-09-30|2020-12-17|EAHqMUNp|2022-03-24
prty1616|gOVnRUbL|2006-11-29|2018-07-28|BJwqKhQx|2022-03-24
prty1617|LXaiAAvW|2001-02-06|2024-11-26|uJQFQgjE|2022-03-24
prty1618|wEeJTRrs|2009-12-23|2031-09-16|bBSYWSvD|2022-03-24
prty1619|AfFZcKBu|2005-09-27|2015-02-22|QzHVHNSx|2022-03-24
prty1620|fRVhWrvW|2000-03-05|2019-01-14|byiOynyP|2022-03-24
prty1621|EqosvJxC|2001-11-27|2020-08-17|YPeJUcMc|2022-03-24
prty1622|SkJMLFQC|2005-07-04|2016-09-27|GwEkskGV|2022-03-24
prty1623|FjIXiQLZ|2000-02-04|2027-07-02|nnhNMoMi|2022-03-24
prty1624|MOyqxzrJ|2010-03-03|2016-01-05|KemZOJTa|2022-03-24
prty1625|voqmvjgX|2007-11-18|2029-08-31|yCUbEjib|2022-03-24
prty1626|zzJJCTFo|2002-07-13|2028-10-16|PJsZnHQp|2022-03-24
prty1627|VhVpVHHL|2008-02-12|2023-10-05|JmUxzNKr|2022-03-24
prty1628|jKKodwzU|2009-10-18|2021-12-09|nkmHvEiT|2022-03-24
prty1629|EFfrRMXg|2000-05-15|2021-04-09|QifFSkHZ|2022-03-24
prty1630|UeIuPqgF|2000-07-06|2024-11-18|qOXCDOWp|2022-03-24
prty1631|cmJJvvfu|2007-03-23|2024-10-15|BjGRwPLx|2022-03-24
prty1632|fyYubgeR|2002-07-28|2020-10-14|fdtJQpmT|2022-03-24
prty1633|YYUaNIEW|2001-05-11|2021-03-06|psDHtHkZ|2022-03-24
prty1634|HrWZpdAs|2000-04-29|2017-03-23|fECRIAHG|2022-03-24
prty1635|ZmkaGeBX|2003-03-28|2024-12-07|ctDpOiFg|2022-03-24
prty1636|gsSPdFxD|2010-01-28|2019-08-02|mkOVRbOI|2022-03-24
prty1637|okLbQhtB|2010-10-13|2018-03-31|QEuRXHPZ|2022-03-24
prty1638|IRmoaabn|2010-03-24|2018-10-31|yzXzkbDb|2022-03-24
prty1639|pNbPOOSW|2008-07-02|2014-12-04|REzVfIcx|2022-03-24
prty1640|OXznzbll|2002-05-25|2021-08-28|qlONOMtu|2022-03-24
prty1641|gXGtwElg|2007-03-10|2017-01-10|zPfYIkqL|2022-03-24
prty1642|XjGkcnWG|2004-12-06|2015-11-07|ToqsUgjo|2022-03-24
prty1643|PfiybCiF|2008-09-09|2014-12-05|tlhAGChJ|2022-03-24
prty1644|NkxChXmX|2001-06-01|2017-06-02|AcSRhTFF|2022-03-24
prty1645|VXbwVDMl|2006-01-18|2018-07-12|QlmXZEBv|2022-03-24
prty1646|DBsPehIl|2003-02-21|2023-02-02|Wivwpqvh|2022-03-24
prty1647|vxMricYT|2001-11-04|2028-08-14|DxhQPWiM|2022-03-24
prty1648|wYuzyEIq|2006-11-10|2030-11-10|UqPResJg|2022-03-24
prty1649|PHqAAYhp|2007-08-13|2031-08-06|RSsVKqjm|2022-03-24
prty1650|SNqsjFLB|2002-09-04|2011-08-07|nqWfvzZy|2022-03-24
prty1651|SIanqOOm|2008-12-14|2023-05-03|VgdoTNTM|2022-03-24
prty1652|spQBrQUk|2002-06-30|2013-03-06|elTRSWvn|2022-03-24
prty1653|KkuhWfkS|2010-01-10|2012-08-27|MKvhledT|2022-03-24
prty1654|JEcYawuj|2010-02-06|2027-03-16|KjXZbZfc|2022-03-24
prty1655|RxoSXqZF|2002-03-30|2025-08-05|awIzNPLb|2022-03-24
prty1656|kYfEXlaG|2005-10-29|2031-02-09|ZpRDvrmM|2022-03-24
prty1657|LRpPSiIO|2002-02-28|2014-09-13|BUMmosHJ|2022-03-24
prty1658|KGvFrHRu|2008-06-20|2026-06-01|JeADrqUT|2022-03-24
prty1659|EKRVNmmc|2007-11-02|2027-08-28|aWHOruiQ|2022-03-24
prty1660|wZJnjDNR|2006-04-04|2026-12-12|hzNMfOIA|2022-03-24
prty1661|diycubNq|2007-05-05|2012-11-02|RVUMNqyZ|2022-03-24
prty1662|phhesRhs|2006-08-01|2011-01-25|UwclmNxK|2022-03-24
prty1663|qkVMIZzH|2004-07-15|2014-11-16|bUFrBuAS|2022-03-24
prty1664|pfLNDarZ|2002-06-21|2028-04-27|uwNqKQXn|2022-03-24
prty1665|cXYnEAaR|2009-12-10|2012-10-02|dpipozFP|2022-03-24
prty1666|jiLVrgsc|2007-11-28|2019-07-30|gJJrPHzC|2022-03-24
prty1667|HhatmaNd|2001-12-04|2029-12-19|CecMBQXd|2022-03-24
prty1668|hemgzDTV|2000-08-04|2011-03-08|BFWGCrnp|2022-03-24
prty1669|qPuuyFHv|2006-07-17|2024-11-04|ciwKBsgS|2022-03-24
prty1670|rvisEXKK|2004-01-04|2020-10-27|dCpPyDRe|2022-03-24
prty1671|DPJOIgGc|2001-11-24|2027-07-11|kNeVYqGN|2022-03-24
prty1672|FonqUejd|2002-04-30|2031-07-30|wyoDMDOt|2022-03-24
prty1673|bovjIcaO|2008-01-24|2017-01-03|xRNoOjxH|2022-03-24
prty1674|XXFnUDWf|2001-03-06|2013-11-02|FMdscQnn|2022-03-24
prty1675|ZiHAmTdS|2001-06-30|2012-05-01|pSRYuEna|2022-03-24
prty1676|qaIKPWYa|2004-02-25|2029-03-20|anuWoxJk|2022-03-24
prty1677|VNdtobHG|2009-02-21|2027-03-14|BXWRvurz|2022-03-24
prty1678|QrucaxHZ|2003-08-09|2011-12-08|aowXdQPq|2022-03-24
prty1679|aSirZBkI|2010-07-15|2015-05-01|wTKaVbzQ|2022-03-24
prty1680|tpTJrReK|2009-04-08|2012-10-28|KiHAuEfC|2022-03-24
prty1681|IqcCWUtf|2009-08-20|2013-05-06|jKIlBwNe|2022-03-24
prty1682|DaTRMJCq|2000-03-31|2014-12-20|ZphwUuzT|2022-03-24
prty1683|FpFQNMqS|2005-06-04|2012-05-08|ZZNmMvFl|2022-03-24
prty1684|jvPMQwZH|2001-11-13|2019-10-23|uMVMlMpL|2022-03-24
prty1685|usxtPeQU|2010-12-26|2031-03-06|DHbaMGNS|2022-03-24
prty1686|ZUPeueOQ|2005-04-20|2015-10-18|mWSuXpAn|2022-03-24
prty1687|YKVCDGFj|2007-03-07|2021-11-10|QhHXdbSE|2022-03-24
prty1688|LsHvYbGk|2000-12-03|2024-10-26|KRBSAUjf|2022-03-24
prty1689|hRhfihWG|2000-11-23|2013-02-05|KbYDykdz|2022-03-24
prty1690|qImyvoaN|2006-11-09|2029-02-22|DyWACmKO|2022-03-24
prty1691|qMphRejw|2001-07-20|2014-05-29|bOAjbanC|2022-03-24
prty1692|xCpdfLKy|2005-08-08|2019-02-07|mfagmYgP|2022-03-24
prty1693|gCXQjdvY|2008-06-25|2022-02-08|bCOtMoRd|2022-03-24
prty1694|ghACFPNr|2000-03-12|2031-07-06|pdgzBIJb|2022-03-24
prty1695|BZQPZEkF|2004-09-23|2027-06-30|VromhZFV|2022-03-24
prty1696|VIIpXRhi|2009-12-17|2025-10-22|XgqHnBBB|2022-03-24
prty1697|kggfokgG|2006-12-04|2012-06-10|wlsFwMLQ|2022-03-24
prty1698|BCaxhhFs|2009-10-17|2020-09-17|bmRQVMMR|2022-03-24
prty1699|vEErppWN|2009-01-18|2024-01-27|fJjRxWyx|2022-03-24
prty1700|QwMXLury|2003-07-06|2031-08-19|GMRYLAkF|2022-03-24
prty1701|AkiuVgGX|2004-03-14|2023-06-16|PVVYmEhy|2022-03-24
prty1702|MUcpjEzR|2007-01-05|2031-04-09|OAkBHVWh|2022-03-24
prty1703|LALjlkzV|2007-09-10|2024-11-11|tUfpYSxV|2022-03-24
prty1704|zEFyLfBk|2008-11-09|2030-06-11|DyvJZmUh|2022-03-24
prty1705|SIJnAdFj|2005-06-26|2016-10-30|QBntReYs|2022-03-24
prty1706|UJvBSbXX|2006-12-22|2030-10-11|TKjLztXa|2022-03-24
prty1707|HXnIaLTe|2003-04-07|2021-03-16|vAmmraMG|2022-03-24
prty1708|TCfOPHtP|2001-07-07|2022-10-17|rQeEBalF|2022-03-24
prty1709|UDrPcHet|2006-04-20|2021-03-29|oPNUuYlB|2022-03-24
prty1710|iRINhKXl|2004-03-01|2026-10-28|zArSkdZG|2022-03-24
prty1711|XNwdkMhU|2006-10-20|2020-03-12|iOQteYYB|2022-03-24
prty1712|qtHFWDMu|2010-07-10|2030-06-09|ZcpvEdRX|2022-03-24
prty1713|VjudTiFn|2002-06-13|2014-12-25|YvRtfvOF|2022-03-24
prty1714|ZbVCnSlk|2002-10-16|2026-03-22|jKBSvfwj|2022-03-24
prty1715|rYYNzlrK|2003-07-12|2012-03-15|XZpMxuyl|2022-03-24
prty1716|dfpHAKit|2008-07-05|2022-04-21|PCSDHcQV|2022-03-24
prty1717|GxjBboGi|2005-05-08|2011-03-25|bkexHSNc|2022-03-24
prty1718|SVpEZbKP|2004-10-23|2018-08-05|DvuNLiNM|2022-03-24
prty1719|WElTpjvl|2007-06-03|2013-02-16|fHtKQrYG|2022-03-24
prty1720|vzeFeuEl|2005-05-20|2031-06-19|CSVucDQI|2022-03-24
prty1721|SZQbrJdo|2010-05-03|2017-11-30|MdNqRQrj|2022-03-24
prty1722|qgueuLYB|2008-04-17|2014-07-11|MkKlWoAD|2022-03-24
prty1723|YyqUyzWt|2010-06-19|2023-12-14|ftXnYMGB|2022-03-24
prty1724|TJoUmOtt|2003-09-07|2013-02-25|ZkUSNGJt|2022-03-24
prty1725|ipquDAwI|2010-12-21|2011-06-04|pkqrNSkC|2022-03-24
prty1726|QgWrSOZu|2005-06-22|2026-11-16|mwOiitjD|2022-03-24
prty1727|YJuuHmRI|2009-02-09|2028-05-31|ChSTSYCJ|2022-03-24
prty1728|TYOQJasO|2004-05-14|2027-10-13|MOZVvuQI|2022-03-24
prty1729|yVgQESbh|2001-06-22|2026-07-14|lxWizEjC|2022-03-24
prty1730|aXlkAEUV|2005-08-18|2014-12-20|EKmtYTvS|2022-03-24
prty1731|UjkbMpcI|2007-04-12|2028-12-08|FizWtoHF|2022-03-24
prty1732|pXMIBsCz|2001-07-12|2015-07-19|QPAoroBT|2022-03-24
prty1733|hgOXHpuG|2010-11-06|2029-05-16|YfgzKCIq|2022-03-24
prty1734|pBfXhCEX|2000-09-16|2026-09-06|MJPPajSD|2022-03-24
prty1735|uCxTFjfk|2007-12-31|2021-01-23|HalZlkru|2022-03-24
prty1736|YzwsrTGh|2006-04-24|2030-02-07|vFQdOBlQ|2022-03-24
prty1737|KXMCEfrQ|2006-03-25|2022-04-11|nocmoKuv|2022-03-24
prty1738|GpKZkJWE|2003-04-16|2022-09-25|yzIkDEfo|2022-03-24
prty1739|zkDNvxRZ|2008-06-30|2022-01-18|BTwekOrq|2022-03-24
prty1740|bQjhWGCO|2000-01-13|2019-05-01|FVDupoDC|2022-03-24
prty1741|DDzUauGa|2000-08-08|2015-10-16|XvVBotZX|2022-03-24
prty1742|qcXlsXGW|2003-04-21|2027-09-01|JYKTCcbR|2022-03-24
prty1743|GSJttDOz|2005-04-24|2022-05-30|NwWscpfY|2022-03-24
prty1744|VPgYrFWW|2005-04-13|2031-03-22|KAMoQjqS|2022-03-24
prty1745|EvXVBBly|2009-11-17|2012-04-17|ClrzpwIX|2022-03-24
prty1746|OHcwFcRe|2000-08-21|2018-04-22|aTCUEcxT|2022-03-24
prty1747|ZAVapYgG|2007-09-26|2028-07-11|WZdErwsw|2022-03-24
prty1748|XgXffNuu|2004-07-03|2027-05-28|oYLOMHRH|2022-03-24
prty1749|ueNEeFjg|2002-01-02|2024-11-29|HFgfIUUP|2022-03-24
prty1750|dqpyPjfn|2009-07-08|2015-09-10|fvRUmHAR|2022-03-24
prty1751|xQUQUIMT|2005-09-13|2012-08-11|VoMKPRiT|2022-03-24
prty1752|cXLjoEnC|2010-04-26|2024-11-01|DtWaDDfg|2022-03-24
prty1753|zPrlhAtE|2005-07-25|2013-09-11|fxdoWMoD|2022-03-24
prty1754|cJzuwXoJ|2010-04-06|2011-10-16|OhyZnkQX|2022-03-24
prty1755|dGVuzzLx|2005-11-26|2011-08-19|NgmNVrmp|2022-03-24
prty1756|pimoOFfJ|2000-08-08|2031-08-19|gEMpOFYk|2022-03-24
prty1757|NtShOfHG|2009-01-22|2025-04-02|ccfOAdLH|2022-03-24
prty1758|iasPtIDV|2002-11-21|2018-06-23|UZhSWats|2022-03-24
prty1759|iKIRXOMN|2010-09-28|2013-01-19|JgjYqJpS|2022-03-24
prty1760|DivLdyeE|2006-02-03|2025-02-24|SeBRyedC|2022-03-24
prty1761|fekLQAtq|2010-11-10|2029-05-04|qzoZBRTh|2022-03-24
prty1762|tValPFtB|2000-08-02|2027-07-24|JIjyZOZa|2022-03-24
prty1763|kWtcVSQv|2004-05-31|2026-06-06|UegLPCjI|2022-03-24
prty1764|QerxjrZS|2003-01-05|2015-09-22|TntlxXZg|2022-03-24
prty1765|phGWxJQy|2010-06-10|2022-01-25|PTjJGeVf|2022-03-24
prty1766|cjMubbIU|2002-01-19|2011-11-24|ilcXUEFe|2022-03-24
prty1767|QlfaQzpN|2002-03-17|2031-03-18|oPFflcoq|2022-03-24
prty1768|SAqrpyoo|2002-12-28|2013-09-11|aWyVcNcp|2022-03-24
prty1769|EofXDBdu|2009-06-14|2025-09-06|nNqKMarP|2022-03-24
prty1770|vPHBdzrW|2006-04-09|2018-10-19|VtWtaANZ|2022-03-24
prty1771|FHtlROhl|2001-11-12|2021-05-01|kqKXCMtF|2022-03-24
prty1772|YQdssisT|2009-04-16|2016-08-17|CtxUqEtt|2022-03-24
prty1773|JYeQnGMo|2005-10-05|2019-03-08|cPmTBRwp|2022-03-24
prty1774|tNlwUNIA|2004-02-12|2013-05-13|RwYrrkLP|2022-03-24
prty1775|zPdNUhwr|2008-07-16|2015-06-02|DYpOdmcx|2022-03-24
prty1776|VyTXOvtQ|2006-02-05|2012-11-19|JEUMLzuW|2022-03-24
prty1777|VmFwbDON|2010-05-31|2028-02-25|stiCMWDD|2022-03-24
prty1778|nOLQfDWZ|2004-12-14|2016-05-14|ebLvZPFo|2022-03-24
prty1779|spmvCbsX|2010-09-16|2011-09-21|HMGfOpeD|2022-03-24
prty1780|dwGHjJUv|2007-05-22|2023-11-21|IjrzjDGt|2022-03-24
prty1781|ABPjXmSz|2010-03-30|2019-08-03|qvFtgsRZ|2022-03-24
prty1782|jBaItusw|2005-02-02|2015-11-04|JFcrLJoT|2022-03-24
prty1783|GFxIXQpT|2007-02-01|2019-01-18|iTGzqdxL|2022-03-24
prty1784|nafWvpGg|2007-08-17|2023-10-27|VBbawCYD|2022-03-24
prty1785|ogIcyTdf|2010-07-30|2029-08-11|XZWdUSdD|2022-03-24
prty1786|FBbrrpjG|2005-09-24|2018-07-25|ZeLdyiXF|2022-03-24
prty1787|IGyELHKh|2000-05-24|2027-05-02|cKUslzbd|2022-03-24
prty1788|VMABqdOA|2009-05-01|2021-07-08|MVJKZSZl|2022-03-24
prty1789|ncLsqecR|2009-03-13|2012-05-08|yLMyaUYT|2022-03-24
prty1790|gwrNSNng|2003-11-01|2024-12-15|cNEkkirE|2022-03-24
prty1791|iKFuWuGb|2008-07-13|2017-08-26|fkwLENjg|2022-03-24
prty1792|srCLKmhh|2008-03-26|2027-11-03|nzIsXYsd|2022-03-24
prty1793|dSALzems|2008-07-19|2016-05-07|pTwvVgDa|2022-03-24
prty1794|cCiUFnMg|2002-12-17|2031-03-28|yFUekkEs|2022-03-24
prty1795|rvRpJxYJ|2003-06-28|2011-10-05|JvDFOHUI|2022-03-24
prty1796|cTcFrJQS|2006-07-31|2014-10-28|tsytJtRn|2022-03-24
prty1797|ILpcByEu|2010-11-19|2019-04-26|FzThrwKd|2022-03-24
prty1798|QUROjqes|2006-01-27|2020-09-28|SoSgzdpW|2022-03-24
prty1799|iRIAZwfo|2010-01-27|2019-07-02|eMtjHjlm|2022-03-24
prty1800|zYVHGkjs|2006-10-14|2020-04-10|XkKoRSSV|2022-03-24
prty1801|eeFBPdXD|2009-10-10|2017-02-07|lefxRJmw|2022-03-24
prty1802|DLKkuUjv|2009-11-05|2016-10-09|kmwBHCWl|2022-03-24
prty1803|nAPQPrNK|2005-04-13|2020-08-26|QdWBXAVO|2022-03-24
prty1804|MHVyIvGf|2006-07-16|2031-10-01|CQlTXLJg|2022-03-24
prty1805|jeNZTsKs|2005-03-23|2023-02-14|NeuTOnPA|2022-03-24
prty1806|YPqGExOo|2000-12-09|2022-06-20|xAhPmrbS|2022-03-24
prty1807|duCiTOMn|2009-11-06|2018-01-20|YyPqtgqW|2022-03-24
prty1808|WWVVFFdz|2008-01-03|2023-12-24|qzlJtQbS|2022-03-24
prty1809|vjVaoBbv|2006-04-09|2017-09-11|RqepevKN|2022-03-24
prty1810|tvIQTRuH|2001-04-28|2014-06-01|fxomDKHc|2022-03-24
prty1811|LJqxHTps|2007-05-20|2015-02-05|SsZxJfjI|2022-03-24
prty1812|zMUFhCLu|2001-10-05|2025-03-17|LefHvaCL|2022-03-24
prty1813|sysBMFLH|2009-11-11|2018-01-02|NYpSDXkL|2022-03-24
prty1814|lURmmpXe|2003-07-27|2015-02-12|HvgEsoWX|2022-03-24
prty1815|jijErkiE|2000-01-21|2027-11-16|ShhZQhlB|2022-03-24
prty1816|NKYhwGTM|2009-08-02|2030-01-27|pybuJqXC|2022-03-24
prty1817|hPMGXguu|2002-05-25|2024-08-21|oQGNyjTI|2022-03-24
prty1818|AyaXpvFV|2002-09-24|2022-06-25|bTssfvGc|2022-03-24
prty1819|QFrZfqjX|2006-10-09|2016-08-30|IeyRFkPU|2022-03-24
prty1820|qEhFVExf|2009-04-16|2022-11-17|qavPqBek|2022-03-24
prty1821|vsZgiLht|2000-02-06|2025-11-25|PWvOhqXt|2022-03-24
prty1822|uXPeIKLx|2004-03-21|2020-12-12|cOiQmVfl|2022-03-24
prty1823|CBzapsZm|2010-04-27|2025-06-08|gXuaZNGI|2022-03-24
prty1824|AtOESBGe|2007-03-01|2023-06-17|eXfxlWuh|2022-03-24
prty1825|IzTlvwZS|2004-04-16|2015-05-15|rIirOsHY|2022-03-24
prty1826|RbwMgfMw|2010-10-11|2030-12-07|YSDdujzo|2022-03-24
prty1827|JZTKGoIz|2005-11-11|2025-08-19|VPkiMrRv|2022-03-24
prty1828|PQysXbRk|2009-09-11|2031-01-02|ryhlNWvx|2022-03-24
prty1829|zmEeLxOh|2003-02-20|2025-05-19|rEImNghW|2022-03-24
prty1830|gLFFGlKE|2005-06-20|2011-09-11|yClrXecI|2022-03-24
prty1831|PlaefqAu|2008-10-26|2015-05-22|UyvUXiHV|2022-03-24
prty1832|aOKimmYR|2000-10-04|2019-07-06|ZxNDhPzs|2022-03-24
prty1833|EcwjmJAe|2000-05-19|2016-06-18|ZnpeuzkP|2022-03-24
prty1834|ApehWhge|2005-04-23|2025-10-20|RoyYSRsY|2022-03-24
prty1835|tUETvlPJ|2004-01-06|2027-11-24|HYtHNBtF|2022-03-24
prty1836|huIIsaWO|2000-04-08|2017-09-08|mnZsPrdf|2022-03-24
prty1837|GHWXOtcX|2010-04-03|2013-10-29|XQJeCRqF|2022-03-24
prty1838|UCuPsJNt|2009-12-01|2028-11-02|kYtWYqZu|2022-03-24
prty1839|IzIbYycU|2007-08-03|2022-09-19|IgbvPNRn|2022-03-24
prty1840|OjbeijvM|2008-02-12|2017-07-30|pOrYJRux|2022-03-24
prty1841|AAIJtDOD|2004-07-04|2026-06-16|LUlqKvIZ|2022-03-24
prty1842|rlKYNyry|2002-05-08|2017-12-23|qsWayWHq|2022-03-24
prty1843|lRwdqvww|2009-01-20|2017-01-15|qFHLujup|2022-03-24
prty1844|PJhWDtAh|2002-11-11|2028-02-27|BRPsderG|2022-03-24
prty1845|TuEoNXYC|2009-04-05|2024-06-20|VQzAFtow|2022-03-24
prty1846|qqYWvdXz|2007-12-16|2018-07-22|XhUKmkBX|2022-03-24
prty1847|SLNvZBYu|2003-08-02|2021-05-15|UOpAJvhA|2022-03-24
prty1848|UqInMGky|2002-06-12|2028-09-04|dTXUYnoH|2022-03-24
prty1849|MpIIqRao|2002-02-19|2024-09-09|DUnnWfpZ|2022-03-24
prty1850|kcvpIXNk|2010-12-17|2022-11-13|vuUmjcmB|2022-03-24
prty1851|XluAISuj|2008-04-04|2021-01-30|zQkZKANE|2022-03-24
prty1852|XnTojsLU|2009-12-10|2022-07-17|WiKIpQgQ|2022-03-24
prty1853|BBxpxcrI|2010-11-06|2024-09-10|YDcguqHe|2022-03-24
prty1854|XOaYWIPT|2004-01-29|2021-09-17|ciUAYJeh|2022-03-24
prty1855|MBDtkkfM|2002-12-27|2019-10-08|KxCFgIbu|2022-03-24
prty1856|HVnDLTvu|2000-02-13|2019-12-11|ETRbxPyh|2022-03-24
prty1857|AGRDTfKI|2003-03-21|2013-09-16|FqtrdOtV|2022-03-24
prty1858|Jizxwppp|2009-05-15|2022-06-07|MCuPOGRU|2022-03-24
prty1859|LWWZPzZz|2003-04-24|2018-05-31|nGQGqOIx|2022-03-24
prty1860|gZxJddWa|2006-04-14|2013-08-11|qawFoLeJ|2022-03-24
prty1861|dAOyrTiY|2008-04-20|2021-02-25|CmxrsEBS|2022-03-24
prty1862|JqqodKei|2010-03-16|2015-07-12|BcOPKeHr|2022-03-24
prty1863|DVENRksM|2002-03-21|2019-10-05|zuFESTXE|2022-03-24
prty1864|txXkAYDi|2006-09-29|2017-04-21|fdLehnzz|2022-03-24
prty1865|VMliwRut|2009-02-07|2021-09-16|ZuXAVcPG|2022-03-24
prty1866|UvHMzFTi|2000-11-30|2025-01-16|pqhEuddn|2022-03-24
prty1867|UDrRBspO|2004-10-10|2026-05-28|fEKgRNQJ|2022-03-24
prty1868|oTRszTEI|2005-10-25|2011-01-06|cjRRcPdC|2022-03-24
prty1869|HywqwFsC|2008-01-14|2025-03-06|KHMTEmCG|2022-03-24
prty1870|hMaAhKpD|2000-08-11|2026-04-23|YOAvkskX|2022-03-24
prty1871|quMqoxfB|2008-03-07|2027-07-07|qNCpkUls|2022-03-24
prty1872|kQIPQkca|2003-03-13|2019-11-28|LPiyRRHx|2022-03-24
prty1873|VfDdQVgl|2009-02-07|2012-07-20|oOqWyTeT|2022-03-24
prty1874|xSOjotyt|2001-04-01|2023-10-01|GzgyeaNd|2022-03-24
prty1875|ZgmUfmEc|2002-07-05|2016-03-07|nqSEBBlf|2022-03-24
prty1876|oXhYpAEc|2010-03-06|2013-07-10|cjIiorbI|2022-03-24
prty1877|KscrayYR|2004-07-06|2014-12-31|WPxKbVDH|2022-03-24
prty1878|VPGUueih|2009-10-29|2019-10-31|uSOlRnVZ|2022-03-24
prty1879|vQMLUExj|2004-04-06|2021-10-24|whZhjjgg|2022-03-24
prty1880|XHCGZNvB|2010-01-07|2030-10-12|gqLoUlzD|2022-03-24
prty1881|WBUvxIxI|2001-02-16|2028-10-15|YMGaUXxS|2022-03-24
prty1882|dTtxlzrY|2006-05-20|2031-05-18|HDEuGRVm|2022-03-24
prty1883|BtKhwhuo|2005-07-28|2021-01-28|oLKsUXJw|2022-03-24
prty1884|sgdxPekW|2004-05-27|2017-09-26|DzAJiQDg|2022-03-24
prty1885|HEZZhIyj|2004-01-03|2031-04-03|TOZJywpM|2022-03-24
prty1886|ElGKtuFA|2005-02-21|2020-10-21|vkKjRyzu|2022-03-24
prty1887|TVFINiPV|2010-07-14|2016-04-15|nEUVJItu|2022-03-24
prty1888|jpQcKaGX|2004-10-21|2025-03-24|PjUegGuK|2022-03-24
prty1889|zEAaoMXx|2008-12-09|2011-04-28|VFubpRAp|2022-03-24
prty1890|OpUopeqB|2001-12-25|2014-01-04|ShQeytXV|2022-03-24
prty1891|eXYhAiro|2003-02-16|2029-04-09|mdlbPTsA|2022-03-24
prty1892|nFFqdsDs|2006-04-17|2011-10-16|EYwzAKXT|2022-03-24
prty1893|JHjKKFyh|2003-09-20|2017-04-26|zdBGQgrB|2022-03-24
prty1894|BPSqdPjJ|2001-02-06|2030-12-22|HllykaKB|2022-03-24
prty1895|DfCcHKYO|2001-09-09|2016-01-31|kVzIhhAF|2022-03-24
prty1896|beXCVssv|2005-12-09|2014-06-22|XauCcBTA|2022-03-24
prty1897|IwFJUifW|2002-07-14|2019-12-25|mnXQXOPs|2022-03-24
prty1898|aFgdvzMq|2008-06-21|2027-04-26|CdvCjJOI|2022-03-24
prty1899|UsHVqJfA|2005-10-22|2028-02-06|bXdthFPJ|2022-03-24
prty1900|BLNIYCmt|2009-12-17|2027-07-14|SARNOyJk|2022-03-24
prty1901|calQHLCJ|2008-10-06|2023-11-24|JcdHbpMW|2022-03-24
prty1902|LHsVsEGp|2003-08-01|2029-04-29|HJYBBbYZ|2022-03-24
prty1903|ziLNDpNv|2007-03-27|2026-06-03|njgPOLII|2022-03-24
prty1904|iOkFDtnh|2009-04-13|2026-01-06|LpwVkRhR|2022-03-24
prty1905|TlsXyZxB|2002-01-27|2025-10-19|WGKPtcaq|2022-03-24
prty1906|waqIIydg|2002-06-10|2020-04-06|KVkzUlYC|2022-03-24
prty1907|lGqJArFt|2008-01-25|2021-07-11|eVVigHvo|2022-03-24
prty1908|UNilFagZ|2005-01-12|2030-09-28|wNyvihlb|2022-03-24
prty1909|SOosWidz|2004-06-28|2011-06-25|eHtIjQDa|2022-03-24
prty1910|RHdpDgtQ|2008-11-24|2022-11-26|afwTCbqB|2022-03-24
prty1911|RMJqWoRV|2003-05-19|2018-08-22|RskKgeLt|2022-03-24
prty1912|DbHZXasx|2003-04-14|2011-04-10|VejlKHEr|2022-03-24
prty1913|NSzCiOgV|2007-12-27|2020-03-23|OUepwRul|2022-03-24
prty1914|vASDKBZS|2005-10-24|2030-08-29|VdEgpDtC|2022-03-24
prty1915|YPwImwiC|2009-01-03|2031-04-24|yDHfFBoQ|2022-03-24
prty1916|FwkrixTc|2000-01-03|2016-10-06|eyixBVXy|2022-03-24
prty1917|NKqRPtrq|2010-09-03|2017-01-09|KrbATfyT|2022-03-24
prty1918|rYVoMCYn|2008-06-15|2011-09-26|vcbxnBVP|2022-03-24
prty1919|YsfPnRFF|2009-03-06|2011-02-05|HwMXjIJN|2022-03-24
prty1920|iJqvsnIe|2001-12-28|2026-11-22|KqzhCCfj|2022-03-24
prty1921|XmDnYXWj|2004-08-20|2031-12-13|omijIUpB|2022-03-24
prty1922|XeXkNVtr|2007-05-12|2027-02-09|tJKZGgut|2022-03-24
prty1923|EivoCbfS|2009-03-16|2029-05-08|rCTToyrt|2022-03-24
prty1924|urgTQAbB|2000-04-23|2028-03-05|JyehtkDS|2022-03-24
prty1925|XKDXGfRd|2003-01-20|2023-06-30|KjedtEBG|2022-03-24
prty1926|qvGtKBCx|2004-06-04|2025-05-21|lTvKdgvK|2022-03-24
prty1927|PdSqaSgA|2007-05-26|2023-07-21|aAaqEYTA|2022-03-24
prty1928|JynSOuZO|2002-06-30|2028-05-22|LxPxnsxN|2022-03-24
prty1929|rYcrhltp|2010-02-03|2019-10-02|fFDynBmd|2022-03-24
prty1930|XRidFAST|2007-12-14|2016-10-07|DmUyzKdx|2022-03-24
prty1931|viZHJrop|2010-12-27|2021-09-02|VYbZwMho|2022-03-24
prty1932|zuGQgjNs|2001-07-05|2020-12-13|sLERCjbR|2022-03-24
prty1933|wbRTeuSd|2004-09-25|2025-09-06|kDcumtWN|2022-03-24
prty1934|AohiFdSV|2008-12-28|2031-08-16|EmJaBHTf|2022-03-24
prty1935|lhLuZGVP|2003-08-10|2020-06-11|TbuDnIFL|2022-03-24
prty1936|LTZwhMDn|2004-04-08|2021-06-06|ozynmegi|2022-03-24
prty1937|mQLneeQS|2001-07-14|2029-12-01|JVklYOyf|2022-03-24
prty1938|MzWVcNtY|2008-02-20|2030-07-12|QMSQQoBr|2022-03-24
prty1939|CenoJWoQ|2005-09-19|2021-08-19|fwrfzZqH|2022-03-24
prty1940|cLJNPTgX|2003-03-05|2030-07-25|AmDjKCNy|2022-03-24
prty1941|PGDTbRmP|2000-12-10|2029-10-25|qDaNwqmk|2022-03-24
prty1942|qmmFMtiM|2010-08-22|2021-09-03|IVEFDFzA|2022-03-24
prty1943|fubsxSco|2008-12-30|2021-08-08|YRSvgQTP|2022-03-24
prty1944|vNyuXmki|2007-12-19|2014-06-05|mUpNCBaL|2022-03-24
prty1945|mzEJyjcx|2007-09-23|2019-09-12|ipyRMvXh|2022-03-24
prty1946|GmFjSHMz|2009-07-04|2017-01-06|sGyRklpa|2022-03-24
prty1947|sJbAHqRR|2008-07-18|2027-10-15|VaWxRvQI|2022-03-24
prty1948|swjqYTZd|2004-12-03|2018-08-23|FDKSOcjB|2022-03-24
prty1949|MzTOOVbn|2001-08-14|2018-07-02|BoHKkKWt|2022-03-24
prty1950|SvYPcbWi|2000-12-14|2030-08-13|fkATLzrg|2022-03-24
prty1951|qEKObXme|2007-06-18|2012-11-22|QaAPbNLi|2022-03-24
prty1952|ybXnxjyf|2010-02-02|2013-10-27|SEtRtgDU|2022-03-24
prty1953|vrwOVLtv|2000-02-23|2029-04-21|qysnVuEC|2022-03-24
prty1954|oBWRMJAt|2002-05-04|2012-12-23|hprTUoAO|2022-03-24
prty1955|PywMzhzQ|2003-02-21|2016-11-28|ymkKratF|2022-03-24
prty1956|nUfKREnO|2001-02-24|2019-07-21|LUFxOGyT|2022-03-24
prty1957|VRdUyFop|2004-05-27|2017-06-02|lCPJZtEY|2022-03-24
prty1958|XfKHrUWi|2001-06-30|2019-05-20|wMbzpxSH|2022-03-24
prty1959|QFBlLlEv|2000-05-09|2024-04-07|olhYgqTh|2022-03-24
prty1960|NaptDNNM|2010-02-10|2030-08-25|QYiDKgcC|2022-03-24
prty1961|qJXetXrj|2006-02-24|2019-12-28|LzMpwwlM|2022-03-24
prty1962|DisWCyRw|2000-01-21|2012-07-07|xwMjjqFG|2022-03-24
prty1963|DxQXlMJv|2010-11-28|2025-09-18|YiKausAy|2022-03-24
prty1964|cavQovRT|2001-11-21|2030-07-08|QUZhlchc|2022-03-24
prty1965|mFbNlWrV|2006-06-12|2022-05-16|lsIcnLlX|2022-03-24
prty1966|XwOtNqWa|2008-03-15|2027-11-11|dWtgoyTw|2022-03-24
prty1967|mLcSZoLX|2002-07-13|2028-10-06|RkXljVPc|2022-03-24
prty1968|bzpLhQgU|2002-06-30|2024-10-20|MTcKuWCz|2022-03-24
prty1969|XCrDoSEp|2009-10-24|2018-08-26|BpgmaKcc|2022-03-24
prty1970|nbGmdjit|2004-12-16|2028-09-12|wRDTQMOP|2022-03-24
prty1971|LPscAThV|2004-03-10|2016-10-04|wwkfTftE|2022-03-24
prty1972|tnFfJXdj|2008-05-16|2012-09-13|nXHyojXw|2022-03-24
prty1973|EHVStBbl|2004-07-29|2028-02-06|rofcxagh|2022-03-24
prty1974|ZPPdWFio|2001-11-11|2021-08-22|rxLCfGIy|2022-03-24
prty1975|SuPhgMOy|2006-01-29|2029-12-04|UQLrfADx|2022-03-24
prty1976|bGdZbvhR|2003-02-22|2028-07-25|tproKtyJ|2022-03-24
prty1977|bljasVXN|2008-11-02|2012-06-25|EhscOpea|2022-03-24
prty1978|XAffkxQo|2009-10-08|2022-01-18|OpNoUncF|2022-03-24
prty1979|IbjhPmJy|2009-12-04|2021-12-26|aZXaZlBU|2022-03-24
prty1980|UnspdTYi|2003-09-30|2013-10-08|GkWuekxW|2022-03-24
prty1981|yRmQPUuS|2000-05-04|2022-05-27|VEFIKHJV|2022-03-24
prty1982|asoqEGCW|2008-01-23|2030-10-28|UigzVPfh|2022-03-24
prty1983|KxRnmVls|2005-04-26|2012-02-18|ynGiMPhm|2022-03-24
prty1984|ExiAACwH|2005-10-06|2018-11-07|poklDvtS|2022-03-24
prty1985|KROGajjV|2002-01-23|2024-03-15|JJJGhBFr|2022-03-24
prty1986|yUphsqqq|2007-06-14|2021-05-03|vLAHOqDl|2022-03-24
prty1987|UqLlpqua|2002-04-29|2028-06-26|esMKMTHF|2022-03-24
prty1988|QVDoAcrL|2008-06-10|2023-06-22|jtIiEHaf|2022-03-24
prty1989|MeanPItW|2004-05-18|2019-01-26|TNLZuMHO|2022-03-24
prty1990|jRwAqCDw|2003-04-07|2024-07-01|DjFVxTRQ|2022-03-24
prty1991|lnFOayAi|2000-06-25|2016-05-13|HWdnmncp|2022-03-24
prty1992|rxvAniWI|2005-08-22|2031-09-18|chbrxmlv|2022-03-24
prty1993|WDxJrDkw|2001-02-05|2021-04-27|AiXxFHNS|2022-03-24
prty1994|OZaUUspA|2003-10-29|2027-04-23|FMSIsfAH|2022-03-24
prty1995|bBnJpjZr|2007-12-29|2015-11-25|bzRgYRGj|2022-03-24
prty1996|oqPwIaPl|2007-10-02|2013-09-10|MuFSYXJK|2022-03-24
prty1997|XeMIDafo|2001-09-07|2014-02-07|UGLCVYah|2022-03-24
prty1998|tzqSHdRS|2002-05-12|2014-04-18|RhSnaHmQ|2022-03-24
prty1999|PjhUdiKO|2007-09-06|2015-11-27|iZPVVTCa|2022-03-24
prty2000|yTiLvEIa|2008-05-04|2025-07-31|EeSzpcIY|2022-03-24
