Code|Element_Code|Element_Description|Reference_Date
code1001|ZxcaVTPg|HNeuBSOw|2022-03-24
code1002|hiKnvLwx|QZtAZxGS|2022-03-24
code1003|iDHxHtkh|gUgnBoEp|2022-03-24
code1004|RxtCawKG|jETNclYf|2022-03-24
code1005|wnHkmXOx|JQzzHOhQ|2022-03-24
code1006|ZGRHCmuv|BfiMDlYq|2022-03-24
code1007|nYsdykfM|wFMNqXjQ|2022-03-24
code1008|xTiHjWnJ|XzXFvNgG|2022-03-24
code1009|SnYsuBPy|bfjdAIYA|2022-03-24
code1010|jmkVnHxM|LfPxvmUI|2022-03-24
code1011|NodgySJW|JLfhtPyF|2022-03-24
code1012|IYrhiDKB|blWgKmSz|2022-03-24
code1013|oCEbRYxd|imLmEaJg|2022-03-24
code1014|gxnRcynC|tVgTIgwg|2022-03-24
code1015|ElHPiALX|EtrCwozS|2022-03-24
code1016|lVKVartc|tOrkBgau|2022-03-24
code1017|rcDvQMGI|GUwbanJe|2022-03-24
code1018|eWnmivgh|uvbThANj|2022-03-24
code1019|SebYNFes|TcuiRoKD|2022-03-24
code1020|dAmRNuLK|cOezavvM|2022-03-24
code1021|IsfugJPg|dkPQXavy|2022-03-24
code1022|qglGLGCb|oIlprLrH|2022-03-24
code1023|UNsKmaSJ|uVqRgAgg|2022-03-24
code1024|pMNEDmXQ|kJZLFmtl|2022-03-24
code1025|XDOMnBsz|QflRkGpC|2022-03-24
code1026|sMuLRjWN|mTwUJPPf|2022-03-24
code1027|BwVMYQLB|UUCyQjVe|2022-03-24
code1028|GxdnCohE|ZlGBTcwJ|2022-03-24
code1029|iHFtjleR|oEALYUPw|2022-03-24
code1030|ZlGwkRoF|nFvthoQJ|2022-03-24
code1031|xETzMTpb|ZRMJZKVx|2022-03-24
code1032|oFBviStp|naqIErGU|2022-03-24
code1033|JnLDwnMW|ysJHBPqk|2022-03-24
code1034|GrzIeOEE|TgFwGMgd|2022-03-24
code1035|OelzjYet|BccCMpGc|2022-03-24
code1036|hOzrAIKJ|YKiMZiRA|2022-03-24
code1037|kvfDCSmE|jwQtrbUs|2022-03-24
code1038|qyvXAbtO|RtTMiBTq|2022-03-24
code1039|TYzpfHQP|NBGoCpnp|2022-03-24
code1040|GkLMdPVf|QNVqwFiB|2022-03-24
code1041|pXSeQVJU|gjiaXAQM|2022-03-24
code1042|QuavVnOy|TLKCcZVq|2022-03-24
code1043|EqfCkovy|NhRjVDVV|2022-03-24
code1044|fGjmlAOD|RxaSoqkt|2022-03-24
code1045|VIjiPVZT|yWuzvVSx|2022-03-24
code1046|tSBQROxo|GMahPTZH|2022-03-24
code1047|UOrJLtkX|WJYuVCpD|2022-03-24
code1048|iqCQTPNA|gvrbVJkX|2022-03-24
code1049|BEzOEHAx|geTChVNA|2022-03-24
code1050|AHCwZjGQ|UvGtRxuR|2022-03-24
code1051|hrnZiURk|EcyDhbPg|2022-03-24
code1052|ghExBTNK|cJyGeqKf|2022-03-24
code1053|CGsEZfEC|NWlBDrmx|2022-03-24
code1054|HawNCCcA|AyfzYxdD|2022-03-24
code1055|ojQiDiQM|wrzNntGH|2022-03-24
code1056|uqhmLDFk|kqCpREVs|2022-03-24
code1057|zGrjvMQz|MnSSFnEL|2022-03-24
code1058|hCoVNker|AxHQaMdD|2022-03-24
code1059|fxKVVnDZ|DJtqYSPo|2022-03-24
code1060|SPakZWfJ|DXDhBaaN|2022-03-24
code1061|coJIOTxV|XCBxlqHH|2022-03-24
code1062|CAFiddic|ZicDUruV|2022-03-24
code1063|FcdIKEDj|ykMxwlMy|2022-03-24
code1064|htLBilKg|QUFShCIQ|2022-03-24
code1065|TVnLqOEl|UdJRvnoQ|2022-03-24
code1066|DtoNmJHf|SlhnKpdr|2022-03-24
code1067|dqebbQuk|PFWZVApB|2022-03-24
code1068|FZardPAk|uVHYVKDz|2022-03-24
code1069|aEIRkFuk|UXzdiCQy|2022-03-24
code1070|riSLyiBG|JFPoaveA|2022-03-24
code1071|mNoWbXXe|MjMejZeZ|2022-03-24
code1072|QrgjpMrd|xKEhPcXP|2022-03-24
code1073|RJelAlGQ|LFuTuQxo|2022-03-24
code1074|QblkzhUh|QgGahbEK|2022-03-24
code1075|PJFvKeKh|BRwQVryc|2022-03-24
code1076|uWnVeRnk|hESTLnZW|2022-03-24
code1077|VeiJzcIa|AsImGlZb|2022-03-24
code1078|cuOwPkfV|DREnOlkU|2022-03-24
code1079|AEeQeCCx|sHBFiXYY|2022-03-24
code1080|CQDwBXGF|XTWbeXVK|2022-03-24
code1081|SxKnMxXu|yOAAejgp|2022-03-24
code1082|eDqLEzXu|rCyrFJyE|2022-03-24
code1083|AXmsmdCM|ZXVvjsAs|2022-03-24
code1084|EGDbFycs|HneSGXUo|2022-03-24
code1085|MFfwUFCK|DIYSWSdS|2022-03-24
code1086|QzKZGypK|cxUekYaa|2022-03-24
code1087|qSbXMNme|ADzcnoLZ|2022-03-24
code1088|bIMGjswv|MRhFkWeb|2022-03-24
code1089|YyJNSRxL|KDstChvg|2022-03-24
code1090|ZjikPYav|YvjMsqKA|2022-03-24
code1091|gsTlMIBR|uIRavTEr|2022-03-24
code1092|aNvypVuY|egkmyntA|2022-03-24
code1093|TcOwIQnq|cNpjtqdZ|2022-03-24
code1094|aaRVarRE|AxlNzdkG|2022-03-24
code1095|CMKGiokn|ChcKYiaA|2022-03-24
code1096|FapJTAvR|JoFohWOe|2022-03-24
code1097|waXmWaOc|rZoXmbWs|2022-03-24
code1098|tUumISMu|HTcPwscu|2022-03-24
code1099|nkIofGpR|RUntTxHv|2022-03-24
code1100|NjydnxxA|TjSeYcsf|2022-03-24
code1101|GgBSOJZG|rWdywrJO|2022-03-24
code1102|RhQmcxhG|AAAYKtZP|2022-03-24
code1103|pXlQPEjN|NNIwWwrW|2022-03-24
code1104|cHLuatcK|eqPAPrxO|2022-03-24
code1105|PxRGlkKq|WKbjcwRt|2022-03-24
code1106|XpPZnnFf|TvYEGJxq|2022-03-24
code1107|ZOrloqiH|gqjpVuuY|2022-03-24
code1108|ffbjEGuj|dhMDthYI|2022-03-24
code1109|DkXxIktT|iGjUoZRM|2022-03-24
code1110|AdGyyeWI|ChAtMNHS|2022-03-24
code1111|gSbkzeZg|BQmRvAiN|2022-03-24
code1112|MFxxyBJb|AEnBHhbd|2022-03-24
code1113|PnDXUNGe|YsCzuxxu|2022-03-24
code1114|JdYeMqjE|rFOunMff|2022-03-24
code1115|wlESbjZD|NEerTIeL|2022-03-24
code1116|nvPauwvd|OherjAwa|2022-03-24
code1117|qkehlPGW|jtLOVWNy|2022-03-24
code1118|mptFdvqU|dYPcdmJd|2022-03-24
code1119|ztNxSStx|kUKNqZOB|2022-03-24
code1120|mRbrMqCI|cKIRaxcr|2022-03-24
code1121|vdIcGwuv|bQkHnDuR|2022-03-24
code1122|lGVXcFuN|kZuWdYQB|2022-03-24
code1123|UaOycxXj|ihdSRxJN|2022-03-24
code1124|icoMBfxo|yFrMwiJQ|2022-03-24
code1125|xxXqfnnp|VcvhpkCV|2022-03-24
code1126|PnvFnNRF|JVHatsAm|2022-03-24
code1127|fIeexLeo|IvVmZGxi|2022-03-24
code1128|Qffautab|DDRtvRJY|2022-03-24
code1129|GSexwnFn|TuXRiVcJ|2022-03-24
code1130|EvtVrkLN|yJJvzAvD|2022-03-24
code1131|iKvhugEv|MYvubByf|2022-03-24
code1132|qxnzdokd|pyMoIJJz|2022-03-24
code1133|Wdeusvcw|XnKCIPeu|2022-03-24
code1134|FJVPFjtc|tqkdhrUb|2022-03-24
code1135|eWxYEjmS|UNuPPfSn|2022-03-24
code1136|GPUJOLGt|MAQlVVEE|2022-03-24
code1137|mfEVVOwi|atpVLWIm|2022-03-24
code1138|bTPgdQfK|NSDYnaiC|2022-03-24
code1139|LySLcfKz|uKFlXxHE|2022-03-24
code1140|iihsFtge|HyzpaPXv|2022-03-24
code1141|aYVzDhZW|sXBtMUNH|2022-03-24
code1142|vmurwmQz|CaSrqGST|2022-03-24
code1143|vKuLcpOD|rjyxpjOH|2022-03-24
code1144|OxQHVpxI|sJsfDNli|2022-03-24
code1145|OQKZgfdz|bjyAPQvm|2022-03-24
code1146|xBfgReom|wotWzgLE|2022-03-24
code1147|vYfIeoNU|OWEhVlPf|2022-03-24
code1148|odbeRYNm|fuQDoUKq|2022-03-24
code1149|mgZsExeZ|bqcktSpI|2022-03-24
code1150|hNbIlgpE|foZtjlyQ|2022-03-24
code1151|OunErBAl|dDTrioAb|2022-03-24
code1152|RZYkcSFZ|gIaKyaAe|2022-03-24
code1153|fUltRaat|CnctQNQj|2022-03-24
code1154|BMnPdObu|OCgXvcDz|2022-03-24
code1155|grgyTSIg|OCXFSyxp|2022-03-24
code1156|GnnOhtzF|YlDfLKGj|2022-03-24
code1157|bBvdCKuy|alFRWLbh|2022-03-24
code1158|IAYSacvz|TzSmJexV|2022-03-24
code1159|uekRuMar|HLwYUllH|2022-03-24
code1160|GimgBQXO|TeMgPgug|2022-03-24
code1161|HbruxOEa|FAypAIBm|2022-03-24
code1162|owntJVzr|iopVqEOE|2022-03-24
code1163|ajVoWUGd|hISJaxif|2022-03-24
code1164|zfubYhnk|PyYVsAQu|2022-03-24
code1165|WPkYTZxJ|ZKuyfLsc|2022-03-24
code1166|dmFvsATY|vnnejJnE|2022-03-24
code1167|ESEorLDU|UIMDJzIP|2022-03-24
code1168|JrDjscfC|VHUfhdHX|2022-03-24
code1169|jnMlvPma|FQMMGJHc|2022-03-24
code1170|nZEQKxXN|CvhnUnXS|2022-03-24
code1171|ZnvfFrOC|yUKpsSzI|2022-03-24
code1172|kjqpVZzp|adsakIoV|2022-03-24
code1173|QNLNNOBs|QhDRwYIK|2022-03-24
code1174|ShmGhuOC|ISdLFvFv|2022-03-24
code1175|bHoGDjHV|SHoeFahR|2022-03-24
code1176|NoRfSZzc|SmiYXRyD|2022-03-24
code1177|ZRgJpGDK|gFMxTLhL|2022-03-24
code1178|tvNhIIQQ|CxrLhQbW|2022-03-24
code1179|tIMLciQq|lsesiPEl|2022-03-24
code1180|FtxOdlul|cLqbIkqm|2022-03-24
code1181|OjTtWLHI|oYhSNUEi|2022-03-24
code1182|UTuNlWtP|rKEylZiE|2022-03-24
code1183|GRwuiayr|eegexvcp|2022-03-24
code1184|ipibgVrd|pIzWDaVZ|2022-03-24
code1185|tAfDmEya|pXYpephc|2022-03-24
code1186|edwSUvGg|MeOrUpuQ|2022-03-24
code1187|VnVfEmdB|yFvRUjhZ|2022-03-24
code1188|asVJADyG|bGtCnUiW|2022-03-24
code1189|HiQNpPJw|OBcyYmMl|2022-03-24
code1190|ceZGnCmt|TDBaKFcZ|2022-03-24
code1191|zgNCfAFU|VayBWDar|2022-03-24
code1192|QPSLgNiZ|djvAMOfI|2022-03-24
code1193|rPeyNoJK|fnJGGGPR|2022-03-24
code1194|UBTMuVVR|WsWPFwai|2022-03-24
code1195|URCVNDqO|hOsjJhTy|2022-03-24
code1196|vrNvkcYp|bXTDIdHQ|2022-03-24
code1197|iJbFNTLC|vZKzaTUs|2022-03-24
code1198|TxxHNBJM|htTWUPkb|2022-03-24
code1199|fmqliwKE|EwbgzZGV|2022-03-24
code1200|zFKCPOoE|DtDqCttl|2022-03-24
code1201|riMEurOz|ftgZMOUP|2022-03-24
code1202|GxVXSGNQ|UBFIbVDX|2022-03-24
code1203|tCdHjnqx|MBEpXfme|2022-03-24
code1204|fFeVgRiO|GsNcTAQH|2022-03-24
code1205|yLBFVQZU|BHcjVPYi|2022-03-24
code1206|ElmJCUgY|RoybfdvU|2022-03-24
code1207|SByAixMR|arxgYbTr|2022-03-24
code1208|Wuejscyc|IMBaCDui|2022-03-24
code1209|lkeFSxnJ|fsDXVLda|2022-03-24
code1210|PLQzPhqi|qzEnSDrI|2022-03-24
code1211|yLzrWvTg|BpxccGDQ|2022-03-24
code1212|wAUefeMS|vNCASxww|2022-03-24
code1213|ZnRjFRRX|dBcZYtqZ|2022-03-24
code1214|ZTOZXycH|DaHLnTfY|2022-03-24
code1215|QdSYIzfJ|ZvqhaNKq|2022-03-24
code1216|NSTdlPhs|BvPqUTFb|2022-03-24
code1217|XLXeOvbV|ITUODOjh|2022-03-24
code1218|rSccjLgn|atIQXIII|2022-03-24
code1219|FabdEcSS|GnTEjGei|2022-03-24
code1220|DNxqCZVN|VDIMBpDM|2022-03-24
code1221|LmPkeWON|TchzhhtK|2022-03-24
code1222|RfbnifuC|PHMwncaj|2022-03-24
code1223|qlisFaJi|oVsnabHi|2022-03-24
code1224|eLqTRYqZ|WDQYKbWa|2022-03-24
code1225|mWqgeftF|uZtXylbe|2022-03-24
code1226|FeKqontp|IkiBVSlz|2022-03-24
code1227|IYBKVivb|MUfpWLkh|2022-03-24
code1228|CdHFACEb|uUoEZuyv|2022-03-24
code1229|Pqmycudb|CEMKpVdy|2022-03-24
code1230|DrOdSyNN|rybymlsu|2022-03-24
code1231|VBgTlGep|QYBwwHYm|2022-03-24
code1232|nkfXgCEf|UNZWAxXl|2022-03-24
code1233|NenmRKgh|CXAYkLLn|2022-03-24
code1234|vUKtiefl|lwchPvQb|2022-03-24
code1235|HMHGZTeo|TVPIoPtL|2022-03-24
code1236|etxWnMex|BWCdQLmn|2022-03-24
code1237|hUSKjfBb|CwDQLiMJ|2022-03-24
code1238|ItTmUWVX|WUBoPNzQ|2022-03-24
code1239|rMrVleso|siKMXKcl|2022-03-24
code1240|zjFuIypF|Ypfbyvri|2022-03-24
code1241|AeXwpghV|cPyfGvWI|2022-03-24
code1242|lKBHUEjB|sPuOKXsF|2022-03-24
code1243|CfXCDkbo|CmSjfUfp|2022-03-24
code1244|ZvMBUUMH|CsEtxiqu|2022-03-24
code1245|HdaznGCx|NNPHVCGC|2022-03-24
code1246|cFnEXRmu|LhbyqAee|2022-03-24
code1247|YjBlAAPd|fnsEFOwN|2022-03-24
code1248|UFAJQspK|RChsNMaV|2022-03-24
code1249|KzjVPnRp|lyFLtNVT|2022-03-24
code1250|HOlJgMFv|TnqWQaOi|2022-03-24
code1251|epGhbiRZ|CazVFPVx|2022-03-24
code1252|MKmECslA|btPdzGTs|2022-03-24
code1253|mAcSslHc|BaJfIQgf|2022-03-24
code1254|rnUlpOxf|luRALVql|2022-03-24
code1255|BhWAbfiE|UIMEVAhE|2022-03-24
code1256|ALaKeOZT|BWDUIzDR|2022-03-24
code1257|WPzVGZXk|HhToONTZ|2022-03-24
code1258|uMwgXXzu|TrauxKFk|2022-03-24
code1259|abunwjNz|yIZpJDLe|2022-03-24
code1260|twLpZsIW|ElEvNUsx|2022-03-24
code1261|DaRSdxma|axJwFVHV|2022-03-24
code1262|ABYFCfCs|pJTEaBjK|2022-03-24
code1263|mMyuhkbA|ZPKLsJAy|2022-03-24
code1264|KLGIXkvZ|gjZiQkwQ|2022-03-24
code1265|lZtOQuGb|yIPZmWlj|2022-03-24
code1266|iGoRvxnV|HYTzMAgJ|2022-03-24
code1267|LEROlAPU|RDpXKSbP|2022-03-24
code1268|QlakvYlu|VTwyPaOH|2022-03-24
code1269|qxcOWZuq|tDaAachs|2022-03-24
code1270|QJxMcCsS|SxkUFREu|2022-03-24
code1271|yIJHVPRD|oVKCwpaz|2022-03-24
code1272|bRBVxIPi|kVGCmEgX|2022-03-24
code1273|LerNqJtx|sfngiZlB|2022-03-24
code1274|HQVqZYEB|hVlvJcsa|2022-03-24
code1275|SBOvKbEP|jZqoExbc|2022-03-24
code1276|FWKMfQkt|UfXokmxs|2022-03-24
code1277|ssJzxgmv|PdKmvlzg|2022-03-24
code1278|TKKcSQRd|NnIeIiVN|2022-03-24
code1279|KuGFXKET|JCbySdAY|2022-03-24
code1280|Ceutdzfd|mpcReTgO|2022-03-24
code1281|TRaANlNe|PnApOXxk|2022-03-24
code1282|ycsabwCO|LkCWOSoy|2022-03-24
code1283|WdTINCAd|YXgDuSrx|2022-03-24
code1284|YCnbeYqc|BYQzjOuD|2022-03-24
code1285|LyfAHrDW|mbFCIitq|2022-03-24
code1286|xpoNqzjw|wKoSLOkx|2022-03-24
code1287|HCSJKrFp|wAYAiNnb|2022-03-24
code1288|SkeMfJlV|SpKfzQCx|2022-03-24
code1289|iCfbWzHr|toHIkZXx|2022-03-24
code1290|cutfUKaL|SmYNvjes|2022-03-24
code1291|voXJGOgy|ryLOroLn|2022-03-24
code1292|NlMwXFzJ|srdNhizl|2022-03-24
code1293|RcEckdBQ|ErJzhpwU|2022-03-24
code1294|gcNOXVPw|nIwxqDgS|2022-03-24
code1295|AuiGLmRm|YTzzznZV|2022-03-24
code1296|wHKtyYJi|dbHQzlLM|2022-03-24
code1297|kwYmTTDz|oUuZgjxi|2022-03-24
code1298|BZuiFEik|PoHVfUOF|2022-03-24
code1299|QXULxhQP|ZwbWLtbY|2022-03-24
code1300|kyyITLrb|nkZkHmAZ|2022-03-24
code1301|UPzSpWKu|YCBKgWLt|2022-03-24
code1302|imNVikoE|JAJnksSx|2022-03-24
code1303|lEljXjit|VhvfApsY|2022-03-24
code1304|HpqkXnKO|toKABduI|2022-03-24
code1305|VnUxqysF|VlJVReNv|2022-03-24
code1306|LBdOmoac|ydCLbXzH|2022-03-24
code1307|tncTlNvt|YDjhifnE|2022-03-24
code1308|mBbVobOh|ungcSANW|2022-03-24
code1309|EqlOAXDp|gnqjAhjv|2022-03-24
code1310|xRxLiznD|ENQbsDUq|2022-03-24
code1311|MCeKKgiz|yPTfuqiL|2022-03-24
code1312|wlLYwPRW|DsJhXrXQ|2022-03-24
code1313|NTvdVLvR|fUuZKGDA|2022-03-24
code1314|VxEPFxFC|EzTiUkDi|2022-03-24
code1315|fHlWSJAZ|zXwqduLd|2022-03-24
code1316|kZcUYCYt|bFzqgAum|2022-03-24
code1317|JEwuKezM|thcbFuYG|2022-03-24
code1318|TEWPkOtJ|amJlLhze|2022-03-24
code1319|LlJBmRyz|PbyqDaxZ|2022-03-24
code1320|zHZdpYYg|LucQDMsK|2022-03-24
code1321|fUgpfRZf|nHoMnVKh|2022-03-24
code1322|UqZAGNwb|EMTeIhiK|2022-03-24
code1323|cdYZBUIM|NXcwadeY|2022-03-24
code1324|YjaCJNlZ|UHksiYch|2022-03-24
code1325|PjatvxtR|vtdRelzp|2022-03-24
code1326|dKpmSdrG|TgfVYqyq|2022-03-24
code1327|EJHgDHIw|BhkWKtkV|2022-03-24
code1328|SQbVQCBC|QNDMLcwR|2022-03-24
code1329|xKsqUJrQ|xHuzyaCX|2022-03-24
code1330|FkwnZgKJ|xWPnKzMi|2022-03-24
code1331|LlLFSmpO|eFyICuLv|2022-03-24
code1332|cqDkROLv|AJiWMuxM|2022-03-24
code1333|MmaTywIG|glfEcDZr|2022-03-24
code1334|CIwSPiqH|FhKsDFXk|2022-03-24
code1335|FqiCosPL|TeimNANu|2022-03-24
code1336|stYIKrFb|DqXsOinE|2022-03-24
code1337|yXHPACKc|AVhhcToJ|2022-03-24
code1338|qTitbmmX|ZCgPTZGZ|2022-03-24
code1339|ajvJxWlH|pVbXxLoA|2022-03-24
code1340|WEpvYeEF|FDMMQdoW|2022-03-24
code1341|WaSdoQqB|QMeRrwKk|2022-03-24
code1342|sIdzEboW|LvQAOeSp|2022-03-24
code1343|feqdDbzS|KuXkSZIA|2022-03-24
code1344|CNVRRxhY|lPYJlkME|2022-03-24
code1345|OVsLtMQW|DDhNoauZ|2022-03-24
code1346|NmWgDKKf|mZbEiNLb|2022-03-24
code1347|whUGvowG|ARTuPiWh|2022-03-24
code1348|fbcolFbj|jAYJwcBw|2022-03-24
code1349|NbCoxIix|huNBhBTh|2022-03-24
code1350|QJyZNuXN|gzvGBSFC|2022-03-24
code1351|qwzlWHGk|XQdijkiZ|2022-03-24
code1352|rFTzbPLi|iJQEBaom|2022-03-24
code1353|UBVAxEgr|UTWpKnaH|2022-03-24
code1354|XCisasVG|helMyBNI|2022-03-24
code1355|uTJpaAvr|dGabpmdk|2022-03-24
code1356|GDdVYkub|OkycRIvW|2022-03-24
code1357|ldDpsLjf|KqjMnjbx|2022-03-24
code1358|ZRTSdJJO|VJBDkQNM|2022-03-24
code1359|CFttNpBP|SOdspOxu|2022-03-24
code1360|IBjOuEne|buNvzMtQ|2022-03-24
code1361|bKrnjBYy|nKCEZvzW|2022-03-24
code1362|PhmeHhEc|xjiFMmBj|2022-03-24
code1363|TjfgtWeB|ZrYHOHut|2022-03-24
code1364|BFWWMVmG|jPuTtcKN|2022-03-24
code1365|BxgYUamk|ajaGcMiP|2022-03-24
code1366|oyVeFQQV|kaGwIXBB|2022-03-24
code1367|FSNDWSlL|NChatfIH|2022-03-24
code1368|qOjpOPmg|YqMXtTXl|2022-03-24
code1369|mhBgEgzg|PtzVXJQA|2022-03-24
code1370|BtAQApBz|DeQwvQxg|2022-03-24
code1371|XwDpaJpA|hoHbovcv|2022-03-24
code1372|uMDmFnxs|SaXrQVCT|2022-03-24
code1373|pONSEZmQ|FEBtXTpQ|2022-03-24
code1374|yaUIWZAc|AKdAdbai|2022-03-24
code1375|TKKQGZUb|BdfLTHlV|2022-03-24
code1376|zVHhVpXW|QysuyRgo|2022-03-24
code1377|JckFWpAo|JTJsYMvu|2022-03-24
code1378|pYEbfUPG|yMtFdLRh|2022-03-24
code1379|zlDcHHzh|NiUyEiJV|2022-03-24
code1380|VhXPgyKA|nZxbbrkO|2022-03-24
code1381|AiFjlhwr|QiPRXmuD|2022-03-24
code1382|lnEzTvoS|YkwxTCit|2022-03-24
code1383|PtTdpuHu|FkABkYZr|2022-03-24
code1384|YKPOKYgz|BDAzheYX|2022-03-24
code1385|NalXNfQc|ZJFbrKRw|2022-03-24
code1386|lyXyvTfb|ORJUGPBB|2022-03-24
code1387|jOPBTAsc|xCOYvyTu|2022-03-24
code1388|AkqNttox|XpzKQWYg|2022-03-24
code1389|YkkXmNQk|MGtpNady|2022-03-24
code1390|KIaFZYTF|HUoGzpik|2022-03-24
code1391|hUPmNRxA|BXWzULTD|2022-03-24
code1392|UcsfKNGM|mYzzkKhr|2022-03-24
code1393|nqiXXeVB|ZVLMtbAy|2022-03-24
code1394|maqTThPG|kXTPpYgX|2022-03-24
code1395|fnbqufOh|EcloXsSm|2022-03-24
code1396|TtAhYVYn|vvDRcoxr|2022-03-24
code1397|KNFEiCqz|cwwkwNhv|2022-03-24
code1398|ErUysAfy|DbVYRZMg|2022-03-24
code1399|fVIrqYHm|VriQdieK|2022-03-24
code1400|qkwULaAS|tGhgrsEx|2022-03-24
code1401|qdAinarr|jYkNHOjS|2022-03-24
code1402|CpXqyOOk|hhOiIkzW|2022-03-24
code1403|YKoIxdIg|PVDCwRPE|2022-03-24
code1404|zmZAKnKh|mFCBwCOd|2022-03-24
code1405|GYhyCvLu|FprrRVqD|2022-03-24
code1406|EwBASomS|RLOgwQmS|2022-03-24
code1407|mmsfKYIC|OChxRdDs|2022-03-24
code1408|itBXkkEl|JrvVKDCV|2022-03-24
code1409|waFLsjBR|okFMkVCk|2022-03-24
code1410|xbdQCuYW|SVXcuKbc|2022-03-24
code1411|jJXcCXAu|XUCdpJOM|2022-03-24
code1412|LZUjgNpd|keRjHyxZ|2022-03-24
code1413|dsfdPhCk|HNvjYYgP|2022-03-24
code1414|sMWpTGpd|yHxzIWyz|2022-03-24
code1415|uPAzhlTm|KZLTBiIm|2022-03-24
code1416|nYIcVYEk|VvCcxQei|2022-03-24
code1417|BYLvpYwE|jjmUjAMQ|2022-03-24
code1418|RfLuogEg|hebmLnwG|2022-03-24
code1419|aLTEjLRj|saDGSIlh|2022-03-24
code1420|ACvFHhRr|CDQpMIKT|2022-03-24
code1421|btRxIjjf|xwJwvXkz|2022-03-24
code1422|ynHWdzSu|uzZHYEHk|2022-03-24
code1423|ATXpZSOZ|qQfZnfpP|2022-03-24
code1424|sfAQimQW|WkdVPPyE|2022-03-24
code1425|VYIowXjf|fRlhOBDY|2022-03-24
code1426|NxwfJikg|RoufuXtE|2022-03-24
code1427|AJvbPKmk|DsxmKJFB|2022-03-24
code1428|pLGbsfjb|SoRSsxFF|2022-03-24
code1429|QxpUhQvw|xAXkOQsV|2022-03-24
code1430|FcoSYZHT|isZzqXxu|2022-03-24
code1431|ZBduXPsG|fMCYVRcH|2022-03-24
code1432|PuvUVieE|ibTcZroJ|2022-03-24
code1433|yUXzDdnS|anoXgZJn|2022-03-24
code1434|RNdPOMnJ|STIHlaCb|2022-03-24
code1435|HabVyiIX|YoGwSxuQ|2022-03-24
code1436|KeefgiMw|VBPEeKYZ|2022-03-24
code1437|WAaYFyHX|bOxdzncl|2022-03-24
code1438|zrYxGZrk|gYbsCZGm|2022-03-24
code1439|KjWYqPby|LXipiMHz|2022-03-24
code1440|auVzEHLM|OycqxhvE|2022-03-24
code1441|eVuPzKIl|SFJrmnoC|2022-03-24
code1442|ftEkHkVI|oTTaZxaH|2022-03-24
code1443|ZMxffBqN|qtuIkuIU|2022-03-24
code1444|eUevelKP|MaDpjlLF|2022-03-24
code1445|PQLMSAkT|ZCGTqGdK|2022-03-24
code1446|zNiIxxvm|FthjTIXJ|2022-03-24
code1447|zMGKsvnL|pHHXuDaC|2022-03-24
code1448|sZgtWybx|dbTeEJpO|2022-03-24
code1449|JJHHEyCW|mGBBvqqr|2022-03-24
code1450|AJnekVFH|EnDDneMh|2022-03-24
code1451|SDqQeupU|FUgXnGyr|2022-03-24
code1452|PjWkTdMS|WOUnespx|2022-03-24
code1453|vUIYgEyP|XrgnyEzj|2022-03-24
code1454|gGnNJYei|JEYoJjnE|2022-03-24
code1455|nrHoZIik|UggdPVMs|2022-03-24
code1456|IplIfDRl|MJZNSuLt|2022-03-24
code1457|oxVMDKrC|iCacSKUW|2022-03-24
code1458|IgCPUqQz|OTFsRXov|2022-03-24
code1459|WZFWIasS|AiKEeouv|2022-03-24
code1460|tUAZZQOW|uynPLLEq|2022-03-24
code1461|nDCweiQW|RJlGRNLe|2022-03-24
code1462|CcBjXFJb|fUyglqUN|2022-03-24
code1463|neEQQyMv|QdLtMcES|2022-03-24
code1464|uFpwCrvI|GVsvMtuC|2022-03-24
code1465|FtKxTMbz|QyNsjgvN|2022-03-24
code1466|vjBGhQqs|NDZwAtHc|2022-03-24
code1467|pJgVEGJP|DaQXHLCc|2022-03-24
code1468|zpIITNOJ|xCzSOOAs|2022-03-24
code1469|desHbCKo|YHwTHCKf|2022-03-24
code1470|lhdDbiuG|UFSkjtPX|2022-03-24
code1471|mwQgQhxe|aEYTnpZc|2022-03-24
code1472|eTDIssTO|AoWYWomI|2022-03-24
code1473|rdQYjWti|sYlsVWkY|2022-03-24
code1474|meevSzBj|bgcjfyua|2022-03-24
code1475|IXQZHjbX|OuUHonBp|2022-03-24
code1476|uWdVMzCV|QsIxZzwR|2022-03-24
code1477|umtITsBc|EiKKKnwp|2022-03-24
code1478|sTVfhZNL|MGQihOYN|2022-03-24
code1479|sxxQNZDq|pmwCkwAY|2022-03-24
code1480|FrbLuCvT|yLTGbRNA|2022-03-24
code1481|bSHhgCqW|WeBYEWAR|2022-03-24
code1482|VpNrTSsl|LwQHSGAx|2022-03-24
code1483|NKyojsmC|vDGAtPgH|2022-03-24
code1484|aEDKjXCn|vvCWeGOY|2022-03-24
code1485|bUuOGYGl|PzWpdxUd|2022-03-24
code1486|TQcjzddE|uAqPzges|2022-03-24
code1487|JvgyTGcw|yilhPWjs|2022-03-24
code1488|bhCMSomS|RJGQMSYz|2022-03-24
code1489|CBcgOzJS|BmsDFQyC|2022-03-24
code1490|djBfNCDv|ygWHtlir|2022-03-24
code1491|AeRccanT|dSkaAYur|2022-03-24
code1492|NnPLjWsW|EPUYxTGW|2022-03-24
code1493|MijNsioO|jpekPVrs|2022-03-24
code1494|UDlUvaNP|iXJIzyan|2022-03-24
code1495|cLCpmtvv|NQLfHTav|2022-03-24
code1496|ACLvODDS|qlaZwQxL|2022-03-24
code1497|tOCRfEWh|WzhxOBAo|2022-03-24
code1498|GCQBFChJ|ULDLXgkV|2022-03-24
code1499|LelZYEQj|fmxqOdsm|2022-03-24
code1500|vFVbYrem|jRHfFJyJ|2022-03-24
code1501|bdnZNwdr|dbdWmVNQ|2022-03-24
code1502|AVrHKolm|VpCizAHo|2022-03-24
code1503|ecGMlgNB|jUeJyflX|2022-03-24
code1504|ckQgBdfI|FVulhLBI|2022-03-24
code1505|bfrBebCQ|DqvWurdp|2022-03-24
code1506|iHvfzSLk|qiRaSZZl|2022-03-24
code1507|KROssxpy|RfRVAjOO|2022-03-24
code1508|mWpBjJsN|tnOxDXbO|2022-03-24
code1509|WyFFRSTE|AGolqQjc|2022-03-24
code1510|SPzDiddc|VdneFKHP|2022-03-24
code1511|lbfPIXpX|kpneiVJn|2022-03-24
code1512|bdHqFSbL|GeHHetZq|2022-03-24
code1513|Svmmdxgq|SoZUGTUx|2022-03-24
code1514|yogssQqs|TUZayrEw|2022-03-24
code1515|MXoWMibl|sUHuVQWY|2022-03-24
code1516|yqSZxcRX|AbCXxjnY|2022-03-24
code1517|nBvQKakn|jrGRzckq|2022-03-24
code1518|obCyUGbN|PFlqhvVj|2022-03-24
code1519|CVvJOsdS|kBvVFYoP|2022-03-24
code1520|gqJtNQxd|BDmgGnHN|2022-03-24
code1521|nKgEYMBO|IpuVdqHm|2022-03-24
code1522|CSOhAxxD|EJzqmBOb|2022-03-24
code1523|hbUihcsl|nztMTwHc|2022-03-24
code1524|woREcMRY|ObbKBBZh|2022-03-24
code1525|GrEgytpV|afNWQsxh|2022-03-24
code1526|GMSSBkLZ|vuLIhrzs|2022-03-24
code1527|RBBRuJHu|rqJNKxnj|2022-03-24
code1528|IVdzBNiJ|rlHluNbF|2022-03-24
code1529|iQDGTTgC|fPhllVrv|2022-03-24
code1530|NxrUlVFO|CDuLiprh|2022-03-24
code1531|dWArwysw|xHYlQITC|2022-03-24
code1532|YYpSQBDR|pHoZTzBj|2022-03-24
code1533|OpoGeWQr|xLVKHjTy|2022-03-24
code1534|jFosdhJe|avvcesnW|2022-03-24
code1535|eqzuyVMV|LRuNLrhj|2022-03-24
code1536|IXlxsTvh|arpanMDt|2022-03-24
code1537|OHatmJKk|DJZuvocI|2022-03-24
code1538|QINpCIuH|uADchwSz|2022-03-24
code1539|QRqYeUtW|onKfZBgB|2022-03-24
code1540|NeEFIcFB|xjhxzvQV|2022-03-24
code1541|TViRmHND|DvVrAwWz|2022-03-24
code1542|ZbNHfVKa|DFEFbyaa|2022-03-24
code1543|GswsKZwb|NUbBDMqi|2022-03-24
code1544|AfPnXgEp|TlcgHHFo|2022-03-24
code1545|spqZrHmN|SwhUEiLN|2022-03-24
code1546|oVKvsEla|DedIkMSR|2022-03-24
code1547|HqiHQDKS|YtHFQWgU|2022-03-24
code1548|mcPICTSM|EeJoNXNp|2022-03-24
code1549|CjDsADuo|pJwbqMWh|2022-03-24
code1550|FuDONQTC|ALGypTZi|2022-03-24
code1551|TRwmPrMr|yQBSqIGs|2022-03-24
code1552|ysPSzxzG|AuQBvCIp|2022-03-24
code1553|ajxNYsPt|yyDtrZXv|2022-03-24
code1554|dKpCGnni|fbLGqHRI|2022-03-24
code1555|UaFikJlr|UALjmSIU|2022-03-24
code1556|LXYlNUqo|UDprPTdJ|2022-03-24
code1557|TFqDXljv|kFRQTGWB|2022-03-24
code1558|MBurDVbU|ywMSTEjq|2022-03-24
code1559|hiKEGymv|eomkiTaP|2022-03-24
code1560|CAoDNEJs|hZhJDgqe|2022-03-24
code1561|TcYZdhAJ|jZaHwOVS|2022-03-24
code1562|vXQQjtVt|RMmbqkRD|2022-03-24
code1563|HbageRmu|zGiHjMAN|2022-03-24
code1564|QSnHWblD|IClsJSrJ|2022-03-24
code1565|slTenXmP|BNIOyKNv|2022-03-24
code1566|utHWvHlD|tgyzEQHL|2022-03-24
code1567|MojTWWAe|CFDiKnjt|2022-03-24
code1568|GOcyjmte|yaMtIcJG|2022-03-24
code1569|aFLjptRS|JqawicNu|2022-03-24
code1570|sNexvQqG|YogmgLgH|2022-03-24
code1571|tMMoWhbQ|hlTzXtUN|2022-03-24
code1572|wappuHKB|LktICXFm|2022-03-24
code1573|zjcuNbcE|xPBRbLUk|2022-03-24
code1574|akThVAIM|fMWIBZML|2022-03-24
code1575|MngafTOR|VaebLdTX|2022-03-24
code1576|NJlrjerj|AoIxodfv|2022-03-24
code1577|DKnmpVhv|ZliZViPR|2022-03-24
code1578|nwDfaEwS|gQUltBdh|2022-03-24
code1579|LHCkfcCO|xPOEHTNL|2022-03-24
code1580|evePgFYC|AlbWLiZC|2022-03-24
code1581|lQRgGToJ|sDriyUet|2022-03-24
code1582|ymNQopZg|OIxIVtOY|2022-03-24
code1583|rhsVHAkQ|GgWQQwyi|2022-03-24
code1584|ChBCaffG|qLgwjLQe|2022-03-24
code1585|FSZtwaQh|DEnYZkvi|2022-03-24
code1586|vffKqTxH|QsTgBMbT|2022-03-24
code1587|jjZtilEd|zRdiClMZ|2022-03-24
code1588|KLbyfxhq|FBhkxOlH|2022-03-24
code1589|USQbpFTB|OmeWsmNT|2022-03-24
code1590|apmHVUiL|VaZZtWwJ|2022-03-24
code1591|MUoJpDGw|DsUoAqKl|2022-03-24
code1592|RUeBzjtu|ZArwrnRm|2022-03-24
code1593|PXWYDszL|MlsyesdK|2022-03-24
code1594|iErzkVMR|iVmdxdnp|2022-03-24
code1595|eGHtbNbq|LJqIGypo|2022-03-24
code1596|YxXKBVpg|NmPKJFMe|2022-03-24
code1597|GEEelOUc|VjgeCbzs|2022-03-24
code1598|FFKPbeWO|RcdllNpk|2022-03-24
code1599|sgUpVHEY|UPQnwUgi|2022-03-24
code1600|wDhozxib|AcbpFRzC|2022-03-24
code1601|bktgnWMR|dlJMMQnw|2022-03-24
code1602|uNYnRRCc|kwfJriUj|2022-03-24
code1603|KxpDtKPF|BasYCCFr|2022-03-24
code1604|nunNQWPv|ykdPqMUV|2022-03-24
code1605|JxcfKyOj|VCUjurkI|2022-03-24
code1606|qcUBatbx|LCmJSqlJ|2022-03-24
code1607|sHKLqmHo|dkhnVwJh|2022-03-24
code1608|FixNErRZ|dxzsBBiB|2022-03-24
code1609|vcyeocDL|OuPRcxVI|2022-03-24
code1610|mchQoaxd|QWqfgdUS|2022-03-24
code1611|PbmgVKYB|ngHAJhBx|2022-03-24
code1612|pAXdsGqJ|ZikooEgI|2022-03-24
code1613|hlZsEGLf|HnhGJIDs|2022-03-24
code1614|vQeZCIwF|ptAbhLUc|2022-03-24
code1615|zqUhDjjG|VGKxBVeX|2022-03-24
code1616|QNoLBXoB|zYjLaFGC|2022-03-24
code1617|UkCcqGZj|OXLMggDS|2022-03-24
code1618|pwLPaeoT|wYDjlaef|2022-03-24
code1619|WkuqQYLp|auNziLAe|2022-03-24
code1620|ULZpHgtB|HlaJZgQC|2022-03-24
code1621|IRlNfmAp|GIyzgeYG|2022-03-24
code1622|atuHSYnm|IdTGSRKK|2022-03-24
code1623|lgmissfs|bZbivWqs|2022-03-24
code1624|mDQIzvff|dHrjozif|2022-03-24
code1625|LOBeVgXW|zDBnwmWV|2022-03-24
code1626|KlDJYcwe|UiPsTMsd|2022-03-24
code1627|fvmkKTYf|ZoloEjTV|2022-03-24
code1628|gimuMsQF|bYFZTrID|2022-03-24
code1629|ERLqlQjQ|UqJBZwsT|2022-03-24
code1630|exsYBAbU|DmzvHKnT|2022-03-24
code1631|egskiQqy|FDahEhgR|2022-03-24
code1632|HMjdzhkX|NqoQhIgv|2022-03-24
code1633|iAPZtRFE|qhZaagxW|2022-03-24
code1634|xtctXgxq|OsJoMaoo|2022-03-24
code1635|taZRCAWu|WxNtQoni|2022-03-24
code1636|bZZLiZzC|YycrBSGl|2022-03-24
code1637|hrdhcYGZ|PjQAHjTR|2022-03-24
code1638|yWmCAhLm|fxtYHYtv|2022-03-24
code1639|WIPoqMwB|GFgakKbb|2022-03-24
code1640|wBnFxJTd|KzCWfoWv|2022-03-24
code1641|fzBxKTNW|tZvZTvgX|2022-03-24
code1642|SsCwuxHx|rNUWNWWv|2022-03-24
code1643|IooPBydN|uIbfpLLO|2022-03-24
code1644|VbtvDcRx|fwCRqfPq|2022-03-24
code1645|DljlkhGN|EAtHxTfw|2022-03-24
code1646|EQMhJWTu|WtMrfmDd|2022-03-24
code1647|fwNyimOH|HzIXUDuP|2022-03-24
code1648|KmquYBpa|uaxpNwfl|2022-03-24
code1649|ufcxasEA|rwyfbmjM|2022-03-24
code1650|GdGMZLQV|qEofLrox|2022-03-24
code1651|AaihtLnz|UWVdfpVd|2022-03-24
code1652|eHAtgOWB|imyzDYFr|2022-03-24
code1653|UlsTaSxo|nixLrolK|2022-03-24
code1654|JEiratml|FPNpsAWi|2022-03-24
code1655|PkyUUlyV|VMryWdzF|2022-03-24
code1656|ZbgYzENY|XGlLXLvY|2022-03-24
code1657|LmisLGEG|YWFaWADV|2022-03-24
code1658|gYYZlZmE|FsBvJEXJ|2022-03-24
code1659|kpnITKhS|xJZupRkx|2022-03-24
code1660|zizLcowR|BLGlXTpq|2022-03-24
code1661|WCfYDIHU|RXjmFLIZ|2022-03-24
code1662|VSQkliQr|pCatExcZ|2022-03-24
code1663|xwmvZnnu|EEcjaJpx|2022-03-24
code1664|XxssIWML|HBQeowSm|2022-03-24
code1665|yxOtAudc|CuUuYdLA|2022-03-24
code1666|dHJEHEkg|HvlWJbND|2022-03-24
code1667|rykEoKsU|XeajAjgZ|2022-03-24
code1668|RqBDvVZz|aeSveflx|2022-03-24
code1669|dyrVJZSf|xTxOHywd|2022-03-24
code1670|NBhPDvhj|eocGAiJd|2022-03-24
code1671|ootISJjk|XHRuBGrW|2022-03-24
code1672|zcvBspHs|UtcotzKH|2022-03-24
code1673|dUTVgSlh|DTLnTOnA|2022-03-24
code1674|JcKchxUp|QPQRtYxH|2022-03-24
code1675|lBfrZyXw|eOyohRfn|2022-03-24
code1676|kkiCKobs|aJJbsJzf|2022-03-24
code1677|bEKuZTQU|VSkGVMxa|2022-03-24
code1678|fDpgicvg|yssoHqNZ|2022-03-24
code1679|iuvDoRun|jgydFLJF|2022-03-24
code1680|mxAuGJJt|jikCxDEb|2022-03-24
code1681|fpnkPgFL|HbCRqFvy|2022-03-24
code1682|NPIrtLby|JRBcoJbq|2022-03-24
code1683|wwyyeFNI|qNupnOJp|2022-03-24
code1684|XbfsyVqG|vbJctGEc|2022-03-24
code1685|tEKvCQuE|iwqrjvzk|2022-03-24
code1686|moLBzTsa|gboIZbHk|2022-03-24
code1687|VScirHVd|qDowAVrN|2022-03-24
code1688|egMGxhKB|tEiXWwXY|2022-03-24
code1689|FGtqsmnn|sbmwCwqO|2022-03-24
code1690|iKQccUZx|tgjoyZhu|2022-03-24
code1691|jDjeSvVP|QrIfjSXB|2022-03-24
code1692|YZvOFAOm|rDPInunM|2022-03-24
code1693|otfMvGLf|MWKncNYT|2022-03-24
code1694|UUzDMZGG|sxIHiNqt|2022-03-24
code1695|CIuOCZKg|bCrgfPsM|2022-03-24
code1696|rqtxhQTQ|KlOALsvX|2022-03-24
code1697|ahAPuqsP|FGaxrCus|2022-03-24
code1698|sqfXDJOG|jSbuNmvG|2022-03-24
code1699|JjGguoGV|CjFtmEdA|2022-03-24
code1700|gbVKDmfU|gaKnRuBG|2022-03-24
code1701|RDrzDqLX|qHMyjLxl|2022-03-24
code1702|RfcOKhvI|DBaDlPXB|2022-03-24
code1703|kKuGbdWu|YcEcNdOb|2022-03-24
code1704|NcnWJXxz|DrDqCQxI|2022-03-24
code1705|EsGuVGfi|geWxfCvj|2022-03-24
code1706|AggitFyC|cKkmchrf|2022-03-24
code1707|uyCZQbPm|GsPaepAS|2022-03-24
code1708|LhsBqhbA|WpzjJBWK|2022-03-24
code1709|xkgNstMr|PhjFyNdm|2022-03-24
code1710|ukkIIVRk|hdHNVVOX|2022-03-24
code1711|cOFtuyxD|JVeHwTsP|2022-03-24
code1712|sTYwUiLR|EqloZzZo|2022-03-24
code1713|ujLNZMNs|tvLTrOFC|2022-03-24
code1714|oNdmzMbL|lOFSpQwJ|2022-03-24
code1715|qmpYMHbA|hAYONLGx|2022-03-24
code1716|FIAvSPhb|vXpydAZH|2022-03-24
code1717|YjGTcqeG|kxazVaZK|2022-03-24
code1718|FKydbVGU|DWXkugfa|2022-03-24
code1719|jYLipcuP|mkvHOshS|2022-03-24
code1720|jSMGILoY|lBQyJkkP|2022-03-24
code1721|TlqHDTXo|vmgFWrst|2022-03-24
code1722|oGwfLeyN|oHIcFZLr|2022-03-24
code1723|quZKOnLy|aGcaFmDp|2022-03-24
code1724|RRyWjzAw|cFroQvUU|2022-03-24
code1725|OPypDUqr|QeXFnowH|2022-03-24
code1726|EuCXzmgP|lqVgNRqm|2022-03-24
code1727|lYZNViMp|qHhNuzZk|2022-03-24
code1728|fizEMHGq|kQcSGfHT|2022-03-24
code1729|oWfvJrKx|qvwVAabc|2022-03-24
code1730|fydxxgNw|qIUxszbt|2022-03-24
code1731|bZFUPXdP|fdzQUmkg|2022-03-24
code1732|nledsFUU|eeNYfmnv|2022-03-24
code1733|FNcVjByL|NICaouNE|2022-03-24
code1734|SJVrXVvY|fmyrzGLL|2022-03-24
code1735|XbftItID|JVIzMrlO|2022-03-24
code1736|BPpkedSZ|PPnuNZCl|2022-03-24
code1737|rgyBLSes|WCocOvIE|2022-03-24
code1738|dtnMakgC|jMdSNqqA|2022-03-24
code1739|FadgzxbK|jLuamotF|2022-03-24
code1740|LlektJTA|DbMIBMmq|2022-03-24
code1741|gbMXMXJg|VSTERljy|2022-03-24
code1742|RryRJgrt|wYSwVbuo|2022-03-24
code1743|NzDmeFKX|MIMzJBAy|2022-03-24
code1744|PfCJOpbx|HMtJVknD|2022-03-24
code1745|TgwbjLOW|VLTznyLb|2022-03-24
code1746|CLfAJuCW|WsXDeiAV|2022-03-24
code1747|XGBgAczV|pOLdjCYe|2022-03-24
code1748|qDUObYuN|ytTHJbNN|2022-03-24
code1749|YAOMnptm|PxqEWsrl|2022-03-24
code1750|aHVVFXrS|xQCkRMZb|2022-03-24
code1751|qSSzKFHc|IEpELGrX|2022-03-24
code1752|KqaCBpHq|JsNwFVct|2022-03-24
code1753|tdChKjwf|xzEwlYQB|2022-03-24
code1754|XKbqXiEB|JsbceouN|2022-03-24
code1755|XVeXaUmC|sUUUzAsT|2022-03-24
code1756|lcpURdqI|nQNMzwwy|2022-03-24
code1757|mBODKhda|yBdjOtdS|2022-03-24
code1758|DBFMPrGT|xNhRqfCH|2022-03-24
code1759|YBWileMS|PeRMfHYV|2022-03-24
code1760|mWBnQBbC|KMZzQGai|2022-03-24
code1761|wprhInVA|khznOLkL|2022-03-24
code1762|yihcKddi|tgyEPbps|2022-03-24
code1763|xGRCuMHA|OLKMPHbA|2022-03-24
code1764|TaBgstMZ|AdynELYb|2022-03-24
code1765|CFHUcinG|AALfVjoF|2022-03-24
code1766|aYQXmLdw|CTPfeiXR|2022-03-24
code1767|XxaAgMZr|FctLrjAF|2022-03-24
code1768|pFACWTFz|hosyAUgT|2022-03-24
code1769|mxSmTGeE|QSCKtfTJ|2022-03-24
code1770|KeMOKyUE|IPpYEOqj|2022-03-24
code1771|EdfQJpqN|zhaaTixU|2022-03-24
code1772|szJQntje|DuPxsyzo|2022-03-24
code1773|ZDIWRPon|wQtriDsU|2022-03-24
code1774|tgxCNsgd|HDWtaeYH|2022-03-24
code1775|hdPthIvT|MvcmVxGY|2022-03-24
code1776|uyJuEIFr|noAxrjZu|2022-03-24
code1777|CrTTAIJF|NjJIvkkZ|2022-03-24
code1778|oOFDRAVX|QntHsxik|2022-03-24
code1779|LNYiRdck|rIYUSKmt|2022-03-24
code1780|BsHJYRyu|ijoRjWnv|2022-03-24
code1781|elOdYrtG|TmkxVxuf|2022-03-24
code1782|HELWSHfS|lOZTAJmf|2022-03-24
code1783|KjfewPTC|LGuJGpSV|2022-03-24
code1784|QAwoXRKi|VsYiQSfg|2022-03-24
code1785|GlVsmkok|cEvXekoG|2022-03-24
code1786|wuqXBrRT|UjwZPHfL|2022-03-24
code1787|XnLdkZia|lAFgkPDw|2022-03-24
code1788|gKyxyLFF|XRcknbRj|2022-03-24
code1789|dONfWBtB|dSTViXBS|2022-03-24
code1790|TRoYRvPT|jmDEaRKf|2022-03-24
code1791|UmhNETyW|xJZBcyPk|2022-03-24
code1792|AnSWjyZu|IfmbXMnE|2022-03-24
code1793|QLjisKwi|HoanOnUY|2022-03-24
code1794|LUijdiCV|eQqNGeAn|2022-03-24
code1795|NCcXdlrR|EhzmqxbI|2022-03-24
code1796|nXMZlNGu|ttMuxgKA|2022-03-24
code1797|zmYBVOVv|YgkMokCC|2022-03-24
code1798|jyeMWKKM|ZycgBZlv|2022-03-24
code1799|bsUzURkZ|lPaIxltO|2022-03-24
code1800|zwpwUTIo|fzNNwzaM|2022-03-24
code1801|jCtmezzU|ZcDpMKgU|2022-03-24
code1802|eenjqIHf|lSrogwzT|2022-03-24
code1803|nssAOKel|lIhMYTbr|2022-03-24
code1804|xKBTrFAC|pEhEIOOz|2022-03-24
code1805|azhbJrej|NRARAQAA|2022-03-24
code1806|FgZeowIx|trTiPKDA|2022-03-24
code1807|HbdEXfdR|mvCVNIks|2022-03-24
code1808|SyopEikr|stzaDlin|2022-03-24
code1809|gDOrcolS|nAjQMXCz|2022-03-24
code1810|kilLtFdd|mixMxWyQ|2022-03-24
code1811|BUAqHrws|LKUBCDdc|2022-03-24
code1812|HoJIpJoG|oxUxCjdd|2022-03-24
code1813|HgMxDkFb|hWJXVQCQ|2022-03-24
code1814|Hpxbdcjl|SLsrDTPj|2022-03-24
code1815|qiORjEWC|AjyqHsml|2022-03-24
code1816|ZnQiGtpX|ZqPBJZkj|2022-03-24
code1817|EOlDQIDk|UXDKhKAN|2022-03-24
code1818|zmFTWBwF|mtGcaoaX|2022-03-24
code1819|UBgMlrZX|MmTODWOu|2022-03-24
code1820|CxXQKrTu|iyapltyF|2022-03-24
code1821|JcfWwoAL|SbYQWWhP|2022-03-24
code1822|SwWocVKq|TDFWwbph|2022-03-24
code1823|CzcyYGhd|EaRxZPKX|2022-03-24
code1824|bMFltMHw|eNdfdMgu|2022-03-24
code1825|jJkERlKJ|CnlOyObb|2022-03-24
code1826|GtPDziDF|RnFpCVMy|2022-03-24
code1827|cjtXmJzQ|SVoXVMsj|2022-03-24
code1828|rBEaCemd|mOyCfcbj|2022-03-24
code1829|yqrzdwla|ccSDFggB|2022-03-24
code1830|HrcanQLw|TPiYIBdT|2022-03-24
code1831|oeSPVWVs|XoSOGDxy|2022-03-24
code1832|sgGWRblQ|tPxeHtrq|2022-03-24
code1833|xYPgjrXt|XCeWYfTk|2022-03-24
code1834|khixiCYU|btYaxOFB|2022-03-24
code1835|SxfJgmmj|LwIXasEX|2022-03-24
code1836|UEgRQxiO|XYNJNoKS|2022-03-24
code1837|gLuRFSzN|OYgdkDdS|2022-03-24
code1838|kevnegzS|IfWHEVgv|2022-03-24
code1839|ehPFFYEO|chxkGfWh|2022-03-24
code1840|HNnPzOZU|mQwwuwxm|2022-03-24
code1841|QNXqhnHb|kHivpyNV|2022-03-24
code1842|Jplobvgn|XFbqUMCv|2022-03-24
code1843|AxrxlcdG|cifVbiUh|2022-03-24
code1844|SCtwLdtY|SIKqATRI|2022-03-24
code1845|JSkjTWts|INbwtfPy|2022-03-24
code1846|UxznzJoa|BPknzrCS|2022-03-24
code1847|NCbJgPgG|XoyBtLJi|2022-03-24
code1848|mZsaTBpz|djIqMHNh|2022-03-24
code1849|wfCtpCmo|CglBfiJv|2022-03-24
code1850|zWcgucZt|zzqQrJCN|2022-03-24
code1851|YtgLTVAE|uiREkcVK|2022-03-24
code1852|QpityCgo|EOpshLvO|2022-03-24
code1853|qlwnitta|imNMDnwd|2022-03-24
code1854|JtDGopgf|QkZYbYCH|2022-03-24
code1855|ttVpfXCZ|wLuTFiAV|2022-03-24
code1856|tunZVFiS|mibydyOl|2022-03-24
code1857|oxrywESO|ASzNGmzp|2022-03-24
code1858|gIvUtNUo|VAhHAzNv|2022-03-24
code1859|yUCoLWKi|fWyTRZAu|2022-03-24
code1860|fsTCwvjC|ZKNiJVcr|2022-03-24
code1861|ZnDKcpwg|emxIueqV|2022-03-24
code1862|PItZcjXk|QyxTWFLz|2022-03-24
code1863|ZIhYJlqD|QCIlimrv|2022-03-24
code1864|WKnJDFDS|mXJGddRJ|2022-03-24
code1865|sNNBtDIE|cPzCkvbn|2022-03-24
code1866|RegVkFbw|yUaraRey|2022-03-24
code1867|fvGNSryF|KUhlxtaA|2022-03-24
code1868|aLMQOTGk|SxeemWwO|2022-03-24
code1869|efqOUpks|QVOQYDfu|2022-03-24
code1870|TdUYHlhu|XeKmygxR|2022-03-24
code1871|RHmGOZDE|UutGfzJQ|2022-03-24
code1872|fWJtdwMQ|MvMDzIhs|2022-03-24
code1873|uIbjAyDJ|tIOoIgNL|2022-03-24
code1874|BPaoexKk|KoHwBBLd|2022-03-24
code1875|kMKLMOJl|FJRVJPAy|2022-03-24
code1876|equlzdCs|fWjRoxRQ|2022-03-24
code1877|rQajUKKh|LsYvYeDC|2022-03-24
code1878|CiRqJVTM|oTlDmGuS|2022-03-24
code1879|wLZOKYzK|DXFsDABW|2022-03-24
code1880|cNupBqPJ|WAoebaeh|2022-03-24
code1881|byOGHbgo|XPBXBBMb|2022-03-24
code1882|SUFfpByH|avcTzwKT|2022-03-24
code1883|lKfGDZjf|KBSqjNvg|2022-03-24
code1884|oSFuuxli|NKRJSOuk|2022-03-24
code1885|glZOfptM|nhbbvnWq|2022-03-24
code1886|BBVhDAUI|tXleMOUj|2022-03-24
code1887|xkjuiXPh|kNTsEaHQ|2022-03-24
code1888|ruszAZqX|ohUZqJEx|2022-03-24
code1889|ggwjiWbG|TDQgTOXp|2022-03-24
code1890|dueKuute|JONLNXZM|2022-03-24
code1891|FpEXzuXs|RHHXLObT|2022-03-24
code1892|ZAGzJfbc|FPhrPeCP|2022-03-24
code1893|qKscAkwO|JjQuTRXG|2022-03-24
code1894|SlGBqyPb|dkLUMxIq|2022-03-24
code1895|vRcThhCG|YtNzwmpw|2022-03-24
code1896|jfxjNfBX|RDamvQvp|2022-03-24
code1897|tdVGsyYg|LuXhDKwU|2022-03-24
code1898|lNpcaweE|kEuTpCut|2022-03-24
code1899|wZkQUtBQ|fagKWjel|2022-03-24
code1900|KdIyjDVD|sZewtaEK|2022-03-24
code1901|MrtISFDV|EKFsdxAj|2022-03-24
code1902|IBjynoni|voSJXtQg|2022-03-24
code1903|VWngwoRk|dkaIuzdu|2022-03-24
code1904|crGsNuow|lrSZZqLV|2022-03-24
code1905|XvDgUZJp|VRlgHgMG|2022-03-24
code1906|ecJlYpiT|fzSsutcy|2022-03-24
code1907|CefzCiIf|IEqgpbAp|2022-03-24
code1908|tXEDwMwD|IsZfgCBr|2022-03-24
code1909|PBxtwjbm|ssWMjVbK|2022-03-24
code1910|wRDvMnzs|fZcjQlvx|2022-03-24
code1911|nIptOPje|LpKpurrJ|2022-03-24
code1912|XHpeTNLA|uiNKWcag|2022-03-24
code1913|eXjdAnDV|vjAhAINY|2022-03-24
code1914|tatnMKcF|nluSQMXs|2022-03-24
code1915|dNZOgvsE|EKvEpIcH|2022-03-24
code1916|DYQHtMrP|UmDrGMmr|2022-03-24
code1917|oyTwXAfQ|IrLTvNWf|2022-03-24
code1918|GZGqXcXy|OLoSKIxF|2022-03-24
code1919|alqQmjij|oAruqVAr|2022-03-24
code1920|CoaaAeQP|nXgCEcuF|2022-03-24
code1921|MbOJmffi|jRjJLFSE|2022-03-24
code1922|RciQGMOG|lVXQRAwk|2022-03-24
code1923|ZWWcUvfq|wBqNcOCm|2022-03-24
code1924|AMQsqhAZ|xrffTXFw|2022-03-24
code1925|NzqQglah|sUPjHbmR|2022-03-24
code1926|JHKjGamL|bHQTwfoT|2022-03-24
code1927|NjKVnPyl|nPAhPcuL|2022-03-24
code1928|eTudkkrI|BncZHOia|2022-03-24
code1929|IwRfSYFl|FexOaDli|2022-03-24
code1930|ieWsVzuv|cCXnrazN|2022-03-24
code1931|ieFwnTFU|DyKVQOHB|2022-03-24
code1932|jNdMZBfq|QqiLwccd|2022-03-24
code1933|WfExewLt|pqUPYUdc|2022-03-24
code1934|QsAOJaaf|fJQykLQU|2022-03-24
code1935|ShBZYLTg|kKMBqKXA|2022-03-24
code1936|TcRPBRPL|BiZpgdpe|2022-03-24
code1937|pxTWoTUG|pQkptXEQ|2022-03-24
code1938|zWmLQAHx|PxGlBujn|2022-03-24
code1939|SQfxCsKD|BkLRsADS|2022-03-24
code1940|qkcJFgfM|pNUwboNb|2022-03-24
code1941|vVnbHShi|UHgWxNQY|2022-03-24
code1942|dHQyyOkD|hqxeWFLz|2022-03-24
code1943|ekLDQzMz|ycjqHySB|2022-03-24
code1944|blxEPWPK|fVmYaPzT|2022-03-24
code1945|tpjcDafW|jPLhTPsd|2022-03-24
code1946|awarfzaZ|lwZYUczM|2022-03-24
code1947|bmXzgoVL|GXzjXLIp|2022-03-24
code1948|XKWTsTrX|mqOpOGKD|2022-03-24
code1949|tryAiIci|GLfctwTA|2022-03-24
code1950|IgRuXEvJ|LNmRagKX|2022-03-24
code1951|dUOiEAqq|pOiApAnL|2022-03-24
code1952|fQsVPdHz|yLoKPIEZ|2022-03-24
code1953|CihxhBFu|QzXwGObr|2022-03-24
code1954|MyPGyEHf|TGArNOOu|2022-03-24
code1955|uybGDtvP|QbCBcxzi|2022-03-24
code1956|TBthGKOB|OEXbmaew|2022-03-24
code1957|gVeOkXIJ|CtPTFKuU|2022-03-24
code1958|PVOCmaeG|mllnUWdb|2022-03-24
code1959|pAAViJtP|sXYqqQMk|2022-03-24
code1960|VvutYUwP|TzQGdbLd|2022-03-24
code1961|oXQvFpnW|nacyUNwE|2022-03-24
code1962|JcVbRiXI|ktlTmLRo|2022-03-24
code1963|oDwQWyvr|NgtCjXBs|2022-03-24
code1964|FwFmqsod|lxWYlEqm|2022-03-24
code1965|HWPUaFQr|CcpRHTJk|2022-03-24
code1966|WnVvroRz|fqqiBXdY|2022-03-24
code1967|XRcfdMyk|mjmxpenV|2022-03-24
code1968|UqpkacWW|XjYfECtE|2022-03-24
code1969|lHShTygs|tQFVqRvb|2022-03-24
code1970|mqLctWgU|ynWWLmwk|2022-03-24
code1971|ZxCNARQb|KPtHqYmF|2022-03-24
code1972|qIxyymsN|XlHmEten|2022-03-24
code1973|TrndtpOG|EXieRdYf|2022-03-24
code1974|NZZAESBs|eeLWfHeb|2022-03-24
code1975|BTiHhsot|KEhePINE|2022-03-24
code1976|iPaGBnZy|SIoFMyiY|2022-03-24
code1977|NCPxQUPq|vtsVaHAD|2022-03-24
code1978|MQYBzSJv|FyGbjOyk|2022-03-24
code1979|XxgQJCvQ|gkxvFlvT|2022-03-24
code1980|THJklZpp|aqjVIPtq|2022-03-24
code1981|nszzYnRr|axkYavki|2022-03-24
code1982|rkxybdao|xreapTjI|2022-03-24
code1983|VEgNLsvX|PVlPcsvb|2022-03-24
code1984|fkaIyrhQ|vAMYSBjP|2022-03-24
code1985|fAHqHzxG|WDtFWfMa|2022-03-24
code1986|xssDdBhp|JMgUkxaJ|2022-03-24
code1987|bRXiGzfw|TnvHoITi|2022-03-24
code1988|enCpyyea|gUyTcYEB|2022-03-24
code1989|uWgaMlTp|kBTICVAy|2022-03-24
code1990|VvvhujMd|FwgNSGCV|2022-03-24
code1991|ANdvLXta|cIJrWqDF|2022-03-24
code1992|uFPTFDtR|whvNkVvB|2022-03-24
code1993|ebeGDENr|YVZbMEld|2022-03-24
code1994|jHEnAydm|ULxCwjGB|2022-03-24
code1995|EejVekfY|IZtdjleZ|2022-03-24
code1996|hFVCwNlI|tiNzXfQV|2022-03-24
code1997|giHaDbzc|RijxCjkH|2022-03-24
code1998|cIIOvZKB|zLXhffcJ|2022-03-24
code1999|LqlhQsrP|VttGdOxH|2022-03-24
code2000|jEAkJScM|tCcEjPjX|2022-03-24
