List_ID|List_Element|Reference_Date
lsid1001|tTIBdEkV|2022-03-24
lsid1002|smYVLUqC|2022-03-24
lsid1003|vmOeWhMU|2022-03-24
lsid1004|EzebUPjW|2022-03-24
lsid1005|HEowSGDO|2022-03-24
lsid1006|iPcLgIlq|2022-03-24
lsid1007|QAZKkACy|2022-03-24
lsid1008|sNIgwYsJ|2022-03-24
lsid1009|NOGJNgTu|2022-03-24
lsid1010|BuODTexH|2022-03-24
lsid1011|MxmiULgS|2022-03-24
lsid1012|TQgsfNas|2022-03-24
lsid1013|ZfJxSpOU|2022-03-24
lsid1014|eRVRrFPS|2022-03-24
lsid1015|prTBcWxv|2022-03-24
lsid1016|NHyoZtTZ|2022-03-24
lsid1017|WazhaMrg|2022-03-24
lsid1018|DobASbEe|2022-03-24
lsid1019|ZtTvpiBg|2022-03-24
lsid1020|QzkFIMin|2022-03-24
lsid1021|toVixMLt|2022-03-24
lsid1022|HlvirDdl|2022-03-24
lsid1023|RykaNhih|2022-03-24
lsid1024|TgBwllLh|2022-03-24
lsid1025|UFwcTeSA|2022-03-24
lsid1026|lJBYyfoE|2022-03-24
lsid1027|mKcfbfic|2022-03-24
lsid1028|roXGAnrt|2022-03-24
lsid1029|MLihRKrU|2022-03-24
lsid1030|dihZCPLm|2022-03-24
lsid1031|rDjFoGvm|2022-03-24
lsid1032|CyzuRzaW|2022-03-24
lsid1033|PvBPFXJZ|2022-03-24
lsid1034|KpCjISsF|2022-03-24
lsid1035|vJlixBZI|2022-03-24
lsid1036|VXTSinVR|2022-03-24
lsid1037|bnnXwgFt|2022-03-24
lsid1038|wjeBWsOS|2022-03-24
lsid1039|bAsgeJlC|2022-03-24
lsid1040|PDytIlFD|2022-03-24
lsid1041|BmRjMKMV|2022-03-24
lsid1042|UprhTXnG|2022-03-24
lsid1043|uGaIekpC|2022-03-24
lsid1044|thJGaKve|2022-03-24
lsid1045|MjhKjtRY|2022-03-24
lsid1046|bJYsryHK|2022-03-24
lsid1047|CwgeKLVf|2022-03-24
lsid1048|WIwcjJuR|2022-03-24
lsid1049|fRBiGtYA|2022-03-24
lsid1050|KfnAdyjg|2022-03-24
lsid1051|nmkeWncY|2022-03-24
lsid1052|xIodGytm|2022-03-24
lsid1053|NORgqsZf|2022-03-24
lsid1054|LzYDstxP|2022-03-24
lsid1055|mdoeVKOt|2022-03-24
lsid1056|fhyzUhZa|2022-03-24
lsid1057|rzaUYfCC|2022-03-24
lsid1058|rGDzoAMT|2022-03-24
lsid1059|pdMJctyC|2022-03-24
lsid1060|SVqOlBtr|2022-03-24
lsid1061|ugFcyOxp|2022-03-24
lsid1062|yAEUGFbq|2022-03-24
lsid1063|SVvrhoXl|2022-03-24
lsid1064|pSIOyfZO|2022-03-24
lsid1065|ARpwOwam|2022-03-24
lsid1066|wjInSqxn|2022-03-24
lsid1067|nWWNrkzJ|2022-03-24
lsid1068|dxkNsppz|2022-03-24
lsid1069|uEfvZqfd|2022-03-24
lsid1070|zJirdxSE|2022-03-24
lsid1071|LgUsrAYI|2022-03-24
lsid1072|nDyZfuNa|2022-03-24
lsid1073|tbarZhOX|2022-03-24
lsid1074|ukgHvttp|2022-03-24
lsid1075|aApYgerV|2022-03-24
lsid1076|AhNBZJja|2022-03-24
lsid1077|qoCmfZnb|2022-03-24
lsid1078|LEHLtOMT|2022-03-24
lsid1079|ZGvqHXye|2022-03-24
lsid1080|JCJQfkxt|2022-03-24
lsid1081|wigkJgYt|2022-03-24
lsid1082|YkYnFJbP|2022-03-24
lsid1083|YdckCxNs|2022-03-24
lsid1084|DpfovwDL|2022-03-24
lsid1085|XDIrsKQR|2022-03-24
lsid1086|tmPFWsis|2022-03-24
lsid1087|aPYbdiUi|2022-03-24
lsid1088|oPjUQXeL|2022-03-24
lsid1089|xnqHdKUY|2022-03-24
lsid1090|JtwbDfJg|2022-03-24
lsid1091|edNhhoBg|2022-03-24
lsid1092|faVaIHCf|2022-03-24
lsid1093|zkpUNpkr|2022-03-24
lsid1094|BcppDxAN|2022-03-24
lsid1095|KXzsEWAI|2022-03-24
lsid1096|YhOkmuLd|2022-03-24
lsid1097|dldolJOL|2022-03-24
lsid1098|OTGJGDmF|2022-03-24
lsid1099|vbJWZplk|2022-03-24
lsid1100|MgWMxWMC|2022-03-24
lsid1101|HSxMgIQD|2022-03-24
lsid1102|NrsozHtS|2022-03-24
lsid1103|BynahfNE|2022-03-24
lsid1104|TWMtTJMi|2022-03-24
lsid1105|rhLsTSHg|2022-03-24
lsid1106|ZRPHyRJa|2022-03-24
lsid1107|NKIAnKCd|2022-03-24
lsid1108|cVLQIwOf|2022-03-24
lsid1109|MLnVVcrf|2022-03-24
lsid1110|cbfXrtzG|2022-03-24
lsid1111|VZzKaNza|2022-03-24
lsid1112|GWuJgJnl|2022-03-24
lsid1113|jONaHKWc|2022-03-24
lsid1114|nzSzEpoM|2022-03-24
lsid1115|xVwiSmsv|2022-03-24
lsid1116|oNXlgVcr|2022-03-24
lsid1117|IEwQzjZz|2022-03-24
lsid1118|LoEpmdIF|2022-03-24
lsid1119|PEjkrqXH|2022-03-24
lsid1120|aPnUjfGF|2022-03-24
lsid1121|ouWZmyvK|2022-03-24
lsid1122|pZrWjAnI|2022-03-24
lsid1123|mzwPRKZA|2022-03-24
lsid1124|ExDrYSUX|2022-03-24
lsid1125|MvCOURDG|2022-03-24
lsid1126|GofTTtdZ|2022-03-24
lsid1127|RCJtdoLd|2022-03-24
lsid1128|ELeUIaTp|2022-03-24
lsid1129|gBkGPskR|2022-03-24
lsid1130|FpqMqtpL|2022-03-24
lsid1131|VfVSexuI|2022-03-24
lsid1132|irvoQKoE|2022-03-24
lsid1133|rABQbKCJ|2022-03-24
lsid1134|WNqnRIBn|2022-03-24
lsid1135|wSPRosPp|2022-03-24
lsid1136|jZNnPGbl|2022-03-24
lsid1137|XWTcPhmF|2022-03-24
lsid1138|nvhTdPAq|2022-03-24
lsid1139|pERrbpnH|2022-03-24
lsid1140|xvmjfoTB|2022-03-24
lsid1141|gHaAgAFv|2022-03-24
lsid1142|tEyyKzbj|2022-03-24
lsid1143|JkevhLfM|2022-03-24
lsid1144|FkCjoeIx|2022-03-24
lsid1145|GkOtTTfD|2022-03-24
lsid1146|SPjAjVPP|2022-03-24
lsid1147|rlniXmVN|2022-03-24
lsid1148|mqpUrrga|2022-03-24
lsid1149|fYmhQbzQ|2022-03-24
lsid1150|qVGQYZKG|2022-03-24
lsid1151|JYOjPcAx|2022-03-24
lsid1152|rCUBETRO|2022-03-24
lsid1153|CYyeFxqL|2022-03-24
lsid1154|kbMkdfHw|2022-03-24
lsid1155|qanQApuk|2022-03-24
lsid1156|RvXTfuuC|2022-03-24
lsid1157|YhtvjYkV|2022-03-24
lsid1158|YQOeutxI|2022-03-24
lsid1159|MjtnEnSd|2022-03-24
lsid1160|WgApeVdF|2022-03-24
lsid1161|GnYGmCSC|2022-03-24
lsid1162|KWFPyOAr|2022-03-24
lsid1163|xgwIJhbv|2022-03-24
lsid1164|NUbNmxhU|2022-03-24
lsid1165|OcsfoWtq|2022-03-24
lsid1166|mHRIamtm|2022-03-24
lsid1167|LrItRENS|2022-03-24
lsid1168|DOOgAPgc|2022-03-24
lsid1169|MDOePWkB|2022-03-24
lsid1170|dacPxmlt|2022-03-24
lsid1171|SuQTdjfF|2022-03-24
lsid1172|cBqIhFDq|2022-03-24
lsid1173|fqyxqghg|2022-03-24
lsid1174|iJFfFryz|2022-03-24
lsid1175|YTZbKyjH|2022-03-24
lsid1176|jzJdLTEo|2022-03-24
lsid1177|BollZDNV|2022-03-24
lsid1178|evkouLhk|2022-03-24
lsid1179|RVFagbrv|2022-03-24
lsid1180|UAUoTkfB|2022-03-24
lsid1181|oHdrtrMu|2022-03-24
lsid1182|drmsAdit|2022-03-24
lsid1183|sfjfNTwS|2022-03-24
lsid1184|FNsxGHQb|2022-03-24
lsid1185|QHpiIQcw|2022-03-24
lsid1186|ydfsaCzL|2022-03-24
lsid1187|ddnXWYNX|2022-03-24
lsid1188|elrScBSa|2022-03-24
lsid1189|uAPkKZpa|2022-03-24
lsid1190|gGlsxQDn|2022-03-24
lsid1191|BGiYoGyP|2022-03-24
lsid1192|xSmjgfNH|2022-03-24
lsid1193|KpMgiUws|2022-03-24
lsid1194|UfhiCLGz|2022-03-24
lsid1195|leCNlaXa|2022-03-24
lsid1196|ugCFodZu|2022-03-24
lsid1197|fbrGyCmv|2022-03-24
lsid1198|mFWuwZau|2022-03-24
lsid1199|wiMkRMNd|2022-03-24
lsid1200|jJQBEgpY|2022-03-24
lsid1201|UjqmndDv|2022-03-24
lsid1202|PxknnATI|2022-03-24
lsid1203|ffXCJBpP|2022-03-24
lsid1204|eKFTUxqf|2022-03-24
lsid1205|qQhsUNGa|2022-03-24
lsid1206|yphnblIV|2022-03-24
lsid1207|TREQtcBm|2022-03-24
lsid1208|HDtPQlar|2022-03-24
lsid1209|dRZoQWwR|2022-03-24
lsid1210|zCHBuWcv|2022-03-24
lsid1211|mrXjpQjT|2022-03-24
lsid1212|VaqAqFGb|2022-03-24
lsid1213|IgXxYpCL|2022-03-24
lsid1214|bTtyAsoU|2022-03-24
lsid1215|wVGSsqqL|2022-03-24
lsid1216|JQZnFWCN|2022-03-24
lsid1217|ZYiUSxoV|2022-03-24
lsid1218|FvjFaGsG|2022-03-24
lsid1219|HEkZWFqQ|2022-03-24
lsid1220|KanrrWgF|2022-03-24
lsid1221|txOyXejF|2022-03-24
lsid1222|PrwdHQDU|2022-03-24
lsid1223|GpGNHIji|2022-03-24
lsid1224|CRKduSua|2022-03-24
lsid1225|dHHWdFJy|2022-03-24
lsid1226|AVpsIIHy|2022-03-24
lsid1227|QCZnNimS|2022-03-24
lsid1228|rTgHxSAE|2022-03-24
lsid1229|jxRQQaWn|2022-03-24
lsid1230|WGhBpQuE|2022-03-24
lsid1231|YmprCnAJ|2022-03-24
lsid1232|gEUrSxEC|2022-03-24
lsid1233|rsycMJDn|2022-03-24
lsid1234|MLxpLhyQ|2022-03-24
lsid1235|zUJvAtVq|2022-03-24
lsid1236|DJLMRtbQ|2022-03-24
lsid1237|LfxoVgzW|2022-03-24
lsid1238|KBcvBYtl|2022-03-24
lsid1239|icXiXlDS|2022-03-24
lsid1240|IYSizbjy|2022-03-24
lsid1241|SyjuttoI|2022-03-24
lsid1242|oTIBrwlf|2022-03-24
lsid1243|HStmoXxL|2022-03-24
lsid1244|MEidlKcM|2022-03-24
lsid1245|fkGAoUNA|2022-03-24
lsid1246|ecEPqYQQ|2022-03-24
lsid1247|kZvVyHBK|2022-03-24
lsid1248|BpzgPWOJ|2022-03-24
lsid1249|JjGfZYwg|2022-03-24
lsid1250|qTuvAZTB|2022-03-24
lsid1251|fPJwPzCa|2022-03-24
lsid1252|YYfCVjCJ|2022-03-24
lsid1253|BCTfYkET|2022-03-24
lsid1254|dTFjIqOm|2022-03-24
lsid1255|udxUqEGp|2022-03-24
lsid1256|LdIEyPas|2022-03-24
lsid1257|NYUtZCUA|2022-03-24
lsid1258|gfshqMYt|2022-03-24
lsid1259|HzFYSRqU|2022-03-24
lsid1260|YRldZqtu|2022-03-24
lsid1261|eZeLkTzR|2022-03-24
lsid1262|gaXLmxyz|2022-03-24
lsid1263|rUcINakd|2022-03-24
lsid1264|nNLKNbhj|2022-03-24
lsid1265|jlYkvpYA|2022-03-24
lsid1266|PoxFXRww|2022-03-24
lsid1267|BKbmoxQu|2022-03-24
lsid1268|GTLIxpZZ|2022-03-24
lsid1269|sDWEVHSR|2022-03-24
lsid1270|exntqKeC|2022-03-24
lsid1271|LoLnIrPW|2022-03-24
lsid1272|ybtbjske|2022-03-24
lsid1273|BwSWisxI|2022-03-24
lsid1274|iQgeajUR|2022-03-24
lsid1275|RJrQWItg|2022-03-24
lsid1276|PJAIFGMY|2022-03-24
lsid1277|ZAfakeYN|2022-03-24
lsid1278|VrmHuwxt|2022-03-24
lsid1279|VHWzqXAp|2022-03-24
lsid1280|fXRZpCYP|2022-03-24
lsid1281|QVWBYfER|2022-03-24
lsid1282|fWEbSqqs|2022-03-24
lsid1283|lOkzbFFd|2022-03-24
lsid1284|WxaRERpM|2022-03-24
lsid1285|qRqIDpXk|2022-03-24
lsid1286|KbmORQVk|2022-03-24
lsid1287|bucyMhis|2022-03-24
lsid1288|mCnFSEVI|2022-03-24
lsid1289|erQfnKYQ|2022-03-24
lsid1290|cVsaHYNp|2022-03-24
lsid1291|csKFzdVO|2022-03-24
lsid1292|hSyRvVMv|2022-03-24
lsid1293|bNOOkzHk|2022-03-24
lsid1294|qTHnTWJN|2022-03-24
lsid1295|ucmPvyyz|2022-03-24
lsid1296|zsdxPCqW|2022-03-24
lsid1297|wNMCRcVX|2022-03-24
lsid1298|nNkVUPgB|2022-03-24
lsid1299|OcuVxojH|2022-03-24
lsid1300|OuyJVhzb|2022-03-24
lsid1301|ftnszpQy|2022-03-24
lsid1302|KnWlCrwh|2022-03-24
lsid1303|aAPcADGt|2022-03-24
lsid1304|KMyfPRtD|2022-03-24
lsid1305|ExPZZiTK|2022-03-24
lsid1306|IYPmeMmi|2022-03-24
lsid1307|sjXwqzVC|2022-03-24
lsid1308|TLxxVNIg|2022-03-24
lsid1309|PEWOFjFR|2022-03-24
lsid1310|qlxioTcx|2022-03-24
lsid1311|tsLTPYQy|2022-03-24
lsid1312|HhOswlte|2022-03-24
lsid1313|ilENoOxp|2022-03-24
lsid1314|mEpSLiyD|2022-03-24
lsid1315|masMZEyK|2022-03-24
lsid1316|VaPzfGpn|2022-03-24
lsid1317|GuxFTDkf|2022-03-24
lsid1318|PxPbESwb|2022-03-24
lsid1319|KifqyVpz|2022-03-24
lsid1320|izhSKsLu|2022-03-24
lsid1321|hgecYvkD|2022-03-24
lsid1322|tkTFTQzy|2022-03-24
lsid1323|ahcthDht|2022-03-24
lsid1324|PKLYzfBD|2022-03-24
lsid1325|HGFPVFlB|2022-03-24
lsid1326|vZkjZSKk|2022-03-24
lsid1327|UUEEPvox|2022-03-24
lsid1328|hFSdWLaF|2022-03-24
lsid1329|MKPPLPTv|2022-03-24
lsid1330|wJaMgDru|2022-03-24
lsid1331|wQAKalMB|2022-03-24
lsid1332|rZivPxHB|2022-03-24
lsid1333|EYCIYwmR|2022-03-24
lsid1334|TNzEWtRK|2022-03-24
lsid1335|nCiQTYUd|2022-03-24
lsid1336|TpFXOHzI|2022-03-24
lsid1337|HpNMmdKA|2022-03-24
lsid1338|cIgVSkbo|2022-03-24
lsid1339|DvrMvHoN|2022-03-24
lsid1340|WaRTIrbO|2022-03-24
lsid1341|RQeVLDBb|2022-03-24
lsid1342|OEzRkvJy|2022-03-24
lsid1343|xvlOZpEj|2022-03-24
lsid1344|RAWRnjYq|2022-03-24
lsid1345|HiRNAOXa|2022-03-24
lsid1346|NsQIvifz|2022-03-24
lsid1347|pmGhuloC|2022-03-24
lsid1348|wwbrPgFx|2022-03-24
lsid1349|FPMfpinp|2022-03-24
lsid1350|OynGhfPD|2022-03-24
lsid1351|QszGauiS|2022-03-24
lsid1352|GRnydTba|2022-03-24
lsid1353|AAPyUAwS|2022-03-24
lsid1354|tbjXhHMO|2022-03-24
lsid1355|jCGRZaTE|2022-03-24
lsid1356|FgzAJZfT|2022-03-24
lsid1357|dOgprrbs|2022-03-24
lsid1358|wBlnBEPY|2022-03-24
lsid1359|hHXkKJmM|2022-03-24
lsid1360|tCplynqe|2022-03-24
lsid1361|mkVAAuHg|2022-03-24
lsid1362|engljdIj|2022-03-24
lsid1363|IOWdrYDX|2022-03-24
lsid1364|HJeAvMUH|2022-03-24
lsid1365|CTdQVdDQ|2022-03-24
lsid1366|JJPWobaM|2022-03-24
lsid1367|yanpiwCC|2022-03-24
lsid1368|IsZGUlhl|2022-03-24
lsid1369|FYCtZQbm|2022-03-24
lsid1370|qkUDoEtP|2022-03-24
lsid1371|kUGsfmNZ|2022-03-24
lsid1372|ZEtvMRit|2022-03-24
lsid1373|lPbhpMWA|2022-03-24
lsid1374|jYiGYvml|2022-03-24
lsid1375|NRfXpGOw|2022-03-24
lsid1376|GFXwKTMG|2022-03-24
lsid1377|TMfgKxOG|2022-03-24
lsid1378|AfXVSjDY|2022-03-24
lsid1379|Hblpazpq|2022-03-24
lsid1380|ZBMVEvhA|2022-03-24
lsid1381|UiXkfkVo|2022-03-24
lsid1382|Qeyzdzul|2022-03-24
lsid1383|faLroWCn|2022-03-24
lsid1384|wcVybFvF|2022-03-24
lsid1385|mABLsGni|2022-03-24
lsid1386|XAtkQxpC|2022-03-24
lsid1387|QaFmgVdR|2022-03-24
lsid1388|kuDGKTCh|2022-03-24
lsid1389|NAWmPGNk|2022-03-24
lsid1390|iMGpTqfd|2022-03-24
lsid1391|gzfepVoT|2022-03-24
lsid1392|JSGbXZBa|2022-03-24
lsid1393|wlOZNpeo|2022-03-24
lsid1394|EcHdptBt|2022-03-24
lsid1395|MfejGpHS|2022-03-24
lsid1396|NuQSQTQG|2022-03-24
lsid1397|MktnOmew|2022-03-24
lsid1398|zIfUYftY|2022-03-24
lsid1399|gFEIGySj|2022-03-24
lsid1400|jCNUIiUt|2022-03-24
lsid1401|GQcbhRbZ|2022-03-24
lsid1402|tTvSeUId|2022-03-24
lsid1403|bZffaRXX|2022-03-24
lsid1404|gddnheVd|2022-03-24
lsid1405|zUpWnCTW|2022-03-24
lsid1406|rLvHgPlm|2022-03-24
lsid1407|qdpLcWLR|2022-03-24
lsid1408|ywGCUAse|2022-03-24
lsid1409|tOIwxtHx|2022-03-24
lsid1410|ithOFohY|2022-03-24
lsid1411|qONJjKRL|2022-03-24
lsid1412|QnbonOAa|2022-03-24
lsid1413|RNxnPDaX|2022-03-24
lsid1414|VvuFFHOg|2022-03-24
lsid1415|mlzfjzta|2022-03-24
lsid1416|ircsyofr|2022-03-24
lsid1417|ipQOQqsv|2022-03-24
lsid1418|nOAoIChP|2022-03-24
lsid1419|qkGgdojz|2022-03-24
lsid1420|NHjmmrvJ|2022-03-24
lsid1421|woNmmVIV|2022-03-24
lsid1422|ZjdJlkcu|2022-03-24
lsid1423|xVlhXNVz|2022-03-24
lsid1424|VpcOCstX|2022-03-24
lsid1425|baxpxPqw|2022-03-24
lsid1426|wLldLtzM|2022-03-24
lsid1427|SjKMMfJH|2022-03-24
lsid1428|SiVbitZf|2022-03-24
lsid1429|WotMetcw|2022-03-24
lsid1430|kUbYZbPA|2022-03-24
lsid1431|glFqSyHu|2022-03-24
lsid1432|kMzeBPEW|2022-03-24
lsid1433|JzfzivFw|2022-03-24
lsid1434|KBlWdHbO|2022-03-24
lsid1435|PbxzvbLT|2022-03-24
lsid1436|zkMcbTFN|2022-03-24
lsid1437|XmtiBcif|2022-03-24
lsid1438|WoJUxsVo|2022-03-24
lsid1439|OGtCQAww|2022-03-24
lsid1440|JLAlVzOS|2022-03-24
lsid1441|EyecbtsB|2022-03-24
lsid1442|mahPUDsr|2022-03-24
lsid1443|JccBRGzy|2022-03-24
lsid1444|CwBVHAXo|2022-03-24
lsid1445|ZSuEunuV|2022-03-24
lsid1446|inOreIsm|2022-03-24
lsid1447|LitGSUsa|2022-03-24
lsid1448|wJRcaCvL|2022-03-24
lsid1449|UPAbfIpG|2022-03-24
lsid1450|wqgqJroI|2022-03-24
lsid1451|itabStwa|2022-03-24
lsid1452|WCNxEDJB|2022-03-24
lsid1453|kmxLsydS|2022-03-24
lsid1454|iosZmnKD|2022-03-24
lsid1455|upwKuncw|2022-03-24
lsid1456|hNWbFBAu|2022-03-24
lsid1457|hphxpibG|2022-03-24
lsid1458|TgsiAnMS|2022-03-24
lsid1459|MLrVxIQG|2022-03-24
lsid1460|ZwMWrJWE|2022-03-24
lsid1461|SnIGHoLC|2022-03-24
lsid1462|SHUYYonY|2022-03-24
lsid1463|sRiMcgdT|2022-03-24
lsid1464|XKUFrgvq|2022-03-24
lsid1465|QcdgwRUN|2022-03-24
lsid1466|gkePBBQd|2022-03-24
lsid1467|gfeXHyEn|2022-03-24
lsid1468|nzSqbcga|2022-03-24
lsid1469|SACjjGXp|2022-03-24
lsid1470|mjQOoOyK|2022-03-24
lsid1471|qyKjpTno|2022-03-24
lsid1472|VfVteiAK|2022-03-24
lsid1473|UyZHWNye|2022-03-24
lsid1474|fNEbahRQ|2022-03-24
lsid1475|nPIYNnhQ|2022-03-24
lsid1476|qJwaOSGT|2022-03-24
lsid1477|idTWyMim|2022-03-24
lsid1478|rrzYprzB|2022-03-24
lsid1479|gFiECGMC|2022-03-24
lsid1480|ulsYUrlb|2022-03-24
lsid1481|LMsWAojf|2022-03-24
lsid1482|enRrmlgq|2022-03-24
lsid1483|QluyfBHd|2022-03-24
lsid1484|FDGusAJb|2022-03-24
lsid1485|PhZEWLHL|2022-03-24
lsid1486|eccLaPhU|2022-03-24
lsid1487|YHKsQIjq|2022-03-24
lsid1488|oLcWPJDK|2022-03-24
lsid1489|HRmeLzZi|2022-03-24
lsid1490|JwLSJisd|2022-03-24
lsid1491|TSfVIXiO|2022-03-24
lsid1492|rwWMgBEW|2022-03-24
lsid1493|ULGuoeTz|2022-03-24
lsid1494|STxAEAds|2022-03-24
lsid1495|ZdKBhyfI|2022-03-24
lsid1496|vRRyVNbm|2022-03-24
lsid1497|SOoQbEDq|2022-03-24
lsid1498|rAjNDFHH|2022-03-24
lsid1499|LJWXxRiF|2022-03-24
lsid1500|xjKeePhR|2022-03-24
lsid1501|jtfuLDXT|2022-03-24
lsid1502|TYUxXtMc|2022-03-24
lsid1503|sJdzzvaZ|2022-03-24
lsid1504|gxwGZvhZ|2022-03-24
lsid1505|hWSiLGZQ|2022-03-24
lsid1506|hGUADsFK|2022-03-24
lsid1507|qXPtIKin|2022-03-24
lsid1508|sqUAIdsD|2022-03-24
lsid1509|WOqSuupN|2022-03-24
lsid1510|LfUqICPp|2022-03-24
lsid1511|ZfQbjeCs|2022-03-24
lsid1512|qEIusuBl|2022-03-24
lsid1513|vHCmZQCP|2022-03-24
lsid1514|VeaTfxjg|2022-03-24
lsid1515|JRhnlxSb|2022-03-24
lsid1516|pUCQuGmz|2022-03-24
lsid1517|AnXpGalX|2022-03-24
lsid1518|vAlOWqka|2022-03-24
lsid1519|IhVWhPap|2022-03-24
lsid1520|YJTbkegr|2022-03-24
lsid1521|MVIMrJCt|2022-03-24
lsid1522|wysSwhOl|2022-03-24
lsid1523|oEzENLmd|2022-03-24
lsid1524|qjPJmBYi|2022-03-24
lsid1525|YbeGdTwG|2022-03-24
lsid1526|tuvTeeEW|2022-03-24
lsid1527|VmkTmSSu|2022-03-24
lsid1528|nTTFgqGi|2022-03-24
lsid1529|DekTXpnJ|2022-03-24
lsid1530|KnGbswJI|2022-03-24
lsid1531|bMMInsjS|2022-03-24
lsid1532|EXDeYvAq|2022-03-24
lsid1533|myMIQCLb|2022-03-24
lsid1534|oFNpgUQd|2022-03-24
lsid1535|HxTcECiw|2022-03-24
lsid1536|AcjQWgDY|2022-03-24
lsid1537|mRRmUBEe|2022-03-24
lsid1538|cGAyHKnt|2022-03-24
lsid1539|Lxrywmdi|2022-03-24
lsid1540|obAeTQMr|2022-03-24
lsid1541|LIbOMBwQ|2022-03-24
lsid1542|fwjANcrk|2022-03-24
lsid1543|JAesEoSZ|2022-03-24
lsid1544|chaZtQtX|2022-03-24
lsid1545|kfiiNTUy|2022-03-24
lsid1546|KUFAmhJJ|2022-03-24
lsid1547|fmBnKbUm|2022-03-24
lsid1548|XiUKMfJv|2022-03-24
lsid1549|gXScmCEQ|2022-03-24
lsid1550|pZOYCZUK|2022-03-24
lsid1551|VPfccnro|2022-03-24
lsid1552|BticENws|2022-03-24
lsid1553|TddzByuv|2022-03-24
lsid1554|nnhNVmRx|2022-03-24
lsid1555|VGxpCezh|2022-03-24
lsid1556|YKyScToe|2022-03-24
lsid1557|WxiBwhlt|2022-03-24
lsid1558|zxnYDxMl|2022-03-24
lsid1559|MhhzmmJK|2022-03-24
lsid1560|MGtFRlAy|2022-03-24
lsid1561|UYpLZkKM|2022-03-24
lsid1562|IhIuVeXn|2022-03-24
lsid1563|yAkSWFtH|2022-03-24
lsid1564|GaFnIRva|2022-03-24
lsid1565|qRplIRJC|2022-03-24
lsid1566|WGhRshGn|2022-03-24
lsid1567|CskCNscG|2022-03-24
lsid1568|EqWPOodb|2022-03-24
lsid1569|ubXzHPoW|2022-03-24
lsid1570|HRuBfhyy|2022-03-24
lsid1571|tnsAEtMD|2022-03-24
lsid1572|NxEDnThA|2022-03-24
lsid1573|lDfAlCJt|2022-03-24
lsid1574|FKkqRNuS|2022-03-24
lsid1575|ehUwUpNX|2022-03-24
lsid1576|TOwRTENs|2022-03-24
lsid1577|SiiJFeFU|2022-03-24
lsid1578|fDQuiHxR|2022-03-24
lsid1579|bRIjOwFF|2022-03-24
lsid1580|elVIiguy|2022-03-24
lsid1581|iHifRKhw|2022-03-24
lsid1582|nnAXwdDN|2022-03-24
lsid1583|DnPuPbrI|2022-03-24
lsid1584|stiFuTWK|2022-03-24
lsid1585|GOgYnlQM|2022-03-24
lsid1586|nswzjURS|2022-03-24
lsid1587|wkFdzrgE|2022-03-24
lsid1588|hyLtxLWc|2022-03-24
lsid1589|yfRhCWEy|2022-03-24
lsid1590|dtxvNEav|2022-03-24
lsid1591|CnpfRYJW|2022-03-24
lsid1592|NdBYQQZm|2022-03-24
lsid1593|XwYyHNSL|2022-03-24
lsid1594|MDTnPiYG|2022-03-24
lsid1595|MAjejFgd|2022-03-24
lsid1596|ybfnxdIN|2022-03-24
lsid1597|BVvIqXSM|2022-03-24
lsid1598|ppSWRTwK|2022-03-24
lsid1599|BpGlwOtO|2022-03-24
lsid1600|MgIKdBJc|2022-03-24
lsid1601|OjDaQewO|2022-03-24
lsid1602|oIAFpgLG|2022-03-24
lsid1603|OGmljzUM|2022-03-24
lsid1604|DJZKaVff|2022-03-24
lsid1605|ROLVnhzj|2022-03-24
lsid1606|nszwpxok|2022-03-24
lsid1607|sosmUNfM|2022-03-24
lsid1608|EqWjeosg|2022-03-24
lsid1609|BXKPJexc|2022-03-24
lsid1610|kxjcGGdl|2022-03-24
lsid1611|AdKyovrZ|2022-03-24
lsid1612|QfXoekAx|2022-03-24
lsid1613|ISQeEmpA|2022-03-24
lsid1614|XyJMWcph|2022-03-24
lsid1615|SXmmzUsR|2022-03-24
lsid1616|ZsvvFAGo|2022-03-24
lsid1617|tDbplKcF|2022-03-24
lsid1618|QjLjgpHb|2022-03-24
lsid1619|pgkxeGTu|2022-03-24
lsid1620|OiPELqwg|2022-03-24
lsid1621|bjrNDUlh|2022-03-24
lsid1622|QrUTpIrD|2022-03-24
lsid1623|aEzsRWKp|2022-03-24
lsid1624|CMHmJdTI|2022-03-24
lsid1625|qntaqGPo|2022-03-24
lsid1626|FUvgqyVY|2022-03-24
lsid1627|OwmucgfV|2022-03-24
lsid1628|TtxxmDQV|2022-03-24
lsid1629|jmHdGZur|2022-03-24
lsid1630|JPxVcQsz|2022-03-24
lsid1631|uXAgqQbk|2022-03-24
lsid1632|iWWVNvMR|2022-03-24
lsid1633|qTCkwgdl|2022-03-24
lsid1634|mkUGMupI|2022-03-24
lsid1635|ozCUyUfv|2022-03-24
lsid1636|pXxSAsxG|2022-03-24
lsid1637|BxfkuRdx|2022-03-24
lsid1638|HsAuTQNr|2022-03-24
lsid1639|yBXuUQkV|2022-03-24
lsid1640|WeydeuEC|2022-03-24
lsid1641|jrqThSvi|2022-03-24
lsid1642|aNRRMEhr|2022-03-24
lsid1643|FIsQOKBz|2022-03-24
lsid1644|TpnbSWnO|2022-03-24
lsid1645|lJRaYoIB|2022-03-24
lsid1646|fqVqqUNv|2022-03-24
lsid1647|mpmciohg|2022-03-24
lsid1648|dUyjRRJn|2022-03-24
lsid1649|rOuTijCN|2022-03-24
lsid1650|hBfiPPsz|2022-03-24
lsid1651|yMlFOmRs|2022-03-24
lsid1652|DNQDoXgs|2022-03-24
lsid1653|yMOLwepI|2022-03-24
lsid1654|pZRBvrmm|2022-03-24
lsid1655|yYQjVcWG|2022-03-24
lsid1656|PgSgglzl|2022-03-24
lsid1657|zSpvGXlb|2022-03-24
lsid1658|vUbRxvCp|2022-03-24
lsid1659|YKJvknft|2022-03-24
lsid1660|UZtogJQg|2022-03-24
lsid1661|BsqWGKDb|2022-03-24
lsid1662|DvZGdfhE|2022-03-24
lsid1663|BlRsUBxe|2022-03-24
lsid1664|gfJtDtUH|2022-03-24
lsid1665|NXvVReOe|2022-03-24
lsid1666|wlbueXkz|2022-03-24
lsid1667|gkmqkCTD|2022-03-24
lsid1668|rWgxIJGE|2022-03-24
lsid1669|YXjWjaAi|2022-03-24
lsid1670|arooVDQL|2022-03-24
lsid1671|nufOgaVi|2022-03-24
lsid1672|yJntVsFz|2022-03-24
lsid1673|vmLIVeop|2022-03-24
lsid1674|hytMbVJz|2022-03-24
lsid1675|ePSeYifr|2022-03-24
lsid1676|RwzBPrxU|2022-03-24
lsid1677|hYQzJbqo|2022-03-24
lsid1678|ERJEDaGl|2022-03-24
lsid1679|kFbMeBWG|2022-03-24
lsid1680|xnnCFLEI|2022-03-24
lsid1681|tQUjFKtW|2022-03-24
lsid1682|qBSGQDur|2022-03-24
lsid1683|beubrgNf|2022-03-24
lsid1684|PNycVEci|2022-03-24
lsid1685|eutjvkTl|2022-03-24
lsid1686|iKkgvmtO|2022-03-24
lsid1687|mwDLtbdI|2022-03-24
lsid1688|bJWShXbg|2022-03-24
lsid1689|JJZYMtTb|2022-03-24
lsid1690|jrQMazvL|2022-03-24
lsid1691|rosVOIaA|2022-03-24
lsid1692|XxnOSJZR|2022-03-24
lsid1693|UZDklGrj|2022-03-24
lsid1694|RmAgtqfl|2022-03-24
lsid1695|dwRrkIVN|2022-03-24
lsid1696|aFfkvxfc|2022-03-24
lsid1697|TgvBUFhT|2022-03-24
lsid1698|JZphSIMS|2022-03-24
lsid1699|rchfrlAT|2022-03-24
lsid1700|OJIfgSVn|2022-03-24
lsid1701|kDIAgXBr|2022-03-24
lsid1702|AXVVzmkD|2022-03-24
lsid1703|KHroEwSW|2022-03-24
lsid1704|ANiFZLNB|2022-03-24
lsid1705|qRiEySdS|2022-03-24
lsid1706|sZeeUBAt|2022-03-24
lsid1707|dHupWlvH|2022-03-24
lsid1708|ZNRWlCxa|2022-03-24
lsid1709|CtkSpioa|2022-03-24
lsid1710|rVtZgqjb|2022-03-24
lsid1711|IXrJJNNm|2022-03-24
lsid1712|kuoCSmwv|2022-03-24
lsid1713|IojSmJbS|2022-03-24
lsid1714|vCrIDnjo|2022-03-24
lsid1715|WQnFgNXF|2022-03-24
lsid1716|ZMvyEYPW|2022-03-24
lsid1717|kiWYZHFR|2022-03-24
lsid1718|kdiYKOEw|2022-03-24
lsid1719|qKXHsnfd|2022-03-24
lsid1720|rGLrmTGq|2022-03-24
lsid1721|aGLESsKn|2022-03-24
lsid1722|auhmTTfg|2022-03-24
lsid1723|nVXjZuQu|2022-03-24
lsid1724|eKqqBQLT|2022-03-24
lsid1725|utCndjzh|2022-03-24
lsid1726|pqKOLccr|2022-03-24
lsid1727|Kfhimljm|2022-03-24
lsid1728|MJVYeeOP|2022-03-24
lsid1729|XpuLlqSz|2022-03-24
lsid1730|twmTRKsW|2022-03-24
lsid1731|sPktlXOX|2022-03-24
lsid1732|QVKSTFMJ|2022-03-24
lsid1733|vVtPstZw|2022-03-24
lsid1734|HhxfHtqv|2022-03-24
lsid1735|FXAVeAlu|2022-03-24
lsid1736|mNOviDrL|2022-03-24
lsid1737|qxfQtatm|2022-03-24
lsid1738|SFoHRrXQ|2022-03-24
lsid1739|DsOgIdZg|2022-03-24
lsid1740|QFMtuQcU|2022-03-24
lsid1741|hxHidhgn|2022-03-24
lsid1742|EADpRJJL|2022-03-24
lsid1743|SyPNFxiy|2022-03-24
lsid1744|yLqNQZWj|2022-03-24
lsid1745|DrwzQNil|2022-03-24
lsid1746|tkrdgLHE|2022-03-24
lsid1747|SuHCYgsR|2022-03-24
lsid1748|wnvOgFwe|2022-03-24
lsid1749|HoHDpYdO|2022-03-24
lsid1750|huYrAwfK|2022-03-24
lsid1751|RjcpcPxW|2022-03-24
lsid1752|HXyLQyXl|2022-03-24
lsid1753|YpWoyUdg|2022-03-24
lsid1754|VqcSqZfq|2022-03-24
lsid1755|YXXOqXTG|2022-03-24
lsid1756|pUXypozO|2022-03-24
lsid1757|aXiQEWJz|2022-03-24
lsid1758|SEIPpPYw|2022-03-24
lsid1759|vNviUREA|2022-03-24
lsid1760|TnvrYOyT|2022-03-24
lsid1761|ywpwHUbi|2022-03-24
lsid1762|DJLrXBTR|2022-03-24
lsid1763|sGEkgGbM|2022-03-24
lsid1764|RWWQsoSA|2022-03-24
lsid1765|LpYClRdQ|2022-03-24
lsid1766|YJrBRmhq|2022-03-24
lsid1767|rBfGZXCE|2022-03-24
lsid1768|MMLwDRus|2022-03-24
lsid1769|sfoqWQzr|2022-03-24
lsid1770|uOBbapCF|2022-03-24
lsid1771|bEoaNSCI|2022-03-24
lsid1772|ACDOulmc|2022-03-24
lsid1773|EeiDDtjN|2022-03-24
lsid1774|TvNEFdLa|2022-03-24
lsid1775|YUPdtIUP|2022-03-24
lsid1776|dSkpeEVe|2022-03-24
lsid1777|KgCAKDiz|2022-03-24
lsid1778|KrSfBtin|2022-03-24
lsid1779|ipFZKQrd|2022-03-24
lsid1780|iAtfBtnM|2022-03-24
lsid1781|lYrlNnZT|2022-03-24
lsid1782|uvPwBplG|2022-03-24
lsid1783|KHnDzpay|2022-03-24
lsid1784|ZIDXEpgu|2022-03-24
lsid1785|QXbyrqJz|2022-03-24
lsid1786|ksrSDGxH|2022-03-24
lsid1787|tGeqbGqI|2022-03-24
lsid1788|UEURkIUr|2022-03-24
lsid1789|FaiTORAj|2022-03-24
lsid1790|puxlUDya|2022-03-24
lsid1791|hEgEUOwp|2022-03-24
lsid1792|RfvEpYqZ|2022-03-24
lsid1793|pUNmokhJ|2022-03-24
lsid1794|chzXSyyc|2022-03-24
lsid1795|oVRTvmpU|2022-03-24
lsid1796|MyEDTGzR|2022-03-24
lsid1797|vFSYITdt|2022-03-24
lsid1798|YgEQVGZr|2022-03-24
lsid1799|OrbWyQhG|2022-03-24
lsid1800|uioqVkKD|2022-03-24
lsid1801|uxcRCHRW|2022-03-24
lsid1802|NikEiHpJ|2022-03-24
lsid1803|muKeiTYm|2022-03-24
lsid1804|mwLwUUeH|2022-03-24
lsid1805|wBWyiUoV|2022-03-24
lsid1806|CsWrJJwt|2022-03-24
lsid1807|rfkzktYL|2022-03-24
lsid1808|HvlWBZFA|2022-03-24
lsid1809|TQEGgdOF|2022-03-24
lsid1810|RzxdxDIL|2022-03-24
lsid1811|rFgvzxWr|2022-03-24
lsid1812|jZMiyjRv|2022-03-24
lsid1813|hkjYPYzF|2022-03-24
lsid1814|zjZZoZlW|2022-03-24
lsid1815|jCdaInHD|2022-03-24
lsid1816|RmEsJAMY|2022-03-24
lsid1817|bgzEzSVD|2022-03-24
lsid1818|bjaQbHjo|2022-03-24
lsid1819|TinhojFQ|2022-03-24
lsid1820|QaEQWodS|2022-03-24
lsid1821|KfapACaC|2022-03-24
lsid1822|bfoHwgyK|2022-03-24
lsid1823|zThMJmPt|2022-03-24
lsid1824|vqUjCxhB|2022-03-24
lsid1825|hVoNkcsJ|2022-03-24
lsid1826|wOeShXiH|2022-03-24
lsid1827|RSSjfdeC|2022-03-24
lsid1828|tQsmoPbh|2022-03-24
lsid1829|AlBEYLrY|2022-03-24
lsid1830|FgyyaGEE|2022-03-24
lsid1831|Aupgavdh|2022-03-24
lsid1832|GncqvFoy|2022-03-24
lsid1833|RaHzuJCS|2022-03-24
lsid1834|HYEgBpbI|2022-03-24
lsid1835|cGpuXHqW|2022-03-24
lsid1836|KlqYUwvn|2022-03-24
lsid1837|lXtcbYAH|2022-03-24
lsid1838|FuJuWUdJ|2022-03-24
lsid1839|XXsysFDo|2022-03-24
lsid1840|pDIBgxpj|2022-03-24
lsid1841|ZtZZknVT|2022-03-24
lsid1842|gMVrFIIg|2022-03-24
lsid1843|TmYKPtum|2022-03-24
lsid1844|npyUUYrm|2022-03-24
lsid1845|yXqwGozb|2022-03-24
lsid1846|mEqiDVLl|2022-03-24
lsid1847|ZwnvdIdR|2022-03-24
lsid1848|vEvZcTtD|2022-03-24
lsid1849|tfWfihjr|2022-03-24
lsid1850|XnncCZmG|2022-03-24
lsid1851|vzVqimPc|2022-03-24
lsid1852|jjeyvgIh|2022-03-24
lsid1853|MvkeSsSY|2022-03-24
lsid1854|BmEDPxDF|2022-03-24
lsid1855|qCxmHPEv|2022-03-24
lsid1856|anxAJOzr|2022-03-24
lsid1857|XRQVQPbJ|2022-03-24
lsid1858|oEcBlyFC|2022-03-24
lsid1859|zCuJVZxZ|2022-03-24
lsid1860|xElAeptf|2022-03-24
lsid1861|vDqLtKlR|2022-03-24
lsid1862|EPXROTip|2022-03-24
lsid1863|vUiWMYrh|2022-03-24
lsid1864|PWBrdqOk|2022-03-24
lsid1865|VYuApRSX|2022-03-24
lsid1866|KjOzpVGk|2022-03-24
lsid1867|dozLhgWr|2022-03-24
lsid1868|inuPLTXZ|2022-03-24
lsid1869|IqAjgVes|2022-03-24
lsid1870|BgbDzbeV|2022-03-24
lsid1871|yTcstNtg|2022-03-24
lsid1872|bvTltMbY|2022-03-24
lsid1873|sgcJsGUo|2022-03-24
lsid1874|GtRcBzaI|2022-03-24
lsid1875|bhakMiJY|2022-03-24
lsid1876|ALuqmEOX|2022-03-24
lsid1877|gxgpMVMH|2022-03-24
lsid1878|iTgsduXA|2022-03-24
lsid1879|QBKBxURW|2022-03-24
lsid1880|vaLcmpKZ|2022-03-24
lsid1881|VqUivSop|2022-03-24
lsid1882|vOoaFjoW|2022-03-24
lsid1883|jAshubxb|2022-03-24
lsid1884|dCjbeOEh|2022-03-24
lsid1885|ZPrvRQGE|2022-03-24
lsid1886|XlUrWIBi|2022-03-24
lsid1887|XWiKusrR|2022-03-24
lsid1888|RnPfwAvV|2022-03-24
lsid1889|qAIpgAmm|2022-03-24
lsid1890|hrJGGYxD|2022-03-24
lsid1891|soMfDNyI|2022-03-24
lsid1892|XWlmdmiD|2022-03-24
lsid1893|jCqxRbyi|2022-03-24
lsid1894|iIbhdxgc|2022-03-24
lsid1895|ZCaDqyTM|2022-03-24
lsid1896|KJLrLcLc|2022-03-24
lsid1897|lVThynrG|2022-03-24
lsid1898|THkoCaTI|2022-03-24
lsid1899|ASWHdmFq|2022-03-24
lsid1900|sTcBeNIV|2022-03-24
lsid1901|JROMCgag|2022-03-24
lsid1902|VtZsSnGY|2022-03-24
lsid1903|AWsTkiHO|2022-03-24
lsid1904|WWmlGjdK|2022-03-24
lsid1905|ltGtmKOt|2022-03-24
lsid1906|UmjyjOty|2022-03-24
lsid1907|umQfVmZx|2022-03-24
lsid1908|oSmLPnfQ|2022-03-24
lsid1909|uXdImsuR|2022-03-24
lsid1910|VOmCfUyZ|2022-03-24
lsid1911|FfJirNhP|2022-03-24
lsid1912|owABgVKz|2022-03-24
lsid1913|DlLHzJGE|2022-03-24
lsid1914|qpFYvVAW|2022-03-24
lsid1915|VEgVxISh|2022-03-24
lsid1916|qXmThhIP|2022-03-24
lsid1917|FtqgsmkM|2022-03-24
lsid1918|ElOqcKuD|2022-03-24
lsid1919|nMeJbNOY|2022-03-24
lsid1920|EeYkSFWl|2022-03-24
lsid1921|zleVLCDz|2022-03-24
lsid1922|VghbkudA|2022-03-24
lsid1923|BqDSRJfk|2022-03-24
lsid1924|YYAlytXS|2022-03-24
lsid1925|qgWKXFOk|2022-03-24
lsid1926|DvtzIRcS|2022-03-24
lsid1927|BejUhBDc|2022-03-24
lsid1928|fsbKawwP|2022-03-24
lsid1929|ntAjFXNV|2022-03-24
lsid1930|BBDketBy|2022-03-24
lsid1931|YnddgGHb|2022-03-24
lsid1932|sTCePwTb|2022-03-24
lsid1933|URdiMiyT|2022-03-24
lsid1934|HWRqxcDs|2022-03-24
lsid1935|kauLbbMf|2022-03-24
lsid1936|kbxCmFjB|2022-03-24
lsid1937|XYEMsphj|2022-03-24
lsid1938|byaKSIzw|2022-03-24
lsid1939|ZBzOHnbI|2022-03-24
lsid1940|gRcXqiIu|2022-03-24
lsid1941|cCDJjSXm|2022-03-24
lsid1942|sleOfXpv|2022-03-24
lsid1943|vNFpPKzh|2022-03-24
lsid1944|pEgZshqF|2022-03-24
lsid1945|SzboDnIi|2022-03-24
lsid1946|saIGpZBX|2022-03-24
lsid1947|WqoGxoJc|2022-03-24
lsid1948|TmIOokxG|2022-03-24
lsid1949|IhuffOEU|2022-03-24
lsid1950|lrcOiCfQ|2022-03-24
lsid1951|OqYxjpQZ|2022-03-24
lsid1952|fqVQjZDT|2022-03-24
lsid1953|etObodAh|2022-03-24
lsid1954|hSVQUOuX|2022-03-24
lsid1955|KcbtymZC|2022-03-24
lsid1956|xoTEJGAL|2022-03-24
lsid1957|XKZMiVzO|2022-03-24
lsid1958|jElOqZJM|2022-03-24
lsid1959|vQTrlkYe|2022-03-24
lsid1960|ibQcnPdG|2022-03-24
lsid1961|wyJQisJw|2022-03-24
lsid1962|ZeqgTSaY|2022-03-24
lsid1963|genxeReT|2022-03-24
lsid1964|IbyyIIDd|2022-03-24
lsid1965|FqKkHSYF|2022-03-24
lsid1966|FIfpgXUD|2022-03-24
lsid1967|AnJCLJiK|2022-03-24
lsid1968|DWcraFkD|2022-03-24
lsid1969|cDYyyVpa|2022-03-24
lsid1970|jkAzbqLF|2022-03-24
lsid1971|VBHmpzsP|2022-03-24
lsid1972|NbfaXgcN|2022-03-24
lsid1973|kvuYGxHT|2022-03-24
lsid1974|gvqyrjoi|2022-03-24
lsid1975|ebgblPrC|2022-03-24
lsid1976|GCfltURT|2022-03-24
lsid1977|SfOIzNCY|2022-03-24
lsid1978|opYGBFAT|2022-03-24
lsid1979|IJvCVUqX|2022-03-24
lsid1980|lbVLiqcx|2022-03-24
lsid1981|MCfegKpZ|2022-03-24
lsid1982|DkPOkivY|2022-03-24
lsid1983|UQorODZQ|2022-03-24
lsid1984|DjzFmxqT|2022-03-24
lsid1985|GxFewmet|2022-03-24
lsid1986|uDpvyuOM|2022-03-24
lsid1987|ohkMaYWi|2022-03-24
lsid1988|VrBNZnvv|2022-03-24
lsid1989|LbDeBSKz|2022-03-24
lsid1990|LQSXrTNP|2022-03-24
lsid1991|KjvTnqku|2022-03-24
lsid1992|oVrnfEdb|2022-03-24
lsid1993|EULPwiYr|2022-03-24
lsid1994|QueepdTe|2022-03-24
lsid1995|wVrHAUqm|2022-03-24
lsid1996|BUITtlZI|2022-03-24
lsid1997|GhQwhYby|2022-03-24
lsid1998|jNXrKoZv|2022-03-24
lsid1999|nkKjTWEV|2022-03-24
lsid2000|KQWUgMtL|2022-03-24
