Party_ID|PEP_ID|Ocupation_category|Ocupation_Title|Type_of_Occupation|Since|To|Reference_Date
prty1001|ppid11|pvDrRLev|elzqfenU|NlIbzDrK|upSePOwf|2018-01-22|2022-03-24
prty1002|ppid12|DYYPrZjP|cCoFYxlr|WmlSPYKh|QHMfrSKc|2001-03-12|2022-03-24
prty1003|ppid13|UfXzuyLm|uljfJLXq|oVXXEZhF|mCFdlAFV|2010-01-15|2022-03-24
prty1004|ppid14|BOkwFjDr|rNbxbnvd|xSyjpWVa|lkheIveC|2006-10-11|2022-03-24
prty1005|ppid15|QGXdhhju|gBhMpSnF|nRttuweq|RLyangIL|2015-12-21|2022-03-24
prty1006|ppid16|HTBIHKEA|MzsybNFY|FsGEfGam|AFOQJgRA|2004-08-28|2022-03-24
prty1007|ppid17|gUpWbAGv|wIbhDcQD|tyAUMRBG|YLvcDgtk|2007-12-26|2022-03-24
prty1008|ppid18|hMhaREBz|TRIWwSyG|YCtLpzmx|GEkNINCp|2020-01-30|2022-03-24
prty1009|ppid19|VbGhuikA|SDGYwnrb|IICRzVuv|wyibtEaI|2021-03-03|2022-03-24
prty1010|ppid20|pycBxySp|TzpfJGXY|mHoYYmhV|DTTGxRZS|2010-08-02|2022-03-24
prty1011|ppid21|UiUkpYjs|VIyMmRbi|pkxlipfT|OxqCosEm|2011-04-05|2022-03-24
prty1012|ppid22|AkalxBhA|WNJhrsLz|giSVhSTk|IDwgmQAK|2019-07-10|2022-03-24
prty1013|ppid23|wXtFzMJY|koxyXxQi|XNrVyGBT|CxzLuCCO|2018-05-12|2022-03-24
prty1014|ppid24|FFYQRaft|vsJmwmDS|FLWAwXqi|OXcqlklO|2021-01-27|2022-03-24
prty1015|ppid25|DcKJbKJh|vyuBWOVp|GQRrNJkz|KECqFgZd|2019-11-19|2022-03-24
prty1016|ppid26|LIXSJFWb|IOcUffGP|JVxDvnKK|GnCUyXOS|2002-10-14|2022-03-24
prty1017|ppid27|GhEwgoSx|JshEXvkR|kCKdEmIy|JFeyLRTO|2005-05-28|2022-03-24
prty1018|ppid28|THEXmiKi|UYLUnNDD|TawrlyOq|pDUehudW|2021-05-21|2022-03-24
prty1019|ppid29|BtfzBRSr|hLwWSLPv|gkssVkBn|bioinVEV|2020-07-30|2022-03-24
prty1020|ppid30|oesIGCRQ|AYsOlVcK|PguNtMVR|nRfIMXZY|2015-03-02|2022-03-24
prty1021|ppid31|nYQUUpys|sYmJRpue|vvPMXXQo|WjnAMSLH|2012-09-16|2022-03-24
prty1022|ppid32|AoayqIxL|vJuAhpRs|cHmkXgCd|NESMTtrk|2008-01-27|2022-03-24
prty1023|ppid33|gphGTujs|LqjJWcIq|GMYluIpn|utixzuIm|2006-10-13|2022-03-24
prty1024|ppid34|GlCIybYK|JoadnvFS|wOkJOOoU|QSWReFLF|2021-03-14|2022-03-24
prty1025|ppid35|kJLjDfDW|gbrsoxvv|QOjYTtHN|yrrqWXCP|2002-09-25|2022-03-24
prty1026|ppid36|MtlUGnFS|jHXXeKnH|QlcADkhm|OVQpAtIn|2007-01-03|2022-03-24
prty1027|ppid37|IpAcGujX|qxYgfKFA|EGppbQdW|tjNouFzr|2014-10-16|2022-03-24
prty1028|ppid38|CDQHGCwT|noKafJcy|FbCGCMUx|EGdjexSO|2003-01-16|2022-03-24
prty1029|ppid39|QkYNPSfL|ibYQLpvg|UIuPGRCS|ZSeOZJax|2003-06-12|2022-03-24
prty1030|ppid40|inIuNDyf|MouOPrRU|OyNHFKPX|yeDQsQAO|2007-08-03|2022-03-24
prty1031|ppid41|vTRWtaSl|cSipjZyS|pbzDNiBA|OhUICbcV|2021-03-21|2022-03-24
prty1032|ppid42|wOuHdMlO|yaVaQQeA|yLBQUWFf|hfCBGrGe|2004-09-14|2022-03-24
prty1033|ppid43|MFaWoOtF|LoVBkLKT|RnRedaFi|uMNNUuaw|2009-01-22|2022-03-24
prty1034|ppid44|JmtJoePv|xRzQEtoC|sSoSQtJY|kLUtGhwW|2012-10-14|2022-03-24
prty1035|ppid45|NvoeAHDI|qGixRXPs|CYEMZXDB|vUypWSdw|2002-09-29|2022-03-24
prty1036|ppid46|NaXiOtpk|kcjzdrtK|upLuPxaW|TgbzKFXj|2018-10-30|2022-03-24
prty1037|ppid47|amjWtSPo|anJgQmqG|gCKItkgv|khKPUcDY|2017-01-09|2022-03-24
prty1038|ppid48|rSMDGnOj|NXxkiWhl|TmSTCaQc|vozZrweL|2007-12-09|2022-03-24
prty1039|ppid49|grUXnepq|amdMoMLg|HVjaYsLo|sOAyEGUj|2008-03-09|2022-03-24
prty1040|ppid50|OXOspUGs|yYarUExb|LRBgIKYv|pXmLRsnj|2010-12-29|2022-03-24
prty1041|ppid51|SdaEFcZK|xBcNbqVg|iRaGzvnL|hdRyjdmM|2004-02-05|2022-03-24
prty1042|ppid52|iJVZgPTX|EEcLkADa|dLpwKuui|vsSoFdSl|2013-11-28|2022-03-24
prty1043|ppid53|icoXSseD|FMvXpuNg|aqGKvPDE|tlpsYclJ|2011-02-25|2022-03-24
prty1044|ppid54|jmkxKTkw|BCMCqcCr|PhNdNupP|onSTqhIl|2005-05-12|2022-03-24
prty1045|ppid55|TwAkPWgA|mwwHcJmH|VLikdAWu|qjakphGn|2008-06-15|2022-03-24
prty1046|ppid56|TmpHtXMt|xeaFdlaA|Jzvuabln|OsgycAaV|2016-12-30|2022-03-24
prty1047|ppid57|DJjLbayZ|rvBRWtTx|IWedYfmk|HmSuzlbJ|2016-11-07|2022-03-24
prty1048|ppid58|cmBecNgG|MCYEsbeh|wRSlzeHS|DyMTWXUv|2005-04-19|2022-03-24
prty1049|ppid59|HeHmTpbg|OmwjLMnv|shxhrXJa|ZGogeJVt|2018-12-25|2022-03-24
prty1050|ppid60|wMuZVwrp|EnAtCuPQ|mVzeQEwr|ipBCfSsq|2019-12-04|2022-03-24
prty1051|ppid61|JowjnaWe|qBWHUIUM|ylGlLqyW|LcOxXFYM|2013-05-06|2022-03-24
prty1052|ppid62|FqZDvMTN|DXvhVxbb|uyjtBCQl|ePiEdHdj|2010-09-13|2022-03-24
prty1053|ppid63|RYMpCnOQ|SzVownoP|tOdLuRyO|ospxCUli|2013-04-04|2022-03-24
prty1054|ppid64|qrUoBsnf|vkXXSnST|QOoqDVWa|chHViluH|2020-05-20|2022-03-24
prty1055|ppid65|NwIcCyjX|kfggbwyo|zEfynkEB|ABmepxdK|2009-02-20|2022-03-24
prty1056|ppid66|CDBIriPo|SGFuJySf|NhLqTGjr|qFJGGrsH|2002-12-18|2022-03-24
prty1057|ppid67|RLaJqDbu|duHTJAHm|qLEeIKjB|TxWKbRPS|2010-07-02|2022-03-24
prty1058|ppid68|cAMORcsn|kImrWuiy|jcitLZMQ|PPzGIeGC|2001-02-04|2022-03-24
prty1059|ppid69|AzaGjiQr|vPBPEyXz|IVtUsEor|AXiZgpMb|2012-02-22|2022-03-24
prty1060|ppid70|eGVjxEHU|rymFFyJj|mDybPWGs|bHWdRLTV|2016-01-24|2022-03-24
prty1061|ppid71|UeHyzBwM|PLpjVIzd|hBvNSaAV|tPiETBnS|2020-06-11|2022-03-24
prty1062|ppid72|OxKcCHpN|yXDZUoEC|XBgIrhYJ|pydIJWzo|2018-08-19|2022-03-24
prty1063|ppid73|iZlmgHjU|cySShiiS|ZZgWMZhp|lBpuKPTb|2007-01-15|2022-03-24
prty1064|ppid74|xidyvhox|BxvQRfAF|VmWXYUnG|FvpJIotE|2000-09-29|2022-03-24
prty1065|ppid75|XwqTSCwf|DeAIssVE|ZSPaeyCi|FoFZwvcp|2010-02-02|2022-03-24
prty1066|ppid76|pfXKmnPe|uHEGBQZP|ILsnRZjA|xowpixKm|2009-04-12|2022-03-24
prty1067|ppid77|zkZTXxIa|aEQitvmA|cDUMCrfd|bMDKupyf|2009-06-24|2022-03-24
prty1068|ppid78|ULpOyMEG|fLjvdaUn|qIZfZJCE|kbkfwaZF|2009-09-16|2022-03-24
prty1069|ppid79|JVgOXXNp|VhAMEbEu|eQnPvRBM|UmWbDlUa|2015-07-19|2022-03-24
prty1070|ppid80|yEqrSbbW|WEdmpQDb|geBXKwyC|UZzRmHNf|2012-10-27|2022-03-24
prty1071|ppid81|oiTaqqJy|GicJhKli|yPiexQGT|pGNWszbI|2006-02-01|2022-03-24
prty1072|ppid82|AauSZBJV|BTNDfqUn|SLNKRpCk|suimwhwR|2007-08-31|2022-03-24
prty1073|ppid83|YXUqbiwY|ViCDcNxf|beHSDMGx|yDYbwozo|2009-06-22|2022-03-24
prty1074|ppid84|YWvxYcTy|RdjPRAzp|ibrlsFzo|npMhmAaj|2013-07-15|2022-03-24
prty1075|ppid85|BcMhvEoW|QSdMcBga|cGHgiehr|YKZPWciw|2018-11-30|2022-03-24
prty1076|ppid86|uHcuOyKb|oZLEuBok|rfXxMgkw|iWkRmbIv|2004-04-27|2022-03-24
prty1077|ppid87|hVOoOgKs|twHbMWUG|LXUKawBs|LcwFLecZ|2010-03-03|2022-03-24
prty1078|ppid88|vTbLnMLW|voyqntRW|xVlNXILe|uTrJwPts|2011-08-19|2022-03-24
prty1079|ppid89|JahSurJB|cixWkDvp|uVEkOOHM|LOqoYiaN|2011-11-11|2022-03-24
prty1080|ppid90|KcnVYMnB|FdPCdfHT|LslxVaey|NMibaqrY|2007-09-25|2022-03-24
prty1081|ppid91|UXqwXwck|mNgwjItu|neZulaow|onpfDNNz|2018-03-07|2022-03-24
prty1082|ppid92|AWSngiaa|JIwdVJMT|ZSSjleTK|bbudBEJN|2010-03-22|2022-03-24
prty1083|ppid93|gIilJEkv|dZgETgqR|aJPIicqZ|kNrVcwQh|2018-10-01|2022-03-24
prty1084|ppid94|hHYNrcgM|WFDrWkdW|cRbexTWX|xRMVZbpj|2009-01-20|2022-03-24
prty1085|ppid95|EybfIfqZ|sVTcurGb|lKYQGUIR|JrwrgYdi|2012-02-19|2022-03-24
prty1086|ppid96|vPPUSPMq|vrbXGAuo|jwKDdUxm|Evzqbxeq|2006-03-23|2022-03-24
prty1087|ppid97|OUBPGrka|cnCEoPNv|PXybSPyU|eDhdFREV|2011-12-05|2022-03-24
prty1088|ppid98|giVDuDUp|tmkakmQI|lukQbUUl|XcwhrvCu|2000-06-02|2022-03-24
prty1089|ppid99|ORKbZkTU|kaeSzkHP|GnShzAJa|uheOsSXf|2007-09-08|2022-03-24
prty1090|ppid1|UBhMkhMl|BBWWXRzu|XSSmkinl|oBbRHRmW|2004-09-14|2022-03-24
prty1091|ppid2|CiVHzSwH|oWdzqgQQ|bBPBGnju|AzXwvpsT|2012-10-12|2022-03-24
prty1092|ppid3|qgOOPvea|GrGmQUFQ|WAwbDJDR|LYtkpvkh|2016-09-25|2022-03-24
prty1093|ppid4|NqduXJax|MOhXvSkC|ZKeNtocw|qIalfZSN|2005-09-19|2022-03-24
prty1094|ppid5|PHuRkHCm|eTjtGRDR|MoiGhhnX|rOEyYwQe|2019-01-05|2022-03-24
prty1095|ppid6|isbAFLdc|MAAeASMl|DitZlMKd|TWAgkjHb|2009-02-19|2022-03-24
prty1096|ppid7|PTCHKNcu|IjhRpfNk|JhCsLtgv|vDWNrdZz|2006-02-21|2022-03-24
prty1097|ppid8|fbjeFkEF|dassqtGt|qqavGNxJ|JYtNDXdK|2012-06-27|2022-03-24
prty1098|ppid9|LrbHJnqc|UZRHSdkA|pdiCzuHv|wvLgydXl|2017-06-27|2022-03-24
prty1099|ppid10|FAaoSvdx|bGrfUNlu|PhRaKkZF|AJHTOVKf|2019-06-17|2022-03-24
prty1100|ppid11|jQaElJxc|PrvFgfCy|tsNCXLGD|SzBqsAcB|2006-05-21|2022-03-24
prty1101|ppid12|WRfXWsnO|SAMUsNWH|xUFIneSh|AqrKpiWo|2017-01-04|2022-03-24
prty1102|ppid13|aMBsiZuI|HIeHofRa|RruOpaBF|tHyKKXNm|2007-09-06|2022-03-24
prty1103|ppid14|tuTXUqRc|FTSYKQDo|JfLPyMUb|APyuhtOS|2005-08-23|2022-03-24
prty1104|ppid15|QlOBMCdu|CDPCYism|ZBlrRHZc|cokgrnuv|2017-09-09|2022-03-24
prty1105|ppid16|yKvXUkEH|qxWSboSz|EdwNLQeU|eHLgbHqF|2003-11-25|2022-03-24
prty1106|ppid17|KZjbRmnb|WEZqFAqX|ITYobdkk|XVWdmlub|2008-11-28|2022-03-24
prty1107|ppid18|QCcnKDeY|IGXKVLxD|TouMGxTK|gXFBxPMe|2013-07-09|2022-03-24
prty1108|ppid19|ZqMaYqaU|oqqinfwr|JSRKjnNl|jzyWaSYD|2010-08-05|2022-03-24
prty1109|ppid20|bkffxCxY|qqsxnpCM|TxfwNSUm|WhCKlFqH|2014-12-05|2022-03-24
prty1110|ppid21|JqVnngdi|YMYJLlJI|PJSdtMGM|fdXpRFQp|2005-06-25|2022-03-24
prty1111|ppid22|soPLKRiR|wlxdgjKr|FdXPpjPV|XRbLeDwx|2008-07-23|2022-03-24
prty1112|ppid23|JFQVOCTf|gICsmLpA|pStRniRI|yrBxonZH|2015-11-06|2022-03-24
prty1113|ppid24|FZJxzZmI|mNRnvMtO|XbmHSWfH|oNLotPwJ|2015-10-10|2022-03-24
prty1114|ppid25|nGnjvcwN|rQTXlyUf|KvfwuxNJ|ICDthbbk|2018-02-21|2022-03-24
prty1115|ppid26|smqmhOei|NWUwKjwD|WYtXMNGH|lJWauqKz|2003-10-06|2022-03-24
prty1116|ppid27|yAKEiLNM|LhiWnVXC|UPuMwWiC|teUvNXaX|2016-11-12|2022-03-24
prty1117|ppid28|xugvtGfD|JapTZTKK|uTRiELwG|cvTVesPT|2019-11-20|2022-03-24
prty1118|ppid29|gHnbLWsa|BJdITGDy|ULfmIpNF|EOgSBUVg|2004-03-29|2022-03-24
prty1119|ppid30|eQuJRfAY|JHAsXngw|rCXmglPk|uZMpbKvV|2001-08-30|2022-03-24
prty1120|ppid31|lgPLHUbL|PHVQRacA|auqvXYgg|OZlTcBmL|2019-02-05|2022-03-24
prty1121|ppid32|Ykfaffpf|lTpZScaN|jgpSnhUI|YGJCtPsT|2017-01-02|2022-03-24
prty1122|ppid33|SHuxZvvX|bnmZRgGX|pvJGZEwt|RYMIHOqq|2003-09-08|2022-03-24
prty1123|ppid34|YiCpScPL|VpJoxEtE|MKxEfdHW|jNBhtFOO|2018-02-18|2022-03-24
prty1124|ppid35|qVUQNMUN|FvgpEFix|ijByKhyP|EKKbxXKY|2005-07-07|2022-03-24
prty1125|ppid36|xsXedhoL|giNcezha|MvszZrEe|kymHXMDQ|2005-09-02|2022-03-24
prty1126|ppid37|WagsrSvK|GrNJdBQR|iFIKkvHK|GxHkSbsj|2016-01-15|2022-03-24
prty1127|ppid38|znWiqSFl|kiltKYTz|fjvHQxbE|jvBnQcIc|2009-01-06|2022-03-24
prty1128|ppid39|AUBEACOZ|skIBlvtD|NAfhtprH|GyuHcwpL|2010-09-16|2022-03-24
prty1129|ppid40|SrECFQMF|PcrFdJzy|sKZcSISe|usmnVlfD|2021-01-13|2022-03-24
prty1130|ppid41|IMrpmnIc|mryAKIpy|HhLtknog|AnQYRtDH|2000-02-09|2022-03-24
prty1131|ppid42|VMQxwgzj|wQneDPlF|EegsXpji|sGeYbhfe|2014-10-04|2022-03-24
prty1132|ppid43|HHjDzKOx|xsGDYXCW|FFnoJcQR|lIsxvVlZ|2014-03-01|2022-03-24
prty1133|ppid44|oMeLhAjt|smioEwUA|rmJZYRPg|GgqjYZWB|2021-07-09|2022-03-24
prty1134|ppid45|gmxVpajp|dUzgNjtk|wxHrriLx|FiUZzUVc|2007-01-09|2022-03-24
prty1135|ppid46|sPFgTZoZ|CBuboIqw|FDbqydBP|RnZfAFTU|2007-12-07|2022-03-24
prty1136|ppid47|SdEcuuJe|oGlBKnJI|EeSvLlyh|rxaumkdV|2010-01-30|2022-03-24
prty1137|ppid48|WNQuTwUz|FJRhUuDV|dszTPGXn|xIpYtWfm|2004-02-21|2022-03-24
prty1138|ppid49|KCtamNLo|cWlHuvmE|WKtcbISv|EVAIbyFF|2001-03-05|2022-03-24
prty1139|ppid50|kBvdWkbR|nwLxoBpf|ucuhtURF|PspDaAnO|2007-01-20|2022-03-24
prty1140|ppid51|XbeQmfsf|VzQJVrTJ|GAWGQHqy|PKUcPOIn|2014-07-02|2022-03-24
prty1141|ppid52|LyuLMLpk|hUxTQdEn|MpKbKWaN|eNeuszKM|2020-12-14|2022-03-24
prty1142|ppid53|hePXedDc|BMkiuaRf|criyUWcF|CUblCuDv|2018-05-04|2022-03-24
prty1143|ppid54|GycTwyaT|owArOMFn|FOfkenFc|GWRgoqZa|2004-02-28|2022-03-24
prty1144|ppid55|qOyyprWl|SNPFiblM|wqMxYPOE|btHjemci|2010-08-27|2022-03-24
prty1145|ppid56|maSROusF|ERyYCCSo|MnoCGvLR|AFklfyHn|2001-10-18|2022-03-24
prty1146|ppid57|tPUTnqJE|hOPFSlqu|KUczcGrl|FUJAGbzJ|2019-03-06|2022-03-24
prty1147|ppid58|wsOhtcql|YJOAXkSK|snQwrhOi|tyLRKHGF|2014-08-02|2022-03-24
prty1148|ppid59|BbmDLGoe|DMdDuqUL|CXtinhor|MBDlNNnJ|2008-04-19|2022-03-24
prty1149|ppid60|skLTATsd|drSfMWXY|hGuBkzjk|yBYgMPZF|2011-05-13|2022-03-24
prty1150|ppid61|VMJlVCQi|OqYkDSLD|JacrFIop|AJpqAUZt|2002-08-04|2022-03-24
prty1151|ppid62|ODQTulMz|VudHyFsK|zrGXBKMG|RtMBFjcp|2015-09-13|2022-03-24
prty1152|ppid63|PbWvSvaE|BxeMdeLx|dClCaALh|FcSkBxKY|2018-03-21|2022-03-24
prty1153|ppid64|qpcDZphE|UahrBWds|HlkQXvdJ|CjmTQmBZ|2009-11-18|2022-03-24
prty1154|ppid65|vRZMWuxz|serLBImE|RFgDbUpo|kDKaIYpt|2005-07-20|2022-03-24
prty1155|ppid66|yuJghSZy|FpLgfHdG|EHCuOMpI|gnHQUqHa|2006-10-27|2022-03-24
prty1156|ppid67|IFNaDOlj|TTTeaaQE|RbVMHGJA|YBdBFzqx|2007-05-15|2022-03-24
prty1157|ppid68|EiaVdQsc|OGxxOOkS|GvhqUjaA|JGcpcAQF|2021-11-14|2022-03-24
prty1158|ppid69|KNFwFVbH|xlygHhuU|nETXxKbf|ZtGADWcc|2009-11-04|2022-03-24
prty1159|ppid70|cBadnTaW|lMMPolNP|TyKpGfxD|SMplQnmd|2003-02-25|2022-03-24
prty1160|ppid71|jkdYtbxA|RGhgQZii|okHzrXYL|rDVznqmL|2010-12-22|2022-03-24
prty1161|ppid72|oUksvbru|nECRUvPx|TMkbIxyf|qZJbkyOM|2004-12-21|2022-03-24
prty1162|ppid73|GXOXzbkG|ayeqmWtM|kSrLbaNE|gCIXpLFx|2005-08-05|2022-03-24
prty1163|ppid74|mttwqiZg|ieiAiXpO|NKkGsmAv|yrIaWdmB|2012-06-04|2022-03-24
prty1164|ppid75|RPtvblZa|XRMUcPbb|QnXEEyoV|rYHrclGo|2007-06-08|2022-03-24
prty1165|ppid76|ddFJZXGS|KkmYzRSO|KggDixJM|EmwLLHar|2008-07-17|2022-03-24
prty1166|ppid77|OXUVMiJP|TDUDHEnA|ofhKPUmA|kHEGqPUP|2020-08-09|2022-03-24
prty1167|ppid78|zklqsNVz|vFgUwvia|vVjzZtvn|XPwRneuh|2009-12-27|2022-03-24
prty1168|ppid79|PNWJmDxu|wBbkhyXV|auUfCCHU|wIICyiOi|2000-03-08|2022-03-24
prty1169|ppid80|TncDOyGL|meAdRiyE|SMdyWMlT|JpjWIDPo|2007-07-21|2022-03-24
prty1170|ppid81|eUAQchQd|SFYqdOZX|vqybXFHv|MsNiZmeS|2001-06-16|2022-03-24
prty1171|ppid82|rFxMAIXG|GyQhFTZB|sHVPtbsC|bpnmXDMP|2000-03-23|2022-03-24
prty1172|ppid83|aEMjwznm|yIELMKSq|drKwxzAP|yvTUVjXg|2005-08-11|2022-03-24
prty1173|ppid84|hLhXRSbL|fLsMrDZQ|ovqDEiPe|paLZqEHN|2019-05-18|2022-03-24
prty1174|ppid85|EJdKcZju|mqEMKsAy|lFFrPbYB|zbAxEjWD|2004-09-25|2022-03-24
prty1175|ppid86|pHKxZtvi|dRDhEKno|OirOpscS|uhpuQUMB|2011-08-23|2022-03-24
prty1176|ppid87|tLGefHGO|bJUzETqI|myxVYMFN|irkWrfDz|2001-09-17|2022-03-24
prty1177|ppid88|ULOZCdHo|whuWlqjd|bfZJqpju|fAZyajTN|2007-05-03|2022-03-24
prty1178|ppid89|SnuowDot|AYYMhhaY|duFNitBj|OhkxMbAt|2003-02-07|2022-03-24
prty1179|ppid90|duKgpDBG|EcUOWJZg|kQSLeZOF|GMebZcJX|2001-07-11|2022-03-24
prty1180|ppid91|SIYAovEz|VWiosgws|GINKxrJs|xfYLLcwa|2006-07-10|2022-03-24
prty1181|ppid92|rpqubhrl|ggFmDqNx|kDJNmHAm|NtjlOgSs|2001-03-13|2022-03-24
prty1182|ppid93|hVvdmGoX|RpoIzuDR|RYkOBvWf|jLwsJmjT|2020-10-06|2022-03-24
prty1183|ppid94|YdMbgcvt|WuqOpqCR|vglYlWNg|rvXrNten|2011-10-28|2022-03-24
prty1184|ppid95|QQaHriRT|vonBGbmg|yeiqQjoO|yrgABYuw|2020-05-11|2022-03-24
prty1185|ppid96|zWmdwOWb|vxDuzgbV|JpFtoJGO|QCPPsoSg|2015-08-01|2022-03-24
prty1186|ppid97|OFuqWfeG|uAxnZIeX|XyXYdNTp|ApqeItoS|2006-06-24|2022-03-24
prty1187|ppid98|YKSaTbMQ|wkMDruid|vqKHZiER|FcvYyAHP|2002-11-25|2022-03-24
prty1188|ppid99|sTttKRxM|ISjIqDvC|IGKXCMnX|IRoFFUhz|2011-08-17|2022-03-24
prty1189|ppid1|LyBugYAx|YWOgCsCo|cLzguRvh|NDCFVeFO|2021-11-26|2022-03-24
prty1190|ppid2|uVkYFPKZ|rSBIzJeH|hgdtfqVn|MTKuPBAj|2021-08-06|2022-03-24
prty1191|ppid3|JyUdKsLY|sqsyImsu|jfrbNkWT|AQDCOHJA|2005-12-12|2022-03-24
prty1192|ppid4|JGCEGJxR|uUgAUHxy|awvRKERk|iJZUPNxT|2000-03-27|2022-03-24
prty1193|ppid5|PgyPzKoN|FojWdOGX|hzdQuUAd|EDzgbzIT|2008-07-20|2022-03-24
prty1194|ppid6|jQICYSNJ|ZDjuCGQn|YsIGcmlf|BBBBYwbM|2015-07-29|2022-03-24
prty1195|ppid7|HvmfPcap|nRCOdbkb|DXEZWrgp|mpmRttXd|2002-02-15|2022-03-24
prty1196|ppid8|QfwuekNA|FlFcJbEz|fDUNobIo|gVxpxAzn|2013-11-21|2022-03-24
prty1197|ppid9|MBoVIiKi|ImEAHEtO|bBJjUZFy|vNQolbdA|2015-02-16|2022-03-24
prty1198|ppid10|pzHXQVfc|dUfyvoFL|nEtJGEwV|zzsEWcQZ|2005-12-30|2022-03-24
prty1199|ppid11|AbKqDPJR|KnESmeTJ|qouVJSQn|PDWUCCUm|2009-02-10|2022-03-24
prty1200|ppid12|VQiLHMPq|baGaHUgd|BVomsssn|knWrQgLh|2008-02-07|2022-03-24
prty1201|ppid13|zBMSeege|dHrhHFAp|GhBHOrBV|iZlhGAnE|2015-12-27|2022-03-24
prty1202|ppid14|suBxqYfo|IuqFtAKI|hlJJibOQ|iVGTrqXY|2000-08-16|2022-03-24
prty1203|ppid15|AJVjSPAM|DMfaWLXF|EFKpxItn|XKGIJreC|2009-05-19|2022-03-24
prty1204|ppid16|vQIKZSpF|xMgfmevq|zpFZUKuE|rOmmoTyk|2003-05-12|2022-03-24
prty1205|ppid17|hJKiZMFJ|rfcQKcbl|EKUiRfCn|NTupqitA|2007-10-28|2022-03-24
prty1206|ppid18|KRgeKOMI|MrsvoIRh|GevEnXRU|MAIXYiev|2016-11-23|2022-03-24
prty1207|ppid19|fjmdRBKX|APWwIjVX|qemTwtHG|twZyEmXA|2021-06-10|2022-03-24
prty1208|ppid20|qMmbugZr|cIALwHVm|MrmJEXjM|mXuPjfZP|2019-12-10|2022-03-24
prty1209|ppid21|dRfeYZVJ|oHsttGKx|jfraybtL|gNOLXEev|2019-10-25|2022-03-24
prty1210|ppid22|UMFQhMwh|ZcJBzTas|fFytQXaN|lWSRMjzl|2000-02-13|2022-03-24
prty1211|ppid23|bTXSYxRq|oLJolnYL|RZtoxRmR|ypLlJZgr|2001-05-21|2022-03-24
prty1212|ppid24|ZqLTXyQs|COGoRsgH|zpFTRGSr|NnUaFRvJ|2016-09-12|2022-03-24
prty1213|ppid25|bgxbndOw|qHMnyBxy|bsMqotwb|BfyIODpO|2014-10-16|2022-03-24
prty1214|ppid26|YOudocLv|fPOaCcCE|bRMYMjaT|tCgJjOHv|2020-12-07|2022-03-24
prty1215|ppid27|WTcBDauc|heFVucRo|WgzGwPZE|JzzrfabB|2007-04-19|2022-03-24
prty1216|ppid28|pNIcgFgI|LMxFcxar|kdNEKRSy|gnzOjaNX|2006-08-23|2022-03-24
prty1217|ppid29|RVTbRGEI|jWWKcduX|xyMXoClO|SzavnosG|2015-11-25|2022-03-24
prty1218|ppid30|flhqRcyD|LEMHbDix|JaTWOQfY|emnBrOEc|2007-11-06|2022-03-24
prty1219|ppid31|pAqbHMZs|HkewTHXB|bhamquel|XggpQKmP|2017-08-15|2022-03-24
prty1220|ppid32|fqvMyHsg|yxXetlyQ|gjVtQLec|mKazuafB|2005-05-07|2022-03-24
prty1221|ppid33|xjKCatXK|ZlQNZhqI|NhKhivTA|QlYTNEQt|2021-09-18|2022-03-24
prty1222|ppid34|ExmmTwZj|CJFDHbvI|JETNnWUC|oQlGTVgD|2017-03-16|2022-03-24
prty1223|ppid35|ElpusrKS|BESuOtBV|ELmORqYV|akTIyGcr|2014-03-02|2022-03-24
prty1224|ppid36|DqcaMgFB|oeuNGqtM|TnAQiyTo|fEtcVJvQ|2008-02-09|2022-03-24
prty1225|ppid37|nWPxgfxo|FpfJGirE|kCYQoWOA|GfKTCJcP|2003-01-25|2022-03-24
prty1226|ppid38|azOtpgtH|mWQrCmet|zlbiWfVf|emPuUzIA|2017-09-24|2022-03-24
prty1227|ppid39|mATFgdlA|JLwcaSuX|meyphPLN|jIwYmNzA|2021-04-06|2022-03-24
prty1228|ppid40|nLrRjQOd|OjwbJUru|ICMYnkdF|jSAKPFsm|2006-04-18|2022-03-24
prty1229|ppid41|LvNkmgUd|oNFxIaYT|UqraXrMB|FauiMXHQ|2021-08-21|2022-03-24
prty1230|ppid42|VEJmcAuo|FEQAKyiC|LfOAUJUK|uiPAYuAs|2002-09-03|2022-03-24
prty1231|ppid43|YZJYFgPq|bXlUPgoX|whWcyCzg|MSyOpGTV|2012-09-04|2022-03-24
prty1232|ppid44|pVjqoYDq|DvkCxucb|YoJZhJXL|jhMsxbmY|2000-08-22|2022-03-24
prty1233|ppid45|WsDMKPcf|VsAINRUP|mOAoTBBw|NbItmquF|2021-03-20|2022-03-24
prty1234|ppid46|iUTzQygZ|sGOUGFJa|SxTagLBt|vcPDVjlp|2010-07-28|2022-03-24
prty1235|ppid47|sCkdlvof|yHhBKZRq|xCXYIvaL|RgQVjkpQ|2010-12-28|2022-03-24
prty1236|ppid48|iDAnqHsM|edSWeCdT|BPBRwmCu|TrMJNVbg|2005-02-24|2022-03-24
prty1237|ppid49|lAXUBolU|JRablIhh|EeModHoZ|VKmTAznc|2009-07-07|2022-03-24
prty1238|ppid50|QdnORNJG|qpssNCvU|TfGnsuiV|nOTrtgRZ|2021-03-20|2022-03-24
prty1239|ppid51|aMDgsEGp|aXVIeErJ|OXBGpGra|ySpSonyE|2012-08-20|2022-03-24
prty1240|ppid52|IIltxNIP|mgTYwEFm|hGpLJCqm|MlfqbPOy|2005-11-30|2022-03-24
prty1241|ppid53|eNMIttYG|hkpAsIoZ|JIhAnKsK|LbfJTyKY|2013-10-13|2022-03-24
prty1242|ppid54|MFdUEVNl|XAnfDzhp|AItXqQsr|AWCIQBAo|2002-06-27|2022-03-24
prty1243|ppid55|TeMhfIPW|TtmqAOaa|ljlpRxsU|uXxfkLeN|2017-05-03|2022-03-24
prty1244|ppid56|oPjnnDuv|URhpUsAf|iJxzOSJM|hehQTXiw|2008-06-28|2022-03-24
prty1245|ppid57|tENwqlTQ|PDpaQIhS|xGflVLiJ|PXXyvbvX|2020-10-09|2022-03-24
prty1246|ppid58|RQYNpPKq|brYWKQbg|Vndxmybe|cjatPtKl|2000-10-10|2022-03-24
prty1247|ppid59|dTNlkSki|xMnAykIh|IfxcjqKs|jiTOhDMp|2003-06-14|2022-03-24
prty1248|ppid60|kbpRzJRB|hSvlFkJt|NsnrSYgN|bUnHlAJQ|2015-05-28|2022-03-24
prty1249|ppid61|iAGhVfXV|SnTGjtmk|YDHqnUvF|KXDYpjla|2021-04-22|2022-03-24
prty1250|ppid62|IqYtSFli|ULZTgeJy|ZHNrvQPK|CydBaGze|2016-04-02|2022-03-24
prty1251|ppid63|AkwqMimD|ADYplmuY|wdJAPlKD|KHcGzPPb|2018-09-10|2022-03-24
prty1252|ppid64|yQjUpFHB|QjFFnPDY|gvurHwiS|rbCdxSNs|2012-03-10|2022-03-24
prty1253|ppid65|XsUAlSOr|FUTTVzWr|CwgGjiZJ|LkCXfGgt|2019-06-17|2022-03-24
prty1254|ppid66|pqRBwtFq|nRwoBbjc|TajotTKV|cTxluEYQ|2012-07-11|2022-03-24
prty1255|ppid67|RdFULQln|YALvsWMW|MRvHcDMR|wesBHbsa|2020-11-16|2022-03-24
prty1256|ppid68|xLokRuWp|rsiRooHO|rDgEnEKQ|LyHItQjG|2013-07-31|2022-03-24
prty1257|ppid69|qQTmjNZj|vBIGlfUy|tMZJfbSN|jLmohniu|2008-05-21|2022-03-24
prty1258|ppid70|LkKvEQFN|dYIZPQci|WnReoFzY|IrdRJnQQ|2018-03-17|2022-03-24
prty1259|ppid71|gwRFobFZ|zCiyTOtR|woRruFnJ|oEYmXvZK|2015-08-16|2022-03-24
prty1260|ppid72|pkqcGuPQ|XqfTzBUB|hukAxjNM|xZooOWLi|2019-09-15|2022-03-24
prty1261|ppid73|txNHWNSK|iTvHfilp|ECxyRRrx|PtzTFyWT|2018-12-19|2022-03-24
prty1262|ppid74|uDHwyfim|hPVHBFWX|ZRxKPYSQ|WzWBmiMc|2007-08-04|2022-03-24
prty1263|ppid75|MrCNsMHV|PIXWPPCw|FZCzdCUg|YoOiqKUv|2009-06-22|2022-03-24
prty1264|ppid76|aHGFCMVD|atbHNOVV|mhoiOjlo|HYPhapsg|2014-09-22|2022-03-24
prty1265|ppid77|JQXVjhDa|rQzVAWPQ|ccxBuApM|oefoEcpJ|2017-10-30|2022-03-24
prty1266|ppid78|JmucqtrO|tYlokaLN|vgSIdOlL|NWMvEipx|2000-12-21|2022-03-24
prty1267|ppid79|durLsZnI|DDnZetCD|dkhRrfdA|mpkVTQUe|2001-09-05|2022-03-24
prty1268|ppid80|pIirzvhx|QmWqcRsn|lVNdpPNe|hYDeOEFf|2005-12-25|2022-03-24
prty1269|ppid81|NydcxuYm|kELpCJNg|ugdTJYXL|sNOnYNSc|2009-11-19|2022-03-24
prty1270|ppid82|iTlwiljS|lPkoGQSO|HXXhYiYn|WIBOiJLW|2006-03-14|2022-03-24
prty1271|ppid83|MEvNmjjV|atRzHvKk|fLTeaYcW|IdtmhCay|2013-08-26|2022-03-24
prty1272|ppid84|NEHKQPku|uXMBXAzU|bINHYHsD|mRWsjkfl|2011-09-05|2022-03-24
prty1273|ppid85|MFKBifiZ|jVvhEyve|RltWLsGk|VOWLYKKr|2009-03-14|2022-03-24
prty1274|ppid86|pUJWTJke|rlXBuKHA|nwAFmMTR|AujLFOWV|2001-09-13|2022-03-24
prty1275|ppid87|dEjKLsFt|emaAdnNO|KjTlmOXn|rJcUYFWf|2014-04-22|2022-03-24
prty1276|ppid88|ZMamEBMU|evGvwfRK|jKejwwyX|yDTYmdWZ|2014-01-13|2022-03-24
prty1277|ppid89|mhlKzByM|dtsWNAQY|YxLcdAOV|ARDsBbDN|2000-12-25|2022-03-24
prty1278|ppid90|bqVcoxst|IKBhPeab|LvuUPfqB|vsTcNnaS|2003-10-21|2022-03-24
prty1279|ppid91|DCWwypfV|rFcicmYS|BCYikJyW|FgCtMJLv|2003-09-24|2022-03-24
prty1280|ppid92|yMUktNxs|okUTebuJ|pJVggYrG|MVRMNWrV|2004-05-21|2022-03-24
prty1281|ppid93|lnxbgCBK|mZbTjdWT|KwVBApxT|ENMqupbe|2020-08-12|2022-03-24
prty1282|ppid94|mPrebzMN|eCGVMDTQ|ToqDVjGA|mVkGuuOr|2005-01-11|2022-03-24
prty1283|ppid95|KCyimswk|orZhRMdi|Qohfjngm|hYSZFddV|2015-01-07|2022-03-24
prty1284|ppid96|GccNFthf|thziqZri|wZueiGhB|doplDqFv|2004-10-10|2022-03-24
prty1285|ppid97|LPUNpgkL|qEaSqxGq|IMOOuvTr|SeTyGWGG|2000-11-10|2022-03-24
prty1286|ppid98|IDDmEqMn|msfkKDHb|DZZhLsIV|sJmjIguD|2008-01-30|2022-03-24
prty1287|ppid99|IoukhgIQ|hToCBCjv|hvbuMbdo|WERXNxPk|2012-11-27|2022-03-24
prty1288|ppid1|wxfPtunB|wKkzaOoe|eCmshFvO|uPOftvJH|2017-07-27|2022-03-24
prty1289|ppid2|BdRAeFKd|QkFZlKRH|NwBxKaMh|kcpiEnpr|2000-01-04|2022-03-24
prty1290|ppid3|obWhLOkf|tleqaztf|zWLEMfGe|EUwviFdF|2015-07-01|2022-03-24
prty1291|ppid4|EiwlEuFX|qEcGEaHw|oEWbkdcE|NFwoOafv|2013-06-28|2022-03-24
prty1292|ppid5|fSmQRJHr|XWiEXRjf|yveboKLV|fbbMWTbt|2010-03-17|2022-03-24
prty1293|ppid6|EWEWPWak|sTUjrxnb|TlJopCVD|jFVSGobs|2015-04-08|2022-03-24
prty1294|ppid7|RdlBiGrJ|AQeHqKnH|qwhvEhpt|FDNjOqmA|2010-04-15|2022-03-24
prty1295|ppid8|MNsBaqno|HHcAdRCC|Fkhnppud|fFXWsxmU|2012-07-03|2022-03-24
prty1296|ppid9|fzpJKYOK|KSAkrmzz|kjecizGS|XuQDvKHj|2000-04-27|2022-03-24
prty1297|ppid10|RjhafiSn|RpQIpfhn|OmpYLttD|vsNNhdtR|2021-08-26|2022-03-24
prty1298|ppid11|PDrQUPOa|aLmyHBkN|LqhtnhtQ|lSZuPIwR|2017-07-30|2022-03-24
prty1299|ppid12|efxvwhFV|XFrMZfZP|yAegNUhN|zmCzRFBa|2019-09-17|2022-03-24
prty1300|ppid13|jPDbuuas|zWvSuhyq|lwdemHZq|SDuaKtgX|2001-07-26|2022-03-24
prty1301|ppid14|BygHMPUd|vvnwUVUn|eCDwbEkp|CWpGYaKO|2008-08-28|2022-03-24
prty1302|ppid15|BjLaKAji|bzWWEIkm|jRlvBnHD|kOCYfqKr|2007-12-05|2022-03-24
prty1303|ppid16|MBCFzRnu|eLhSzGAQ|SOatBCDQ|kpIiZxXf|2014-06-10|2022-03-24
prty1304|ppid17|CeuPsETh|ggMLmyla|HtZBdUDk|nJVLCkXl|2012-01-11|2022-03-24
prty1305|ppid18|ATcvPbgl|SMUuTxHl|FOyKTIoU|JwjxCEzK|2003-03-22|2022-03-24
prty1306|ppid19|UFakJUhj|FLqZEFAD|xiPikKdp|AtRUIjTO|2009-02-10|2022-03-24
prty1307|ppid20|ZLrqJePJ|qUhxabDY|GJJaJFmE|rHZznbBZ|2007-11-07|2022-03-24
prty1308|ppid21|sxIxqJYK|agMejlHO|pafYodWr|OjOGZbgJ|2011-06-10|2022-03-24
prty1309|ppid22|HbQvONEX|qsxLbNTo|vyGvcczw|fvaqvTxP|2003-12-12|2022-03-24
prty1310|ppid23|VzooFJDV|uFSlMKoI|JYBVXNqb|ECjewtLJ|2003-03-19|2022-03-24
prty1311|ppid24|SZVkZlzN|XIjsiKlf|bFWCwIlB|NeNljBUm|2015-04-11|2022-03-24
prty1312|ppid25|etpHlRVo|nQuGHKZQ|lngkvUmC|yNIvTnWX|2004-05-26|2022-03-24
prty1313|ppid26|SEKaVEJW|MCJinuCM|KkhjtYAk|IyOkmmlF|2002-02-23|2022-03-24
prty1314|ppid27|RdPXOnup|krffcvda|GOVXELMA|ZyDBwPYD|2013-04-10|2022-03-24
prty1315|ppid28|KPgdyxCH|YnoCKAcy|SEpbAQul|zXpMNllM|2014-12-23|2022-03-24
prty1316|ppid29|XVgFuEki|XpgveoQA|EaORrXxi|SOYNknGA|2020-07-18|2022-03-24
prty1317|ppid30|afVIXIut|hUIMVFOq|jdInpmPJ|mqGjUYxe|2016-01-18|2022-03-24
prty1318|ppid31|pRkmrZXo|xeGerUHp|BytiMpBX|jWbKDXez|2017-04-03|2022-03-24
prty1319|ppid32|gfEXhsva|AGQmAUlv|QVDFptCk|SEtNHhqO|2017-10-07|2022-03-24
prty1320|ppid33|FOdXrEWZ|lnpphoHL|YnvYnjPx|uMIpOLHY|2010-12-19|2022-03-24
prty1321|ppid34|zNESCDWm|yavpxohr|JvGJtnll|icBwQHAD|2019-07-30|2022-03-24
prty1322|ppid35|rVOmZZpl|euTGEjjB|XkIQclHf|WiJqBwaC|2001-11-04|2022-03-24
prty1323|ppid36|VyaaVmAk|SRDNzUPP|ghQdoJrS|BdhZZJsZ|2019-04-17|2022-03-24
prty1324|ppid37|eAwIgDng|EaYvQbKf|BfLSvVrT|LXhsrvyu|2005-03-07|2022-03-24
prty1325|ppid38|NFcbXqAb|zZEgFXJb|znDDfeRd|lrdIaPtN|2004-03-06|2022-03-24
prty1326|ppid39|fCiHccAj|cduzxUmP|uBhvHRDR|ozXIiRsT|2011-06-12|2022-03-24
prty1327|ppid40|xPXgwFso|mXPWlXgI|QBaSZHAR|zerelZzd|2019-04-25|2022-03-24
prty1328|ppid41|ATsFhGjF|fNCtpPiy|YLtQxKbY|wvZrebkc|2020-11-16|2022-03-24
prty1329|ppid42|VPkDbqwU|YQKAjMPj|BOQkTjtr|HgtWeXCg|2005-08-30|2022-03-24
prty1330|ppid43|cLSkBrwj|SqiVVhZb|svRjmsqI|yrrLqvma|2019-12-17|2022-03-24
prty1331|ppid44|bvLdvMJX|uOHqnJft|RcTEbIVZ|BdHTMFiN|2018-01-03|2022-03-24
prty1332|ppid45|eBEQbabB|bHInweNG|tGnhnJcd|aSckRtvb|2018-12-04|2022-03-24
prty1333|ppid46|eVcbQyLU|sjlFIEZr|dHlJutPl|SuxDhchn|2011-06-16|2022-03-24
prty1334|ppid47|SXLOmtQt|BIWWwXmo|zxpRPWNI|WbgXamTy|2009-01-06|2022-03-24
prty1335|ppid48|UlLKiixl|epwDbAzu|zzytEDPa|WSvorMuW|2016-03-11|2022-03-24
prty1336|ppid49|quXroQct|TygbgcFS|MNJCNIBr|oWGHRcLJ|2007-05-05|2022-03-24
prty1337|ppid50|JgDUSLVo|yhejnRJE|DnulpwMB|iyIvIcim|2017-06-27|2022-03-24
prty1338|ppid51|YqCZRwwZ|ogYTdJJf|caGVcROZ|NJwFZUIG|2016-01-30|2022-03-24
prty1339|ppid52|MToGbfIE|LyBtfMjV|PLBrmdkR|BCIULgbZ|2004-07-17|2022-03-24
prty1340|ppid53|inrjGVIS|BAJoSFrw|XFjRAKtn|IgfYjMUX|2011-10-10|2022-03-24
prty1341|ppid54|AJfkrqPp|WEZocwKN|SeaYzmLw|jPKgQIxU|2005-11-03|2022-03-24
prty1342|ppid55|WPnFQSId|hpYEeRxs|tkOKgoHN|nbNWAGvp|2011-03-16|2022-03-24
prty1343|ppid56|sftHQLrw|UQKaBLDs|tFnXXPcY|yCsXpXJM|2011-12-28|2022-03-24
prty1344|ppid57|FYJHVMVb|RhsWCWLi|KZZkgVfh|QmlDxugp|2014-07-03|2022-03-24
prty1345|ppid58|BWNXmOHP|CKAKyTOE|nwWcmkgc|VEacDdhz|2002-05-20|2022-03-24
prty1346|ppid59|WGRqACXv|tvZhmfzm|FmhHOhQS|bCzimCsP|2008-05-11|2022-03-24
prty1347|ppid60|zowFdpMg|wsjOUEue|RPYeTXaW|gcuUFtHv|2012-02-28|2022-03-24
prty1348|ppid61|OsDkZNKn|OKrNvDLw|hWDhMKuR|eajSYuLV|2019-02-24|2022-03-24
prty1349|ppid62|JHAVeEUz|rflajEqN|XhRaKKBy|ejIQpRSp|2019-12-01|2022-03-24
prty1350|ppid63|ITpwOptQ|HblypNGl|krDQiVhF|GukhDvre|2012-01-05|2022-03-24
prty1351|ppid64|xoRwqLke|mRQosqVt|PLRcKeDn|ktAXgjCi|2002-02-12|2022-03-24
prty1352|ppid65|WWwOMFfn|bcRpYPet|oPtYRlRB|FDFtHKDt|2014-03-12|2022-03-24
prty1353|ppid66|LjsOItHS|YGNUKmsb|mITfOjMs|jcmdGODT|2004-12-04|2022-03-24
prty1354|ppid67|MMVvudIU|mjflCzXT|jEUEnSUG|IypyVbqL|2014-02-21|2022-03-24
prty1355|ppid68|FjrihGud|wYhFnVCM|DSQhQFKU|OlvNNsQL|2000-09-19|2022-03-24
prty1356|ppid69|MQPtGRVh|HwEoXuxh|eykKdoHr|VnVBWpFM|2017-01-02|2022-03-24
prty1357|ppid70|LXMCqwDc|RQvxbXgz|sTBkHtjE|WHKXLNEl|2004-07-17|2022-03-24
prty1358|ppid71|aAcWAcmQ|bsCcgrtW|bMUxAoNN|qQGxylZm|2002-12-31|2022-03-24
prty1359|ppid72|xeigyDMT|OyjhaOSI|uYGhynvX|vWfiTMLS|2021-10-21|2022-03-24
prty1360|ppid73|RxlNNrij|RBoxWWxD|rTDtJYTJ|mVHrTOzW|2019-03-31|2022-03-24
prty1361|ppid74|WKBYnVBb|BpfTPGYU|hVmGVmmm|GxBPMCGJ|2017-05-24|2022-03-24
prty1362|ppid75|sFqoRuEj|gTfwbqwx|QDuYLnmN|QqIkkTwh|2010-10-20|2022-03-24
prty1363|ppid76|lAWEzLep|fHviLOgg|eyqCUNfn|voWommPo|2006-08-24|2022-03-24
prty1364|ppid77|WyoLGewv|dhkevVXX|gLKAtyDi|dsgVVwZq|2020-07-12|2022-03-24
prty1365|ppid78|ufVLGeDE|YhsZFTUd|fUniHXUA|BJMbDrHH|2004-11-26|2022-03-24
prty1366|ppid79|SXUCMOVk|bcXQNDpw|XzLBmHhR|sjjvlxYH|2019-02-01|2022-03-24
prty1367|ppid80|hhBQRaum|ILiPcbKU|uzyiiQvt|bcbYTOFJ|2020-07-07|2022-03-24
prty1368|ppid81|nRgQKRmu|bISyjTLu|ojgQCizZ|OJuFuzgQ|2021-11-07|2022-03-24
prty1369|ppid82|LBisNURw|uBKJHiFs|wNxQiSqc|lBJoRBBi|2018-12-02|2022-03-24
prty1370|ppid83|oaEGPeQU|cMyViBML|WMNxSpUP|fyajTJLd|2003-08-19|2022-03-24
prty1371|ppid84|gMztMklB|tZwOwKKX|TYJzCvwF|blbhgwam|2013-11-05|2022-03-24
prty1372|ppid85|iiegdLXi|OABKrlUi|hTghYniq|ErRlJaUC|2019-07-22|2022-03-24
prty1373|ppid86|YgDcsIcW|xwnFsVVI|qReougZE|hjPfLtfj|2018-12-25|2022-03-24
prty1374|ppid87|CxzkMTVH|HxcgKsnC|ZtRFTSbz|SgtZtUHJ|2017-10-30|2022-03-24
prty1375|ppid88|sAGIgUGq|qnZDmrhF|aPcLdTFT|ZpOEQbNk|2013-02-08|2022-03-24
prty1376|ppid89|HJXLGCcY|FwGteHDz|sntYNamR|EWxcqpro|2012-09-11|2022-03-24
prty1377|ppid90|XHcXXOrr|lEJyxsiA|GQOOrhiU|pGxGuJyl|2006-02-19|2022-03-24
prty1378|ppid91|IQCGgIwM|qAZQqGNt|apIbzdUV|oNdAchVl|2017-12-19|2022-03-24
prty1379|ppid92|ygtcycHu|ctSXpKOq|THIHBWPO|sOHvtjoW|2020-08-20|2022-03-24
prty1380|ppid93|dbAFRvpl|amjQkaVw|mgklyGKL|cudKJQez|2009-04-11|2022-03-24
prty1381|ppid94|OnWcCYYC|bMkzhxde|ExfTQEMV|NJqoUpSP|2003-12-20|2022-03-24
prty1382|ppid95|lYtCDpxI|lFxqUJwM|ZahAkqIc|hAhfAedC|2006-02-08|2022-03-24
prty1383|ppid96|CIMeUZDM|hjrMFRCL|jiybGWvv|zJyofWZG|2017-09-07|2022-03-24
prty1384|ppid97|iBuVCsSN|LpBqdnzm|usIstgnA|CBAHUHMr|2012-04-05|2022-03-24
prty1385|ppid98|qEmdHEne|nHVZPpTc|vACvAsJN|NJJNsjPA|2021-08-16|2022-03-24
prty1386|ppid99|VSuJThrY|dDZUldRa|vPJpTysG|RcXQwVpn|2014-04-28|2022-03-24
prty1387|ppid1|XtMUvuQY|myUWKdqT|CtJtaqou|XmRjpfPv|2013-05-10|2022-03-24
prty1388|ppid2|OYequtZK|LkOgnGIw|YGLyzEaW|OWTwwYfg|2006-05-03|2022-03-24
prty1389|ppid3|wzNKFNss|nrjMLghY|LlDWXDGK|iUxfwijt|2017-08-21|2022-03-24
prty1390|ppid4|cDPGMmto|zanmddkv|LTNazPyF|zsNlXMvT|2019-09-09|2022-03-24
prty1391|ppid5|bFbUqrQk|OcXhTjJa|NkVAscKx|qlYKLtPz|2021-07-21|2022-03-24
prty1392|ppid6|sPuKLpQB|uaPKCECT|bUJIJZsa|yRtkRLGE|2007-02-08|2022-03-24
prty1393|ppid7|shApmJpM|SSKzeDGK|Wzirfqfr|plvBjiqT|2015-11-09|2022-03-24
prty1394|ppid8|DpvPNacr|RlCfiZNo|UnXckYqO|GtviqOUz|2016-08-29|2022-03-24
prty1395|ppid9|MgKnxvlz|GBkAMKqB|CmNPhIoj|seJAPaPd|2002-11-14|2022-03-24
prty1396|ppid10|XtFNPboA|InGxWRqa|CfrGuuaS|cFEgZSef|2011-11-25|2022-03-24
prty1397|ppid11|EDnDKjbB|xoObUcnC|WAdiWdJj|HdwIxAkP|2003-03-24|2022-03-24
prty1398|ppid12|flOtPcaZ|xZTGyFrf|rbTdXhTI|qZSPFjds|2006-09-12|2022-03-24
prty1399|ppid13|GyJkgIIb|RLaeJVIH|ikZLeaCC|LOgKWTdF|2002-02-18|2022-03-24
prty1400|ppid14|yVUovfTp|juzpEebv|RIofLjWG|TRwTFwKg|2019-06-24|2022-03-24
prty1401|ppid15|JcDpZnqq|zZnBraLQ|NBXSUQaN|eBGBUEkR|2021-12-27|2022-03-24
prty1402|ppid16|TWVklRNN|eUgdYmuJ|SwyGRhqr|nHsPgyjZ|2001-07-31|2022-03-24
prty1403|ppid17|zLGtSvpw|ilnwCnfc|nnuvSkSY|VKUHSRXj|2021-07-05|2022-03-24
prty1404|ppid18|QllFGEcw|wrWWWzKN|VlxtbHXS|whgzgunh|2020-09-30|2022-03-24
prty1405|ppid19|lwgvMOxJ|qgSxqhtK|WRoTSPRD|TwgicItI|2007-10-17|2022-03-24
prty1406|ppid20|ldCMqNzj|PaGFOwbU|gQkdVMsS|GGjtaLko|2001-04-23|2022-03-24
prty1407|ppid21|jeRNkMiU|EIldctBJ|tyHqOZYR|AytlUzNB|2013-04-03|2022-03-24
prty1408|ppid22|KQrWVCHI|yvfimDHF|NwGWdBqS|IMjBSUOP|2016-01-28|2022-03-24
prty1409|ppid23|HGKmMmlr|znWimfMD|YIruOasp|WGhpxEpU|2006-03-20|2022-03-24
prty1410|ppid24|SskWYVMW|qnKAXvHg|IZTyQWHz|VOasNJPc|2003-08-09|2022-03-24
prty1411|ppid25|fazPRGRL|FQFggpHj|krRYZcvV|kACpcyhY|2005-09-12|2022-03-24
prty1412|ppid26|vCWqNgAh|GrLUuPWR|oClnqYLv|JNRoVnxO|2005-01-17|2022-03-24
prty1413|ppid27|aZzfvFRf|qdZmwkSK|bfqALOPl|lwEKgtlm|2001-09-01|2022-03-24
prty1414|ppid28|qpBVvbCp|XmBEHQrk|mjTwIuut|iQHWNZDz|2011-10-12|2022-03-24
prty1415|ppid29|PKdFeZRh|UUcgCwSc|jBlEjgjn|zaavVPTh|2000-09-26|2022-03-24
prty1416|ppid30|KBWlaWLH|jNFAOGuG|EPYCULgW|bjlBSxmq|2005-04-24|2022-03-24
prty1417|ppid31|wpNDqOfY|lFPwuIOq|PGgIysSN|CMOKXwnI|2016-01-01|2022-03-24
prty1418|ppid32|eCaqrbxN|SCecjIUA|uYtducXK|hhqaZMZr|2017-04-07|2022-03-24
prty1419|ppid33|GscviCEj|RpViUZpR|qMOSOFiP|HEJHzPXn|2000-10-29|2022-03-24
prty1420|ppid34|yWuAJnjJ|bgXkglvI|IqqxUqzb|kOSiThZs|2004-10-25|2022-03-24
prty1421|ppid35|tIjklUsm|ImvnVpmh|jhfDvZiT|qgbmvsCO|2011-11-25|2022-03-24
prty1422|ppid36|BLczHzkM|QtYvmjHu|ttnlVebv|ZgKyyISj|2020-03-07|2022-03-24
prty1423|ppid37|jrKzeBVf|PhWNPmWq|PhZmHehI|pojSqmoO|2006-08-21|2022-03-24
prty1424|ppid38|KPNdDerL|HnGljpRf|PPHMXwrL|eTKBbKXZ|2017-11-24|2022-03-24
prty1425|ppid39|Vdqsxach|TjBnuxZA|OdYRaSuv|OcQrCZUh|2021-12-09|2022-03-24
prty1426|ppid40|arRaeGBo|lJQbhzOl|ScnmpWXf|XxXbpdfD|2008-03-30|2022-03-24
prty1427|ppid41|lmiEZOVs|wyfIZfaU|YLcUbqyA|qnpfQqZu|2008-08-06|2022-03-24
prty1428|ppid42|kCSfSBrN|wylMwJAT|HYjcDiVP|JhVJooSj|2000-09-19|2022-03-24
prty1429|ppid43|FsWWOnmE|pdbXJgwJ|szyHfpcR|zmfXSdaW|2012-05-02|2022-03-24
prty1430|ppid44|XevcAXhC|lhbYweZw|JhoVdyYv|olyLMgyo|2012-10-31|2022-03-24
prty1431|ppid45|lEbMMvPc|ZIAaMXHX|QxTTVBLd|GErKiQGf|2019-01-27|2022-03-24
prty1432|ppid46|mPauiGZU|OvRixqps|TjqfjXrT|NtIYQvMm|2001-02-08|2022-03-24
prty1433|ppid47|OYEbwXTX|ydhtETFp|IKjbnBrc|keBfUCIy|2020-07-09|2022-03-24
prty1434|ppid48|bBxYTxAi|oigRbbLc|xQyFSBJl|GBqimZDQ|2021-03-17|2022-03-24
prty1435|ppid49|oMfENJtd|BZmxPDxt|usSBHvVr|XbEgqDpm|2012-06-07|2022-03-24
prty1436|ppid50|nuFUCgBB|KexkjsgX|NbUnfPsC|KvLjyMlH|2020-03-28|2022-03-24
prty1437|ppid51|zSPgUjsy|OdlMUPbI|eGMMtGgS|oLLwHnHj|2008-04-11|2022-03-24
prty1438|ppid52|nMcsZKZk|jUGowZda|XWTcqyCY|KSyPEPxI|2009-11-17|2022-03-24
prty1439|ppid53|hTfmgnME|wjjKJWTx|spbQZhoD|taNxMplb|2006-01-10|2022-03-24
prty1440|ppid54|JeyfhCQS|ltUqgRAb|aXCEoSKP|RVxtYdaq|2014-07-13|2022-03-24
prty1441|ppid55|wKqHpWeb|cDnQskRj|TkZCcwGC|fHBqdLRf|2002-07-31|2022-03-24
prty1442|ppid56|HIbdHbWK|QOKJWXvj|vDAAUAGE|BKKkIcyH|2003-08-14|2022-03-24
prty1443|ppid57|WdIjZIOG|quLPhRrr|KkKOCAFR|AIirYPWk|2018-02-18|2022-03-24
prty1444|ppid58|uPdYyzwT|JkNEzSil|YhIniEvQ|GKMtCUqL|2009-11-14|2022-03-24
prty1445|ppid59|DpQPWfWU|CVunPoHU|OulIZrGT|ibDoUbvH|2011-04-16|2022-03-24
prty1446|ppid60|oIYghGZM|uVDFykeO|rrAENZEx|uTtkIHro|2001-12-26|2022-03-24
prty1447|ppid61|XVrfvOjW|TSYxUzfd|RviKrdYc|OFitvsMZ|2016-12-29|2022-03-24
prty1448|ppid62|sDIsTXAh|RTQMZdNF|GtmpFpXn|ydGmxVGp|2020-09-05|2022-03-24
prty1449|ppid63|CqTLLvko|RhPQYcdf|hfHdOwPX|pfAroHEI|2013-09-11|2022-03-24
prty1450|ppid64|KnXzGeFv|JGCvkGKz|UANfeOaY|hkISKLlJ|2004-03-06|2022-03-24
prty1451|ppid65|CKpUDmMq|zyDJCwag|FaulscJs|gCQFGCqY|2018-05-28|2022-03-24
prty1452|ppid66|ELMdLPNF|OxJFLZUB|aQikqtze|EEKjTVbT|2001-05-01|2022-03-24
prty1453|ppid67|nMBGMJlM|DVwFtpbB|BJhqjikv|ZsdTbSTY|2001-02-22|2022-03-24
prty1454|ppid68|SlQFKabR|wXMnxyRa|WTyIJCNU|UUZMNIhV|2015-08-14|2022-03-24
prty1455|ppid69|FEnXcSJB|twZStnVO|vsxiLTqs|CeKCllEC|2021-12-08|2022-03-24
prty1456|ppid70|gHAlWjfo|MBjKTKIE|QsGkqxkJ|cvXwKgel|2021-04-01|2022-03-24
prty1457|ppid71|EUbViMsx|IRxLmFym|YlkXHhPY|MGhEsoKG|2010-05-03|2022-03-24
prty1458|ppid72|gWBZCocN|FKLZinOJ|mMMJlhIo|vRtuBwRi|2002-03-07|2022-03-24
prty1459|ppid73|dwTxzMqJ|CmHJUQpZ|FjYPaogv|JLNjOmuk|2015-06-02|2022-03-24
prty1460|ppid74|hxIJlgYX|ZeJrNtjo|kAdsORfc|JXtKIDeR|2005-06-15|2022-03-24
prty1461|ppid75|qmcKXuBo|sxdHaDbT|DxShXwDM|xvPkjQrm|2021-06-14|2022-03-24
prty1462|ppid76|ioPyiSjg|MwBRWUMN|jYoFOjMc|SJyFBOxm|2005-11-03|2022-03-24
prty1463|ppid77|VzfwpyUE|RHLlsZCf|uAxrAjlO|DZXkaImI|2020-05-16|2022-03-24
prty1464|ppid78|iGuqdUci|mEOSKzng|sxsglZbx|LzCXGkxS|2019-05-28|2022-03-24
prty1465|ppid79|aqOgDfAa|weuaDRlZ|ighUVvYU|VNBEeVOE|2012-12-20|2022-03-24
prty1466|ppid80|utQGPlBL|IaFAbxDG|ARJLDRvu|pjTNulgV|2015-05-21|2022-03-24
prty1467|ppid81|VprhNOrr|zROvYCNr|vcliUOZI|hHZmJoCF|2021-01-19|2022-03-24
prty1468|ppid82|mUCRlneU|KucahcGs|rNnoiRkj|ILsGNvEV|2018-11-05|2022-03-24
prty1469|ppid83|xGkqrqDP|RqOzrhiZ|OlfNZyaP|fLweJacB|2010-12-29|2022-03-24
prty1470|ppid84|XjFKWORy|zdLpSRRk|YSpVjrdb|cFspaduh|2007-02-14|2022-03-24
prty1471|ppid85|MQvvTOvX|NHFmBTqu|QGzROCiz|KAoWQCBZ|2013-01-20|2022-03-24
prty1472|ppid86|AgCTQcWi|QnEWFCHE|HGVwTGeq|QdRElPhB|2019-11-29|2022-03-24
prty1473|ppid87|mGCbXNzj|utkvqFPF|IgGntgbc|coidESjl|2006-12-30|2022-03-24
prty1474|ppid88|nFpuGULg|kyfeNNxH|aWNQMPgR|XuwIZpWZ|2017-09-22|2022-03-24
prty1475|ppid89|EyTJCzRv|ZramAzwc|fczoMKDZ|yywtsmYK|2003-12-21|2022-03-24
prty1476|ppid90|eJewXQhf|VSAGasPh|fjoZmyVI|guqfCHPt|2005-10-23|2022-03-24
prty1477|ppid91|fDIDEqNy|rwNPQyhk|RRLnKiAT|FMMUbOCN|2012-04-07|2022-03-24
prty1478|ppid92|AeVOgTWj|pRJxSJHK|wdpkSclB|MflRDrdZ|2010-02-02|2022-03-24
prty1479|ppid93|SzCBSmrD|ygZFdqhd|VzWMscYG|EBUCVShF|2006-02-05|2022-03-24
prty1480|ppid94|WZkcmOUy|ytTunMBr|yEUYjuLT|NhYyWIId|2020-06-09|2022-03-24
prty1481|ppid95|WQIEOBMx|CJnHNPvu|fcYyHmJs|piIqwJhM|2015-09-06|2022-03-24
prty1482|ppid96|bEubPHMO|yNioynei|gjCCyUJN|mkWwfkMD|2017-07-03|2022-03-24
prty1483|ppid97|dDmBynhk|ntwhBgul|WuGueRFr|BTzJQnlt|2000-02-29|2022-03-24
prty1484|ppid98|UMWRwhUh|nwcafJpj|GNvvBxQg|Vetyjrzg|2009-09-27|2022-03-24
prty1485|ppid99|WFfuFvqf|FegjmKkA|UEPjbNjO|TqpjkOfg|2018-04-17|2022-03-24
prty1486|ppid1|njYDhlMM|xCxGYbNF|XVJsMANm|YdEeXTeE|2005-09-22|2022-03-24
prty1487|ppid2|wvFKGhNF|PighKlJK|BjASrNJC|mxOQByMu|2002-12-21|2022-03-24
prty1488|ppid3|MxJEeKOw|tnKnNmVd|UgGgNpTL|HKiYVXcL|2018-11-25|2022-03-24
prty1489|ppid4|ZrwrTHwC|oMEgKLPW|VinoGXvD|ewQiIgrZ|2004-12-09|2022-03-24
prty1490|ppid5|jBtuRhZL|oRFjLeGS|tZXVAyAs|oagzZLuC|2014-04-13|2022-03-24
prty1491|ppid6|WqbmReIE|WVWfHZba|LSRxhjqX|VJUGrTwm|2015-02-09|2022-03-24
prty1492|ppid7|qPjOupCE|vyWmLVWi|SurVzOmy|nzkoZbLY|2003-06-26|2022-03-24
prty1493|ppid8|byYGGWFR|PcEwZmNi|MORBlEZK|rLDVKjyT|2000-03-10|2022-03-24
prty1494|ppid9|xFPkxlwQ|IPxSFLGp|SmfFvVMZ|ZFeGDCfV|2005-11-26|2022-03-24
prty1495|ppid10|GUuIoPWo|XUytgqHC|ifgHPAjQ|DOzxWCqu|2011-04-04|2022-03-24
prty1496|ppid11|yYzXaBmy|BiHuUgRT|wgUwfzIz|kuFjCdiM|2001-02-12|2022-03-24
prty1497|ppid12|fHdvqoWB|lvhGTnYT|UUviIMhQ|zKJhigQO|2011-03-21|2022-03-24
prty1498|ppid13|JWrFtIWL|OwEbmFLL|OyreGeEv|taLXUnSu|2020-03-22|2022-03-24
prty1499|ppid14|nOzvucWT|NVrDdNeb|yyfHtTOB|WZeJnkuJ|2011-03-23|2022-03-24
prty1500|ppid15|gYchdGMV|gePPUXtH|lKYdyzIX|xDVCQpbx|2017-10-15|2022-03-24
prty1501|ppid16|GKjNNemT|cgumEypf|Pjbwhndc|pgTtmivT|2003-07-14|2022-03-24
prty1502|ppid17|VHfIByow|IAJRpize|tLGTOQEN|mbEdQsfz|2008-10-18|2022-03-24
prty1503|ppid18|BCSrcsGY|erRXdpja|azIbmQIy|WEKRAPqs|2008-07-28|2022-03-24
prty1504|ppid19|DNpcWWho|XJvdFovr|GoUIrzqj|jfMowKsx|2010-09-15|2022-03-24
prty1505|ppid20|FFkMyTwG|iXbIkBxt|szXYokNk|KjMyQYjK|2009-03-22|2022-03-24
prty1506|ppid21|lQkAFQev|WZgopRHc|QRDLClGV|aoJoWDyH|2007-01-16|2022-03-24
prty1507|ppid22|cDyRBHDW|dDSyMLPp|vOVdeNdK|YmvQWOsd|2015-09-25|2022-03-24
prty1508|ppid23|keZbyQmf|jDFKzMtk|vqHoKWpV|PetxgauV|2014-06-11|2022-03-24
prty1509|ppid24|TNEGZVPV|WExAgFfK|jLuhmJDb|QJDDzfqz|2009-01-15|2022-03-24
prty1510|ppid25|vFkKhvLn|FGEDKpnC|yRxePoPX|LvMrcjcL|2015-01-29|2022-03-24
prty1511|ppid26|zaDTsqDh|loQHVgaJ|MQMSKhJe|cDdZdwJc|2015-07-16|2022-03-24
prty1512|ppid27|YfjMTepf|JVZsPqcp|SmLfKAWQ|iEEnpqjs|2012-06-18|2022-03-24
prty1513|ppid28|LjEBskjN|waanQZnC|ZizgjqnM|KWJPcmNO|2009-10-21|2022-03-24
prty1514|ppid29|oVCktuKw|IfzCMPly|Wcvztlbe|KNsoGtjo|2019-04-25|2022-03-24
prty1515|ppid30|zuyjxjCJ|wDhqLoGX|pFlfOnNH|GUXgVfIo|2015-08-03|2022-03-24
prty1516|ppid31|xgeYZuss|MhnAOnqO|NPBWiNZc|DavISdhX|2010-02-17|2022-03-24
prty1517|ppid32|BtrAeckx|hRXKoupj|ARpIVCxX|macRBEDP|2006-08-07|2022-03-24
prty1518|ppid33|WjpMtsgb|NImiBzjH|XaxNSSAM|gzbzlxzb|2008-05-20|2022-03-24
prty1519|ppid34|dLVQvRQz|vyqCsmwb|IYpJpeDH|rfekjJhQ|2011-03-16|2022-03-24
prty1520|ppid35|HHNKICgN|AQtjbqiT|SRRtHFXQ|AcmTnErJ|2014-02-20|2022-03-24
prty1521|ppid36|jXPiiPKo|YBIWSKuE|seZReERj|iARsuEMS|2003-10-08|2022-03-24
prty1522|ppid37|hhrXiiqt|VGrXyGfs|DMkZmAdd|gKlsKuhI|2018-05-01|2022-03-24
prty1523|ppid38|jmFGqnhJ|IZKgMChe|nkqbwZTt|LJozQnxA|2015-08-18|2022-03-24
prty1524|ppid39|BwNxabSV|gSzuTcVV|MjXaNOpd|AggUzyFu|2016-09-06|2022-03-24
prty1525|ppid40|WENKeXLZ|ObztEGJR|jXFOubJg|IniXjeYA|2011-02-27|2022-03-24
prty1526|ppid41|NYAIDREV|dcMzADki|DXMCjhou|gGyiwFQq|2016-12-27|2022-03-24
prty1527|ppid42|CSziXaiu|VidiuqNj|rsHPdpLh|qrxnNarc|2003-11-05|2022-03-24
prty1528|ppid43|BdAWtCEX|DtAbSbJV|okhzylGn|VIlWyEcl|2014-11-17|2022-03-24
prty1529|ppid44|NNzAoDkC|uETkEBBE|RKbyRxjo|HnvKyZOu|2010-11-04|2022-03-24
prty1530|ppid45|xWtiOPwg|KstrzpYK|DGPBtmFJ|sSnjvXPX|2016-03-24|2022-03-24
prty1531|ppid46|PzbjwgFd|mMzExFWe|JtCKpoiJ|ursaqTzU|2003-08-09|2022-03-24
prty1532|ppid47|dprILykM|wJoGjFmv|jXzcrCTo|lTwajbjd|2006-09-13|2022-03-24
prty1533|ppid48|ratVjTeo|MoLlUfKR|yVbINMJc|HuOLVFyw|2018-06-29|2022-03-24
prty1534|ppid49|oqRuyGpF|NBWayiZq|ykdWtpRW|nGoadjAJ|2005-03-07|2022-03-24
prty1535|ppid50|NrivuoMz|KrTApgHJ|dwBMlQsc|TWTlQLHG|2003-06-27|2022-03-24
prty1536|ppid51|soHojROr|MhYLcNdU|ZbAfNHKX|JnLkwzbO|2014-03-23|2022-03-24
prty1537|ppid52|IjQqipTy|GwdkaBtH|GWkRglAd|CJVRcLex|2014-08-22|2022-03-24
prty1538|ppid53|FdrEeMml|ruJIgBOV|TPUSEenG|sAbRlzHI|2009-08-01|2022-03-24
prty1539|ppid54|OXXPnpVB|YGYHIVsB|PzYokiHD|wAFFUKul|2011-03-13|2022-03-24
prty1540|ppid55|KqghYZzD|IKeRxvjD|KARLJCFd|dyTGGETg|2009-03-26|2022-03-24
prty1541|ppid56|VTRrABET|oEuebMyR|afQTdtgf|gjHDRtWh|2014-06-01|2022-03-24
prty1542|ppid57|TqxCzJlL|VfwPnBPY|myihkjAs|oGntonaM|2008-04-09|2022-03-24
prty1543|ppid58|RSNImynl|VRsXXrfD|JPbxGeDT|tBCtmgIA|2000-02-09|2022-03-24
prty1544|ppid59|sCLgPsvH|qzMCXYdD|KmDkOpoh|QIOAoOvj|2012-12-19|2022-03-24
prty1545|ppid60|PAqzCixW|NazyWTNY|FBtrKPQp|lCHFtYsf|2009-11-02|2022-03-24
prty1546|ppid61|vXYatpVI|uTtrXmvo|UpwRAyow|WctUVYdU|2019-03-18|2022-03-24
prty1547|ppid62|BSXRjInw|GobffBRH|AzcCGvfy|kINLydEU|2003-09-21|2022-03-24
prty1548|ppid63|rBtfbfMx|GhklnCql|BWMTMqVu|ePnHPOPS|2005-07-19|2022-03-24
prty1549|ppid64|AyHMDwYx|OoOsLqKe|oPpcikHH|IsVUioIx|2002-05-18|2022-03-24
prty1550|ppid65|NvMpOYLN|GDpKmjwX|MAIrTyhh|MVvjyUeH|2006-09-21|2022-03-24
prty1551|ppid66|azYPHnye|RfCjNkqt|zuvTXjPm|nblobOVJ|2012-11-15|2022-03-24
prty1552|ppid67|ZzqjHcqO|qPCgUFEp|KybKBgvn|OLAlfHsE|2008-09-18|2022-03-24
prty1553|ppid68|HUBzsgWA|zMtNWqvH|BGXMnSAK|oHEZBMJB|2019-05-18|2022-03-24
prty1554|ppid69|jahvdDpj|PEOAfiNe|GfwcpWiy|StAtgwJU|2020-05-05|2022-03-24
prty1555|ppid70|QaVSwRgH|GqqdOhxb|KaoUpcoS|OmyaNWwd|2018-08-22|2022-03-24
prty1556|ppid71|TvcRUOaE|VDNIKrng|QqlulouU|qtZqUtwi|2004-07-25|2022-03-24
prty1557|ppid72|dojBEQaB|IYDMZeSq|YjRATQJg|xFlCrRWo|2020-01-23|2022-03-24
prty1558|ppid73|JejWWVCr|tWMYKdxL|kGGgoYsm|AuJjQKro|2008-04-26|2022-03-24
prty1559|ppid74|ORxsAGsZ|YncLiXCn|gUFZxqwg|aJjdJDyo|2017-05-01|2022-03-24
prty1560|ppid75|aFXelnOo|MOOEPWXG|FRQOgEIY|CeDSOXte|2016-07-03|2022-03-24
prty1561|ppid76|pvBhiYcc|ZNpsvBTC|xCQtCCIu|pEknnlBV|2010-12-06|2022-03-24
prty1562|ppid77|KGXXkleb|NJgXQMch|bBbSwSHG|WfdXTKLG|2014-12-10|2022-03-24
prty1563|ppid78|gjssNwPY|CLNbgoPN|SXNvmHZe|eCKzNHRZ|2010-07-13|2022-03-24
prty1564|ppid79|lFkzELwB|MtmulXml|ZCfqfSvl|PlvbxAzm|2001-02-02|2022-03-24
prty1565|ppid80|geBCrlRN|opgTUbLo|oKKPqNxQ|qZKjPvYS|2010-12-15|2022-03-24
prty1566|ppid81|mqvgQwXt|zquwNTBd|ICcZcVZS|dGPzvKCd|2020-11-22|2022-03-24
prty1567|ppid82|DybYMfDx|VVWkDdBY|Oghyxpxm|ifLPZzjO|2002-12-07|2022-03-24
prty1568|ppid83|GJJHDxJA|jSUuNzxi|dIugpXvD|SBtlsRTS|2018-04-10|2022-03-24
prty1569|ppid84|mZJTaRpo|LDwkAcMh|vipMYFFU|TlfVKrsr|2021-06-12|2022-03-24
prty1570|ppid85|DazrAdtc|HdItkliy|fDftFQHb|SgHEIklx|2019-04-20|2022-03-24
prty1571|ppid86|ahLewzVd|FTYpZGkb|goMhzjZA|mesNczei|2009-08-26|2022-03-24
prty1572|ppid87|UsLkSulK|vORsKKJa|DNcSCZTv|IEJmrTyo|2009-05-24|2022-03-24
prty1573|ppid88|GhuyTBYl|btBJDSCy|HxXpwcgM|oAdSodOo|2016-05-26|2022-03-24
prty1574|ppid89|cQlAsATs|UqAFlDjq|NpJeyolW|vYiWKoqN|2021-07-10|2022-03-24
prty1575|ppid90|kHwtrUxj|BNhhFNND|bxzfkoIN|BWxIjbxy|2000-10-31|2022-03-24
prty1576|ppid91|eXYFjpky|lCAKBBLy|hBNRnsGa|hOxbwXxi|2014-07-27|2022-03-24
prty1577|ppid92|FUtubTFe|tlyNIyXi|HmlgebYw|XulWUmgz|2011-12-31|2022-03-24
prty1578|ppid93|QoJnYsEH|PSyWLbJm|MHUqCZLH|xmyOVKYo|2009-09-15|2022-03-24
prty1579|ppid94|JMXQIMVJ|Vltiwmmi|AwMOYGxv|SoWEKVYd|2018-10-16|2022-03-24
prty1580|ppid95|zfTAVkTa|pWgyMTrT|kJJOJilF|BCLmUJoA|2018-03-24|2022-03-24
prty1581|ppid96|RnzKUQyQ|LuZPgFSL|uAilqJbj|ioKbYhXx|2015-03-18|2022-03-24
prty1582|ppid97|WgsDHnnn|whyCuYVC|SiqFaKYz|zwwpLUwM|2011-09-08|2022-03-24
prty1583|ppid98|UJesatwD|sYssuKaI|nTEQKiaR|xKKFIYvR|2015-04-20|2022-03-24
prty1584|ppid99|EDJNEkHe|ssoPsFzG|rHHrhxAG|QfrDrGxr|2005-04-14|2022-03-24
prty1585|ppid1|KXOVOZRR|jragqsuU|rssZjIPu|LbddhBZN|2014-10-05|2022-03-24
prty1586|ppid2|pRyQMEla|nkWhqxWf|AZdCyFRN|caWVrfFs|2006-05-02|2022-03-24
prty1587|ppid3|jkaUFLtR|glfAsZxJ|LSVgdUiC|QGHlPiBR|2002-07-03|2022-03-24
prty1588|ppid4|lgePSMWN|vGIJLZSp|ZyEEhRfx|EfLXSgrm|2004-11-19|2022-03-24
prty1589|ppid5|PYsDKnCZ|bAAOsMZO|aYjbfLOV|aLRUPyPX|2019-04-21|2022-03-24
prty1590|ppid6|mSFbbSHv|xRZkXkbZ|qCmalqqo|IRjWTkpX|2011-04-26|2022-03-24
prty1591|ppid7|tatlJncV|xaRDHmOM|CbgKMUGQ|edDpjpFp|2017-09-10|2022-03-24
prty1592|ppid8|bnkCWUYP|zJzwAyGa|LCmFjOBh|MeXlHGCb|2017-10-20|2022-03-24
prty1593|ppid9|FwQQbFUe|bjUYEqEy|MkqhLvyF|BSfmhyiJ|2017-05-06|2022-03-24
prty1594|ppid10|HKqhMjJB|PXOuzSgQ|JfGxrbAY|jfAhtETJ|2019-01-30|2022-03-24
prty1595|ppid11|kcGXWgUQ|gyaydSnM|HGrWMUxx|IckEtWoi|2020-05-25|2022-03-24
prty1596|ppid12|janqLZkA|TSEiQSWI|hdVQZhXf|xzkFKaxB|2019-05-14|2022-03-24
prty1597|ppid13|jIfBzNbF|IRrmcTyF|tAlpwlDs|gfOutPdT|2005-06-12|2022-03-24
prty1598|ppid14|immZHgLG|XEfHDImg|rjAeklMw|tMuTzHLC|2004-03-29|2022-03-24
prty1599|ppid15|fjAEeohc|SFnCIEKS|bcuwhVOc|PjendbCT|2013-05-15|2022-03-24
prty1600|ppid16|cEEKcDAn|uMydnDIq|FmtiLCig|PYXxguRz|2020-05-01|2022-03-24
prty1601|ppid17|SQkRpYZy|yPyGWgzh|XcwPXNZK|mOLAyZpZ|2003-04-18|2022-03-24
prty1602|ppid18|NClrXzWL|joXxwdSv|BkRjMSZS|AFAVWaXB|2002-08-06|2022-03-24
prty1603|ppid19|qfDEGslJ|dJHCKiUa|YVJnoNYQ|ZMuaPLDb|2011-08-26|2022-03-24
prty1604|ppid20|yMVMVnhy|eKPIyLfz|nvYqrUoB|kmgLhalj|2003-04-03|2022-03-24
prty1605|ppid21|WceoQApD|BKtybXSY|DRfjhEgd|hiOtgJfv|2016-07-25|2022-03-24
prty1606|ppid22|nNAWCkmN|JxzSFUGv|OcsAGCZf|lDttlGQW|2006-12-12|2022-03-24
prty1607|ppid23|WZtBMUBP|PKIpzaPO|iKkvdwsj|sFtrJyfz|2021-06-06|2022-03-24
prty1608|ppid24|kHKBLVAv|NrBvTPRG|Xlhxlsga|EdBGRllP|2003-11-03|2022-03-24
prty1609|ppid25|fiUVPajf|xkKSzNpu|xBSAmyvd|GJematTf|2000-12-27|2022-03-24
prty1610|ppid26|ozHmpzee|TxngJRDi|xjibXEPt|wcbtuieV|2017-02-22|2022-03-24
prty1611|ppid27|EazuOlZZ|nJEyeFAD|cohnmqCC|LoYzrkGn|2019-05-02|2022-03-24
prty1612|ppid28|niqxWpAV|lmisUHOF|WDwwAbeg|Guphasbt|2003-05-10|2022-03-24
prty1613|ppid29|lKjielId|lTToPjcf|poHqyndM|skVLAewc|2001-09-11|2022-03-24
prty1614|ppid30|rrCzsEej|KFhbHwIm|DhOxHrID|SlCGHSEN|2020-02-23|2022-03-24
prty1615|ppid31|vpEqnkDx|pzjlIAty|meqSgXrv|oSvmKXax|2010-09-15|2022-03-24
prty1616|ppid32|GaMtGphW|rdUahQlO|zGTlucYO|bnYMYRZE|2015-04-28|2022-03-24
prty1617|ppid33|GbPFEdbY|gcfgRieZ|ndxSCfgR|fQTlumuG|2020-10-09|2022-03-24
prty1618|ppid34|YmkkJXBY|ifHrOPWQ|SWzUaTBj|cLurZvUJ|2005-08-08|2022-03-24
prty1619|ppid35|xFXOSHxQ|JKHsNlVO|moLwWvKS|ESCTWzby|2020-10-09|2022-03-24
prty1620|ppid36|EcnIIpiX|OcIcTxUT|tyjbwedP|AHYucKyt|2015-10-04|2022-03-24
prty1621|ppid37|VTzfHLVZ|XWoSEukt|fGoWdgAB|cneOloZx|2003-01-30|2022-03-24
prty1622|ppid38|quGUPjIl|gJdIpWTy|gamEipwc|AiYJSaCk|2002-01-28|2022-03-24
prty1623|ppid39|bpaoNTID|uWfvaQGn|cpxOTIsd|IcKNHiNe|2016-11-15|2022-03-24
prty1624|ppid40|KhnleEvz|hbSRKyDr|nbARPbfc|GhDpshsr|2018-11-13|2022-03-24
prty1625|ppid41|DhKiUTAM|IifAwRAy|AnqICZHB|FJHbADeX|2007-07-09|2022-03-24
prty1626|ppid42|EmPPyenf|VfgizmPS|OQsbWdxy|CxkpxgAp|2010-03-17|2022-03-24
prty1627|ppid43|XLhLkjBl|LnBFFKKs|nNKgWgcK|OxvMIIYA|2009-07-19|2022-03-24
prty1628|ppid44|PfGWTekt|lwtQQicH|Xqlovnac|VRAAXkNp|2021-04-19|2022-03-24
prty1629|ppid45|xrApQlab|dujQjTUg|seOpkCzZ|kICsVCDd|2006-06-07|2022-03-24
prty1630|ppid46|szvFZZsx|qogrqOEZ|jzueYtUg|dQdzByKi|2008-01-16|2022-03-24
prty1631|ppid47|RlSGDqkA|kbKBtosh|UUghJNfE|nsJlxwWp|2011-02-15|2022-03-24
prty1632|ppid48|yVzZmBWN|fUyuzSLd|jFRNvtVp|RlRkHqEj|2016-03-26|2022-03-24
prty1633|ppid49|WXZCNeCi|vAekioFD|DEXBYYQf|YUryWGgE|2007-06-19|2022-03-24
prty1634|ppid50|KtgTVRVR|pDpLwXhy|GCWQAstJ|HVpStjgX|2008-05-09|2022-03-24
prty1635|ppid51|OBMVEfDB|NiDlwPCQ|qthiVBOV|deIiOceT|2012-04-09|2022-03-24
prty1636|ppid52|dqjahVqI|AufMtyqb|OoqWZywx|GxAnlxeX|2009-02-11|2022-03-24
prty1637|ppid53|CcUfdkPc|pDpAVvkM|DokGteon|RSxnAwkG|2007-11-19|2022-03-24
prty1638|ppid54|GCrRjPmD|dYNSVGpt|PZnBYslL|cbluUuVm|2008-02-09|2022-03-24
prty1639|ppid55|paDNYfno|SetdFdiw|JIiaqavD|NSYJDTXi|2020-03-30|2022-03-24
prty1640|ppid56|kbiSuMhB|tngLZrTo|CoRrTlhR|dkEpRwdu|2006-05-09|2022-03-24
prty1641|ppid57|gbYfjjdC|PJhiJHBH|XCteRzwc|ulSkmUAx|2005-07-18|2022-03-24
prty1642|ppid58|cRrsDAKa|bOEyYByL|sShFzsZd|QnXagjcW|2004-01-30|2022-03-24
prty1643|ppid59|qcyNQxKQ|rZMaleRH|NtUcoSNn|hcORVgyC|2014-11-01|2022-03-24
prty1644|ppid60|zaFGBxvg|VGxAeYfp|zARsviNd|QzYnaOXR|2010-04-17|2022-03-24
prty1645|ppid61|cNajHeRt|GmzuVsHj|KinMpHbD|RMeePMIr|2020-08-27|2022-03-24
prty1646|ppid62|JAKoixkv|pznSbFdp|CQznWTTI|kyXBWmPO|2000-06-16|2022-03-24
prty1647|ppid63|VqpQSNdm|zmZuyPnW|byQJQgVt|sStqjXVV|2013-07-16|2022-03-24
prty1648|ppid64|izwyCKyz|TmVPUDXV|NPSJAUQw|fVhETPQl|2006-07-23|2022-03-24
prty1649|ppid65|FtTfkCdd|NHMIxUmz|lMuKAOhJ|DNCALtSp|2017-01-13|2022-03-24
prty1650|ppid66|bCehuawZ|XAwRmOiv|HtgMJfEd|YGFqOBcl|2005-06-28|2022-03-24
prty1651|ppid67|fOlUHDeG|KUWFBtyi|CuZxzwJx|kCKocpnn|2020-03-26|2022-03-24
prty1652|ppid68|ajPxxfKa|qdeaeegv|EZxGONZR|HZkoKpyX|2015-04-11|2022-03-24
prty1653|ppid69|CkFcOiSU|TTbfVMjH|CnPdQwCe|egloRSJw|2013-12-26|2022-03-24
prty1654|ppid70|arcLoLwZ|mkOaFpBy|wzQGPWQZ|okMOGUaE|2009-04-26|2022-03-24
prty1655|ppid71|gvODbYPj|EZrNlQOE|VOYYhaxT|tahmiUhe|2001-06-23|2022-03-24
prty1656|ppid72|frmRpalr|yFMAejUi|CTHerbYy|oJNqgTea|2011-11-23|2022-03-24
prty1657|ppid73|RPeNGxxX|uBDuhgMA|cJOWYXRJ|mITtIZHp|2010-09-27|2022-03-24
prty1658|ppid74|EfBpSRxx|ssjsASbv|jPemvErB|ZZEgNmHF|2007-11-05|2022-03-24
prty1659|ppid75|oUGnSoDQ|kayVIUqo|TVjBUOBB|HlXbfxEz|2003-08-23|2022-03-24
prty1660|ppid76|uxxeMgFh|rijhSAPL|NNBOeDoG|knXOAwkG|2006-01-10|2022-03-24
prty1661|ppid77|HbhFIlDr|RFphoNUu|OwTNtoFo|TbOlhJbz|2002-04-13|2022-03-24
prty1662|ppid78|zhBZxRZC|xHsJeuiZ|BzeuYUmp|FwCvlXlt|2001-12-18|2022-03-24
prty1663|ppid79|pBNOWgne|hUtnSUpk|GyzMYRYu|yqbLESZM|2004-06-20|2022-03-24
prty1664|ppid80|DgFESirR|qMUEQxAk|mnPduUlm|ywkteqVS|2016-05-03|2022-03-24
prty1665|ppid81|xyIFXuaa|VwztTcmX|hbHvcvZG|CmfXRnzO|2016-07-09|2022-03-24
prty1666|ppid82|svNnWytk|WmTygyJt|XsAnjtyv|HonMCnGG|2019-06-14|2022-03-24
prty1667|ppid83|jzwUcbcv|JnsylzJf|LJTMzTsA|gkkGEMUq|2019-11-13|2022-03-24
prty1668|ppid84|CgcgtWfO|rTPdbppb|xeFLHZYT|csvgTvQJ|2009-08-19|2022-03-24
prty1669|ppid85|TatvHTKw|DITyBVpF|KuvQgEgA|hqqdEtxy|2002-02-02|2022-03-24
prty1670|ppid86|HAamySNQ|YdSbYPEN|SeifdLaN|eLAaDTMO|2006-09-27|2022-03-24
prty1671|ppid87|lWsMeYjp|QFvqGlTo|rcsuckVk|gfOlRvtu|2017-09-09|2022-03-24
prty1672|ppid88|NyfHqlBo|bXpFsLQe|HAKzmyqJ|bCzqFXsm|2005-03-31|2022-03-24
prty1673|ppid89|rxZVHBFF|wqawjPkB|cOZbiOTe|poPrTxdx|2005-06-16|2022-03-24
prty1674|ppid90|JBnCoezD|euXMAVUD|plmhPgov|nXqNXHdR|2019-03-04|2022-03-24
prty1675|ppid91|ibuELCXK|bUrJaWDB|GCdnHsdp|vzAnzjrJ|2019-11-09|2022-03-24
prty1676|ppid92|OfOzHqRO|NLmjxjDu|tAfTEoIt|kWZIJTUJ|2019-04-28|2022-03-24
prty1677|ppid93|huRBvRNW|gkDqAiiT|jHhWwnOg|ABSDoagO|2019-11-15|2022-03-24
prty1678|ppid94|UDepDVsz|bBgZnJQs|pUMXTaAn|FYcSvGQd|2015-07-23|2022-03-24
prty1679|ppid95|zGADCEmN|lKJaAOdW|XAZOIYQM|zCIkDwqZ|2015-04-17|2022-03-24
prty1680|ppid96|BiaTsmYV|ecNIwLHv|ZWmcesqW|GVuHBjrP|2009-11-25|2022-03-24
prty1681|ppid97|BVzWjSBM|pbsZnSxo|CXkUlrYx|aKhtOfzy|2016-05-09|2022-03-24
prty1682|ppid98|ITETopXQ|SGPByBIb|GyYFMdUP|oSvzaoHC|2003-09-01|2022-03-24
prty1683|ppid99|RItBeDkZ|iHjyoIVt|RjrERyWJ|fzlkQsVN|2016-05-18|2022-03-24
prty1684|ppid1|HhECskeD|EVvVdNNu|CFCeuZkL|OePxFwxX|2008-08-11|2022-03-24
prty1685|ppid2|BlxnNNqp|MsDMwUty|vGusJLwQ|KBdhiUXA|2019-02-08|2022-03-24
prty1686|ppid3|PNuRZCKA|PllaWRZH|GMBXBVKa|Ejbpxtnk|2007-11-03|2022-03-24
prty1687|ppid4|fqkcHlDZ|tUJbvfJH|TlGzsVAL|RyddwJTR|2020-12-15|2022-03-24
prty1688|ppid5|mdLMMCqG|KrEEHpal|DZbukCPQ|ZPSDMRyT|2012-06-21|2022-03-24
prty1689|ppid6|fbLkwiwz|DqNMSHYp|fGSQMlfn|zsMfuUCR|2017-12-10|2022-03-24
prty1690|ppid7|ufuOCxDY|BgKIVNNb|nmWJrMQy|uNVSOYSR|2002-02-21|2022-03-24
prty1691|ppid8|wfHuEtvD|krgriFAp|vwZRzcJE|MrorEpxl|2012-07-18|2022-03-24
prty1692|ppid9|cZwbnUsi|EFgVYJSP|DlImXzaP|YVwMWFFV|2005-07-16|2022-03-24
prty1693|ppid10|zziLkfVB|GOQnpuqW|BfSVmHrV|OMeJYtHI|2018-09-25|2022-03-24
prty1694|ppid11|NWAEMXDC|FVvznaYC|rOkfVLGN|OVuwTYoe|2020-05-11|2022-03-24
prty1695|ppid12|YXOneuMl|ZQtDnGEE|JRMSGHBF|yPbpPwRO|2013-03-10|2022-03-24
prty1696|ppid13|jlSvkvTu|donGYDuL|cNslCXzT|jNAsSOrl|2001-03-19|2022-03-24
prty1697|ppid14|XNAahHRc|iCpRcJda|otksxctf|XHLEpYyd|2013-06-28|2022-03-24
prty1698|ppid15|WTPPuSGe|griZLBha|uvRAUNQZ|QfCjqtBP|2007-10-13|2022-03-24
prty1699|ppid16|MiHZMdYo|HsPtspXr|Qyhtbihu|GZqQIzbW|2014-04-29|2022-03-24
prty1700|ppid17|tkMpwZso|uCNOETRh|EuLWZoPM|BhmxCFLV|2001-08-31|2022-03-24
prty1701|ppid18|CjcFfcmW|qZdkNFSS|ekYjPvoH|yMqaFfpp|2018-07-10|2022-03-24
prty1702|ppid19|uGWpLDYd|mEMRyfuG|EIiPuAvo|TAdeUwzK|2016-12-13|2022-03-24
prty1703|ppid20|ZDuuieqK|NcMluAmC|AALuqReA|BcHaTUJq|2011-03-13|2022-03-24
prty1704|ppid21|lDeSaTFT|rcVuleTo|knkfrVjV|sgGgxeiR|2019-04-07|2022-03-24
prty1705|ppid22|nwxaeXoc|uFPGBonH|saGeUhEn|GmfUiyaj|2020-02-14|2022-03-24
prty1706|ppid23|QanTUFoi|ahwhDNlF|EudfCQse|YIrnplPV|2000-08-06|2022-03-24
prty1707|ppid24|iGsBLfRy|kUDoPsZS|XtLVUNMu|amEnaxNZ|2013-08-30|2022-03-24
prty1708|ppid25|ZQltjtHz|sqmoGqpv|FxnGaaAX|urGhxUQN|2003-11-22|2022-03-24
prty1709|ppid26|RWtgHlTV|eDeiiULz|gpCZTmIC|atnjMwok|2002-04-20|2022-03-24
prty1710|ppid27|RQFPisPr|MjmtTPUY|vVCsKdYT|GubArtfQ|2021-07-19|2022-03-24
prty1711|ppid28|gkfCnbAX|CbagsJiL|IBuAdpqx|xJusazKl|2010-10-24|2022-03-24
prty1712|ppid29|RTsvSAlV|mEETtWXC|kCdyLEhk|VKbWjPXe|2011-11-17|2022-03-24
prty1713|ppid30|wdERdCCY|zzNyuuhW|DQTDFYeA|cKWBcRZM|2000-08-16|2022-03-24
prty1714|ppid31|tuSMXcET|zPyHvzJB|KJuBsqpD|zGuQAUNz|2021-11-19|2022-03-24
prty1715|ppid32|MYBvOWZa|wFlfljnL|mbVnhKoj|AjzLscGr|2010-06-03|2022-03-24
prty1716|ppid33|LqcRpBkd|UKRmbdCu|kRSMkKVV|UgOyTkEo|2014-08-28|2022-03-24
prty1717|ppid34|iYSHOYej|ZTWFGaPe|iANCYMsp|SShIfgHX|2011-08-15|2022-03-24
prty1718|ppid35|HyWlwtgU|eEzSdkhg|tmrpfXjA|iBzskUln|2015-06-28|2022-03-24
prty1719|ppid36|QjRNbzLH|dBqtjynj|GLKQAmge|HpFemufX|2017-04-30|2022-03-24
prty1720|ppid37|TjBCKssa|hPjXDfum|uAwAyvfb|rstsYqLB|2008-05-23|2022-03-24
prty1721|ppid38|WAOuNoGz|aEfezyms|sPECYwfZ|HbMpfENL|2006-12-28|2022-03-24
prty1722|ppid39|PkEzLHLg|dxuGPSZk|uVLWMJcb|TEaSHZIY|2002-01-07|2022-03-24
prty1723|ppid40|vXtCEKzT|ocbCYkIw|FWXzUIUg|ZNRrIamL|2014-09-16|2022-03-24
prty1724|ppid41|AWpPmNWu|RvOiGFcQ|mvUwbVWv|uznTkDGB|2017-08-31|2022-03-24
prty1725|ppid42|MzqpBnCg|NsiSTtce|TaDmJwjL|unWzbHmg|2001-11-22|2022-03-24
prty1726|ppid43|ApJHLEXU|rblmuvGx|gBhEEMvm|TZDYUGqQ|2007-08-07|2022-03-24
prty1727|ppid44|gHXWaziV|DtYMGMJv|iPgXdCGv|RzaainJk|2009-08-26|2022-03-24
prty1728|ppid45|pMTKECTs|CbyHTZTI|ImCtiDiM|pyFCzNRH|2014-10-24|2022-03-24
prty1729|ppid46|MmvRTCXl|uYaUzcZO|HYaepLVb|eEXCVaJF|2008-06-30|2022-03-24
prty1730|ppid47|ACsEJHTr|RitWuSnG|pZIqLnHE|CJXgSFIl|2016-10-11|2022-03-24
prty1731|ppid48|UjyRITCe|mPFpopfU|DInwHWzu|LyPEECUM|2020-10-25|2022-03-24
prty1732|ppid49|JffqTZlW|wwbtkDKw|IHRMwzNf|LyGlCPRm|2007-08-27|2022-03-24
prty1733|ppid50|ughhlyUA|YtGXPSHy|yZJVOnBc|sccgnBYj|2012-06-25|2022-03-24
prty1734|ppid51|XTGDuquW|viqsIDrN|epUHmNKP|vUexHoPe|2008-12-09|2022-03-24
prty1735|ppid52|LENhpiuw|lTXXMoll|AXseHUkX|ZruRydYz|2005-08-23|2022-03-24
prty1736|ppid53|UFAiRyIS|elZwbEpb|tiCcbhkv|AOylvZtL|2010-04-26|2022-03-24
prty1737|ppid54|ZOdUbQwS|zYCkgvtl|hqEdiaFQ|ArVxQnYs|2004-07-27|2022-03-24
prty1738|ppid55|jFOZhSRm|ewgTwZLw|awxXtiov|YNRZZUdb|2002-12-06|2022-03-24
prty1739|ppid56|DbgmbCtC|qKmeTWUT|guRZLzfZ|LmFVyLKe|2015-05-12|2022-03-24
prty1740|ppid57|wtzvOztg|lLrnRMqG|EWKORTwh|vnwjawaV|2020-05-03|2022-03-24
prty1741|ppid58|glRBYpQX|ppTcNnOa|lkCjsPKC|hPFRYWuG|2021-10-18|2022-03-24
prty1742|ppid59|lJWNPpUW|DIvcALCg|MPfjHQOO|zjXXjdoG|2001-10-10|2022-03-24
prty1743|ppid60|PScovmjf|CyGPaWix|BgdTTImU|beWIRNva|2008-02-15|2022-03-24
prty1744|ppid61|ahdxWQoG|sOmaRLLr|wzQISukW|HGwSQnaJ|2006-07-16|2022-03-24
prty1745|ppid62|eMjkiKgd|KzQtMEaS|xgaGoeBQ|LimnWNph|2016-04-02|2022-03-24
prty1746|ppid63|lhIblSdB|skPmveEX|GdQDROFJ|PWJaZCNq|2015-04-06|2022-03-24
prty1747|ppid64|nhbqSBTz|WRDaVqLy|KaNMHXVt|jOMfvwdc|2021-10-24|2022-03-24
prty1748|ppid65|xbAleChO|uEYpBqCU|TnNfsbfz|nspnzSiO|2014-02-10|2022-03-24
prty1749|ppid66|CQVgXJXu|XVRrIZgd|zTWfROcz|cBquGwjS|2007-11-26|2022-03-24
prty1750|ppid67|UooDTPGJ|qdWQoxqm|NmSGwetl|fVaVsLzg|2019-08-14|2022-03-24
prty1751|ppid68|Napmrkpr|cmrkjGsj|fgZvinHi|QTRCtFrg|2012-05-05|2022-03-24
prty1752|ppid69|dXpoueYu|blBvJEAG|LFCptJQb|BXHteZGn|2001-12-11|2022-03-24
prty1753|ppid70|TFRZkPrs|RYwbIprt|meAsAARh|DLiFDigR|2017-06-20|2022-03-24
prty1754|ppid71|KSIKBIYq|vLQjOUFJ|iwPLwhXD|KRODleNB|2000-10-23|2022-03-24
prty1755|ppid72|OhbUdkru|RKyNFyKf|FTZrMXZV|fVqqcLoR|2013-01-18|2022-03-24
prty1756|ppid73|nbqkelFE|BEJkBuzQ|OhoIjtgC|DcVSLHpN|2010-07-29|2022-03-24
prty1757|ppid74|qVFhBQwu|GFaWDbYQ|PidNaSVQ|sCZelfgO|2014-09-07|2022-03-24
prty1758|ppid75|JWEfVKQz|aLxmmcJh|RPuQSzSr|uXEDafUG|2020-11-25|2022-03-24
prty1759|ppid76|kAIrkGhP|ibRrbWzh|WzzksYdE|UjgUXwhg|2019-05-16|2022-03-24
prty1760|ppid77|DDYRSivh|OdDDqygg|udEPfwbp|GifKIRrj|2021-02-24|2022-03-24
prty1761|ppid78|laSlBBKG|RCJnWbIV|hbbBIjIW|drYtpaKi|2004-12-10|2022-03-24
prty1762|ppid79|YkEBHssZ|QPEBDxCe|ywEODEME|dVWjOygL|2007-06-11|2022-03-24
prty1763|ppid80|nQLudxhj|kDsKDWZN|xbCyziXQ|RDLtLDlx|2013-01-24|2022-03-24
prty1764|ppid81|OIFjuYWO|CbLaSvJx|FiuwHWuA|bMGdqcRI|2004-06-21|2022-03-24
prty1765|ppid82|MtWzpwWW|OknucHEW|CSabWVAU|wpmJBPUX|2007-01-26|2022-03-24
prty1766|ppid83|qxldAeQP|NjJlPYSz|uzhPRoRP|PEnIrWlB|2014-03-13|2022-03-24
prty1767|ppid84|tlPwUCBQ|SeYZhkfu|LpzphhDA|oymnBCRR|2005-04-29|2022-03-24
prty1768|ppid85|CZYGrlrH|sSUjTbTm|kRULbSHi|Vqujmjrk|2016-07-12|2022-03-24
prty1769|ppid86|esdVZDjT|bCxdVLon|mzSZKqch|VZoNarVq|2015-01-03|2022-03-24
prty1770|ppid87|keyJOPaW|vQegUSaJ|bluLnTGb|CWtpGtCI|2011-07-20|2022-03-24
prty1771|ppid88|uTCLLHvF|BwnjmpLf|oZLCLTjJ|cPVznvGN|2010-07-09|2022-03-24
prty1772|ppid89|tfEKRdFm|VwxoTqip|oKJeOUhk|hajVaYnY|2017-02-24|2022-03-24
prty1773|ppid90|INoaIhkm|JjqYyTcs|orsnKxyd|bTmkdWBU|2008-05-09|2022-03-24
prty1774|ppid91|pLpznRRt|BdCJCuTS|VigcLxlB|amVmrCih|2018-06-02|2022-03-24
prty1775|ppid92|XSxesool|MsFIOTNJ|ruivNzAe|GpmEpIqs|2021-10-03|2022-03-24
prty1776|ppid93|Jxgrotdz|eJVfdtue|FTyXBoDh|cbZESSuT|2008-11-28|2022-03-24
prty1777|ppid94|ezkvcnyj|FAjtBuhZ|CxwXhTBm|FNJXhZHr|2011-01-21|2022-03-24
prty1778|ppid95|jkOYdaYE|CAsHGUhr|DBCnakbw|GuvYzxpV|2007-01-21|2022-03-24
prty1779|ppid96|HTOojcuC|UMCowIhf|YvZBasoW|NLBkAYcA|2016-03-26|2022-03-24
prty1780|ppid97|yQdHKYMP|oinUtRLH|SMFsCoqb|bdlCLNEK|2013-02-13|2022-03-24
prty1781|ppid98|yTsntkjy|BgYZMTmS|LQACscjo|rSpohSyG|2006-02-15|2022-03-24
prty1782|ppid99|BhakrJJS|vYPFxjlq|YfrswOkF|vAJBuiLH|2019-01-11|2022-03-24
prty1783|ppid1|UoytupeA|DBwnAcVM|LNgqnUFy|dogkfLvy|2014-03-07|2022-03-24
prty1784|ppid2|vUlohfWL|xmqRnUoF|quAIwHHr|ewnoqMYp|2013-09-23|2022-03-24
prty1785|ppid3|XPFNaIWL|FTfVJlyP|WqZsbMkM|JIUewOwA|2010-12-17|2022-03-24
prty1786|ppid4|UBZdLscG|qJeWUQZq|FGEPknwJ|cOqmFUpD|2013-05-31|2022-03-24
prty1787|ppid5|zrQiVmHx|jBobADFM|VuihRSky|ZwTlyARh|2008-04-29|2022-03-24
prty1788|ppid6|sYUFCKsO|lGRgPhwz|QsuaijnB|kjlVUIoq|2020-10-03|2022-03-24
prty1789|ppid7|DWRtuzfk|DEPqAzoA|cwdncLSB|hqFfzIBY|2020-11-01|2022-03-24
prty1790|ppid8|nbZjawtv|ovjzSshW|QlpotVhK|ELIonEpk|2020-09-05|2022-03-24
prty1791|ppid9|SYQFmSuO|MarBoKqS|xPnTpdIn|WsJKoccS|2007-02-02|2022-03-24
prty1792|ppid10|nzrtVDbs|OyLvJLEL|leTADlrC|XFWDwEiv|2008-06-28|2022-03-24
prty1793|ppid11|WYvwFZlc|PiwTrAxg|keDgttsK|QjRNowqO|2015-03-05|2022-03-24
prty1794|ppid12|oLGidmye|QRZCSkvi|ieqYjybM|usfvIuRs|2017-11-05|2022-03-24
prty1795|ppid13|iXjbrUQT|XlGzJKHF|MCqXkuJK|MnUEXFaR|2020-02-04|2022-03-24
prty1796|ppid14|WzDqFvwU|jPpWOzEZ|jqQPxeVl|YNcmUrfJ|2011-10-20|2022-03-24
prty1797|ppid15|YklgZhiw|tFPKHYnf|YlwYwceF|WNhVkGSS|2010-07-18|2022-03-24
prty1798|ppid16|yOTPshca|nnQyxfpt|SDYyUNaF|xDuZEJyN|2016-03-19|2022-03-24
prty1799|ppid17|MWNfNRuv|mcJVlhaF|gJxDNOyh|LhevigUN|2011-05-17|2022-03-24
prty1800|ppid18|tJxbmfkc|PDNByWew|AOvVRutF|QZUhHJvg|2004-10-19|2022-03-24
prty1801|ppid19|SRIRAuDj|PgbfMaUR|TsdARqka|ekonvpZQ|2005-11-06|2022-03-24
prty1802|ppid20|cdRduSpQ|YFMpboBh|vzIZtYlo|OUTyFhYl|2004-07-14|2022-03-24
prty1803|ppid21|YWcqPLKm|PjEwwtyT|CPzrhQBk|hrISnSis|2015-04-25|2022-03-24
prty1804|ppid22|GvTTZAgM|jQwJbeVp|uvatxcNw|SFfXbZdr|2001-09-12|2022-03-24
prty1805|ppid23|jsAyGmBd|XjJObidk|xkddjVUc|qbxoQQRh|2016-10-23|2022-03-24
prty1806|ppid24|wKBjnQrT|OnOWfUGw|HIYGqlmc|bwkiBpUb|2005-07-27|2022-03-24
prty1807|ppid25|PSNgzQQA|SWdhLGhN|HpxdDVXb|DlOjhTXC|2005-07-18|2022-03-24
prty1808|ppid26|geDdHyCp|gRozNNnR|YgeVtELW|WSWSvQjI|2007-11-24|2022-03-24
prty1809|ppid27|nulwuHym|rDledqaV|IqzfujHQ|aArAbRQN|2006-09-09|2022-03-24
prty1810|ppid28|FHAzQstk|SwaNjoYI|FrORYMtU|iKPPyLtR|2008-12-03|2022-03-24
prty1811|ppid29|twpevcLg|LpefObgB|cEPZWvqP|Hzyjhujm|2015-02-10|2022-03-24
prty1812|ppid30|zyzxeQaU|xBgnJxud|SUCFZUje|MFHbaGos|2002-05-16|2022-03-24
prty1813|ppid31|JUvbqjqJ|AwQWExge|PmIcWbtP|ImCgfwue|2016-05-06|2022-03-24
prty1814|ppid32|BTzqRxXh|ZWmcaSEf|eFxfRtqJ|ZQHcVeWM|2005-06-17|2022-03-24
prty1815|ppid33|QgjCtgBq|nNvPkHIZ|dnfiygAj|OWzzdBiW|2017-08-28|2022-03-24
prty1816|ppid34|pyFEgFoS|HXjIvXvG|NJjAFqWh|JmkcTtOR|2003-12-14|2022-03-24
prty1817|ppid35|kpHalSVi|bkAuxZmb|LiObObBh|JFiMxvVL|2000-11-06|2022-03-24
prty1818|ppid36|tbOhBStn|gFddHUNm|Fwgjrrcr|UunBnhQd|2008-12-06|2022-03-24
prty1819|ppid37|heYguROu|axALhFjB|TzQpeqyk|ZCjaemLV|2000-01-13|2022-03-24
prty1820|ppid38|hlYjFlyw|DDroLKLv|RszBEbId|BLJiUKgt|2014-07-07|2022-03-24
prty1821|ppid39|fkTqWCkQ|bOMWHGHh|yzeoqjuN|HVhRhCWC|2004-05-11|2022-03-24
prty1822|ppid40|lEwIFjYO|zOCkvYNI|aDbqgCDL|bLETMtLG|2018-05-09|2022-03-24
prty1823|ppid41|jpTDofhD|sMxihyhc|vtrulsMr|DinZDhHJ|2010-04-27|2022-03-24
prty1824|ppid42|xLkEybea|siNnLhKl|drFxPZfj|Yjttyikp|2011-01-01|2022-03-24
prty1825|ppid43|geSPwKSQ|FJBYvXjU|iHOJFrgU|owIXjRqC|2015-08-18|2022-03-24
prty1826|ppid44|rnrTaFiW|mjXnFLmg|IGPbWato|EdhesAXH|2020-03-06|2022-03-24
prty1827|ppid45|txhmvDUN|DYECiHSB|fyIsHsBr|tJWgzUqn|2018-06-24|2022-03-24
prty1828|ppid46|MTggrqFw|WUzDIhkr|iIEAxIgB|gXLVpxXG|2009-12-30|2022-03-24
prty1829|ppid47|MTKuhrQT|BQbjLpkY|ZhIkrVxT|bvcsNBoj|2005-03-02|2022-03-24
prty1830|ppid48|VVJItpVy|UvryqjjC|WQLEnnKL|LysfiZAz|2000-09-12|2022-03-24
prty1831|ppid49|cRoMZiaU|TJZiVfKv|ZuMhhZgw|eVZOgDKg|2002-09-15|2022-03-24
prty1832|ppid50|zazKfSwX|DCOCQKTW|JWPmpVJz|hJmPusWs|2014-11-04|2022-03-24
prty1833|ppid51|NKwXTdkX|cNZeBlxd|mNMrMayN|CPLlfvNj|2006-04-06|2022-03-24
prty1834|ppid52|kHaKEtdm|yGrnLdMK|hIWQMFlO|RmzpZIYd|2020-01-18|2022-03-24
prty1835|ppid53|ZcfPUCop|UrePuJkV|eUTYbhxZ|vrgZnCmb|2014-02-21|2022-03-24
prty1836|ppid54|JYgVbQdj|HEKKArTN|WvhovYHz|AgYopdvi|2014-06-19|2022-03-24
prty1837|ppid55|LPqABYgg|OAulKipf|YstILtsv|WjgZmcVJ|2019-01-30|2022-03-24
prty1838|ppid56|SsSwAmeE|yDQxkEep|EYRtXFPL|AgaPkfwl|2007-10-28|2022-03-24
prty1839|ppid57|FCtwsxRj|GdOJidmm|YDqRpohI|bsQxgSNG|2010-12-18|2022-03-24
prty1840|ppid58|eaAGnhZu|YEKPefsC|fHNrIXyv|PruxCryd|2012-09-26|2022-03-24
prty1841|ppid59|mRUtQSer|GAIqVIhR|pfkWZoQN|CxggYWVs|2012-07-17|2022-03-24
prty1842|ppid60|DixlqzxP|NNJSPJWf|oWtyewhL|SBGqqDhr|2012-09-14|2022-03-24
prty1843|ppid61|awdjQJVh|FpsTopjc|RJmyGloR|lmIEbhNL|2012-08-11|2022-03-24
prty1844|ppid62|JvPeRINz|XivvKawg|gZcHRbsG|DJHvRGao|2009-09-20|2022-03-24
prty1845|ppid63|EbkBUVeU|rjYYJZzD|hMrrhHSw|GXsiiZqP|2008-02-14|2022-03-24
prty1846|ppid64|SkZVTAed|RnLwNdnw|CtSdSAIi|ZaeygcTu|2016-07-05|2022-03-24
prty1847|ppid65|eaMDrADO|jJTxxTPi|AevbqsYr|SHaAHgtV|2009-11-30|2022-03-24
prty1848|ppid66|dZObdmgC|FxMLkyRD|BSfBWzat|RGyLLevd|2019-03-25|2022-03-24
prty1849|ppid67|PwwoFelE|raFOxndW|JOanUifr|uoolAQCo|2011-08-04|2022-03-24
prty1850|ppid68|HtzwMilC|pXKhETWh|zAFqahtc|aQchmZyF|2002-10-27|2022-03-24
prty1851|ppid69|UzzjovFC|zrnZzaTx|XZJEREzH|OKDGIWLU|2014-10-05|2022-03-24
prty1852|ppid70|ltKqKVQU|FyllCOCw|iPVhqDlt|xWiERbPX|2018-12-15|2022-03-24
prty1853|ppid71|cDXIMmWC|oWBeLNgm|rEpsnUic|LoklmwVK|2006-07-06|2022-03-24
prty1854|ppid72|zNDDeYil|PFrpotPe|VioUdnPV|YZXIkRpX|2009-09-15|2022-03-24
prty1855|ppid73|LFfGTOoa|YwYiRHhd|qskfKOBL|UvjfCmKd|2014-06-11|2022-03-24
prty1856|ppid74|QjguTTfc|hazmKkZk|rSDeYZee|QpQsPCpP|2003-12-16|2022-03-24
prty1857|ppid75|TsunLhfk|xdsdaLTi|pzkzomAd|Ytkqeccq|2017-07-03|2022-03-24
prty1858|ppid76|cNLOZPuJ|gaZTxvse|LAzIfWNB|pyCYSjBG|2003-03-31|2022-03-24
prty1859|ppid77|PwbFqHDI|FkmdoOZG|kUUoGgro|tdBmPPNK|2006-02-09|2022-03-24
prty1860|ppid78|CpEmYqRt|vBepdCTz|YXAwQqRr|FiteFdNq|2017-06-13|2022-03-24
prty1861|ppid79|ZzCxQjnn|fhvyYNKb|SFnFxyAE|kUOwTRmQ|2007-07-23|2022-03-24
prty1862|ppid80|YWQFovaA|XzpmWmMi|sEESgLhE|mUruqetn|2011-04-12|2022-03-24
prty1863|ppid81|ctZEPxtI|cdyovjej|fFFkbVRX|TzKGzyGD|2010-06-22|2022-03-24
prty1864|ppid82|dqHssQOB|fguNXlEZ|ZYIHVvoD|mtUQALEh|2000-10-02|2022-03-24
prty1865|ppid83|OYnrofTY|PadCXtUo|eJXRQHpm|LciSYdLx|2016-03-11|2022-03-24
prty1866|ppid84|BxMCQNQE|lXUOWkzQ|cQjUkKbK|BGqvEdXJ|2009-04-04|2022-03-24
prty1867|ppid85|ebmXSgpZ|QcomNlsM|TnbpPTdW|zLFEwHMu|2012-10-08|2022-03-24
prty1868|ppid86|skxlRRra|JuvuVDQh|fZtqCqmq|BkWMPemD|2020-10-21|2022-03-24
prty1869|ppid87|MNnYkGDW|sacebsPl|rEYTkLlR|iJmNEPoT|2009-11-21|2022-03-24
prty1870|ppid88|lAMSAErb|bCDrOSMa|WSFwvzRt|SgzGLwmz|2006-05-09|2022-03-24
prty1871|ppid89|SHYdHCun|LLWUHvUv|qnWqtOvy|dBCwXtsH|2020-12-05|2022-03-24
prty1872|ppid90|okIumnCL|LFRrMcQJ|PHdkiHVG|mhNAUhCL|2016-11-27|2022-03-24
prty1873|ppid91|laVYycEC|IsQQSYWW|tKVmVvIx|pCzmXwOy|2011-03-01|2022-03-24
prty1874|ppid92|kXQrnMBH|gfIkhOPp|fjUuLxUC|RwGplcnq|2009-09-05|2022-03-24
prty1875|ppid93|SmedjgIT|inAadWSW|ZEKEdEts|lkipyBAK|2008-02-29|2022-03-24
prty1876|ppid94|ScDBdUDa|ONOiBsBm|NedCDnUC|swOdHqEm|2004-04-23|2022-03-24
prty1877|ppid95|cEyrAOGb|RVCOHpxw|xPZLDJsd|zYOHXXDS|2017-08-06|2022-03-24
prty1878|ppid96|kUgrhIiQ|NHBTxdPN|pZzfmfhe|uOvozDus|2018-02-19|2022-03-24
prty1879|ppid97|djomNbit|iHpMkEZK|oDdUGudR|nuHWUmTk|2003-08-07|2022-03-24
prty1880|ppid98|mSivFrmr|vFVAOQVq|IPBWZqUE|EMmaPKfA|2014-11-22|2022-03-24
prty1881|ppid99|JwMISTnT|HlaeumIQ|HUYbaRab|HpjQTgTO|2021-07-06|2022-03-24
prty1882|ppid1|mfdWZbpz|OWeXJItO|AQvltZSH|sSQfkrGp|2000-07-18|2022-03-24
prty1883|ppid2|nHVBnjrd|PFhpCqcs|OqyomKvr|xMtesZTs|2008-02-06|2022-03-24
prty1884|ppid3|dShGzvSq|ZXKKLwnC|OdoroMiK|PZdKFhVh|2016-06-25|2022-03-24
prty1885|ppid4|tkFrXxJK|RcJmnYBM|yhTfOaRs|tInxcspa|2014-04-11|2022-03-24
prty1886|ppid5|dbHygJCw|xnVwqcKU|ZTJxMKTE|jRTyFgqi|2001-09-13|2022-03-24
prty1887|ppid6|YIINjdQb|qxptyrNd|NrfXchJO|JYqSVtyg|2009-04-05|2022-03-24
prty1888|ppid7|nnLnsZBZ|UvNptIOQ|QzTRYACA|jmOcXdQn|2002-05-26|2022-03-24
prty1889|ppid8|lcDBIyrL|JetzLgxe|HeBkBiPV|jLVkQWxz|2010-12-03|2022-03-24
prty1890|ppid9|nVhyBLfP|TcegnVHS|PrWdmlOS|QgurzELy|2016-07-02|2022-03-24
prty1891|ppid10|wtkyIWya|bjjkcnff|CLGcbkXi|rVTYwPlU|2015-06-12|2022-03-24
prty1892|ppid11|tVOzVGxH|QgONdnIz|ZyftVGPq|dBSJhoLV|2019-06-13|2022-03-24
prty1893|ppid12|BbgaDMgO|HlpPrYgo|LNeciGAv|ldvAfmGJ|2002-07-17|2022-03-24
prty1894|ppid13|qKfvyhYY|lRESFudu|fBFPyVUp|GBVYkjqi|2012-09-14|2022-03-24
prty1895|ppid14|bvBZaxXw|OuQqrrmV|GHUksRZh|REOXAJrr|2000-01-02|2022-03-24
prty1896|ppid15|VDOMFWkq|oNluCVzB|aTyznIzV|FoShTCxj|2008-01-18|2022-03-24
prty1897|ppid16|fUPspqaN|jaCYjkGz|RJSilrui|wgUosiDK|2017-11-30|2022-03-24
prty1898|ppid17|UJHDVKjJ|UajCZlmT|TXpTLUWz|iiWLWQaN|2002-09-14|2022-03-24
prty1899|ppid18|OpItDEEv|ebbPxmtR|IJlNrGCN|QDwlJCDg|2008-12-14|2022-03-24
prty1900|ppid19|erszbOHU|ZKIPcFMb|htdPBhqI|PZifNOvx|2006-03-04|2022-03-24
prty1901|ppid20|JIuXTAAU|DBplFDni|MhEQGlZu|tVSazQhD|2007-12-24|2022-03-24
prty1902|ppid21|AxYaULgV|LiTGGyCL|jCNjIDhq|jTPngPJv|2014-07-02|2022-03-24
prty1903|ppid22|kpmpVZHb|UchXqYBq|oejHEEbT|Pulyueoa|2009-02-20|2022-03-24
prty1904|ppid23|fxZIYRWF|zOkRaUaK|iSEBEOIl|RkEPmYbC|2011-07-26|2022-03-24
prty1905|ppid24|jLqKWjLm|SSOAEWnL|yYzfUyhD|aJsjXjzL|2015-03-01|2022-03-24
prty1906|ppid25|qwGLzJPM|JYwWJjZS|gBahcEeG|hVLKjdTX|2015-05-11|2022-03-24
prty1907|ppid26|YXxahRCS|ZhwcDhpa|oXbxAQMb|YzDsDwls|2000-06-12|2022-03-24
prty1908|ppid27|XFYLTGaw|AIDCOFav|bmajXcJZ|RxykeXla|2004-03-04|2022-03-24
prty1909|ppid28|VtKeqjKZ|fULkQwlJ|soPEsocm|qogPrMaX|2018-02-09|2022-03-24
prty1910|ppid29|PZjfgVXh|gZMhpgOE|GJaZJijd|uHJKksyY|2012-07-29|2022-03-24
prty1911|ppid30|dgJMzLBR|KnWIIpQL|whlRdGEG|DmzRYXxG|2009-07-28|2022-03-24
prty1912|ppid31|UgERhOaj|EOHDBAkL|YsuRhunj|fkDipWmZ|2012-10-14|2022-03-24
prty1913|ppid32|iakMoEPQ|qrBKmsEl|aSeDjwvB|DykGkfcH|2021-02-02|2022-03-24
prty1914|ppid33|vXDMnwnp|eYbWLpyo|hqEkonXI|RETWQsDd|2012-09-16|2022-03-24
prty1915|ppid34|GEgLHPuX|fNPwjJXR|MLoUZVcy|GucEQInc|2014-01-02|2022-03-24
prty1916|ppid35|UAlcFVbW|CgFmUmKH|kIdnvHRl|zpPwGGiK|2020-10-13|2022-03-24
prty1917|ppid36|INjDxlMM|aElePvVW|CNTLWFKC|hcNwQYCZ|2008-05-05|2022-03-24
prty1918|ppid37|IsxtLXsC|yLhXjsYB|ssNvwoky|dgejBuRy|2000-10-29|2022-03-24
prty1919|ppid38|wTQyaXwC|ZFTMfbHb|sUtlSNIh|RLRJvufR|2007-01-21|2022-03-24
prty1920|ppid39|KAVpnMjN|ojoeaaqx|dNUICean|KsuhvwOz|2011-04-29|2022-03-24
prty1921|ppid40|tZFQXQZp|AsjHjsex|QCKIgukr|hVijPIIb|2002-08-04|2022-03-24
prty1922|ppid41|OGrznnOl|iMHbNetp|idkJhebH|gVHNlAOI|2021-07-29|2022-03-24
prty1923|ppid42|lvMTArLG|BnOClqYp|onGMyKiH|qPZDkAPU|2000-04-10|2022-03-24
prty1924|ppid43|rnorVHRf|VijMbTFB|PJAMvvzK|vgOfBndu|2012-07-20|2022-03-24
prty1925|ppid44|jbmbQJqr|MCbzFkMT|QWIUwuKx|FqCNbekE|2014-06-30|2022-03-24
prty1926|ppid45|GxMJPcLz|zmmlnAms|lUEYQEnF|CPQKCrVO|2001-08-01|2022-03-24
prty1927|ppid46|MVpkXaoB|TYibbVpR|khMzYpRp|svXODGhB|2000-03-29|2022-03-24
prty1928|ppid47|RwUBzrWA|UsDzzSIG|AZUkHTwq|qKJajIms|2004-03-24|2022-03-24
prty1929|ppid48|ZFTedQgs|lpxeMhDh|soWGlkYR|lRDItnyP|2015-01-23|2022-03-24
prty1930|ppid49|vFEthiGf|qEpOKLBJ|vYCQMHdN|qRclmLqr|2018-03-20|2022-03-24
prty1931|ppid50|ETlUAMXP|ILyHWPaM|vUkUUNQz|uLEwIsnF|2012-07-25|2022-03-24
prty1932|ppid51|JdQOekkb|bKXwdDIj|PyGUmZKu|sFfvqYif|2010-11-08|2022-03-24
prty1933|ppid52|goZdnYHj|bfjRcCSN|GwUQQmnS|nLUYMgtd|2018-11-05|2022-03-24
prty1934|ppid53|AhGWihKz|piLNMDTD|ltLJpDTy|vdOLoWnd|2002-11-10|2022-03-24
prty1935|ppid54|MkdfkGnD|JwonTXYL|xKSXukTc|BQxbXsyr|2004-11-16|2022-03-24
prty1936|ppid55|OMUMObnV|gTezKFTo|fxOFLiqx|bxQidkTN|2004-06-18|2022-03-24
prty1937|ppid56|KHofIdjW|HKDYCGmB|WJTWEgZw|ZAHWbArK|2019-08-20|2022-03-24
prty1938|ppid57|jAfBOQMw|dhOrebBr|OJiXwXUY|WuOavjJE|2011-09-27|2022-03-24
prty1939|ppid58|VqGdclzq|aMqtfzhk|IbewhmBE|mQwIkdJE|2008-11-29|2022-03-24
prty1940|ppid59|FNpIwffJ|XQfRiIEY|NfnyMlxW|EXJlHymv|2013-05-10|2022-03-24
prty1941|ppid60|LHFgXhaX|IzfNQiRd|eRedTfFt|PIcfxBzQ|2016-04-14|2022-03-24
prty1942|ppid61|quOltPCf|ImpGtHKn|PRyfNDtF|grlTSncS|2019-11-01|2022-03-24
prty1943|ppid62|qrVBQlWt|MMFnHNIs|SaWvsfba|LeaqbkOV|2015-02-06|2022-03-24
prty1944|ppid63|ttriHqYM|OhAtZnoo|oHiwRgbk|hZFZnCst|2000-07-31|2022-03-24
prty1945|ppid64|LtzdDvrx|HMKnWFRC|UidXxNkI|xwvwrgRR|2010-10-01|2022-03-24
prty1946|ppid65|SyCaLeDx|QDjqeEfG|NSkwboUf|EfqaXmeO|2009-09-19|2022-03-24
prty1947|ppid66|lnrXvVwF|mNkrLjRv|HFKoohJj|CGuvreWH|2013-09-07|2022-03-24
prty1948|ppid67|AqScAeuN|TmNCFcPN|dNoLFKUN|WamcxvEL|2004-04-28|2022-03-24
prty1949|ppid68|YUMMyHIu|oEgYQmDq|LbapLfuo|omlYRawB|2016-07-27|2022-03-24
prty1950|ppid69|NlbucYWW|kPhanLto|AQyZSlCA|gTfOLngb|2006-12-06|2022-03-24
prty1951|ppid70|RbXnxBeZ|DfoctQUs|AZQkyxnj|fyYOofkF|2000-03-10|2022-03-24
prty1952|ppid71|ACHWyQPp|hfnylRwk|ExqKcCXm|RQVUYvJt|2003-05-13|2022-03-24
prty1953|ppid72|OZrCNHUQ|BocTSneY|hXeqcTeg|KtnPPBtX|2014-12-17|2022-03-24
prty1954|ppid73|ghFNkDKK|DJzsEwqD|HkWdrdAK|NIVXKePn|2013-04-11|2022-03-24
prty1955|ppid74|tiSctHaK|bPBQSAej|BkzMIExE|OYZfgSMB|2013-12-14|2022-03-24
prty1956|ppid75|FKvlUeWX|YTWQKoCJ|dvOIccLD|FTQJzuql|2010-06-13|2022-03-24
prty1957|ppid76|bphHCdlt|PdTtCXYl|MvahRjEV|FRGkpzbI|2008-03-13|2022-03-24
prty1958|ppid77|YUyAIGGo|aHYfvprb|oLJBUifc|dAqUSOJl|2012-07-19|2022-03-24
prty1959|ppid78|OpEZbdGk|QqTdtKNw|VWkStwps|LYJJNDVB|2018-09-10|2022-03-24
prty1960|ppid79|tycWXUrV|pnmAonjT|gUujqSHq|wpLjEFas|2000-10-29|2022-03-24
prty1961|ppid80|zrberQXK|uuOMJADD|xPvIpAvU|ZCSvgOvD|2011-02-28|2022-03-24
prty1962|ppid81|CzyhOxbe|CDVJgaWX|RQIUYSYr|IycacMxV|2018-04-22|2022-03-24
prty1963|ppid82|TfwNOBnR|OPyWNrUj|HghvfnFA|kWlxFwXq|2005-03-29|2022-03-24
prty1964|ppid83|nwplIinA|wWyYyOUC|XtlidGOy|AagrcVKd|2016-03-26|2022-03-24
prty1965|ppid84|yIQffqNU|ScLYdjcd|lrJkJPxr|MlRQsNKJ|2002-12-18|2022-03-24
prty1966|ppid85|xEXzpdOJ|ADsqkEle|ECRwXcbn|CgCHfRBH|2005-11-10|2022-03-24
prty1967|ppid86|KaUlZRoL|kOMYQEUi|zSsNNIBS|cIafPMNB|2009-04-29|2022-03-24
prty1968|ppid87|CcYJpBmo|IZfMPKwF|IYXEHcBC|RiIGdwQn|2000-05-23|2022-03-24
prty1969|ppid88|avcIfSXP|cqJJuHZQ|YsIwIiqL|hlTZsgrp|2004-01-21|2022-03-24
prty1970|ppid89|rualnyWq|DoyvVcki|kjuxARoM|jNayZsDY|2005-01-29|2022-03-24
prty1971|ppid90|rYAgVueZ|bFRFRwMk|kBHBcZQt|dTDpRKjo|2012-10-10|2022-03-24
prty1972|ppid91|wvCBuOvv|TSeppjFK|kzezWZqf|SzEUjCMW|2008-07-14|2022-03-24
prty1973|ppid92|LXcaNQMa|RHZJDffP|IJuOgwRN|umPfZnpR|2021-08-26|2022-03-24
prty1974|ppid93|vwACPccZ|mboJcymp|zGTKiOAe|CyVJvmMp|2020-08-16|2022-03-24
prty1975|ppid94|UNYfYKfl|plohEFit|JnviSoKA|mmCpTdIZ|2011-07-16|2022-03-24
prty1976|ppid95|EPyrzkKH|dSEzdNTk|mFpzCZSy|KNkcWZbe|2012-07-24|2022-03-24
prty1977|ppid96|kxjsTauN|RNMRwEXR|kSlwnEkP|GHajbGFq|2004-02-18|2022-03-24
prty1978|ppid97|ghzkjHKF|HxRHxrCw|fvkNjjsB|ZOlxmjRS|2013-11-28|2022-03-24
prty1979|ppid98|TMeHdoct|njgfoCSL|aJBRVPTK|QliPtDgo|2007-12-22|2022-03-24
prty1980|ppid99|LOsewyyG|dHxVZfqp|zEUBywcu|NLBqQSyX|2007-04-29|2022-03-24
prty1981|ppid1|PsmjcNSV|SFczLmpj|mCgjjNta|JDSOVHxQ|2018-12-21|2022-03-24
prty1982|ppid2|mvVRGpUF|SRHAyvDg|IwIHqBKZ|jMniGChZ|2012-07-17|2022-03-24
prty1983|ppid3|NsaKTlZk|VIkHiUQb|mcrGIfNl|FFtJDBuB|2012-02-18|2022-03-24
prty1984|ppid4|OdLurCrs|NPlXDUJd|lnWVGjTR|zqlOslpA|2011-12-10|2022-03-24
prty1985|ppid5|TqzBAvZG|crKjsuLN|NXgCAmuQ|MhAGjiVT|2002-11-24|2022-03-24
prty1986|ppid6|YBUzAGSI|FdfhwMgh|pQNMMGuT|wtyBKnEQ|2014-02-17|2022-03-24
prty1987|ppid7|PmjJQGPU|ErgYdsMk|uwXzxpYa|JlkVQNgX|2019-03-10|2022-03-24
prty1988|ppid8|mxMyMGQm|VFJEbvzf|UUAKyTqS|ahKqeyxD|2011-04-30|2022-03-24
prty1989|ppid9|tFeOTcXU|apPEhScc|JkupWZzF|kcMKtJhB|2015-03-10|2022-03-24
prty1990|ppid10|cFojMioe|HhDotlrj|qQXMxuHr|rsutJUxz|2020-01-05|2022-03-24
prty1991|ppid11|ZFaSOAma|dLuWFfTE|fkLpEcUI|XykqTWhh|2005-11-12|2022-03-24
prty1992|ppid12|uJnJdNNG|uCFKDLPq|LrNKBsNN|fuZsSLYG|2004-12-18|2022-03-24
prty1993|ppid13|zxyzUSnb|iOSIGHjD|eSnjLTXX|blCnFpfB|2015-09-04|2022-03-24
prty1994|ppid14|QZGswiFx|LBHXcFmr|AEmxGUuf|hbIpNrTg|2005-01-23|2022-03-24
prty1995|ppid15|DJlyrMDj|JqZEycUh|NyqGzHMH|jUgkjBuF|2015-06-28|2022-03-24
prty1996|ppid16|Ofzpxowk|uJvsLTbh|IcaRPyCE|QtBtEqbO|2012-07-05|2022-03-24
prty1997|ppid17|AeimXIGl|gTdxGwiF|aTSmCLAA|mlPsvGOB|2003-07-03|2022-03-24
prty1998|ppid18|aGbRmhZH|twUeliVW|FzxqLFqX|hLvyPRUq|2013-11-04|2022-03-24
prty1999|ppid19|RAbWSVvx|nxFJBnAY|AFUXtzUt|dKwXwEXP|2005-05-27|2022-03-24
prty2000|ppid20|iuUAuGsF|uoeZWHeP|fqZdIRTg|JERebTen|2009-02-05|2022-03-24
