Product_Level_1|Description_Level_1|Reference_Date
prl11001|PaBxolkY|2022-03-24
prl11002|QmAZwFqr|2022-03-24
prl11003|zfZcyrLG|2022-03-24
prl11004|IxBjncEu|2022-03-24
prl11005|aUWRmkNM|2022-03-24
prl11006|UQkHpcop|2022-03-24
prl11007|fBAWEVUH|2022-03-24
prl11008|ZSIBMhcP|2022-03-24
prl11009|sezzjzsc|2022-03-24
prl11010|UCrfzBXi|2022-03-24
prl11011|QfvMPQdz|2022-03-24
prl11012|nfuaUgsr|2022-03-24
prl11013|PsEYroDL|2022-03-24
prl11014|mziyQSkP|2022-03-24
prl11015|CmOsPsKs|2022-03-24
prl11016|sWQJYjMd|2022-03-24
prl11017|XZRzeLTI|2022-03-24
prl11018|wbbBgxCg|2022-03-24
prl11019|wGsfiutB|2022-03-24
prl11020|ZXmGMcKY|2022-03-24
prl11021|NnsGvvUk|2022-03-24
prl11022|uJmDEaSs|2022-03-24
prl11023|wXXhiGiu|2022-03-24
prl11024|XaNVAkGG|2022-03-24
prl11025|omYxEfdB|2022-03-24
prl11026|ODQtFlmI|2022-03-24
prl11027|vKnKWSlM|2022-03-24
prl11028|KpCsPaSV|2022-03-24
prl11029|nLKFtCfA|2022-03-24
prl11030|CwMbwVya|2022-03-24
prl11031|gYVEoNZO|2022-03-24
prl11032|mFJlkRRR|2022-03-24
prl11033|xnhWrXun|2022-03-24
prl11034|HeUUaCga|2022-03-24
prl11035|eFLPCrCR|2022-03-24
prl11036|PDuNhcAs|2022-03-24
prl11037|JUxBqRvC|2022-03-24
prl11038|zFgVemma|2022-03-24
prl11039|okKhMGoH|2022-03-24
prl11040|jEcwymPk|2022-03-24
prl11041|jEvVbAxB|2022-03-24
prl11042|YiLpmDXG|2022-03-24
prl11043|tZnGlViy|2022-03-24
prl11044|RgMIxnzc|2022-03-24
prl11045|RmYKYzSJ|2022-03-24
prl11046|QhdyLPPX|2022-03-24
prl11047|cXGhmYmL|2022-03-24
prl11048|qkaMVzWR|2022-03-24
prl11049|LhbigGXV|2022-03-24
prl11050|doVPnVDC|2022-03-24
prl11051|iEvGMbKS|2022-03-24
prl11052|kmMKMBre|2022-03-24
prl11053|aYgkSKei|2022-03-24
prl11054|LubKrRew|2022-03-24
prl11055|LNxrByvV|2022-03-24
prl11056|dirHMiSk|2022-03-24
prl11057|jICdpFNc|2022-03-24
prl11058|mBHZYTNO|2022-03-24
prl11059|ULVruesn|2022-03-24
prl11060|ajWqbszN|2022-03-24
prl11061|rfeSLfbF|2022-03-24
prl11062|yXyTyZQD|2022-03-24
prl11063|sahokKeK|2022-03-24
prl11064|uYHWtCvK|2022-03-24
prl11065|TImspIwx|2022-03-24
prl11066|IFkORAyo|2022-03-24
prl11067|HqoUNcbn|2022-03-24
prl11068|tDXxlGsW|2022-03-24
prl11069|eYfYLxit|2022-03-24
prl11070|OMJBFSvC|2022-03-24
prl11071|BWVxCleW|2022-03-24
prl11072|TdEJsfuZ|2022-03-24
prl11073|rBrvZkPS|2022-03-24
prl11074|TXsSdvQq|2022-03-24
prl11075|bdrzAaVK|2022-03-24
prl11076|pnPBdCdy|2022-03-24
prl11077|MNunKaVV|2022-03-24
prl11078|iAkTFDxk|2022-03-24
prl11079|tPVTvCtJ|2022-03-24
prl11080|NtNbgBHS|2022-03-24
prl11081|GtnOBxKm|2022-03-24
prl11082|TlfPMCCm|2022-03-24
prl11083|ewkHKTcN|2022-03-24
prl11084|LJQwrzor|2022-03-24
prl11085|wMqqsYZJ|2022-03-24
prl11086|PmfQQaxo|2022-03-24
prl11087|umGeINlH|2022-03-24
prl11088|gOlFtiqx|2022-03-24
prl11089|hiNJBGid|2022-03-24
prl11090|JVJFvFkq|2022-03-24
prl11091|AhbWBPYG|2022-03-24
prl11092|wYRtxcTB|2022-03-24
prl11093|siZZYcVP|2022-03-24
prl11094|gHHEYkfC|2022-03-24
prl11095|AXMsKmlU|2022-03-24
prl11096|uFeAAoOu|2022-03-24
prl11097|aGSCCFGV|2022-03-24
prl11098|bUlbykbO|2022-03-24
prl11099|rOxnvpzi|2022-03-24
prl11100|NnSiCfoi|2022-03-24
prl11101|JrqNnkto|2022-03-24
prl11102|QPVjgwfU|2022-03-24
prl11103|VxWCeJmR|2022-03-24
prl11104|kVumMrgX|2022-03-24
prl11105|YRhuQPyo|2022-03-24
prl11106|RXgHVvoc|2022-03-24
prl11107|buGCBslO|2022-03-24
prl11108|VXjopmas|2022-03-24
prl11109|ESDsEMNp|2022-03-24
prl11110|OKSxyRVJ|2022-03-24
prl11111|NdDwcnmO|2022-03-24
prl11112|zhnZbQwO|2022-03-24
prl11113|pOAzSDSh|2022-03-24
prl11114|rIvodzeh|2022-03-24
prl11115|VnjsuQea|2022-03-24
prl11116|RAAyDXtT|2022-03-24
prl11117|sHXTRyDw|2022-03-24
prl11118|GbEcAAfy|2022-03-24
prl11119|PEsKYLZE|2022-03-24
prl11120|nabQZVxc|2022-03-24
prl11121|nkZlfbKL|2022-03-24
prl11122|amRNnkJk|2022-03-24
prl11123|nkqYpPHA|2022-03-24
prl11124|oYsFEDiy|2022-03-24
prl11125|TLUlSKNT|2022-03-24
prl11126|kOcbhcRU|2022-03-24
prl11127|nNlzVNjB|2022-03-24
prl11128|KPWhTsHK|2022-03-24
prl11129|dsdimSsk|2022-03-24
prl11130|CwFqoJnl|2022-03-24
prl11131|uoaxlQDQ|2022-03-24
prl11132|BmtQIlsY|2022-03-24
prl11133|ebvaMLlD|2022-03-24
prl11134|XhRfYgmu|2022-03-24
prl11135|HBRHgglu|2022-03-24
prl11136|mwJdMFjC|2022-03-24
prl11137|VPETGgvh|2022-03-24
prl11138|BoUFtyut|2022-03-24
prl11139|OtOOumEu|2022-03-24
prl11140|ZzSUoWPq|2022-03-24
prl11141|HuksOVSt|2022-03-24
prl11142|hSRqGiDh|2022-03-24
prl11143|BCqXrKhZ|2022-03-24
prl11144|mxJSpgTc|2022-03-24
prl11145|LtuzapBi|2022-03-24
prl11146|hqXsxubO|2022-03-24
prl11147|ZhFYQOli|2022-03-24
prl11148|VPfQdwPF|2022-03-24
prl11149|dFSKakAN|2022-03-24
prl11150|iKMjAccK|2022-03-24
prl11151|xvhhGpFs|2022-03-24
prl11152|eyAqqGqC|2022-03-24
prl11153|nPKavriN|2022-03-24
prl11154|DYHlSylE|2022-03-24
prl11155|kRAtifBC|2022-03-24
prl11156|MtJMjHFH|2022-03-24
prl11157|DVeAwBTb|2022-03-24
prl11158|fHPuetbu|2022-03-24
prl11159|veYjrNty|2022-03-24
prl11160|DzxqnOVX|2022-03-24
prl11161|yQFOmuwg|2022-03-24
prl11162|cdDrqEkN|2022-03-24
prl11163|hYoQCCdM|2022-03-24
prl11164|riyjMvSF|2022-03-24
prl11165|SQQifRHX|2022-03-24
prl11166|KcyQiCnu|2022-03-24
prl11167|PMFuPbuN|2022-03-24
prl11168|aRqERvEx|2022-03-24
prl11169|cqdewmch|2022-03-24
prl11170|BChaMCyW|2022-03-24
prl11171|EWhFbVaR|2022-03-24
prl11172|xfhndTdT|2022-03-24
prl11173|ynjuXOgu|2022-03-24
prl11174|QTYiKoaL|2022-03-24
prl11175|rrsIhZwp|2022-03-24
prl11176|ckbjCWEy|2022-03-24
prl11177|SycugjNq|2022-03-24
prl11178|WirnYdPQ|2022-03-24
prl11179|HLaLRCrS|2022-03-24
prl11180|JxzpbQRB|2022-03-24
prl11181|WqliOXLF|2022-03-24
prl11182|OUThnwiS|2022-03-24
prl11183|UZvueauD|2022-03-24
prl11184|aRVYEMWh|2022-03-24
prl11185|VBwwIJHH|2022-03-24
prl11186|OTIZdqCM|2022-03-24
prl11187|EZtFaCTY|2022-03-24
prl11188|xCHNVTIU|2022-03-24
prl11189|YRXRkUcW|2022-03-24
prl11190|dOyuLOLp|2022-03-24
prl11191|OiEmdpAQ|2022-03-24
prl11192|CIdcWdgE|2022-03-24
prl11193|sEVdLhXN|2022-03-24
prl11194|UkJOJlOo|2022-03-24
prl11195|pUyuzhKj|2022-03-24
prl11196|rHiwUDhx|2022-03-24
prl11197|YcHVpLtk|2022-03-24
prl11198|AbiKPzdV|2022-03-24
prl11199|GQaOFrVp|2022-03-24
prl11200|lKChZjdm|2022-03-24
prl11201|czWkXiuq|2022-03-24
prl11202|EDfLMSdw|2022-03-24
prl11203|ZyBMTCxq|2022-03-24
prl11204|oiOkUNYU|2022-03-24
prl11205|PUMmpbSU|2022-03-24
prl11206|BsasLUEE|2022-03-24
prl11207|xAAqXhAH|2022-03-24
prl11208|XbhEhmVY|2022-03-24
prl11209|Rfmddrgr|2022-03-24
prl11210|cAnbnhSu|2022-03-24
prl11211|JYDtTFqt|2022-03-24
prl11212|jhdzcpgU|2022-03-24
prl11213|EmzBRVpN|2022-03-24
prl11214|vmINOUZO|2022-03-24
prl11215|NkXjxRaG|2022-03-24
prl11216|bJmZixDu|2022-03-24
prl11217|hjzyzbdW|2022-03-24
prl11218|WAPKTufi|2022-03-24
prl11219|uIlGBdfN|2022-03-24
prl11220|mlCERQdK|2022-03-24
prl11221|rbpPIrZw|2022-03-24
prl11222|LbYKQcAH|2022-03-24
prl11223|bbjzbOcd|2022-03-24
prl11224|QYqiOHfw|2022-03-24
prl11225|ldNOCNUF|2022-03-24
prl11226|niQhFzNJ|2022-03-24
prl11227|iMUXBGex|2022-03-24
prl11228|bvOemswr|2022-03-24
prl11229|JlQadLeJ|2022-03-24
prl11230|NWpopWAk|2022-03-24
prl11231|gFxIlbeb|2022-03-24
prl11232|kuwBLzUk|2022-03-24
prl11233|gtnhgKFA|2022-03-24
prl11234|iQhvqNYY|2022-03-24
prl11235|vDywLSHt|2022-03-24
prl11236|frUHlsrs|2022-03-24
prl11237|ZOvguerD|2022-03-24
prl11238|uPSArEuS|2022-03-24
prl11239|BhBlRGIu|2022-03-24
prl11240|wcThFtGD|2022-03-24
prl11241|WSvvUgnW|2022-03-24
prl11242|zDWIeXyP|2022-03-24
prl11243|riZMSojA|2022-03-24
prl11244|KqKcNWCF|2022-03-24
prl11245|igqjewuA|2022-03-24
prl11246|QVIAhBOE|2022-03-24
prl11247|aEYybLbc|2022-03-24
prl11248|NLlSngJw|2022-03-24
prl11249|vCxOfaZu|2022-03-24
prl11250|oOcpeFnD|2022-03-24
prl11251|qbsveqyK|2022-03-24
prl11252|SpMWRZYT|2022-03-24
prl11253|lAJbways|2022-03-24
prl11254|QaaaXpSH|2022-03-24
prl11255|hNzVkWMy|2022-03-24
prl11256|FCxErOnx|2022-03-24
prl11257|cCgGTfpc|2022-03-24
prl11258|CNBdwAUt|2022-03-24
prl11259|WIFMWLvO|2022-03-24
prl11260|ZwXilwbW|2022-03-24
prl11261|jUKlXFlr|2022-03-24
prl11262|hwtXUFlf|2022-03-24
prl11263|QcnwBIzr|2022-03-24
prl11264|TNYmLcOr|2022-03-24
prl11265|PnEkqXvn|2022-03-24
prl11266|ZmTquVCW|2022-03-24
prl11267|mpILFfWl|2022-03-24
prl11268|RTBSZjjb|2022-03-24
prl11269|ltgpGrVk|2022-03-24
prl11270|xaVInpCL|2022-03-24
prl11271|nHfErlsN|2022-03-24
prl11272|WbRFPztU|2022-03-24
prl11273|hRikvoQW|2022-03-24
prl11274|TnZckVmF|2022-03-24
prl11275|KAnguxJg|2022-03-24
prl11276|uVXFbOQA|2022-03-24
prl11277|gcBaFaYz|2022-03-24
prl11278|kLfpPhaL|2022-03-24
prl11279|KoWafPpe|2022-03-24
prl11280|TfjonbQD|2022-03-24
prl11281|EJuTORYL|2022-03-24
prl11282|BLAyKqXC|2022-03-24
prl11283|tGsmRxGa|2022-03-24
prl11284|SZdpwotu|2022-03-24
prl11285|TMLMPSzY|2022-03-24
prl11286|RIFdTLbY|2022-03-24
prl11287|FDNqSieZ|2022-03-24
prl11288|AZfbsXAC|2022-03-24
prl11289|KUShgZQz|2022-03-24
prl11290|PiwWPnkY|2022-03-24
prl11291|TrNAPgjB|2022-03-24
prl11292|JMMooeOY|2022-03-24
prl11293|lnlvGFMO|2022-03-24
prl11294|XueFBxur|2022-03-24
prl11295|uXSagsPu|2022-03-24
prl11296|SXTWonOw|2022-03-24
prl11297|FNqxysRG|2022-03-24
prl11298|MsisjENG|2022-03-24
prl11299|noUVhYVq|2022-03-24
prl11300|ildzgKoB|2022-03-24
prl11301|sXOLAPlz|2022-03-24
prl11302|ufJhddtx|2022-03-24
prl11303|eagUjZge|2022-03-24
prl11304|prVbVHLy|2022-03-24
prl11305|BxHiEGjv|2022-03-24
prl11306|GNcWpxux|2022-03-24
prl11307|xtvlzwgp|2022-03-24
prl11308|SxarUMDS|2022-03-24
prl11309|RTBTQNRA|2022-03-24
prl11310|fUmXIFLj|2022-03-24
prl11311|SkkdPXgR|2022-03-24
prl11312|cvunReOx|2022-03-24
prl11313|QUobKQZP|2022-03-24
prl11314|wYUhOYra|2022-03-24
prl11315|fUYroafz|2022-03-24
prl11316|lAHYfvpq|2022-03-24
prl11317|VODXmMmQ|2022-03-24
prl11318|odJRoBba|2022-03-24
prl11319|KIunLtPN|2022-03-24
prl11320|ygQHIYrl|2022-03-24
prl11321|vaeuiJrj|2022-03-24
prl11322|gFcOKEYs|2022-03-24
prl11323|BJxpMpXb|2022-03-24
prl11324|MYYoxFnU|2022-03-24
prl11325|jgpvjOhU|2022-03-24
prl11326|ivoIfZrV|2022-03-24
prl11327|xYnHivER|2022-03-24
prl11328|xgzlhcXH|2022-03-24
prl11329|RFfIxyMZ|2022-03-24
prl11330|oqkYJmrQ|2022-03-24
prl11331|UGReyNbo|2022-03-24
prl11332|QGoWvESs|2022-03-24
prl11333|UQGkqmsx|2022-03-24
prl11334|IYPqNhHk|2022-03-24
prl11335|nRnfbeGp|2022-03-24
prl11336|GJnxzIQM|2022-03-24
prl11337|KzPCcMth|2022-03-24
prl11338|cDvEwMgT|2022-03-24
prl11339|aiEYyQlb|2022-03-24
prl11340|yIQGXtAz|2022-03-24
prl11341|EObxjKJG|2022-03-24
prl11342|WJPMAZWZ|2022-03-24
prl11343|iutJtdvk|2022-03-24
prl11344|QxSdaKoS|2022-03-24
prl11345|aAFzuXBS|2022-03-24
prl11346|cIAxgBKp|2022-03-24
prl11347|nkxWbfdh|2022-03-24
prl11348|HRMLBGVO|2022-03-24
prl11349|ShsCwSxX|2022-03-24
prl11350|vDejJNMq|2022-03-24
prl11351|LvQGABSE|2022-03-24
prl11352|vWDktiXH|2022-03-24
prl11353|aJXvybxz|2022-03-24
prl11354|EMMDsSzb|2022-03-24
prl11355|tYNjPwdW|2022-03-24
prl11356|ifsZcoto|2022-03-24
prl11357|Vubbjkqa|2022-03-24
prl11358|AJJXicro|2022-03-24
prl11359|ThthZpTu|2022-03-24
prl11360|JylTPTdD|2022-03-24
prl11361|EhOSldcv|2022-03-24
prl11362|oWofYtkG|2022-03-24
prl11363|TtGkRIfr|2022-03-24
prl11364|fvPDXXAq|2022-03-24
prl11365|gOMaTnLh|2022-03-24
prl11366|yafCHcpo|2022-03-24
prl11367|NykJbQTt|2022-03-24
prl11368|MmqwXRaO|2022-03-24
prl11369|GOCFcdrW|2022-03-24
prl11370|InvkPXJz|2022-03-24
prl11371|oYnMpfgm|2022-03-24
prl11372|BLbfLLHi|2022-03-24
prl11373|bpHzvvPj|2022-03-24
prl11374|xDihcvyb|2022-03-24
prl11375|QmpNwWju|2022-03-24
prl11376|qXYtQgsV|2022-03-24
prl11377|lpKxbxMm|2022-03-24
prl11378|JEEofUVL|2022-03-24
prl11379|DyvqLDYr|2022-03-24
prl11380|KnZyFYND|2022-03-24
prl11381|rWIyIMKD|2022-03-24
prl11382|bQzTgwwp|2022-03-24
prl11383|oVCDnazj|2022-03-24
prl11384|HOtIyvuU|2022-03-24
prl11385|jTywhyPb|2022-03-24
prl11386|eQjjXxET|2022-03-24
prl11387|oibcVJcH|2022-03-24
prl11388|YHaBYdzH|2022-03-24
prl11389|IsAcxeGr|2022-03-24
prl11390|INGlkwNV|2022-03-24
prl11391|KCYPemHO|2022-03-24
prl11392|HIgrVsek|2022-03-24
prl11393|CdWpgeMA|2022-03-24
prl11394|cPDWGZkX|2022-03-24
prl11395|RAKxbNFM|2022-03-24
prl11396|NskEONyT|2022-03-24
prl11397|koTqIzOo|2022-03-24
prl11398|IufiuMMp|2022-03-24
prl11399|qGQSedfw|2022-03-24
prl11400|IPrJhBeY|2022-03-24
prl11401|FTmRddED|2022-03-24
prl11402|xAdFbJqR|2022-03-24
prl11403|vsdQnnrn|2022-03-24
prl11404|rqJadrRU|2022-03-24
prl11405|EPncnuCe|2022-03-24
prl11406|TPkCDiDz|2022-03-24
prl11407|SVeFXcnK|2022-03-24
prl11408|CjkLVaRJ|2022-03-24
prl11409|gZjAinIc|2022-03-24
prl11410|evnOytfZ|2022-03-24
prl11411|brQWxVnm|2022-03-24
prl11412|DPscCRMT|2022-03-24
prl11413|ScanxIGU|2022-03-24
prl11414|ITMFtCWQ|2022-03-24
prl11415|MHMessLy|2022-03-24
prl11416|koZVGjrm|2022-03-24
prl11417|MZMmhGIV|2022-03-24
prl11418|gYbKsBcN|2022-03-24
prl11419|ZBeRvkGY|2022-03-24
prl11420|sNjThxbN|2022-03-24
prl11421|RzNUmGZD|2022-03-24
prl11422|brrYdTHt|2022-03-24
prl11423|XRHZUbhe|2022-03-24
prl11424|OgOUeLgf|2022-03-24
prl11425|ztPKWLbA|2022-03-24
prl11426|rrQjaHFu|2022-03-24
prl11427|NplNCowC|2022-03-24
prl11428|PyQcQgrD|2022-03-24
prl11429|psrTwcpp|2022-03-24
prl11430|zMpCEpoc|2022-03-24
prl11431|NvaAvMII|2022-03-24
prl11432|wEZxphGd|2022-03-24
prl11433|aoQlPCII|2022-03-24
prl11434|PGWGGoVj|2022-03-24
prl11435|nfSCnXfK|2022-03-24
prl11436|wBbuxyPn|2022-03-24
prl11437|wuTyQBgg|2022-03-24
prl11438|cungSupM|2022-03-24
prl11439|fbbPHHZJ|2022-03-24
prl11440|fbAwWFrU|2022-03-24
prl11441|uMDoMOgK|2022-03-24
prl11442|xlmXhOzX|2022-03-24
prl11443|sLZhdyqG|2022-03-24
prl11444|DnFTVOcx|2022-03-24
prl11445|mFbZClVV|2022-03-24
prl11446|WWuVZudZ|2022-03-24
prl11447|OeOivJlP|2022-03-24
prl11448|LSQxvGFR|2022-03-24
prl11449|BdDVFjBu|2022-03-24
prl11450|ekbBLSmB|2022-03-24
prl11451|yFWdSWkG|2022-03-24
prl11452|MqTmmowy|2022-03-24
prl11453|VPwLFBKV|2022-03-24
prl11454|okdBrLLT|2022-03-24
prl11455|rJTyMWAc|2022-03-24
prl11456|wBeCyGNV|2022-03-24
prl11457|IBGKVRtB|2022-03-24
prl11458|YZTzAofo|2022-03-24
prl11459|vXiEwHGy|2022-03-24
prl11460|HbAPZyCx|2022-03-24
prl11461|ZcuSntyp|2022-03-24
prl11462|BaaEsfNL|2022-03-24
prl11463|uuERXWsd|2022-03-24
prl11464|WXBeqSBS|2022-03-24
prl11465|SIdoKItX|2022-03-24
prl11466|LuKzeceb|2022-03-24
prl11467|ihgVFxHT|2022-03-24
prl11468|nJwfGahh|2022-03-24
prl11469|CfevCtvD|2022-03-24
prl11470|Dwnkpnjp|2022-03-24
prl11471|bqqtNnOo|2022-03-24
prl11472|GltGvwMd|2022-03-24
prl11473|GQvotLnt|2022-03-24
prl11474|hheAvnbt|2022-03-24
prl11475|zPcFAyvq|2022-03-24
prl11476|vUQJsqfc|2022-03-24
prl11477|phbbJEBe|2022-03-24
prl11478|eEdGuYXi|2022-03-24
prl11479|ORTnjSzH|2022-03-24
prl11480|JbqkhWwg|2022-03-24
prl11481|AvyMfHYJ|2022-03-24
prl11482|VyhiIBaQ|2022-03-24
prl11483|mXWclgNa|2022-03-24
prl11484|AOjjmAGc|2022-03-24
prl11485|zywFydDs|2022-03-24
prl11486|ANGmFNHL|2022-03-24
prl11487|NvgISwcw|2022-03-24
prl11488|XtlNHBBm|2022-03-24
prl11489|tBGSxVZp|2022-03-24
prl11490|qqWlZuZA|2022-03-24
prl11491|qaIclAVt|2022-03-24
prl11492|fPpAjTqJ|2022-03-24
prl11493|AFfwnaDg|2022-03-24
prl11494|BBbrEDmE|2022-03-24
prl11495|OZVmiVgs|2022-03-24
prl11496|PgUwdLsV|2022-03-24
prl11497|dAkxonAK|2022-03-24
prl11498|FHCjEzpO|2022-03-24
prl11499|dMaxLEdT|2022-03-24
prl11500|stYrxvWK|2022-03-24
prl11501|npcoSlAy|2022-03-24
prl11502|iBFVQuQx|2022-03-24
prl11503|UhOAwiNc|2022-03-24
prl11504|tyejCVRW|2022-03-24
prl11505|BNlWNtZB|2022-03-24
prl11506|XdFlFiPp|2022-03-24
prl11507|CSBwWpKc|2022-03-24
prl11508|YrzpEYql|2022-03-24
prl11509|idVWHEAM|2022-03-24
prl11510|tlFCTiAx|2022-03-24
prl11511|juUKZEnQ|2022-03-24
prl11512|OocGvNQr|2022-03-24
prl11513|yoEsWQTj|2022-03-24
prl11514|rdkEtIIp|2022-03-24
prl11515|fiWlKuqd|2022-03-24
prl11516|KhgfJHzW|2022-03-24
prl11517|wsgKSjtm|2022-03-24
prl11518|UcZDkihn|2022-03-24
prl11519|tBExsTKh|2022-03-24
prl11520|vBiEouIR|2022-03-24
prl11521|BgjGCCur|2022-03-24
prl11522|zCbqVKMA|2022-03-24
prl11523|zhQFxyKt|2022-03-24
prl11524|NjhImSne|2022-03-24
prl11525|AZEikMrf|2022-03-24
prl11526|doThQPvq|2022-03-24
prl11527|JjYjdFod|2022-03-24
prl11528|cWrdNsmx|2022-03-24
prl11529|OdihSfsl|2022-03-24
prl11530|FOYmNXOa|2022-03-24
prl11531|ssAwISzv|2022-03-24
prl11532|ElXFcgrU|2022-03-24
prl11533|AkMFnKab|2022-03-24
prl11534|MOVmJisz|2022-03-24
prl11535|UzgeHezM|2022-03-24
prl11536|yYhJmiNI|2022-03-24
prl11537|HpLvKVGM|2022-03-24
prl11538|iAtseJWI|2022-03-24
prl11539|SUikUlHM|2022-03-24
prl11540|RaKGSlGx|2022-03-24
prl11541|CYgxLbKY|2022-03-24
prl11542|FoNJkqxv|2022-03-24
prl11543|AyxCRrYJ|2022-03-24
prl11544|EbmRncRY|2022-03-24
prl11545|gAJZnzDk|2022-03-24
prl11546|pAeiWZpJ|2022-03-24
prl11547|IwbAHfVv|2022-03-24
prl11548|rvzxYIdo|2022-03-24
prl11549|LcxZLCgG|2022-03-24
prl11550|uqtxcDFm|2022-03-24
prl11551|SHjeYKoc|2022-03-24
prl11552|pEKBnreW|2022-03-24
prl11553|uftXxdlq|2022-03-24
prl11554|egXreRxV|2022-03-24
prl11555|CFomKnEN|2022-03-24
prl11556|XXbvqipd|2022-03-24
prl11557|UOZXptmP|2022-03-24
prl11558|ZtRUpXZA|2022-03-24
prl11559|ODbrQblC|2022-03-24
prl11560|wnYbhgxB|2022-03-24
prl11561|qAtPpzsa|2022-03-24
prl11562|DtNtxsRT|2022-03-24
prl11563|wImMotuW|2022-03-24
prl11564|wPCZSQbb|2022-03-24
prl11565|ZGwuZmVY|2022-03-24
prl11566|DqUuBoOd|2022-03-24
prl11567|zXDqCIOR|2022-03-24
prl11568|ViTpHHVI|2022-03-24
prl11569|ewWiBgdq|2022-03-24
prl11570|NsMXOsFO|2022-03-24
prl11571|FFwPeYCO|2022-03-24
prl11572|SqUuzFbK|2022-03-24
prl11573|axtqFMpV|2022-03-24
prl11574|ZUBYSepv|2022-03-24
prl11575|ezIrsDxV|2022-03-24
prl11576|PkbrsIGn|2022-03-24
prl11577|iOeWzrlx|2022-03-24
prl11578|nLEyhMPJ|2022-03-24
prl11579|SvTHPoeb|2022-03-24
prl11580|tjrKXlYK|2022-03-24
prl11581|EJtsSkKB|2022-03-24
prl11582|dszLAyVi|2022-03-24
prl11583|JtFXbzxu|2022-03-24
prl11584|MNbaSePl|2022-03-24
prl11585|wmzCzJoq|2022-03-24
prl11586|IWFLjwyL|2022-03-24
prl11587|TpvKdqQL|2022-03-24
prl11588|cQsIjCMo|2022-03-24
prl11589|xAYydLww|2022-03-24
prl11590|cVnjlWie|2022-03-24
prl11591|wfxmDcdM|2022-03-24
prl11592|QixkwapX|2022-03-24
prl11593|qbXytiax|2022-03-24
prl11594|xBrjaBLt|2022-03-24
prl11595|XCztnxOI|2022-03-24
prl11596|YyZRHfiL|2022-03-24
prl11597|MbtmyWjS|2022-03-24
prl11598|sPLPsQxq|2022-03-24
prl11599|nGgPKzKu|2022-03-24
prl11600|VGxyJiAr|2022-03-24
prl11601|CypKkYYD|2022-03-24
prl11602|LZVhQngE|2022-03-24
prl11603|qBNnUUpa|2022-03-24
prl11604|OQaIZqPn|2022-03-24
prl11605|qaZHSHwf|2022-03-24
prl11606|bjlGVLUn|2022-03-24
prl11607|CGQDJxBe|2022-03-24
prl11608|RuSjuwgV|2022-03-24
prl11609|sIYiKOPN|2022-03-24
prl11610|PIsnxiGv|2022-03-24
prl11611|yDbknOvJ|2022-03-24
prl11612|RwEJKFrW|2022-03-24
prl11613|JHlmpJQk|2022-03-24
prl11614|izWcvrzj|2022-03-24
prl11615|jJGAZzRV|2022-03-24
prl11616|uvwboNAa|2022-03-24
prl11617|StgAYQNN|2022-03-24
prl11618|QTunsucT|2022-03-24
prl11619|uheYXHzP|2022-03-24
prl11620|yUAMHFuv|2022-03-24
prl11621|IcZyFVWd|2022-03-24
prl11622|pxWFxvDl|2022-03-24
prl11623|PISSlLWU|2022-03-24
prl11624|YrKnWanD|2022-03-24
prl11625|tMsAGEyP|2022-03-24
prl11626|NvPcFoGs|2022-03-24
prl11627|IFwJsYaH|2022-03-24
prl11628|hpfSewmG|2022-03-24
prl11629|oXRwrkLC|2022-03-24
prl11630|zUomXOds|2022-03-24
prl11631|unQUBtJg|2022-03-24
prl11632|XnqjBWnp|2022-03-24
prl11633|TCZfuepj|2022-03-24
prl11634|skadfSJd|2022-03-24
prl11635|BoXSZRbM|2022-03-24
prl11636|CMyPxxcS|2022-03-24
prl11637|FuLLkoHJ|2022-03-24
prl11638|LdTURgst|2022-03-24
prl11639|pURCmFfm|2022-03-24
prl11640|OYgnOKha|2022-03-24
prl11641|yFosezwq|2022-03-24
prl11642|WRVIyTHm|2022-03-24
prl11643|OiPlfwOw|2022-03-24
prl11644|xWuaGbVK|2022-03-24
prl11645|ErARUBIN|2022-03-24
prl11646|bJVVgEPs|2022-03-24
prl11647|SOacEIqj|2022-03-24
prl11648|XnevEile|2022-03-24
prl11649|KJMYNdnY|2022-03-24
prl11650|jDDgGShn|2022-03-24
prl11651|MdLCHJMT|2022-03-24
prl11652|eYgKIyKh|2022-03-24
prl11653|TmWSdHvX|2022-03-24
prl11654|zRhYvrML|2022-03-24
prl11655|JscuFxQX|2022-03-24
prl11656|jKMIybXZ|2022-03-24
prl11657|DNtiglTH|2022-03-24
prl11658|phrfScaB|2022-03-24
prl11659|XgygZhGY|2022-03-24
prl11660|bKMzCUKW|2022-03-24
prl11661|kkOJEBKn|2022-03-24
prl11662|mptagqKh|2022-03-24
prl11663|ZLuedlhl|2022-03-24
prl11664|kRNtAWOW|2022-03-24
prl11665|gtxgSLft|2022-03-24
prl11666|lAaqifZc|2022-03-24
prl11667|KyavDDMy|2022-03-24
prl11668|hOikTVSG|2022-03-24
prl11669|eodhhrya|2022-03-24
prl11670|PVUxQnUn|2022-03-24
prl11671|TrBEIwjh|2022-03-24
prl11672|nuRJpTcP|2022-03-24
prl11673|AxkoIGdl|2022-03-24
prl11674|eNsgKmHT|2022-03-24
prl11675|IPrnttNE|2022-03-24
prl11676|taUfXdft|2022-03-24
prl11677|KxmqYJfs|2022-03-24
prl11678|lVDMIABo|2022-03-24
prl11679|SXfLhrvk|2022-03-24
prl11680|FUjhMjuJ|2022-03-24
prl11681|BNlehwZi|2022-03-24
prl11682|sOTjPDdS|2022-03-24
prl11683|ICMKTFYt|2022-03-24
prl11684|ZqLzTxyt|2022-03-24
prl11685|OKMvTaHk|2022-03-24
prl11686|hZtzwQWL|2022-03-24
prl11687|QHMUomOA|2022-03-24
prl11688|FpjOzJFI|2022-03-24
prl11689|yHFKJfMS|2022-03-24
prl11690|FUruolts|2022-03-24
prl11691|zRmfYgyE|2022-03-24
prl11692|NpNhaCAS|2022-03-24
prl11693|ueOBiMKl|2022-03-24
prl11694|cNtVuSZb|2022-03-24
prl11695|FyVLtLbU|2022-03-24
prl11696|VOAixDWz|2022-03-24
prl11697|lWedagZe|2022-03-24
prl11698|lCfsTPWw|2022-03-24
prl11699|UXiGSkSB|2022-03-24
prl11700|EwugmzjX|2022-03-24
prl11701|ePPhAYac|2022-03-24
prl11702|XdFWazxW|2022-03-24
prl11703|yAMBhdPX|2022-03-24
prl11704|mAoSbYdD|2022-03-24
prl11705|BzJdRbvY|2022-03-24
prl11706|MSuOWptY|2022-03-24
prl11707|dJxXusbG|2022-03-24
prl11708|nVZkrRIE|2022-03-24
prl11709|veiJDsnx|2022-03-24
prl11710|xweQTDDA|2022-03-24
prl11711|ESvJnFjt|2022-03-24
prl11712|ToFAoqrD|2022-03-24
prl11713|olFkAfBD|2022-03-24
prl11714|XGTlzDNX|2022-03-24
prl11715|tQJikWaQ|2022-03-24
prl11716|aRGRgkvz|2022-03-24
prl11717|vjqvDkID|2022-03-24
prl11718|tlxRFndD|2022-03-24
prl11719|XTlpodgq|2022-03-24
prl11720|zkCqiRRX|2022-03-24
prl11721|miXjNSFR|2022-03-24
prl11722|YazkuuCp|2022-03-24
prl11723|SvlANTnb|2022-03-24
prl11724|dMkbYtya|2022-03-24
prl11725|umqMPspX|2022-03-24
prl11726|BBiWvwno|2022-03-24
prl11727|vGfwjCIn|2022-03-24
prl11728|HTOmgecZ|2022-03-24
prl11729|GFThixpC|2022-03-24
prl11730|hCTXdWJt|2022-03-24
prl11731|iItgTulN|2022-03-24
prl11732|wammyANj|2022-03-24
prl11733|EPpajgCs|2022-03-24
prl11734|wSHUsQYq|2022-03-24
prl11735|QxPfPUDK|2022-03-24
prl11736|GvEsroRQ|2022-03-24
prl11737|zIPeqZdF|2022-03-24
prl11738|WIEieSaS|2022-03-24
prl11739|HJyGSfnW|2022-03-24
prl11740|UWSOPZvB|2022-03-24
prl11741|fzaDtApG|2022-03-24
prl11742|gCGfGoQM|2022-03-24
prl11743|SnyRbDlc|2022-03-24
prl11744|xktcHJLK|2022-03-24
prl11745|tolLQVfR|2022-03-24
prl11746|yVtTAaME|2022-03-24
prl11747|fLCacEhA|2022-03-24
prl11748|hDYHgEON|2022-03-24
prl11749|xgFRQtNR|2022-03-24
prl11750|oKpmGVEw|2022-03-24
prl11751|fYTKQLGP|2022-03-24
prl11752|ycVLMOPl|2022-03-24
prl11753|VCvVvXxX|2022-03-24
prl11754|UsNhOUEw|2022-03-24
prl11755|DnyMyytZ|2022-03-24
prl11756|gcWNQGRQ|2022-03-24
prl11757|XmRXfWGW|2022-03-24
prl11758|uAxcjdwV|2022-03-24
prl11759|zCNZmChj|2022-03-24
prl11760|WlRQfeqh|2022-03-24
prl11761|XHmVtHFl|2022-03-24
prl11762|UpVCjSzG|2022-03-24
prl11763|Yjfltzsu|2022-03-24
prl11764|reMFsYQR|2022-03-24
prl11765|LrskzXhv|2022-03-24
prl11766|LDrMHBjX|2022-03-24
prl11767|YqEuAerD|2022-03-24
prl11768|VbZAiSpR|2022-03-24
prl11769|aADghowr|2022-03-24
prl11770|KYlagrre|2022-03-24
prl11771|sXTyqSuW|2022-03-24
prl11772|TPYYkYJT|2022-03-24
prl11773|NGiErJmL|2022-03-24
prl11774|hTXGBSxO|2022-03-24
prl11775|oSHByDjD|2022-03-24
prl11776|lPsTYBkM|2022-03-24
prl11777|YqpHATfJ|2022-03-24
prl11778|blCHuVks|2022-03-24
prl11779|gdwmWAoc|2022-03-24
prl11780|LwzYIwlp|2022-03-24
prl11781|YMDSGaII|2022-03-24
prl11782|nRURCQkr|2022-03-24
prl11783|OyrQHMbi|2022-03-24
prl11784|aqmrbQKP|2022-03-24
prl11785|GQufAVql|2022-03-24
prl11786|wDCJfhNH|2022-03-24
prl11787|kxDQmtQR|2022-03-24
prl11788|jTPIyAlg|2022-03-24
prl11789|VizmZVyG|2022-03-24
prl11790|YqgTwDJK|2022-03-24
prl11791|UGKDFrwT|2022-03-24
prl11792|DzRORQik|2022-03-24
prl11793|XtoqwFOA|2022-03-24
prl11794|tErSSkFR|2022-03-24
prl11795|hhMaGSaA|2022-03-24
prl11796|QimwbFXY|2022-03-24
prl11797|ZfyKxWRz|2022-03-24
prl11798|IFUXXjXp|2022-03-24
prl11799|IPazydpf|2022-03-24
prl11800|fsVZCDVT|2022-03-24
prl11801|pSJDwdLB|2022-03-24
prl11802|xjgWUlQe|2022-03-24
prl11803|CfxlXGIm|2022-03-24
prl11804|CgxuFIcz|2022-03-24
prl11805|bYxAGSNb|2022-03-24
prl11806|SzHKyycy|2022-03-24
prl11807|hpMOfedv|2022-03-24
prl11808|SNbQmDhJ|2022-03-24
prl11809|SKmVQSHW|2022-03-24
prl11810|CffGWLOR|2022-03-24
prl11811|XdVgpKEU|2022-03-24
prl11812|iLYlnARs|2022-03-24
prl11813|cmiCGZag|2022-03-24
prl11814|ahKCclYf|2022-03-24
prl11815|LDUMEsDg|2022-03-24
prl11816|LypVIwcX|2022-03-24
prl11817|KzBukINZ|2022-03-24
prl11818|QxawGhEs|2022-03-24
prl11819|mCsagAva|2022-03-24
prl11820|IJRIxgnn|2022-03-24
prl11821|VAeLeFqk|2022-03-24
prl11822|aNHyEDkY|2022-03-24
prl11823|fBczGjzl|2022-03-24
prl11824|VxaZPYrv|2022-03-24
prl11825|NxQbwNjs|2022-03-24
prl11826|ltmuKMmX|2022-03-24
prl11827|QNLrlcOr|2022-03-24
prl11828|AZpPLtCB|2022-03-24
prl11829|NRcGGNgG|2022-03-24
prl11830|wETvYnQg|2022-03-24
prl11831|FxgeJQZJ|2022-03-24
prl11832|aKIBIgBR|2022-03-24
prl11833|DMepMeTx|2022-03-24
prl11834|uuGXIOCs|2022-03-24
prl11835|kgghuIEG|2022-03-24
prl11836|YgQWfKVz|2022-03-24
prl11837|GCDRkvRO|2022-03-24
prl11838|ENzHjeLm|2022-03-24
prl11839|BxBWnWIZ|2022-03-24
prl11840|waTcMisw|2022-03-24
prl11841|hroWgUra|2022-03-24
prl11842|NdmWeAvD|2022-03-24
prl11843|tcejFCrO|2022-03-24
prl11844|jOYOYHnG|2022-03-24
prl11845|HihhrXCV|2022-03-24
prl11846|TiPLnABC|2022-03-24
prl11847|QqXeOXma|2022-03-24
prl11848|hSWbfBSS|2022-03-24
prl11849|mShEnMwx|2022-03-24
prl11850|kFuHqQfE|2022-03-24
prl11851|obfIaPSH|2022-03-24
prl11852|SmILtesG|2022-03-24
prl11853|aZzPZiuX|2022-03-24
prl11854|rTvGGYJl|2022-03-24
prl11855|iYYQlGRd|2022-03-24
prl11856|TjQiZanT|2022-03-24
prl11857|FqJZcoHh|2022-03-24
prl11858|FzPLNuYh|2022-03-24
prl11859|GIztHytC|2022-03-24
prl11860|eySTVDkO|2022-03-24
prl11861|VTsJYVje|2022-03-24
prl11862|jkTZPYRw|2022-03-24
prl11863|zwhXNSbo|2022-03-24
prl11864|QKqWFKOJ|2022-03-24
prl11865|MWwNRGdQ|2022-03-24
prl11866|jeLpwnLX|2022-03-24
prl11867|QpIGeKJY|2022-03-24
prl11868|dQWYatjy|2022-03-24
prl11869|aqgoIiST|2022-03-24
prl11870|fOZtNyFn|2022-03-24
prl11871|demOObES|2022-03-24
prl11872|BjFKIIEA|2022-03-24
prl11873|KwoTCyRP|2022-03-24
prl11874|ZGLcJsHx|2022-03-24
prl11875|mqvYWIuP|2022-03-24
prl11876|QoXYlfMi|2022-03-24
prl11877|wCIURDUU|2022-03-24
prl11878|IWhYPNGc|2022-03-24
prl11879|ajAHmydY|2022-03-24
prl11880|armbQWwN|2022-03-24
prl11881|RJZvRzJB|2022-03-24
prl11882|PKQpncqD|2022-03-24
prl11883|gJuPrkzT|2022-03-24
prl11884|KNDEASvt|2022-03-24
prl11885|JHSjOPvi|2022-03-24
prl11886|dSYpNiiM|2022-03-24
prl11887|OQWDfOqr|2022-03-24
prl11888|TUDXIdyp|2022-03-24
prl11889|naPLDEbC|2022-03-24
prl11890|GzvoAVqr|2022-03-24
prl11891|IVlQaSxc|2022-03-24
prl11892|WiwxbKrC|2022-03-24
prl11893|UDczOLda|2022-03-24
prl11894|jjIQDFXi|2022-03-24
prl11895|HoCaDrHi|2022-03-24
prl11896|VXIZdOeY|2022-03-24
prl11897|NyXHvDHF|2022-03-24
prl11898|vJZSqXSn|2022-03-24
prl11899|gYJqMomi|2022-03-24
prl11900|HHMdGCFH|2022-03-24
prl11901|LMxochLT|2022-03-24
prl11902|EPsYNVpY|2022-03-24
prl11903|etVHPsrL|2022-03-24
prl11904|EdDAdnUW|2022-03-24
prl11905|NbwQJOex|2022-03-24
prl11906|hRKUIUyF|2022-03-24
prl11907|carUmLIY|2022-03-24
prl11908|yDweyTpk|2022-03-24
prl11909|TIXGgrjn|2022-03-24
prl11910|cKVENDsF|2022-03-24
prl11911|PeOYNEbL|2022-03-24
prl11912|ItUvHTZD|2022-03-24
prl11913|PIADvKIP|2022-03-24
prl11914|HoSJKcyv|2022-03-24
prl11915|uQCzsiFS|2022-03-24
prl11916|IWvNchRk|2022-03-24
prl11917|MpgDOKzA|2022-03-24
prl11918|doSUxWDS|2022-03-24
prl11919|iXovYcrz|2022-03-24
prl11920|jjNyqdum|2022-03-24
prl11921|ezLouQnD|2022-03-24
prl11922|nlIsDugC|2022-03-24
prl11923|krZcStrv|2022-03-24
prl11924|vfSwqsjr|2022-03-24
prl11925|YdFoiuIn|2022-03-24
prl11926|RpsLGYxb|2022-03-24
prl11927|FmAiIxAP|2022-03-24
prl11928|biqHZHTL|2022-03-24
prl11929|LfukPhGD|2022-03-24
prl11930|oFFvLsEo|2022-03-24
prl11931|SDHoLIYR|2022-03-24
prl11932|EwAQShGZ|2022-03-24
prl11933|ISOeVqew|2022-03-24
prl11934|WNUzzCCV|2022-03-24
prl11935|quvIeafq|2022-03-24
prl11936|EcoeOhwb|2022-03-24
prl11937|xFBswfgY|2022-03-24
prl11938|MkAjhRAb|2022-03-24
prl11939|baDXmLmn|2022-03-24
prl11940|sYVKUMUD|2022-03-24
prl11941|UyeEEbKG|2022-03-24
prl11942|YxQHGhaf|2022-03-24
prl11943|OwZogsts|2022-03-24
prl11944|qAWHHINt|2022-03-24
prl11945|brlsCHbM|2022-03-24
prl11946|DAcbebQd|2022-03-24
prl11947|KSnbQXFB|2022-03-24
prl11948|XwelMPNl|2022-03-24
prl11949|yaaVZIJx|2022-03-24
prl11950|LQxBbGfW|2022-03-24
prl11951|WmyfhAHh|2022-03-24
prl11952|nDwDnEVB|2022-03-24
prl11953|xtxjfhFc|2022-03-24
prl11954|pofNFfQQ|2022-03-24
prl11955|zWZgKRjV|2022-03-24
prl11956|eqyhWPxk|2022-03-24
prl11957|SpQyJtPe|2022-03-24
prl11958|cyfwEByr|2022-03-24
prl11959|NwqesAew|2022-03-24
prl11960|ZMDhwJqn|2022-03-24
prl11961|MtsYlTCa|2022-03-24
prl11962|OdWGfySc|2022-03-24
prl11963|jIJElTVf|2022-03-24
prl11964|jjlxXdeg|2022-03-24
prl11965|RDxacVvL|2022-03-24
prl11966|ooUkocIT|2022-03-24
prl11967|YsABraOH|2022-03-24
prl11968|FubJXwQA|2022-03-24
prl11969|MwAGLcco|2022-03-24
prl11970|mYlzcZwj|2022-03-24
prl11971|UkkUOrzT|2022-03-24
prl11972|qtntOreA|2022-03-24
prl11973|MaofbAIS|2022-03-24
prl11974|bMklYdbv|2022-03-24
prl11975|fNKwxkoK|2022-03-24
prl11976|aOdNIphv|2022-03-24
prl11977|ltkKRwLg|2022-03-24
prl11978|xSOKZJwJ|2022-03-24
prl11979|HZYkuCgd|2022-03-24
prl11980|QVkBEhwb|2022-03-24
prl11981|hsvaYtTF|2022-03-24
prl11982|MVaguoOO|2022-03-24
prl11983|KhFQUswV|2022-03-24
prl11984|bbeECGIb|2022-03-24
prl11985|IJAWCgwS|2022-03-24
prl11986|CTrHfQIV|2022-03-24
prl11987|sYdalLGZ|2022-03-24
prl11988|KcNdbwAg|2022-03-24
prl11989|fvpBpxle|2022-03-24
prl11990|BwsEjJiE|2022-03-24
prl11991|KKcrUzBm|2022-03-24
prl11992|UyrNQFDd|2022-03-24
prl11993|NhNIIihM|2022-03-24
prl11994|NDHsWbgd|2022-03-24
prl11995|Rsujkeky|2022-03-24
prl11996|iQFUmjyT|2022-03-24
prl11997|UMJiIalH|2022-03-24
prl11998|eSfzSdFF|2022-03-24
prl11999|tNwDnwXF|2022-03-24
prl12000|bxtqGEPt|2022-03-24
