Product_Level_1|Product_Level_2|Description_Level_2|Reference_Date
prl11001|prl21001|ZNndxWEY|2022-03-24
prl11002|prl21002|XzEpspIJ|2022-03-24
prl11003|prl21003|ERXSMlUg|2022-03-24
prl11004|prl21004|nPaiYmRz|2022-03-24
prl11005|prl21005|xkIXcTjt|2022-03-24
prl11006|prl21006|uwHsrYpG|2022-03-24
prl11007|prl21007|hKeYOpPM|2022-03-24
prl11008|prl21008|qDANYoNr|2022-03-24
prl11009|prl21009|ulgLmGFO|2022-03-24
prl11010|prl21010|bVslwlPH|2022-03-24
prl11011|prl21011|HFDQWEXb|2022-03-24
prl11012|prl21012|QYrmIRaz|2022-03-24
prl11013|prl21013|ceJCeQpd|2022-03-24
prl11014|prl21014|FXJpkQiG|2022-03-24
prl11015|prl21015|vUrphjTK|2022-03-24
prl11016|prl21016|sGBBvicl|2022-03-24
prl11017|prl21017|besbKYKt|2022-03-24
prl11018|prl21018|cEplHlXI|2022-03-24
prl11019|prl21019|EMMvKiBR|2022-03-24
prl11020|prl21020|ythEtBkj|2022-03-24
prl11021|prl21021|lzGXNmWG|2022-03-24
prl11022|prl21022|tVTdjwdD|2022-03-24
prl11023|prl21023|wZAipHNo|2022-03-24
prl11024|prl21024|jLsndoEq|2022-03-24
prl11025|prl21025|dHBUCrra|2022-03-24
prl11026|prl21026|HaWvfvzm|2022-03-24
prl11027|prl21027|GusKkrxO|2022-03-24
prl11028|prl21028|FcGhrhbV|2022-03-24
prl11029|prl21029|uUdJdhoO|2022-03-24
prl11030|prl21030|fMMCSDVQ|2022-03-24
prl11031|prl21031|WRREjYPA|2022-03-24
prl11032|prl21032|Djwhwoqf|2022-03-24
prl11033|prl21033|zuMSmdlI|2022-03-24
prl11034|prl21034|vmBsEsJx|2022-03-24
prl11035|prl21035|evutiOsm|2022-03-24
prl11036|prl21036|eqHqHJwi|2022-03-24
prl11037|prl21037|bLhNdqYZ|2022-03-24
prl11038|prl21038|EkUhEUtL|2022-03-24
prl11039|prl21039|inikrypx|2022-03-24
prl11040|prl21040|rtGkoPdX|2022-03-24
prl11041|prl21041|UBTyjEgP|2022-03-24
prl11042|prl21042|pjPbABri|2022-03-24
prl11043|prl21043|orJCzipb|2022-03-24
prl11044|prl21044|WlQqgcTR|2022-03-24
prl11045|prl21045|SgLceMTy|2022-03-24
prl11046|prl21046|GVYXeMwM|2022-03-24
prl11047|prl21047|LENJTSWv|2022-03-24
prl11048|prl21048|SlHvxwve|2022-03-24
prl11049|prl21049|nYijLkQs|2022-03-24
prl11050|prl21050|nXRZCEAv|2022-03-24
prl11051|prl21051|JmyXzyNr|2022-03-24
prl11052|prl21052|feZzkZeF|2022-03-24
prl11053|prl21053|RvMyCwTp|2022-03-24
prl11054|prl21054|jRjHSDYw|2022-03-24
prl11055|prl21055|JZLEKMrq|2022-03-24
prl11056|prl21056|idIgDdbf|2022-03-24
prl11057|prl21057|fOWQLLpa|2022-03-24
prl11058|prl21058|PwMVnyqC|2022-03-24
prl11059|prl21059|PkLUnDlD|2022-03-24
prl11060|prl21060|zmtCjCQr|2022-03-24
prl11061|prl21061|zkgZzUTO|2022-03-24
prl11062|prl21062|glodaQAb|2022-03-24
prl11063|prl21063|xDpkzpoC|2022-03-24
prl11064|prl21064|XwECeJok|2022-03-24
prl11065|prl21065|NinrQTdo|2022-03-24
prl11066|prl21066|waAHEJnA|2022-03-24
prl11067|prl21067|AGhkerZG|2022-03-24
prl11068|prl21068|sHpeMkXU|2022-03-24
prl11069|prl21069|cswWpstC|2022-03-24
prl11070|prl21070|oliGxqZD|2022-03-24
prl11071|prl21071|fQCUbgKy|2022-03-24
prl11072|prl21072|TcMhJjSf|2022-03-24
prl11073|prl21073|MAtrlFeU|2022-03-24
prl11074|prl21074|Hlqtadeo|2022-03-24
prl11075|prl21075|vJxriWYS|2022-03-24
prl11076|prl21076|EEsfhucS|2022-03-24
prl11077|prl21077|NeiDYaVh|2022-03-24
prl11078|prl21078|DOVtAUxQ|2022-03-24
prl11079|prl21079|ThdtndnR|2022-03-24
prl11080|prl21080|KzjLfzGS|2022-03-24
prl11081|prl21081|nZgiIEWJ|2022-03-24
prl11082|prl21082|UXCphKTI|2022-03-24
prl11083|prl21083|hHkBZzAC|2022-03-24
prl11084|prl21084|pvJPoMSH|2022-03-24
prl11085|prl21085|mwgEZDMs|2022-03-24
prl11086|prl21086|FRNCUTeq|2022-03-24
prl11087|prl21087|JcHUeOBr|2022-03-24
prl11088|prl21088|cpRZSjLg|2022-03-24
prl11089|prl21089|kpuikYRW|2022-03-24
prl11090|prl21090|swaoTYKl|2022-03-24
prl11091|prl21091|qmEwygnZ|2022-03-24
prl11092|prl21092|hsJXDeLU|2022-03-24
prl11093|prl21093|FKoRkvEZ|2022-03-24
prl11094|prl21094|QfSSSVIe|2022-03-24
prl11095|prl21095|YYsOuCkH|2022-03-24
prl11096|prl21096|JhitFGdj|2022-03-24
prl11097|prl21097|dUbMTAYe|2022-03-24
prl11098|prl21098|YRmVWoXL|2022-03-24
prl11099|prl21099|KoJdAGPq|2022-03-24
prl11100|prl21100|KscQhDFr|2022-03-24
prl11101|prl21101|oCQlLjTL|2022-03-24
prl11102|prl21102|WKiubBzz|2022-03-24
prl11103|prl21103|VBPRKMLr|2022-03-24
prl11104|prl21104|MppQYMFP|2022-03-24
prl11105|prl21105|agxZrSZC|2022-03-24
prl11106|prl21106|UjRmaEJk|2022-03-24
prl11107|prl21107|dEJlWpYO|2022-03-24
prl11108|prl21108|zXKchwZc|2022-03-24
prl11109|prl21109|EMQBJfON|2022-03-24
prl11110|prl21110|bkYFPFMs|2022-03-24
prl11111|prl21111|uTHJyAjn|2022-03-24
prl11112|prl21112|kiXPzLJu|2022-03-24
prl11113|prl21113|zHGFKoLa|2022-03-24
prl11114|prl21114|UVxAHjfG|2022-03-24
prl11115|prl21115|QihLQgpV|2022-03-24
prl11116|prl21116|BYsuVaRc|2022-03-24
prl11117|prl21117|arqYFEhP|2022-03-24
prl11118|prl21118|zRxDOEer|2022-03-24
prl11119|prl21119|oHPaaytD|2022-03-24
prl11120|prl21120|uPVoSLNW|2022-03-24
prl11121|prl21121|tWlqJprK|2022-03-24
prl11122|prl21122|mIeCnqsG|2022-03-24
prl11123|prl21123|hBJpEOEh|2022-03-24
prl11124|prl21124|VEnBFCYC|2022-03-24
prl11125|prl21125|ZjObjUEb|2022-03-24
prl11126|prl21126|GBkGOelp|2022-03-24
prl11127|prl21127|FcIFpHQE|2022-03-24
prl11128|prl21128|EPQAikoj|2022-03-24
prl11129|prl21129|XWacomJV|2022-03-24
prl11130|prl21130|mQyKnOTp|2022-03-24
prl11131|prl21131|GMzMjPeg|2022-03-24
prl11132|prl21132|QlgNYMBP|2022-03-24
prl11133|prl21133|DkQUbgql|2022-03-24
prl11134|prl21134|KDgoCsPy|2022-03-24
prl11135|prl21135|jfjviYEA|2022-03-24
prl11136|prl21136|IaMXbqKd|2022-03-24
prl11137|prl21137|btGXFOxk|2022-03-24
prl11138|prl21138|oDmIkvlw|2022-03-24
prl11139|prl21139|pgbBQzZx|2022-03-24
prl11140|prl21140|zLTJcRfE|2022-03-24
prl11141|prl21141|DuBBcEqY|2022-03-24
prl11142|prl21142|AUmcvJoj|2022-03-24
prl11143|prl21143|mszPbumQ|2022-03-24
prl11144|prl21144|gNkfjuAG|2022-03-24
prl11145|prl21145|OMDkOrXo|2022-03-24
prl11146|prl21146|wBmprree|2022-03-24
prl11147|prl21147|hWydIudq|2022-03-24
prl11148|prl21148|brEVeFNN|2022-03-24
prl11149|prl21149|knYDhyGq|2022-03-24
prl11150|prl21150|EliKTJUF|2022-03-24
prl11151|prl21151|eWmgaqcx|2022-03-24
prl11152|prl21152|BMUWQQwf|2022-03-24
prl11153|prl21153|GKQazMZJ|2022-03-24
prl11154|prl21154|ixJkWvdK|2022-03-24
prl11155|prl21155|urmGziQk|2022-03-24
prl11156|prl21156|DZJnmbIN|2022-03-24
prl11157|prl21157|tLdLxczQ|2022-03-24
prl11158|prl21158|EVzgvbSd|2022-03-24
prl11159|prl21159|ypkReUtW|2022-03-24
prl11160|prl21160|ZgePZCRB|2022-03-24
prl11161|prl21161|rgpwsXcT|2022-03-24
prl11162|prl21162|kUyvKAhW|2022-03-24
prl11163|prl21163|SFWIjCZW|2022-03-24
prl11164|prl21164|TJwTWBCs|2022-03-24
prl11165|prl21165|pVVpsZjj|2022-03-24
prl11166|prl21166|vnQzqxnJ|2022-03-24
prl11167|prl21167|xswmvwPb|2022-03-24
prl11168|prl21168|JTqgLuRR|2022-03-24
prl11169|prl21169|fZbCDjtr|2022-03-24
prl11170|prl21170|FjTsXmdl|2022-03-24
prl11171|prl21171|JbaNJyDl|2022-03-24
prl11172|prl21172|nIWofYAd|2022-03-24
prl11173|prl21173|nrugZruZ|2022-03-24
prl11174|prl21174|dTGzyNch|2022-03-24
prl11175|prl21175|CCYtBJNl|2022-03-24
prl11176|prl21176|FlEwBDfj|2022-03-24
prl11177|prl21177|YIupvKcR|2022-03-24
prl11178|prl21178|XkkAnhOd|2022-03-24
prl11179|prl21179|KcWjRzce|2022-03-24
prl11180|prl21180|khpeXugK|2022-03-24
prl11181|prl21181|oSwDCoqz|2022-03-24
prl11182|prl21182|pyMDtnKh|2022-03-24
prl11183|prl21183|WVjdHDmY|2022-03-24
prl11184|prl21184|ctaLdioH|2022-03-24
prl11185|prl21185|kvxfZIGs|2022-03-24
prl11186|prl21186|yLroaJNE|2022-03-24
prl11187|prl21187|OJuvQsZN|2022-03-24
prl11188|prl21188|HKzcASxQ|2022-03-24
prl11189|prl21189|HbDrvuMY|2022-03-24
prl11190|prl21190|KChlGBpf|2022-03-24
prl11191|prl21191|cpkvYlPm|2022-03-24
prl11192|prl21192|GRsKuzGI|2022-03-24
prl11193|prl21193|aoiWVRZZ|2022-03-24
prl11194|prl21194|rNJSACUt|2022-03-24
prl11195|prl21195|aZzfTRBI|2022-03-24
prl11196|prl21196|vfnSHgGt|2022-03-24
prl11197|prl21197|TBULFweC|2022-03-24
prl11198|prl21198|TOqTpnpH|2022-03-24
prl11199|prl21199|zJoXZiFe|2022-03-24
prl11200|prl21200|brNGyhab|2022-03-24
prl11201|prl21201|fAQrTkzQ|2022-03-24
prl11202|prl21202|wWeLCzfw|2022-03-24
prl11203|prl21203|xOZgLIYA|2022-03-24
prl11204|prl21204|FYaVdnqv|2022-03-24
prl11205|prl21205|hksNwITJ|2022-03-24
prl11206|prl21206|LyBGQDkd|2022-03-24
prl11207|prl21207|LgDVVXVN|2022-03-24
prl11208|prl21208|iceWeeHN|2022-03-24
prl11209|prl21209|GHfRopJd|2022-03-24
prl11210|prl21210|kpTfIQPj|2022-03-24
prl11211|prl21211|EQlMsseA|2022-03-24
prl11212|prl21212|RbOMxaWU|2022-03-24
prl11213|prl21213|HKHHPLTY|2022-03-24
prl11214|prl21214|lpPaslkO|2022-03-24
prl11215|prl21215|OZomXXko|2022-03-24
prl11216|prl21216|KvVkJJRf|2022-03-24
prl11217|prl21217|CTwlPGNw|2022-03-24
prl11218|prl21218|LZUepHLT|2022-03-24
prl11219|prl21219|rjUvNNVF|2022-03-24
prl11220|prl21220|hJxoXBSI|2022-03-24
prl11221|prl21221|TWOzUABy|2022-03-24
prl11222|prl21222|LEvvzYQC|2022-03-24
prl11223|prl21223|NQLvuhmn|2022-03-24
prl11224|prl21224|bPlvZiQe|2022-03-24
prl11225|prl21225|zzrstStJ|2022-03-24
prl11226|prl21226|fYfqIjQY|2022-03-24
prl11227|prl21227|tjXFjMfQ|2022-03-24
prl11228|prl21228|oCrTfcMD|2022-03-24
prl11229|prl21229|BWdwxMZb|2022-03-24
prl11230|prl21230|rWwFGcgH|2022-03-24
prl11231|prl21231|uvRJtXpp|2022-03-24
prl11232|prl21232|YoKveCmt|2022-03-24
prl11233|prl21233|LvGqGWwi|2022-03-24
prl11234|prl21234|StvZYDaR|2022-03-24
prl11235|prl21235|ccqcrXdJ|2022-03-24
prl11236|prl21236|gpmEmDrc|2022-03-24
prl11237|prl21237|kbXlNmNx|2022-03-24
prl11238|prl21238|FUKkjKlz|2022-03-24
prl11239|prl21239|SwOmLoJh|2022-03-24
prl11240|prl21240|kkimJFuP|2022-03-24
prl11241|prl21241|yjcATFZi|2022-03-24
prl11242|prl21242|GEssxOCH|2022-03-24
prl11243|prl21243|TwUxqFSh|2022-03-24
prl11244|prl21244|zIEBmoHp|2022-03-24
prl11245|prl21245|BVRZTszK|2022-03-24
prl11246|prl21246|nXVOIIHw|2022-03-24
prl11247|prl21247|GxUFCfrx|2022-03-24
prl11248|prl21248|Qtzhxsoi|2022-03-24
prl11249|prl21249|YvRnslnp|2022-03-24
prl11250|prl21250|YSZCDupw|2022-03-24
prl11251|prl21251|UGUWhFiq|2022-03-24
prl11252|prl21252|HUOPBjBb|2022-03-24
prl11253|prl21253|Lixibyby|2022-03-24
prl11254|prl21254|AWEnpcRz|2022-03-24
prl11255|prl21255|RRWCpQjF|2022-03-24
prl11256|prl21256|czSjdrwc|2022-03-24
prl11257|prl21257|EnInGQov|2022-03-24
prl11258|prl21258|jLiyMalN|2022-03-24
prl11259|prl21259|UHdUCLom|2022-03-24
prl11260|prl21260|DrXuxWZv|2022-03-24
prl11261|prl21261|DmsVcKQh|2022-03-24
prl11262|prl21262|QpvSvmmV|2022-03-24
prl11263|prl21263|GObHTHvo|2022-03-24
prl11264|prl21264|BhWzxwts|2022-03-24
prl11265|prl21265|PLOXmVJR|2022-03-24
prl11266|prl21266|zvirkikB|2022-03-24
prl11267|prl21267|laDniHSU|2022-03-24
prl11268|prl21268|XcygOjNM|2022-03-24
prl11269|prl21269|AgZCBonY|2022-03-24
prl11270|prl21270|rjcdfgiO|2022-03-24
prl11271|prl21271|DWNGVWks|2022-03-24
prl11272|prl21272|RsPqsUBJ|2022-03-24
prl11273|prl21273|SwDlOzuZ|2022-03-24
prl11274|prl21274|sZmMrGDC|2022-03-24
prl11275|prl21275|DOBQrRoo|2022-03-24
prl11276|prl21276|QJqJTdOX|2022-03-24
prl11277|prl21277|GsCMUMHw|2022-03-24
prl11278|prl21278|LWeekuGm|2022-03-24
prl11279|prl21279|sDgjwssh|2022-03-24
prl11280|prl21280|rfaonXnE|2022-03-24
prl11281|prl21281|htTWcPhT|2022-03-24
prl11282|prl21282|XMMXkzjp|2022-03-24
prl11283|prl21283|xawAYOSN|2022-03-24
prl11284|prl21284|ocuMTMih|2022-03-24
prl11285|prl21285|wifzJzDk|2022-03-24
prl11286|prl21286|gogBeuiC|2022-03-24
prl11287|prl21287|sPDjetsg|2022-03-24
prl11288|prl21288|VgTcPUuW|2022-03-24
prl11289|prl21289|QtVHyVsJ|2022-03-24
prl11290|prl21290|OcMltUJp|2022-03-24
prl11291|prl21291|rDadwOoY|2022-03-24
prl11292|prl21292|GgUrNnjg|2022-03-24
prl11293|prl21293|QiIbbQMe|2022-03-24
prl11294|prl21294|JpfjWhTd|2022-03-24
prl11295|prl21295|JgolLYXH|2022-03-24
prl11296|prl21296|xUVXnXSS|2022-03-24
prl11297|prl21297|ZCBlSfgx|2022-03-24
prl11298|prl21298|KoSAiXwH|2022-03-24
prl11299|prl21299|EMFxoqLb|2022-03-24
prl11300|prl21300|JORiWyVa|2022-03-24
prl11301|prl21301|NtmeSPFb|2022-03-24
prl11302|prl21302|xwQcYKWG|2022-03-24
prl11303|prl21303|QcfInQUD|2022-03-24
prl11304|prl21304|JhGDrdZI|2022-03-24
prl11305|prl21305|lSBsSyIW|2022-03-24
prl11306|prl21306|eGkqbBka|2022-03-24
prl11307|prl21307|yPUPrFhH|2022-03-24
prl11308|prl21308|vROhveJd|2022-03-24
prl11309|prl21309|rrxbhqfa|2022-03-24
prl11310|prl21310|vJMgavyg|2022-03-24
prl11311|prl21311|gIkCichf|2022-03-24
prl11312|prl21312|PaLJKzDt|2022-03-24
prl11313|prl21313|SwMadbYW|2022-03-24
prl11314|prl21314|noNLjnND|2022-03-24
prl11315|prl21315|PLiHhAyW|2022-03-24
prl11316|prl21316|yAaQpcKp|2022-03-24
prl11317|prl21317|tMKWOfKP|2022-03-24
prl11318|prl21318|kQAmHbsO|2022-03-24
prl11319|prl21319|WkggUhUS|2022-03-24
prl11320|prl21320|jNkJGcsu|2022-03-24
prl11321|prl21321|edUVJSOU|2022-03-24
prl11322|prl21322|FMRiFwEa|2022-03-24
prl11323|prl21323|IxusPBnI|2022-03-24
prl11324|prl21324|ufVaWqVu|2022-03-24
prl11325|prl21325|eAGwWrEI|2022-03-24
prl11326|prl21326|NNFnXpla|2022-03-24
prl11327|prl21327|EtOCxNoT|2022-03-24
prl11328|prl21328|TJdduVSU|2022-03-24
prl11329|prl21329|TyjAckEp|2022-03-24
prl11330|prl21330|otpHkFRy|2022-03-24
prl11331|prl21331|MRFFPrzH|2022-03-24
prl11332|prl21332|juVaKcQk|2022-03-24
prl11333|prl21333|qqZcpPWA|2022-03-24
prl11334|prl21334|jnBBGwXL|2022-03-24
prl11335|prl21335|CdlsqXmw|2022-03-24
prl11336|prl21336|ttsXxBGg|2022-03-24
prl11337|prl21337|pdTmGkZg|2022-03-24
prl11338|prl21338|omzrqukC|2022-03-24
prl11339|prl21339|iRKfTDJm|2022-03-24
prl11340|prl21340|eIWoPIDj|2022-03-24
prl11341|prl21341|YIPYnWUR|2022-03-24
prl11342|prl21342|ReRpUDYO|2022-03-24
prl11343|prl21343|aibotpxm|2022-03-24
prl11344|prl21344|BfAvpaSN|2022-03-24
prl11345|prl21345|hxiYvIPl|2022-03-24
prl11346|prl21346|hxBxHRwi|2022-03-24
prl11347|prl21347|HUGwrvdw|2022-03-24
prl11348|prl21348|ndixpUzk|2022-03-24
prl11349|prl21349|yqMJimTT|2022-03-24
prl11350|prl21350|DlqQrgfO|2022-03-24
prl11351|prl21351|wtjmqxcp|2022-03-24
prl11352|prl21352|GuBsxezz|2022-03-24
prl11353|prl21353|rmEHfYWO|2022-03-24
prl11354|prl21354|taaYDrLL|2022-03-24
prl11355|prl21355|cGjHItjW|2022-03-24
prl11356|prl21356|YIjebWZN|2022-03-24
prl11357|prl21357|FkbSTagc|2022-03-24
prl11358|prl21358|JBEcaKjG|2022-03-24
prl11359|prl21359|jQPoadqg|2022-03-24
prl11360|prl21360|YJGClCXT|2022-03-24
prl11361|prl21361|oawSGOoW|2022-03-24
prl11362|prl21362|KgBWDlab|2022-03-24
prl11363|prl21363|NVMzMIkt|2022-03-24
prl11364|prl21364|byJsYWLw|2022-03-24
prl11365|prl21365|Iotxiesg|2022-03-24
prl11366|prl21366|fRKOqjeB|2022-03-24
prl11367|prl21367|Onttbgzr|2022-03-24
prl11368|prl21368|QpygIIhA|2022-03-24
prl11369|prl21369|UwmNTkEs|2022-03-24
prl11370|prl21370|NRzIlQkv|2022-03-24
prl11371|prl21371|ZgxAoAgp|2022-03-24
prl11372|prl21372|poOetnYh|2022-03-24
prl11373|prl21373|ZXDdzNhi|2022-03-24
prl11374|prl21374|UqwJnGLO|2022-03-24
prl11375|prl21375|ihAVNQEX|2022-03-24
prl11376|prl21376|osZSbNtx|2022-03-24
prl11377|prl21377|sYZuufgd|2022-03-24
prl11378|prl21378|NELXvpim|2022-03-24
prl11379|prl21379|LkzkFmjD|2022-03-24
prl11380|prl21380|TCWykTpL|2022-03-24
prl11381|prl21381|gIcpUBug|2022-03-24
prl11382|prl21382|UgydJSPj|2022-03-24
prl11383|prl21383|xBSVnmMW|2022-03-24
prl11384|prl21384|qLKcIzSR|2022-03-24
prl11385|prl21385|LhTKxcUi|2022-03-24
prl11386|prl21386|SlGfmWqy|2022-03-24
prl11387|prl21387|NFcRztJx|2022-03-24
prl11388|prl21388|sAoClZNO|2022-03-24
prl11389|prl21389|ovzsbGNo|2022-03-24
prl11390|prl21390|ZUtVkBQJ|2022-03-24
prl11391|prl21391|ccpoPkOp|2022-03-24
prl11392|prl21392|jAWnenyX|2022-03-24
prl11393|prl21393|rJAPquob|2022-03-24
prl11394|prl21394|iozQtWSR|2022-03-24
prl11395|prl21395|rJpqRkgV|2022-03-24
prl11396|prl21396|vqKyYsUB|2022-03-24
prl11397|prl21397|ARCwHaVw|2022-03-24
prl11398|prl21398|aXHnnfth|2022-03-24
prl11399|prl21399|kuvTJAME|2022-03-24
prl11400|prl21400|xhdzDeBU|2022-03-24
prl11401|prl21401|RTnHHJPI|2022-03-24
prl11402|prl21402|rEdlvVoW|2022-03-24
prl11403|prl21403|CPhwZFry|2022-03-24
prl11404|prl21404|jSKcfNBx|2022-03-24
prl11405|prl21405|LnbqDVVK|2022-03-24
prl11406|prl21406|bFyvphVJ|2022-03-24
prl11407|prl21407|wvcPzJBJ|2022-03-24
prl11408|prl21408|LtVnviLJ|2022-03-24
prl11409|prl21409|FFqqaNRc|2022-03-24
prl11410|prl21410|jBlMpaiV|2022-03-24
prl11411|prl21411|oRrAUfsc|2022-03-24
prl11412|prl21412|vWeqZccU|2022-03-24
prl11413|prl21413|hjvznkrx|2022-03-24
prl11414|prl21414|pvutVuTe|2022-03-24
prl11415|prl21415|tUTVltmi|2022-03-24
prl11416|prl21416|pzTwtgBv|2022-03-24
prl11417|prl21417|sXJMLlRk|2022-03-24
prl11418|prl21418|xieXGQrY|2022-03-24
prl11419|prl21419|CgsTkXtd|2022-03-24
prl11420|prl21420|oigoLGgc|2022-03-24
prl11421|prl21421|arDqYWGl|2022-03-24
prl11422|prl21422|GoLiYISs|2022-03-24
prl11423|prl21423|tWdahafZ|2022-03-24
prl11424|prl21424|RrOWWfxQ|2022-03-24
prl11425|prl21425|BMBNGkVN|2022-03-24
prl11426|prl21426|gIfNvpGF|2022-03-24
prl11427|prl21427|VzOKrrfl|2022-03-24
prl11428|prl21428|RyFGjpal|2022-03-24
prl11429|prl21429|IbrrKnjn|2022-03-24
prl11430|prl21430|FNgQuIDe|2022-03-24
prl11431|prl21431|kCyxgLpz|2022-03-24
prl11432|prl21432|fSkOWmQF|2022-03-24
prl11433|prl21433|wvrDngzf|2022-03-24
prl11434|prl21434|AbiqnTlW|2022-03-24
prl11435|prl21435|naTehVLx|2022-03-24
prl11436|prl21436|HAcpJIQn|2022-03-24
prl11437|prl21437|hMsyDZwO|2022-03-24
prl11438|prl21438|JTDuQqzw|2022-03-24
prl11439|prl21439|igayEJha|2022-03-24
prl11440|prl21440|ypyGJUlu|2022-03-24
prl11441|prl21441|kdJJNqSg|2022-03-24
prl11442|prl21442|EfbwBhLT|2022-03-24
prl11443|prl21443|kRabQFhR|2022-03-24
prl11444|prl21444|OoUaniUJ|2022-03-24
prl11445|prl21445|josCwwhf|2022-03-24
prl11446|prl21446|VDiLhZYo|2022-03-24
prl11447|prl21447|hKEuXqOQ|2022-03-24
prl11448|prl21448|MHajwLzc|2022-03-24
prl11449|prl21449|iAjztLwx|2022-03-24
prl11450|prl21450|PAbWwMRN|2022-03-24
prl11451|prl21451|qHJUQBuz|2022-03-24
prl11452|prl21452|ZhjXDPsy|2022-03-24
prl11453|prl21453|HsgtfPVF|2022-03-24
prl11454|prl21454|MTwGjdBh|2022-03-24
prl11455|prl21455|RUQVhEAN|2022-03-24
prl11456|prl21456|UVlyoGMw|2022-03-24
prl11457|prl21457|eUzagyOE|2022-03-24
prl11458|prl21458|myayLzuc|2022-03-24
prl11459|prl21459|GwfcHdAk|2022-03-24
prl11460|prl21460|XtuWvbCo|2022-03-24
prl11461|prl21461|sUdhzWMM|2022-03-24
prl11462|prl21462|hYxomWvj|2022-03-24
prl11463|prl21463|vInjKaWS|2022-03-24
prl11464|prl21464|edQLWNnn|2022-03-24
prl11465|prl21465|MeKfUXKe|2022-03-24
prl11466|prl21466|ljVOjwVJ|2022-03-24
prl11467|prl21467|XoWTMqLu|2022-03-24
prl11468|prl21468|AwOwyfDc|2022-03-24
prl11469|prl21469|FBAApQYs|2022-03-24
prl11470|prl21470|UlScxwHw|2022-03-24
prl11471|prl21471|HuweTFRy|2022-03-24
prl11472|prl21472|YhCkHrET|2022-03-24
prl11473|prl21473|YWtzmCht|2022-03-24
prl11474|prl21474|EWCQKnWy|2022-03-24
prl11475|prl21475|WdHXNeVz|2022-03-24
prl11476|prl21476|BksbgFau|2022-03-24
prl11477|prl21477|qduNkYAq|2022-03-24
prl11478|prl21478|SoiexYYV|2022-03-24
prl11479|prl21479|vkuhxDHV|2022-03-24
prl11480|prl21480|tEUbKrdI|2022-03-24
prl11481|prl21481|xjvzbvnj|2022-03-24
prl11482|prl21482|QvOXqLvH|2022-03-24
prl11483|prl21483|owyEgaoE|2022-03-24
prl11484|prl21484|MlOtLHtH|2022-03-24
prl11485|prl21485|esEJBeBm|2022-03-24
prl11486|prl21486|qDGJcTax|2022-03-24
prl11487|prl21487|CoyKVqab|2022-03-24
prl11488|prl21488|bBYqUAoI|2022-03-24
prl11489|prl21489|hnLQoRsS|2022-03-24
prl11490|prl21490|nJeoOaCq|2022-03-24
prl11491|prl21491|UOaSiASg|2022-03-24
prl11492|prl21492|ktEiIqQS|2022-03-24
prl11493|prl21493|XMPfkUlh|2022-03-24
prl11494|prl21494|cSNCbSbK|2022-03-24
prl11495|prl21495|DrkJuSbX|2022-03-24
prl11496|prl21496|RmPaFqcM|2022-03-24
prl11497|prl21497|aUHiDUAX|2022-03-24
prl11498|prl21498|DodQfRQp|2022-03-24
prl11499|prl21499|bHgMenGV|2022-03-24
prl11500|prl21500|ARqgQkBn|2022-03-24
prl11501|prl21501|YHqvFfSn|2022-03-24
prl11502|prl21502|SKplxEVo|2022-03-24
prl11503|prl21503|vlkWFslp|2022-03-24
prl11504|prl21504|ecPHTgBJ|2022-03-24
prl11505|prl21505|aDpQAnFP|2022-03-24
prl11506|prl21506|gWpDQfEA|2022-03-24
prl11507|prl21507|tFMzABuA|2022-03-24
prl11508|prl21508|KtOhCpHq|2022-03-24
prl11509|prl21509|AdTOpPSH|2022-03-24
prl11510|prl21510|zcOjPyWo|2022-03-24
prl11511|prl21511|nWUExoaf|2022-03-24
prl11512|prl21512|PpFnxRuI|2022-03-24
prl11513|prl21513|LNxlsRru|2022-03-24
prl11514|prl21514|UtCGKDXj|2022-03-24
prl11515|prl21515|CrkquHtc|2022-03-24
prl11516|prl21516|esRcoYXJ|2022-03-24
prl11517|prl21517|ThOzRftX|2022-03-24
prl11518|prl21518|PajwPuHb|2022-03-24
prl11519|prl21519|ZKXYMqvL|2022-03-24
prl11520|prl21520|RNAbQGUp|2022-03-24
prl11521|prl21521|YRgwVHBY|2022-03-24
prl11522|prl21522|DxOTtAQc|2022-03-24
prl11523|prl21523|SWpcKKEl|2022-03-24
prl11524|prl21524|FtbEkoON|2022-03-24
prl11525|prl21525|SCNPQvgg|2022-03-24
prl11526|prl21526|gbChGDcc|2022-03-24
prl11527|prl21527|dfRBgnYi|2022-03-24
prl11528|prl21528|KGLNRMiY|2022-03-24
prl11529|prl21529|DrTOQODa|2022-03-24
prl11530|prl21530|wCEsilpW|2022-03-24
prl11531|prl21531|NhRvWFod|2022-03-24
prl11532|prl21532|FTOcbuCF|2022-03-24
prl11533|prl21533|bREXUIyt|2022-03-24
prl11534|prl21534|RfeAqQmZ|2022-03-24
prl11535|prl21535|XvpVrcVC|2022-03-24
prl11536|prl21536|lXXcRdFO|2022-03-24
prl11537|prl21537|xYGlQWvs|2022-03-24
prl11538|prl21538|ctnNHAQN|2022-03-24
prl11539|prl21539|TMafKbdF|2022-03-24
prl11540|prl21540|xcgsVACV|2022-03-24
prl11541|prl21541|CrgKtHXM|2022-03-24
prl11542|prl21542|UdNYloFs|2022-03-24
prl11543|prl21543|rgoJiJBG|2022-03-24
prl11544|prl21544|tuyEypvD|2022-03-24
prl11545|prl21545|PDNqxPtM|2022-03-24
prl11546|prl21546|nxssDfNh|2022-03-24
prl11547|prl21547|NxgOTzFx|2022-03-24
prl11548|prl21548|zkLjPLHg|2022-03-24
prl11549|prl21549|tgIruFIg|2022-03-24
prl11550|prl21550|ciwiIzXq|2022-03-24
prl11551|prl21551|zBgVaUkU|2022-03-24
prl11552|prl21552|uIHTTmjy|2022-03-24
prl11553|prl21553|RveFjwHf|2022-03-24
prl11554|prl21554|OhsBJFeF|2022-03-24
prl11555|prl21555|qbwyebcp|2022-03-24
prl11556|prl21556|OHxVKWlt|2022-03-24
prl11557|prl21557|CvofzeZj|2022-03-24
prl11558|prl21558|OQyDCorO|2022-03-24
prl11559|prl21559|JLQmTuTh|2022-03-24
prl11560|prl21560|eHExzeZN|2022-03-24
prl11561|prl21561|WVeGubYQ|2022-03-24
prl11562|prl21562|hwQpbKZE|2022-03-24
prl11563|prl21563|NgTBtbKZ|2022-03-24
prl11564|prl21564|sUyntMSz|2022-03-24
prl11565|prl21565|TrmuSmRX|2022-03-24
prl11566|prl21566|cfwjHKsp|2022-03-24
prl11567|prl21567|UzJKgqIe|2022-03-24
prl11568|prl21568|zTYgDOVW|2022-03-24
prl11569|prl21569|KTFaJSvp|2022-03-24
prl11570|prl21570|aTusMAht|2022-03-24
prl11571|prl21571|LLagptOr|2022-03-24
prl11572|prl21572|zRykwGco|2022-03-24
prl11573|prl21573|gwVrEWYu|2022-03-24
prl11574|prl21574|bCWnIvdx|2022-03-24
prl11575|prl21575|nhzYuUvn|2022-03-24
prl11576|prl21576|nyVHqqAB|2022-03-24
prl11577|prl21577|HTKpOnyN|2022-03-24
prl11578|prl21578|yyFWzxyN|2022-03-24
prl11579|prl21579|FHrHaXVR|2022-03-24
prl11580|prl21580|WGsuBCAx|2022-03-24
prl11581|prl21581|LwOnpnEN|2022-03-24
prl11582|prl21582|PgvjFfSm|2022-03-24
prl11583|prl21583|zkqbsRCW|2022-03-24
prl11584|prl21584|VxBcAeFo|2022-03-24
prl11585|prl21585|eRtMuufv|2022-03-24
prl11586|prl21586|adbCwPtG|2022-03-24
prl11587|prl21587|dhDzeacF|2022-03-24
prl11588|prl21588|XpGclvit|2022-03-24
prl11589|prl21589|XhZJnQAw|2022-03-24
prl11590|prl21590|nEBStUhu|2022-03-24
prl11591|prl21591|GqyoXeyF|2022-03-24
prl11592|prl21592|VuyxbeDM|2022-03-24
prl11593|prl21593|eocFfOxu|2022-03-24
prl11594|prl21594|ltvlHdGQ|2022-03-24
prl11595|prl21595|GmXUrCoc|2022-03-24
prl11596|prl21596|DakqbBke|2022-03-24
prl11597|prl21597|nRzEStAB|2022-03-24
prl11598|prl21598|wlXrfGWm|2022-03-24
prl11599|prl21599|ZnKEGalw|2022-03-24
prl11600|prl21600|hYLqkBgR|2022-03-24
prl11601|prl21601|hVxMuWIl|2022-03-24
prl11602|prl21602|AYwLgNpy|2022-03-24
prl11603|prl21603|npbeRxqJ|2022-03-24
prl11604|prl21604|zGQYkyHN|2022-03-24
prl11605|prl21605|LCXIsAmX|2022-03-24
prl11606|prl21606|ALjsmfBl|2022-03-24
prl11607|prl21607|PCURnMMM|2022-03-24
prl11608|prl21608|flPcqUrC|2022-03-24
prl11609|prl21609|cOqoJuHg|2022-03-24
prl11610|prl21610|WAMoMtgN|2022-03-24
prl11611|prl21611|pzLhDHeZ|2022-03-24
prl11612|prl21612|mrIWKsfv|2022-03-24
prl11613|prl21613|mGiYRHVz|2022-03-24
prl11614|prl21614|YMDstsrp|2022-03-24
prl11615|prl21615|NQRcgXLI|2022-03-24
prl11616|prl21616|ksjhOhyd|2022-03-24
prl11617|prl21617|LhKcwNSM|2022-03-24
prl11618|prl21618|UCvaIOue|2022-03-24
prl11619|prl21619|AjEyfyio|2022-03-24
prl11620|prl21620|OlcZYzIj|2022-03-24
prl11621|prl21621|OvlLOtwP|2022-03-24
prl11622|prl21622|FfDtuFTW|2022-03-24
prl11623|prl21623|uLkjjvja|2022-03-24
prl11624|prl21624|cprFoEkd|2022-03-24
prl11625|prl21625|IWvvsWOJ|2022-03-24
prl11626|prl21626|vJqZwJyB|2022-03-24
prl11627|prl21627|rUiHZcZW|2022-03-24
prl11628|prl21628|FvKNktDQ|2022-03-24
prl11629|prl21629|TSYidsRE|2022-03-24
prl11630|prl21630|EvDaYtcP|2022-03-24
prl11631|prl21631|AYJmHFaG|2022-03-24
prl11632|prl21632|IgMHpqwb|2022-03-24
prl11633|prl21633|iELbKemQ|2022-03-24
prl11634|prl21634|ZMvPolVb|2022-03-24
prl11635|prl21635|zEKKUnuM|2022-03-24
prl11636|prl21636|CYyGesEF|2022-03-24
prl11637|prl21637|eekzMrkq|2022-03-24
prl11638|prl21638|SrKJVskX|2022-03-24
prl11639|prl21639|tQPUbhCQ|2022-03-24
prl11640|prl21640|aNWPnfgT|2022-03-24
prl11641|prl21641|yUzeCpbH|2022-03-24
prl11642|prl21642|YaXKixtL|2022-03-24
prl11643|prl21643|FtROhnbL|2022-03-24
prl11644|prl21644|nxernoLf|2022-03-24
prl11645|prl21645|WWgaczCI|2022-03-24
prl11646|prl21646|ibBazqKm|2022-03-24
prl11647|prl21647|IGGOKqIT|2022-03-24
prl11648|prl21648|CNvzjdmo|2022-03-24
prl11649|prl21649|CmUlMTEs|2022-03-24
prl11650|prl21650|iauStuQk|2022-03-24
prl11651|prl21651|cGXwDfxD|2022-03-24
prl11652|prl21652|COmzvkbn|2022-03-24
prl11653|prl21653|bYgWIlzU|2022-03-24
prl11654|prl21654|kkZRrhBy|2022-03-24
prl11655|prl21655|IKGGBxFW|2022-03-24
prl11656|prl21656|bTLGlTWw|2022-03-24
prl11657|prl21657|JfIqlHBA|2022-03-24
prl11658|prl21658|RqOlTpPS|2022-03-24
prl11659|prl21659|HFNnHMDC|2022-03-24
prl11660|prl21660|zPBLgosl|2022-03-24
prl11661|prl21661|iNhUifyP|2022-03-24
prl11662|prl21662|vplrthTa|2022-03-24
prl11663|prl21663|NqcXUWbt|2022-03-24
prl11664|prl21664|EugcgfIT|2022-03-24
prl11665|prl21665|aLVlGcIi|2022-03-24
prl11666|prl21666|KXCSkvvR|2022-03-24
prl11667|prl21667|cKOVhNxp|2022-03-24
prl11668|prl21668|zjoRmzWo|2022-03-24
prl11669|prl21669|FGmEBMDY|2022-03-24
prl11670|prl21670|wjxGzTip|2022-03-24
prl11671|prl21671|nPGVkGwB|2022-03-24
prl11672|prl21672|zPgYUDPq|2022-03-24
prl11673|prl21673|dUslHIde|2022-03-24
prl11674|prl21674|kXRILzzf|2022-03-24
prl11675|prl21675|gJnOemIK|2022-03-24
prl11676|prl21676|SMmJYdgk|2022-03-24
prl11677|prl21677|JcSPKRHL|2022-03-24
prl11678|prl21678|MtBWuiMK|2022-03-24
prl11679|prl21679|GRDsJuAy|2022-03-24
prl11680|prl21680|VqmhxUOI|2022-03-24
prl11681|prl21681|HXpvMCxL|2022-03-24
prl11682|prl21682|aYMojuxL|2022-03-24
prl11683|prl21683|BEEJbXzU|2022-03-24
prl11684|prl21684|YWExqBRP|2022-03-24
prl11685|prl21685|GpwhQyAS|2022-03-24
prl11686|prl21686|MnEgEnQn|2022-03-24
prl11687|prl21687|XpGkvSbj|2022-03-24
prl11688|prl21688|GDNEDYsE|2022-03-24
prl11689|prl21689|uemKTAhd|2022-03-24
prl11690|prl21690|voPSRyUY|2022-03-24
prl11691|prl21691|FSBYqZKf|2022-03-24
prl11692|prl21692|UnTjunZt|2022-03-24
prl11693|prl21693|UBPakiXM|2022-03-24
prl11694|prl21694|uLqRZOul|2022-03-24
prl11695|prl21695|ldayEuUR|2022-03-24
prl11696|prl21696|cHbOgPHw|2022-03-24
prl11697|prl21697|tGzxUozU|2022-03-24
prl11698|prl21698|ynpMFkNx|2022-03-24
prl11699|prl21699|OHXDRtJB|2022-03-24
prl11700|prl21700|pCCLIHXM|2022-03-24
prl11701|prl21701|NtvnDWLe|2022-03-24
prl11702|prl21702|RCfcNzOE|2022-03-24
prl11703|prl21703|vgSIFBiL|2022-03-24
prl11704|prl21704|yHkdMiKq|2022-03-24
prl11705|prl21705|LEsfylhP|2022-03-24
prl11706|prl21706|hXOIyENt|2022-03-24
prl11707|prl21707|shxJjfmF|2022-03-24
prl11708|prl21708|YbLGYtbS|2022-03-24
prl11709|prl21709|ayTcHmyl|2022-03-24
prl11710|prl21710|PHzZdFAI|2022-03-24
prl11711|prl21711|EOAYOeJD|2022-03-24
prl11712|prl21712|uaSpOcLG|2022-03-24
prl11713|prl21713|YZnZoNnW|2022-03-24
prl11714|prl21714|YzwTOJEU|2022-03-24
prl11715|prl21715|ziQElaSd|2022-03-24
prl11716|prl21716|CagFIIJq|2022-03-24
prl11717|prl21717|FbMKjUoq|2022-03-24
prl11718|prl21718|IBdtfoRD|2022-03-24
prl11719|prl21719|trozTvBP|2022-03-24
prl11720|prl21720|VfjNMbzd|2022-03-24
prl11721|prl21721|OxRZsnWF|2022-03-24
prl11722|prl21722|YnwFPBbC|2022-03-24
prl11723|prl21723|VRzBmyfO|2022-03-24
prl11724|prl21724|coxYmnXV|2022-03-24
prl11725|prl21725|yVMXYreN|2022-03-24
prl11726|prl21726|AgWLapIf|2022-03-24
prl11727|prl21727|qoYjvxOG|2022-03-24
prl11728|prl21728|AZxZkjSM|2022-03-24
prl11729|prl21729|XKqafWAw|2022-03-24
prl11730|prl21730|bEuPNlaP|2022-03-24
prl11731|prl21731|aJeLjnmP|2022-03-24
prl11732|prl21732|XLoYCbGm|2022-03-24
prl11733|prl21733|RdHAWhkz|2022-03-24
prl11734|prl21734|OuwwOrjD|2022-03-24
prl11735|prl21735|KLCjKfwb|2022-03-24
prl11736|prl21736|HaitvFsS|2022-03-24
prl11737|prl21737|IQGYyvKJ|2022-03-24
prl11738|prl21738|sAQlvbPz|2022-03-24
prl11739|prl21739|RvdPSqNe|2022-03-24
prl11740|prl21740|mGkfNcwb|2022-03-24
prl11741|prl21741|fRMUeisI|2022-03-24
prl11742|prl21742|kakumSHr|2022-03-24
prl11743|prl21743|kooqHNaO|2022-03-24
prl11744|prl21744|pbZNfSEE|2022-03-24
prl11745|prl21745|JOubMZSo|2022-03-24
prl11746|prl21746|aehjzhQf|2022-03-24
prl11747|prl21747|FllOqXQK|2022-03-24
prl11748|prl21748|LJvKorHk|2022-03-24
prl11749|prl21749|BArVhcjE|2022-03-24
prl11750|prl21750|MOKGkYut|2022-03-24
prl11751|prl21751|inpTkFAl|2022-03-24
prl11752|prl21752|kuxttfkS|2022-03-24
prl11753|prl21753|voXwkIWH|2022-03-24
prl11754|prl21754|OjipSLko|2022-03-24
prl11755|prl21755|vJAeCcxO|2022-03-24
prl11756|prl21756|iUhRUIIB|2022-03-24
prl11757|prl21757|kjwwyBHi|2022-03-24
prl11758|prl21758|CKzSwIVo|2022-03-24
prl11759|prl21759|KPovJbov|2022-03-24
prl11760|prl21760|YPlCiCaG|2022-03-24
prl11761|prl21761|bdJWGFTf|2022-03-24
prl11762|prl21762|EkZrDOAd|2022-03-24
prl11763|prl21763|QUGrbKJN|2022-03-24
prl11764|prl21764|qRaOApGu|2022-03-24
prl11765|prl21765|OgedxtsL|2022-03-24
prl11766|prl21766|lAFufntI|2022-03-24
prl11767|prl21767|yWEGRziZ|2022-03-24
prl11768|prl21768|BftlPNMz|2022-03-24
prl11769|prl21769|AVdhMmeX|2022-03-24
prl11770|prl21770|ogMeGeMy|2022-03-24
prl11771|prl21771|sxbWLDLn|2022-03-24
prl11772|prl21772|ZvBNCluw|2022-03-24
prl11773|prl21773|xVgzJZqz|2022-03-24
prl11774|prl21774|bDOMWyOf|2022-03-24
prl11775|prl21775|dhrvQJjP|2022-03-24
prl11776|prl21776|nCwyFFDy|2022-03-24
prl11777|prl21777|YTnHQPCt|2022-03-24
prl11778|prl21778|JVBbwoYg|2022-03-24
prl11779|prl21779|aamSvxiQ|2022-03-24
prl11780|prl21780|vMFMoHQV|2022-03-24
prl11781|prl21781|IgLYdwcO|2022-03-24
prl11782|prl21782|BWIGsIdM|2022-03-24
prl11783|prl21783|iZVGOScJ|2022-03-24
prl11784|prl21784|ObVQaIwf|2022-03-24
prl11785|prl21785|dbqkhHLd|2022-03-24
prl11786|prl21786|fWidYtnJ|2022-03-24
prl11787|prl21787|jsuWvfYn|2022-03-24
prl11788|prl21788|GJEkZZen|2022-03-24
prl11789|prl21789|UOMhwHAK|2022-03-24
prl11790|prl21790|gLUmQnfp|2022-03-24
prl11791|prl21791|lbbsiEAz|2022-03-24
prl11792|prl21792|GeozgwFT|2022-03-24
prl11793|prl21793|TWSKJTLP|2022-03-24
prl11794|prl21794|CGCgTMlV|2022-03-24
prl11795|prl21795|tAKcKoSs|2022-03-24
prl11796|prl21796|PZsmgLcc|2022-03-24
prl11797|prl21797|iRQkmqHB|2022-03-24
prl11798|prl21798|eIFDKugt|2022-03-24
prl11799|prl21799|GDyTlnLn|2022-03-24
prl11800|prl21800|yJdncecE|2022-03-24
prl11801|prl21801|bmiXopZY|2022-03-24
prl11802|prl21802|GGPVbaKx|2022-03-24
prl11803|prl21803|hLmBLqRL|2022-03-24
prl11804|prl21804|pLdUERZf|2022-03-24
prl11805|prl21805|kxJHsEog|2022-03-24
prl11806|prl21806|rzKZnOJV|2022-03-24
prl11807|prl21807|KreYVAgb|2022-03-24
prl11808|prl21808|jgJBdSYF|2022-03-24
prl11809|prl21809|KtpkdVFE|2022-03-24
prl11810|prl21810|zpNNOekf|2022-03-24
prl11811|prl21811|sjJkdXNC|2022-03-24
prl11812|prl21812|qcsoREDS|2022-03-24
prl11813|prl21813|ENqBaonq|2022-03-24
prl11814|prl21814|yRyxhlhV|2022-03-24
prl11815|prl21815|oBkRcMuW|2022-03-24
prl11816|prl21816|jYDQhdPv|2022-03-24
prl11817|prl21817|FfwJoOmI|2022-03-24
prl11818|prl21818|njlRJkqY|2022-03-24
prl11819|prl21819|vJObpYsy|2022-03-24
prl11820|prl21820|czVareKG|2022-03-24
prl11821|prl21821|TfakhtYv|2022-03-24
prl11822|prl21822|BASBhrAR|2022-03-24
prl11823|prl21823|HHaffDgJ|2022-03-24
prl11824|prl21824|gzJGNSqb|2022-03-24
prl11825|prl21825|xpeSXXoA|2022-03-24
prl11826|prl21826|PGhQRQvv|2022-03-24
prl11827|prl21827|SYBvQswT|2022-03-24
prl11828|prl21828|Lzbdaioh|2022-03-24
prl11829|prl21829|QwuQpsNC|2022-03-24
prl11830|prl21830|lLWNJpMG|2022-03-24
prl11831|prl21831|xznbcGBu|2022-03-24
prl11832|prl21832|UEKCeamP|2022-03-24
prl11833|prl21833|XWzLoKnn|2022-03-24
prl11834|prl21834|sqGxRbQO|2022-03-24
prl11835|prl21835|SUhWQdno|2022-03-24
prl11836|prl21836|LJKuJzsm|2022-03-24
prl11837|prl21837|qUxzCojp|2022-03-24
prl11838|prl21838|zEuLBGbk|2022-03-24
prl11839|prl21839|tdrrQZjg|2022-03-24
prl11840|prl21840|SjsTpLeQ|2022-03-24
prl11841|prl21841|fnVGeIRF|2022-03-24
prl11842|prl21842|BJfQWzwa|2022-03-24
prl11843|prl21843|dGorwvyg|2022-03-24
prl11844|prl21844|CwNvmKZr|2022-03-24
prl11845|prl21845|mOIZIPml|2022-03-24
prl11846|prl21846|davSShfa|2022-03-24
prl11847|prl21847|JdsCbXFc|2022-03-24
prl11848|prl21848|pBuNiyev|2022-03-24
prl11849|prl21849|DcepkPFV|2022-03-24
prl11850|prl21850|NhSgTOrb|2022-03-24
prl11851|prl21851|pwLfDbmy|2022-03-24
prl11852|prl21852|RELuJeLW|2022-03-24
prl11853|prl21853|QarVfBtw|2022-03-24
prl11854|prl21854|Srzsqvqa|2022-03-24
prl11855|prl21855|rkcBhDuR|2022-03-24
prl11856|prl21856|lWSPFdTO|2022-03-24
prl11857|prl21857|AFjSaEqE|2022-03-24
prl11858|prl21858|fKDsYrMP|2022-03-24
prl11859|prl21859|cAQFFfYM|2022-03-24
prl11860|prl21860|GfHEEuei|2022-03-24
prl11861|prl21861|SPWJuBvQ|2022-03-24
prl11862|prl21862|OcTSDTfy|2022-03-24
prl11863|prl21863|IwFIfMqw|2022-03-24
prl11864|prl21864|AYSfOyKI|2022-03-24
prl11865|prl21865|iIdHIiRQ|2022-03-24
prl11866|prl21866|ZhBDqoGM|2022-03-24
prl11867|prl21867|LkUYJVyP|2022-03-24
prl11868|prl21868|vKcCshcq|2022-03-24
prl11869|prl21869|spMmofis|2022-03-24
prl11870|prl21870|cnWWqUMk|2022-03-24
prl11871|prl21871|VCoxxBYL|2022-03-24
prl11872|prl21872|qtyKsVnM|2022-03-24
prl11873|prl21873|ISehfJRI|2022-03-24
prl11874|prl21874|ZptMENqq|2022-03-24
prl11875|prl21875|mgkIjiIG|2022-03-24
prl11876|prl21876|ctotdFGN|2022-03-24
prl11877|prl21877|oqESwAYj|2022-03-24
prl11878|prl21878|zFdvRsOB|2022-03-24
prl11879|prl21879|khyXrVAB|2022-03-24
prl11880|prl21880|PmmlZzhj|2022-03-24
prl11881|prl21881|SHdcaLOP|2022-03-24
prl11882|prl21882|YWAqhNDz|2022-03-24
prl11883|prl21883|UJcubrDD|2022-03-24
prl11884|prl21884|jaoHvplN|2022-03-24
prl11885|prl21885|rPbHpaDv|2022-03-24
prl11886|prl21886|UpSTypTW|2022-03-24
prl11887|prl21887|zyrCObHs|2022-03-24
prl11888|prl21888|rPAZrgek|2022-03-24
prl11889|prl21889|fuzgTLDe|2022-03-24
prl11890|prl21890|mXhhynZw|2022-03-24
prl11891|prl21891|VniZzOvN|2022-03-24
prl11892|prl21892|wdCVnzDf|2022-03-24
prl11893|prl21893|MBvjttYx|2022-03-24
prl11894|prl21894|nYewuHcW|2022-03-24
prl11895|prl21895|HHdvPXao|2022-03-24
prl11896|prl21896|IkniwezI|2022-03-24
prl11897|prl21897|JFnihwio|2022-03-24
prl11898|prl21898|lrMytrTz|2022-03-24
prl11899|prl21899|VDvLjbEF|2022-03-24
prl11900|prl21900|cKQljhZc|2022-03-24
prl11901|prl21901|pcGAfxIZ|2022-03-24
prl11902|prl21902|fmYEdMCB|2022-03-24
prl11903|prl21903|EplaRaAS|2022-03-24
prl11904|prl21904|vOCLfqfT|2022-03-24
prl11905|prl21905|WRITAoyg|2022-03-24
prl11906|prl21906|DEDBsrjS|2022-03-24
prl11907|prl21907|CBczIgEd|2022-03-24
prl11908|prl21908|ThnItJzk|2022-03-24
prl11909|prl21909|GMXPMnSv|2022-03-24
prl11910|prl21910|AhDLHGPO|2022-03-24
prl11911|prl21911|LcUPfflJ|2022-03-24
prl11912|prl21912|tbIPcYkO|2022-03-24
prl11913|prl21913|cJaSHKwG|2022-03-24
prl11914|prl21914|ewvcGory|2022-03-24
prl11915|prl21915|fnyZqANb|2022-03-24
prl11916|prl21916|PSBYSMpD|2022-03-24
prl11917|prl21917|DrypqADE|2022-03-24
prl11918|prl21918|SqHWYzNP|2022-03-24
prl11919|prl21919|hrMMUgao|2022-03-24
prl11920|prl21920|gwFrbFbr|2022-03-24
prl11921|prl21921|kQQUTDLh|2022-03-24
prl11922|prl21922|dujAxKeT|2022-03-24
prl11923|prl21923|BXCZeJMr|2022-03-24
prl11924|prl21924|aFKqMQsa|2022-03-24
prl11925|prl21925|yfHbYffz|2022-03-24
prl11926|prl21926|bCizRFZp|2022-03-24
prl11927|prl21927|NgHEzfnQ|2022-03-24
prl11928|prl21928|FHEvDRrO|2022-03-24
prl11929|prl21929|YmZnymOo|2022-03-24
prl11930|prl21930|FeZmyAyD|2022-03-24
prl11931|prl21931|ZXPREFUD|2022-03-24
prl11932|prl21932|SmcxgmnQ|2022-03-24
prl11933|prl21933|QDgzjizb|2022-03-24
prl11934|prl21934|RlWzsVXC|2022-03-24
prl11935|prl21935|qmlAcjWP|2022-03-24
prl11936|prl21936|VQwgHiSR|2022-03-24
prl11937|prl21937|TmDkxbWR|2022-03-24
prl11938|prl21938|sjmQAYPr|2022-03-24
prl11939|prl21939|GcGMVCyE|2022-03-24
prl11940|prl21940|QwlOHoEY|2022-03-24
prl11941|prl21941|qOnfvnRX|2022-03-24
prl11942|prl21942|xbNjfivY|2022-03-24
prl11943|prl21943|ZequwEXP|2022-03-24
prl11944|prl21944|tiphpSwO|2022-03-24
prl11945|prl21945|fxVaycfS|2022-03-24
prl11946|prl21946|BzLZxPNZ|2022-03-24
prl11947|prl21947|zBsjbbOK|2022-03-24
prl11948|prl21948|WKDMpgmS|2022-03-24
prl11949|prl21949|pZzZPXUD|2022-03-24
prl11950|prl21950|OBRfCizJ|2022-03-24
prl11951|prl21951|UyDAdOvF|2022-03-24
prl11952|prl21952|NcNmxVLc|2022-03-24
prl11953|prl21953|lDUCVBAf|2022-03-24
prl11954|prl21954|ZFZiKxVh|2022-03-24
prl11955|prl21955|onEmsyau|2022-03-24
prl11956|prl21956|qxawPjNS|2022-03-24
prl11957|prl21957|qEgyZphD|2022-03-24
prl11958|prl21958|NvlWpznR|2022-03-24
prl11959|prl21959|JayFbOFz|2022-03-24
prl11960|prl21960|qJtDnhFy|2022-03-24
prl11961|prl21961|JbUlNKqZ|2022-03-24
prl11962|prl21962|CVxqovMm|2022-03-24
prl11963|prl21963|pKntxkpM|2022-03-24
prl11964|prl21964|hwPUyVtV|2022-03-24
prl11965|prl21965|tAzbcpZD|2022-03-24
prl11966|prl21966|NcFaNatq|2022-03-24
prl11967|prl21967|FKUvMoAT|2022-03-24
prl11968|prl21968|OsrpFLMl|2022-03-24
prl11969|prl21969|KbqGopJe|2022-03-24
prl11970|prl21970|kHsQBOST|2022-03-24
prl11971|prl21971|htntAlXw|2022-03-24
prl11972|prl21972|hiItZtap|2022-03-24
prl11973|prl21973|XBlOcYJq|2022-03-24
prl11974|prl21974|hQLmDxMx|2022-03-24
prl11975|prl21975|LJePKYAz|2022-03-24
prl11976|prl21976|spPfoMnx|2022-03-24
prl11977|prl21977|aSldwtBL|2022-03-24
prl11978|prl21978|ADjfEubJ|2022-03-24
prl11979|prl21979|VrTolZLm|2022-03-24
prl11980|prl21980|fSPcFwFf|2022-03-24
prl11981|prl21981|pgatjYWd|2022-03-24
prl11982|prl21982|sJUXBLRB|2022-03-24
prl11983|prl21983|ADfuPVPD|2022-03-24
prl11984|prl21984|XCZezwEj|2022-03-24
prl11985|prl21985|UlQMFxqj|2022-03-24
prl11986|prl21986|pMYXXwBm|2022-03-24
prl11987|prl21987|gblcHeef|2022-03-24
prl11988|prl21988|BMarBzMC|2022-03-24
prl11989|prl21989|JTDFNPEd|2022-03-24
prl11990|prl21990|eZlIltbS|2022-03-24
prl11991|prl21991|umWmSbSo|2022-03-24
prl11992|prl21992|fvqtUzex|2022-03-24
prl11993|prl21993|cdMizOnI|2022-03-24
prl11994|prl21994|QjdEaAHE|2022-03-24
prl11995|prl21995|SCjUOPNs|2022-03-24
prl11996|prl21996|dNgnWvzw|2022-03-24
prl11997|prl21997|KvenUCjt|2022-03-24
prl11998|prl21998|IogULPRa|2022-03-24
prl11999|prl21999|oTuPsZkl|2022-03-24
prl12000|prl22000|qtnGnnCc|2022-03-24
