Transaction_ID|Pension_Plan_Number|Account_ID|Cheque_Type|Cheque_Number|Reference_Date
trns1001|NKmOSuyF|accn1001|bearer cheque|1984|2022-03-24
trns1002|EyIWIKVJ|accn1002|personal cheque|9503|2022-03-24
trns1003|AnhdmJcU|accn1003|bearer cheque|6438|2022-03-24
trns1004|FjPRsSnC|accn1004|personal cheque|9154|2022-03-24
trns1005|cVKtKlqN|accn1005|bearer cheque|1511|2022-03-24
trns1006|BLXOupAi|accn1006|personal cheque|2267|2022-03-24
trns1007|qlMNUFgw|accn1007|bearer cheque|6536|2022-03-24
trns1008|ApiLVBFj|accn1008|personal cheque|3074|2022-03-24
trns1009|NlYULyJD|accn1009|bearer cheque|6562|2022-03-24
trns1010|txFjyhXh|accn1010|bearer cheque|1197|2022-03-24
trns1011|GsKfufEQ|accn1011|personal cheque|640|2022-03-24
trns1012|fxucVfDr|accn1012|bearer cheque|9247|2022-03-24
trns1013|kneNcoCA|accn1013|personal cheque|9391|2022-03-24
trns1014|MGACamOs|accn1014|bearer cheque|4487|2022-03-24
trns1015|jbVPxjNn|accn1015|personal cheque|9134|2022-03-24
trns1016|zoJyYXnK|accn1016|bearer cheque|6038|2022-03-24
trns1017|OtMydRMe|accn1017|personal cheque|1401|2022-03-24
trns1018|tofwlCKr|accn1018|bearer cheque|8261|2022-03-24
trns1019|JQrVbYwp|accn1019|personal cheque|5970|2022-03-24
trns1020|HOwKpIqK|accn1020|personal cheque|4713|2022-03-24
trns1021|cxAfyCci|accn1021|personal cheque|1687|2022-03-24
trns1022|iwRcOCOW|accn1022|bearer cheque|7303|2022-03-24
trns1023|rDFMcNvX|accn1023|bearer cheque|2870|2022-03-24
trns1024|EZKQflBA|accn1024|personal cheque|9071|2022-03-24
trns1025|qfmKCTpl|accn1025|personal cheque|4290|2022-03-24
trns1026|zEhPGXgE|accn1026|personal cheque|3982|2022-03-24
trns1027|nWjfWfmn|accn1027|personal cheque|3885|2022-03-24
trns1028|lEifNQUE|accn1028|bearer cheque|9655|2022-03-24
trns1029|xOIFUZVU|accn1029|personal cheque|3959|2022-03-24
trns1030|arnNncnO|accn1030|bearer cheque|4011|2022-03-24
trns1031|wuRolGbB|accn1031|bearer cheque|5279|2022-03-24
trns1032|FipaHhIw|accn1032|bearer cheque|7666|2022-03-24
trns1033|HFotTiPg|accn1033|bearer cheque|4009|2022-03-24
trns1034|szblYOJB|accn1034|personal cheque|3629|2022-03-24
trns1035|FvcAuvSc|accn1035|bearer cheque|7049|2022-03-24
trns1036|frhKEIjb|accn1036|bearer cheque|644|2022-03-24
trns1037|vJYYmBBV|accn1037|bearer cheque|8776|2022-03-24
trns1038|drfmrgZG|accn1038|bearer cheque|4541|2022-03-24
trns1039|nFTfluuq|accn1039|personal cheque|6766|2022-03-24
trns1040|SGeMxMXH|accn1040|personal cheque|8226|2022-03-24
trns1041|WzLkoeVh|accn1041|bearer cheque|8523|2022-03-24
trns1042|rVDqKslJ|accn1042|personal cheque|5880|2022-03-24
trns1043|nNmSVeyV|accn1043|personal cheque|4798|2022-03-24
trns1044|qyzdopJF|accn1044|bearer cheque|2511|2022-03-24
trns1045|gWVbTJAx|accn1045|bearer cheque|7226|2022-03-24
trns1046|lPZnFcBZ|accn1046|bearer cheque|5663|2022-03-24
trns1047|hhheYOFB|accn1047|personal cheque|5112|2022-03-24
trns1048|AsYQOOoW|accn1048|personal cheque|381|2022-03-24
trns1049|bItEiYiT|accn1049|personal cheque|5186|2022-03-24
trns1050|TZvXoHPe|accn1050|bearer cheque|4673|2022-03-24
trns1051|SDBgrGDH|accn1051|bearer cheque|8737|2022-03-24
trns1052|NVXHXACN|accn1052|bearer cheque|6474|2022-03-24
trns1053|bisKIjai|accn1053|bearer cheque|4410|2022-03-24
trns1054|mNFuSTKx|accn1054|personal cheque|9449|2022-03-24
trns1055|cbTNUIYv|accn1055|bearer cheque|6464|2022-03-24
trns1056|hMKwPmdv|accn1056|personal cheque|2643|2022-03-24
trns1057|AZysvupI|accn1057|bearer cheque|4154|2022-03-24
trns1058|CtafVhET|accn1058|personal cheque|8637|2022-03-24
trns1059|EwBDcHDA|accn1059|personal cheque|7748|2022-03-24
trns1060|WVDAGQuq|accn1060|bearer cheque|2201|2022-03-24
trns1061|EahsmAWf|accn1061|bearer cheque|4053|2022-03-24
trns1062|swlgiEgk|accn1062|bearer cheque|9927|2022-03-24
trns1063|UuDePXUV|accn1063|bearer cheque|5524|2022-03-24
trns1064|ThXnDbwU|accn1064|personal cheque|3004|2022-03-24
trns1065|MVGiTcXZ|accn1065|personal cheque|7456|2022-03-24
trns1066|BcCKkzie|accn1066|personal cheque|6942|2022-03-24
trns1067|xCstitfP|accn1067|bearer cheque|4994|2022-03-24
trns1068|bGiCXVlJ|accn1068|bearer cheque|4185|2022-03-24
trns1069|wuWPdqhw|accn1069|bearer cheque|6229|2022-03-24
trns1070|sXXsQbWz|accn1070|personal cheque|7854|2022-03-24
trns1071|dXSeovlL|accn1071|personal cheque|7131|2022-03-24
trns1072|XROqkgcf|accn1072|bearer cheque|9424|2022-03-24
trns1073|gDXdbhlj|accn1073|personal cheque|1326|2022-03-24
trns1074|KBtKqBGb|accn1074|bearer cheque|5034|2022-03-24
trns1075|QiWnfrsJ|accn1075|personal cheque|7018|2022-03-24
trns1076|wIdchsRZ|accn1076|personal cheque|8745|2022-03-24
trns1077|PltUuRVU|accn1077|bearer cheque|6266|2022-03-24
trns1078|aQTqIHeg|accn1078|personal cheque|5840|2022-03-24
trns1079|LBKrqXql|accn1079|bearer cheque|6736|2022-03-24
trns1080|xgenHxCC|accn1080|personal cheque|4131|2022-03-24
trns1081|PiGTjSee|accn1081|personal cheque|8607|2022-03-24
trns1082|VlWRGCda|accn1082|bearer cheque|9892|2022-03-24
trns1083|wDhyRFRe|accn1083|personal cheque|8214|2022-03-24
trns1084|yYeJmgAS|accn1084|bearer cheque|6716|2022-03-24
trns1085|IKAFloxp|accn1085|personal cheque|5105|2022-03-24
trns1086|WOqpLNih|accn1086|personal cheque|3100|2022-03-24
trns1087|wJxQrjpp|accn1087|bearer cheque|1639|2022-03-24
trns1088|xAIlVHEt|accn1088|bearer cheque|2450|2022-03-24
trns1089|SFwzRyjJ|accn1089|bearer cheque|7561|2022-03-24
trns1090|IGKFKjSm|accn1090|bearer cheque|9174|2022-03-24
trns1091|hzeTFUZq|accn1091|bearer cheque|7117|2022-03-24
trns1092|EoqcaJBB|accn1092|bearer cheque|6993|2022-03-24
trns1093|QhLoJARX|accn1093|bearer cheque|3781|2022-03-24
trns1094|bMToShJX|accn1094|bearer cheque|8802|2022-03-24
trns1095|KpxIyCPN|accn1095|bearer cheque|5221|2022-03-24
trns1096|vdgxroNd|accn1096|personal cheque|4652|2022-03-24
trns1097|SNoSdKOZ|accn1097|personal cheque|6628|2022-03-24
trns1098|BqjqRVRu|accn1098|personal cheque|6591|2022-03-24
trns1099|EYRTfhvN|accn1099|personal cheque|3837|2022-03-24
trns1100|noAAeuPu|accn1100|personal cheque|2477|2022-03-24
trns1101|NFoqzvvN|accn1101|bearer cheque|8794|2022-03-24
trns1102|UFAvleBC|accn1102|bearer cheque|3618|2022-03-24
trns1103|idLeEtlX|accn1103|bearer cheque|7745|2022-03-24
trns1104|oetFmjFG|accn1104|bearer cheque|1322|2022-03-24
trns1105|AkLiViRo|accn1105|bearer cheque|1387|2022-03-24
trns1106|szybfjaC|accn1106|personal cheque|2437|2022-03-24
trns1107|xbAsVEXZ|accn1107|bearer cheque|6669|2022-03-24
trns1108|SLmqJqFd|accn1108|bearer cheque|7497|2022-03-24
trns1109|ocHQcNDU|accn1109|bearer cheque|1093|2022-03-24
trns1110|kpSuypoA|accn1110|bearer cheque|5327|2022-03-24
trns1111|XYESGzPE|accn1111|personal cheque|3744|2022-03-24
trns1112|GonTwSip|accn1112|personal cheque|9087|2022-03-24
trns1113|zHYeeaZJ|accn1113|bearer cheque|8000|2022-03-24
trns1114|MUhPSwMs|accn1114|personal cheque|5442|2022-03-24
trns1115|rKebyNkp|accn1115|bearer cheque|2926|2022-03-24
trns1116|FpNTjBTd|accn1116|personal cheque|8645|2022-03-24
trns1117|TqoJpoOq|accn1117|personal cheque|8970|2022-03-24
trns1118|vCcyWWZN|accn1118|bearer cheque|5526|2022-03-24
trns1119|sIjguUKu|accn1119|personal cheque|8003|2022-03-24
trns1120|mieclBwM|accn1120|personal cheque|365|2022-03-24
trns1121|YPcrkcMO|accn1121|bearer cheque|4135|2022-03-24
trns1122|TidXoIAq|accn1122|personal cheque|8194|2022-03-24
trns1123|imeJqBhV|accn1123|bearer cheque|8768|2022-03-24
trns1124|eDKzhOKe|accn1124|personal cheque|6852|2022-03-24
trns1125|OkcrkjhL|accn1125|bearer cheque|9673|2022-03-24
trns1126|EBxfFpov|accn1126|bearer cheque|2666|2022-03-24
trns1127|JBDJjVfi|accn1127|personal cheque|8530|2022-03-24
trns1128|ADKZVSFA|accn1128|personal cheque|6144|2022-03-24
trns1129|qpuRDxvT|accn1129|bearer cheque|2150|2022-03-24
trns1130|FATvdeuF|accn1130|personal cheque|4102|2022-03-24
trns1131|JetFRzuX|accn1131|personal cheque|3152|2022-03-24
trns1132|KDUUwQSv|accn1132|personal cheque|9270|2022-03-24
trns1133|fsqgfvhH|accn1133|personal cheque|476|2022-03-24
trns1134|yMyNOzWp|accn1134|personal cheque|651|2022-03-24
trns1135|WRkyEcqM|accn1135|personal cheque|1251|2022-03-24
trns1136|icbtIzym|accn1136|personal cheque|9453|2022-03-24
trns1137|vPaBewJY|accn1137|personal cheque|7211|2022-03-24
trns1138|EZdGYtvt|accn1138|bearer cheque|2487|2022-03-24
trns1139|OeboCoht|accn1139|bearer cheque|3248|2022-03-24
trns1140|boMqEbjh|accn1140|personal cheque|667|2022-03-24
trns1141|OMEauDeu|accn1141|bearer cheque|1954|2022-03-24
trns1142|evJaCzre|accn1142|bearer cheque|2623|2022-03-24
trns1143|UJgEdcxx|accn1143|personal cheque|237|2022-03-24
trns1144|HazhbauO|accn1144|bearer cheque|2066|2022-03-24
trns1145|BFGPbOUn|accn1145|bearer cheque|294|2022-03-24
trns1146|phHSuLKZ|accn1146|personal cheque|2874|2022-03-24
trns1147|qZleYdNI|accn1147|personal cheque|5936|2022-03-24
trns1148|oRAvpWLy|accn1148|bearer cheque|1754|2022-03-24
trns1149|WsCKjGDW|accn1149|bearer cheque|5736|2022-03-24
trns1150|wxZTUXzC|accn1150|bearer cheque|1783|2022-03-24
trns1151|cnxItCmg|accn1151|personal cheque|8410|2022-03-24
trns1152|fUPTxeyf|accn1152|personal cheque|8803|2022-03-24
trns1153|KwgIKide|accn1153|personal cheque|8665|2022-03-24
trns1154|aGlaZXMY|accn1154|bearer cheque|6107|2022-03-24
trns1155|DtcTNeNM|accn1155|bearer cheque|737|2022-03-24
trns1156|zJcBxJBl|accn1156|personal cheque|6260|2022-03-24
trns1157|OfDbykwv|accn1157|bearer cheque|3163|2022-03-24
trns1158|KkNZuURb|accn1158|bearer cheque|1225|2022-03-24
trns1159|BwOHZWgK|accn1159|personal cheque|2989|2022-03-24
trns1160|vqUweQaj|accn1160|bearer cheque|658|2022-03-24
trns1161|MISalDdq|accn1161|personal cheque|7530|2022-03-24
trns1162|UHdmWchM|accn1162|personal cheque|8639|2022-03-24
trns1163|YYMSBesH|accn1163|bearer cheque|2957|2022-03-24
trns1164|yIcNGVwm|accn1164|bearer cheque|9324|2022-03-24
trns1165|MJPZAgzY|accn1165|personal cheque|5264|2022-03-24
trns1166|HikQKgSv|accn1166|bearer cheque|625|2022-03-24
trns1167|aEWPlLTi|accn1167|personal cheque|2383|2022-03-24
trns1168|zIlkceKk|accn1168|personal cheque|9192|2022-03-24
trns1169|fhrEUDqV|accn1169|bearer cheque|6285|2022-03-24
trns1170|MbvyKrgq|accn1170|bearer cheque|7456|2022-03-24
trns1171|bhMlxymc|accn1171|personal cheque|1331|2022-03-24
trns1172|POekyoZo|accn1172|personal cheque|4403|2022-03-24
trns1173|aQEGLnHy|accn1173|bearer cheque|7790|2022-03-24
trns1174|VHUSndMu|accn1174|personal cheque|9266|2022-03-24
trns1175|sMynFGCF|accn1175|personal cheque|7035|2022-03-24
trns1176|yAalFyUx|accn1176|bearer cheque|8416|2022-03-24
trns1177|ppkpcgcf|accn1177|personal cheque|4138|2022-03-24
trns1178|jbBFYqvI|accn1178|bearer cheque|9500|2022-03-24
trns1179|AyJWyruh|accn1179|personal cheque|8946|2022-03-24
trns1180|hjsiwewi|accn1180|personal cheque|8873|2022-03-24
trns1181|fNSHvtTS|accn1181|personal cheque|6839|2022-03-24
trns1182|yVBEhCjK|accn1182|bearer cheque|6990|2022-03-24
trns1183|vngNvPbi|accn1183|bearer cheque|2242|2022-03-24
trns1184|HLvspkec|accn1184|personal cheque|9808|2022-03-24
trns1185|GzhdnWYh|accn1185|bearer cheque|6888|2022-03-24
trns1186|sTwVYabO|accn1186|personal cheque|2731|2022-03-24
trns1187|UwbKFVji|accn1187|personal cheque|1693|2022-03-24
trns1188|MIkaOgKH|accn1188|personal cheque|1370|2022-03-24
trns1189|NOmyzupE|accn1189|bearer cheque|6521|2022-03-24
trns1190|JrqlFBeP|accn1190|personal cheque|4617|2022-03-24
trns1191|EPCsWxeP|accn1191|personal cheque|8059|2022-03-24
trns1192|QXJEYlHA|accn1192|bearer cheque|1035|2022-03-24
trns1193|pKqveGMD|accn1193|bearer cheque|1493|2022-03-24
trns1194|PKVajgNm|accn1194|bearer cheque|2884|2022-03-24
trns1195|wyleaaCM|accn1195|bearer cheque|4482|2022-03-24
trns1196|dhzKsBsC|accn1196|personal cheque|7172|2022-03-24
trns1197|UPgiKThs|accn1197|bearer cheque|6375|2022-03-24
trns1198|NLLmbroI|accn1198|bearer cheque|7514|2022-03-24
trns1199|zVtPGcBo|accn1199|personal cheque|13|2022-03-24
trns1200|HMkZHWYS|accn1200|bearer cheque|8989|2022-03-24
trns1201|StrEDEWy|accn1201|personal cheque|2086|2022-03-24
trns1202|bGlJQDQi|accn1202|personal cheque|9544|2022-03-24
trns1203|GIdbhRri|accn1203|bearer cheque|8086|2022-03-24
trns1204|HcLJHcOm|accn1204|personal cheque|4244|2022-03-24
trns1205|iTZqIJzM|accn1205|bearer cheque|6216|2022-03-24
trns1206|OTbKuFZP|accn1206|personal cheque|5544|2022-03-24
trns1207|mCNDWPhE|accn1207|bearer cheque|6301|2022-03-24
trns1208|gmqJYIVJ|accn1208|bearer cheque|8875|2022-03-24
trns1209|WioEJitD|accn1209|personal cheque|285|2022-03-24
trns1210|oggFnSNA|accn1210|personal cheque|8913|2022-03-24
trns1211|qDcwDxck|accn1211|personal cheque|1802|2022-03-24
trns1212|aGUvfRdA|accn1212|bearer cheque|5787|2022-03-24
trns1213|IemMfJjf|accn1213|personal cheque|5716|2022-03-24
trns1214|zVKJelIe|accn1214|personal cheque|2913|2022-03-24
trns1215|HMAJKxBM|accn1215|personal cheque|5984|2022-03-24
trns1216|OeWvwfUO|accn1216|personal cheque|6491|2022-03-24
trns1217|wviRvuXh|accn1217|bearer cheque|9338|2022-03-24
trns1218|qUNvKitR|accn1218|personal cheque|5575|2022-03-24
trns1219|QuKxJMsD|accn1219|bearer cheque|1689|2022-03-24
trns1220|jOtrAGwS|accn1220|personal cheque|251|2022-03-24
trns1221|pscCxkDo|accn1221|personal cheque|8042|2022-03-24
trns1222|AxABGiAF|accn1222|bearer cheque|4620|2022-03-24
trns1223|WSixYqcu|accn1223|personal cheque|1797|2022-03-24
trns1224|iBSROaTo|accn1224|personal cheque|8607|2022-03-24
trns1225|jpQipmRX|accn1225|personal cheque|9750|2022-03-24
trns1226|BeXepTre|accn1226|bearer cheque|4003|2022-03-24
trns1227|LCQXGFca|accn1227|personal cheque|4615|2022-03-24
trns1228|LwGeHtWB|accn1228|bearer cheque|9711|2022-03-24
trns1229|ptclUHCc|accn1229|bearer cheque|4719|2022-03-24
trns1230|pgMuqNwp|accn1230|personal cheque|6100|2022-03-24
trns1231|sxYzyDyN|accn1231|bearer cheque|7482|2022-03-24
trns1232|Pybfwuog|accn1232|personal cheque|8779|2022-03-24
trns1233|lHOJRqpl|accn1233|personal cheque|8905|2022-03-24
trns1234|KCUGpnYP|accn1234|bearer cheque|9368|2022-03-24
trns1235|kwSNlpZd|accn1235|personal cheque|1235|2022-03-24
trns1236|ChQrReaC|accn1236|bearer cheque|4367|2022-03-24
trns1237|mvFBjnKY|accn1237|bearer cheque|6692|2022-03-24
trns1238|NVRcwBGd|accn1238|personal cheque|2097|2022-03-24
trns1239|IgrknoFS|accn1239|bearer cheque|4768|2022-03-24
trns1240|UziGwZop|accn1240|bearer cheque|8643|2022-03-24
trns1241|YkDkEovX|accn1241|bearer cheque|9023|2022-03-24
trns1242|TXuuVNpR|accn1242|bearer cheque|4632|2022-03-24
trns1243|AjtIazuh|accn1243|bearer cheque|109|2022-03-24
trns1244|NkOychwK|accn1244|bearer cheque|4345|2022-03-24
trns1245|DNegSszm|accn1245|personal cheque|7720|2022-03-24
trns1246|JxmIJjeK|accn1246|personal cheque|5507|2022-03-24
trns1247|QBKQcYag|accn1247|personal cheque|6733|2022-03-24
trns1248|QEdLwzJn|accn1248|personal cheque|4661|2022-03-24
trns1249|YLIkfnDu|accn1249|personal cheque|855|2022-03-24
trns1250|vvsbVSqE|accn1250|personal cheque|5019|2022-03-24
trns1251|qLJvmWwJ|accn1251|bearer cheque|33|2022-03-24
trns1252|nZUjejXo|accn1252|bearer cheque|7480|2022-03-24
trns1253|OfkwfBxa|accn1253|personal cheque|1414|2022-03-24
trns1254|YDJskkcC|accn1254|bearer cheque|1398|2022-03-24
trns1255|KDfmEFGX|accn1255|personal cheque|7855|2022-03-24
trns1256|uxrvsfap|accn1256|bearer cheque|1310|2022-03-24
trns1257|JUybwarT|accn1257|bearer cheque|3151|2022-03-24
trns1258|FZVUlJkE|accn1258|personal cheque|4183|2022-03-24
trns1259|XKHHxSMD|accn1259|bearer cheque|6669|2022-03-24
trns1260|lRKdUiSd|accn1260|personal cheque|9155|2022-03-24
trns1261|GjzKyPVB|accn1261|bearer cheque|4392|2022-03-24
trns1262|NYAokfYj|accn1262|bearer cheque|817|2022-03-24
trns1263|hscXtbwY|accn1263|personal cheque|1272|2022-03-24
trns1264|PbnEXFYj|accn1264|bearer cheque|8585|2022-03-24
trns1265|nvHoUAvo|accn1265|bearer cheque|2584|2022-03-24
trns1266|wrakTmND|accn1266|personal cheque|4246|2022-03-24
trns1267|guAzzAFo|accn1267|bearer cheque|9873|2022-03-24
trns1268|FUulnLky|accn1268|bearer cheque|4980|2022-03-24
trns1269|gqjCWkTg|accn1269|bearer cheque|4708|2022-03-24
trns1270|dzHrVwfC|accn1270|personal cheque|4556|2022-03-24
trns1271|kuelCBRL|accn1271|personal cheque|5458|2022-03-24
trns1272|MneSUQBQ|accn1272|personal cheque|5829|2022-03-24
trns1273|oUtYwBsX|accn1273|bearer cheque|6848|2022-03-24
trns1274|NnTZYEjN|accn1274|personal cheque|2062|2022-03-24
trns1275|zptItdoG|accn1275|bearer cheque|949|2022-03-24
trns1276|RqkABGZv|accn1276|personal cheque|4339|2022-03-24
trns1277|exlzXDIV|accn1277|bearer cheque|2027|2022-03-24
trns1278|nfhrusGn|accn1278|personal cheque|2820|2022-03-24
trns1279|krFEXjwc|accn1279|personal cheque|1020|2022-03-24
trns1280|OpihyxDa|accn1280|personal cheque|9912|2022-03-24
trns1281|smRMVsyN|accn1281|personal cheque|9817|2022-03-24
trns1282|YHpoHAWe|accn1282|bearer cheque|9639|2022-03-24
trns1283|UpyAotnH|accn1283|personal cheque|9492|2022-03-24
trns1284|EuDtrOSy|accn1284|bearer cheque|5308|2022-03-24
trns1285|KIFJmVaX|accn1285|personal cheque|5543|2022-03-24
trns1286|hxoHzSfe|accn1286|personal cheque|6499|2022-03-24
trns1287|SrsPQgpC|accn1287|bearer cheque|3568|2022-03-24
trns1288|aUCmLdjC|accn1288|personal cheque|9719|2022-03-24
trns1289|CyDGzlzX|accn1289|bearer cheque|2765|2022-03-24
trns1290|WvhiJScJ|accn1290|bearer cheque|6827|2022-03-24
trns1291|XMttVrXu|accn1291|personal cheque|3594|2022-03-24
trns1292|ivGbKnRs|accn1292|bearer cheque|7837|2022-03-24
trns1293|OTgdtZcD|accn1293|bearer cheque|6285|2022-03-24
trns1294|tscJsGES|accn1294|personal cheque|7968|2022-03-24
trns1295|KfxJqqmu|accn1295|personal cheque|6040|2022-03-24
trns1296|Irdkewlw|accn1296|bearer cheque|9374|2022-03-24
trns1297|coHLwbVJ|accn1297|bearer cheque|3120|2022-03-24
trns1298|WnSFUpBc|accn1298|personal cheque|2368|2022-03-24
trns1299|vLttHirB|accn1299|bearer cheque|2966|2022-03-24
trns1300|dkwJlSYv|accn1300|bearer cheque|4050|2022-03-24
trns1301|GxfBvaTv|accn1301|personal cheque|863|2022-03-24
trns1302|WFOYdIcV|accn1302|bearer cheque|9214|2022-03-24
trns1303|RopnNBUG|accn1303|bearer cheque|4906|2022-03-24
trns1304|wPylqKtn|accn1304|bearer cheque|5955|2022-03-24
trns1305|VJWWnmhz|accn1305|bearer cheque|9237|2022-03-24
trns1306|ISMBtvBG|accn1306|bearer cheque|9320|2022-03-24
trns1307|RXznXsgK|accn1307|bearer cheque|7193|2022-03-24
trns1308|JDxUVAss|accn1308|personal cheque|5654|2022-03-24
trns1309|YBNMEVTR|accn1309|bearer cheque|6823|2022-03-24
trns1310|VzXFpfIF|accn1310|bearer cheque|8902|2022-03-24
trns1311|SmbOTlEi|accn1311|personal cheque|7890|2022-03-24
trns1312|ZYDZUQZD|accn1312|personal cheque|4709|2022-03-24
trns1313|zJYLaFXl|accn1313|personal cheque|7584|2022-03-24
trns1314|kPvvkhbs|accn1314|personal cheque|3027|2022-03-24
trns1315|yScniesp|accn1315|bearer cheque|6155|2022-03-24
trns1316|HQsizERr|accn1316|bearer cheque|7819|2022-03-24
trns1317|KjsLkRLx|accn1317|bearer cheque|5872|2022-03-24
trns1318|XfQuItqi|accn1318|bearer cheque|9231|2022-03-24
trns1319|GYGUAuHC|accn1319|personal cheque|8406|2022-03-24
trns1320|ZjrwIdxW|accn1320|personal cheque|2115|2022-03-24
trns1321|AhzqxZEP|accn1321|personal cheque|1180|2022-03-24
trns1322|UOyRMEOX|accn1322|personal cheque|8677|2022-03-24
trns1323|LbMYJWVS|accn1323|personal cheque|2110|2022-03-24
trns1324|bWZdPfwE|accn1324|bearer cheque|807|2022-03-24
trns1325|IULXyJOb|accn1325|personal cheque|502|2022-03-24
trns1326|HPHGeiJF|accn1326|bearer cheque|7244|2022-03-24
trns1327|QkvogDNr|accn1327|bearer cheque|6462|2022-03-24
trns1328|nzwpvXbx|accn1328|bearer cheque|3227|2022-03-24
trns1329|rXjDeLzw|accn1329|bearer cheque|1418|2022-03-24
trns1330|DIHlzZJf|accn1330|bearer cheque|7174|2022-03-24
trns1331|qvXagJnZ|accn1331|bearer cheque|3546|2022-03-24
trns1332|CzTdFaXF|accn1332|bearer cheque|1218|2022-03-24
trns1333|jxuIJxiF|accn1333|bearer cheque|1860|2022-03-24
trns1334|pSUCVcut|accn1334|personal cheque|3937|2022-03-24
trns1335|gNHCOqWo|accn1335|personal cheque|8856|2022-03-24
trns1336|HMctqXgs|accn1336|bearer cheque|5785|2022-03-24
trns1337|oMrhFpCr|accn1337|bearer cheque|1384|2022-03-24
trns1338|bzNEmsTJ|accn1338|bearer cheque|9340|2022-03-24
trns1339|SYmxMPbr|accn1339|personal cheque|1810|2022-03-24
trns1340|aztKCHNv|accn1340|bearer cheque|8224|2022-03-24
trns1341|vCoKvRVp|accn1341|bearer cheque|8808|2022-03-24
trns1342|ItflfETs|accn1342|bearer cheque|5674|2022-03-24
trns1343|clzFSEFG|accn1343|bearer cheque|8508|2022-03-24
trns1344|bhqpTVpA|accn1344|bearer cheque|2661|2022-03-24
trns1345|UnhirIqE|accn1345|bearer cheque|585|2022-03-24
trns1346|vGCzDuUB|accn1346|personal cheque|1658|2022-03-24
trns1347|EuEagdxE|accn1347|personal cheque|1663|2022-03-24
trns1348|TppGsJYp|accn1348|personal cheque|2473|2022-03-24
trns1349|MpJkWcVi|accn1349|bearer cheque|2109|2022-03-24
trns1350|vgOPgCoH|accn1350|personal cheque|301|2022-03-24
trns1351|AyacqIap|accn1351|bearer cheque|9535|2022-03-24
trns1352|AAImKJfd|accn1352|bearer cheque|9625|2022-03-24
trns1353|sFPvVfgU|accn1353|bearer cheque|4878|2022-03-24
trns1354|bvsGykHS|accn1354|bearer cheque|6199|2022-03-24
trns1355|ZkTIlYCd|accn1355|bearer cheque|3635|2022-03-24
trns1356|UwhuRkgL|accn1356|personal cheque|2840|2022-03-24
trns1357|xRgGgdeZ|accn1357|personal cheque|216|2022-03-24
trns1358|OYMMLzwQ|accn1358|bearer cheque|4213|2022-03-24
trns1359|aBOaLsYs|accn1359|personal cheque|460|2022-03-24
trns1360|ceBEpIYI|accn1360|personal cheque|955|2022-03-24
trns1361|WGlNEUIh|accn1361|personal cheque|2580|2022-03-24
trns1362|SrKdrhfC|accn1362|personal cheque|134|2022-03-24
trns1363|OfcZNjGA|accn1363|personal cheque|1029|2022-03-24
trns1364|eIxrOxtk|accn1364|personal cheque|5876|2022-03-24
trns1365|roxoXptj|accn1365|personal cheque|3020|2022-03-24
trns1366|ewqLcBsg|accn1366|bearer cheque|175|2022-03-24
trns1367|VcwDamvi|accn1367|personal cheque|5373|2022-03-24
trns1368|SHDMBYND|accn1368|personal cheque|3972|2022-03-24
trns1369|LBVdRuct|accn1369|personal cheque|4300|2022-03-24
trns1370|TbSsJwmX|accn1370|bearer cheque|9664|2022-03-24
trns1371|nUybVmWt|accn1371|bearer cheque|3248|2022-03-24
trns1372|gNnLGcOy|accn1372|bearer cheque|3614|2022-03-24
trns1373|oDPGSBma|accn1373|bearer cheque|9127|2022-03-24
trns1374|iTYiNlgJ|accn1374|bearer cheque|999|2022-03-24
trns1375|XSSzlouQ|accn1375|bearer cheque|3353|2022-03-24
trns1376|mQpVrGJW|accn1376|bearer cheque|7593|2022-03-24
trns1377|hOHEVaHE|accn1377|bearer cheque|7050|2022-03-24
trns1378|vJoJDflH|accn1378|bearer cheque|6050|2022-03-24
trns1379|tnZTBrzo|accn1379|bearer cheque|4902|2022-03-24
trns1380|xYynWhaV|accn1380|bearer cheque|3302|2022-03-24
trns1381|IwvvApBD|accn1381|personal cheque|123|2022-03-24
trns1382|JbypdAZN|accn1382|personal cheque|859|2022-03-24
trns1383|QnmHpuku|accn1383|bearer cheque|3802|2022-03-24
trns1384|ebSNCsco|accn1384|personal cheque|181|2022-03-24
trns1385|ULgQsQdH|accn1385|personal cheque|4997|2022-03-24
trns1386|MGVuSbQF|accn1386|personal cheque|5104|2022-03-24
trns1387|uAtrUctZ|accn1387|bearer cheque|2747|2022-03-24
trns1388|PDnJltKJ|accn1388|bearer cheque|1635|2022-03-24
trns1389|QJUbfQOJ|accn1389|bearer cheque|941|2022-03-24
trns1390|vwRzADVi|accn1390|bearer cheque|5862|2022-03-24
trns1391|yDkUbamD|accn1391|bearer cheque|9290|2022-03-24
trns1392|iDYgqnyJ|accn1392|personal cheque|7401|2022-03-24
trns1393|lyZPRjYS|accn1393|bearer cheque|2413|2022-03-24
trns1394|UyzQUhmK|accn1394|personal cheque|3216|2022-03-24
trns1395|DTBPhdyb|accn1395|bearer cheque|7406|2022-03-24
trns1396|NtWQgXgQ|accn1396|bearer cheque|6719|2022-03-24
trns1397|EZgeSEJr|accn1397|bearer cheque|8747|2022-03-24
trns1398|wNACKRsf|accn1398|bearer cheque|7669|2022-03-24
trns1399|dskpfBJU|accn1399|personal cheque|18|2022-03-24
trns1400|APExRiLD|accn1400|personal cheque|1469|2022-03-24
trns1401|HDBkHUvn|accn1401|bearer cheque|1580|2022-03-24
trns1402|acBpbvEB|accn1402|bearer cheque|2576|2022-03-24
trns1403|GKuozvmz|accn1403|bearer cheque|8484|2022-03-24
trns1404|QcfYXifW|accn1404|personal cheque|3391|2022-03-24
trns1405|bGFgKHyc|accn1405|bearer cheque|6366|2022-03-24
trns1406|XoDshRjE|accn1406|personal cheque|3613|2022-03-24
trns1407|nhrbACCx|accn1407|bearer cheque|8262|2022-03-24
trns1408|laAFBruT|accn1408|bearer cheque|8177|2022-03-24
trns1409|fKmIalcX|accn1409|bearer cheque|1430|2022-03-24
trns1410|wNJAYpqA|accn1410|personal cheque|8018|2022-03-24
trns1411|DjOOGHdW|accn1411|personal cheque|814|2022-03-24
trns1412|MmDftkKQ|accn1412|bearer cheque|4932|2022-03-24
trns1413|kFRzQqgA|accn1413|bearer cheque|6657|2022-03-24
trns1414|OGGATNbs|accn1414|bearer cheque|5593|2022-03-24
trns1415|JyqNaCzo|accn1415|personal cheque|7855|2022-03-24
trns1416|AtEhknAF|accn1416|personal cheque|7024|2022-03-24
trns1417|qPHXrxsZ|accn1417|bearer cheque|3564|2022-03-24
trns1418|uxDWPCmf|accn1418|personal cheque|2110|2022-03-24
trns1419|ZbROyQvF|accn1419|personal cheque|8002|2022-03-24
trns1420|NhvdKsFJ|accn1420|personal cheque|7030|2022-03-24
trns1421|CylKpeVA|accn1421|bearer cheque|9967|2022-03-24
trns1422|CkoRHVtu|accn1422|personal cheque|3837|2022-03-24
trns1423|pZDsvpeB|accn1423|personal cheque|8116|2022-03-24
trns1424|pkPJbtMs|accn1424|bearer cheque|7157|2022-03-24
trns1425|xpoMCgdi|accn1425|bearer cheque|2929|2022-03-24
trns1426|NgquxHEw|accn1426|bearer cheque|2670|2022-03-24
trns1427|ipjiwdjV|accn1427|bearer cheque|2428|2022-03-24
trns1428|snYNQukJ|accn1428|personal cheque|5931|2022-03-24
trns1429|KMgpcjVt|accn1429|personal cheque|9472|2022-03-24
trns1430|VcufscbZ|accn1430|bearer cheque|2179|2022-03-24
trns1431|bVTPEUjC|accn1431|personal cheque|5255|2022-03-24
trns1432|QTXpcnVK|accn1432|bearer cheque|1064|2022-03-24
trns1433|gznepjsC|accn1433|personal cheque|9257|2022-03-24
trns1434|EaHwMfxl|accn1434|bearer cheque|6853|2022-03-24
trns1435|qtIpAMBA|accn1435|bearer cheque|2128|2022-03-24
trns1436|HKRmiZFu|accn1436|personal cheque|9184|2022-03-24
trns1437|NlWqrAWc|accn1437|bearer cheque|8982|2022-03-24
trns1438|OXdmvcGD|accn1438|personal cheque|3369|2022-03-24
trns1439|WraJxzyU|accn1439|personal cheque|6664|2022-03-24
trns1440|HRDFLaGL|accn1440|personal cheque|4018|2022-03-24
trns1441|EdPHjeFo|accn1441|personal cheque|5094|2022-03-24
trns1442|htpqdziF|accn1442|bearer cheque|426|2022-03-24
trns1443|rdFpfgkE|accn1443|bearer cheque|9942|2022-03-24
trns1444|ykUBPYPb|accn1444|bearer cheque|9273|2022-03-24
trns1445|OiHdFhIs|accn1445|personal cheque|5247|2022-03-24
trns1446|LYXrgLeI|accn1446|bearer cheque|5451|2022-03-24
trns1447|PGCfvMVN|accn1447|bearer cheque|7406|2022-03-24
trns1448|iYHJBlcN|accn1448|bearer cheque|2700|2022-03-24
trns1449|wIPJLXgQ|accn1449|bearer cheque|3351|2022-03-24
trns1450|UtFJqSPH|accn1450|personal cheque|4628|2022-03-24
trns1451|qDuPrkqN|accn1451|personal cheque|3459|2022-03-24
trns1452|kfPrPfyp|accn1452|bearer cheque|9214|2022-03-24
trns1453|YjmIVgzg|accn1453|personal cheque|4739|2022-03-24
trns1454|IdBIfHqs|accn1454|bearer cheque|8387|2022-03-24
trns1455|DObLaaFo|accn1455|bearer cheque|999|2022-03-24
trns1456|RTyQdRtu|accn1456|bearer cheque|7826|2022-03-24
trns1457|anhgaKYp|accn1457|bearer cheque|7596|2022-03-24
trns1458|VgOsZBPZ|accn1458|bearer cheque|8658|2022-03-24
trns1459|QishIAXN|accn1459|bearer cheque|4093|2022-03-24
trns1460|YQKBpiHd|accn1460|personal cheque|4740|2022-03-24
trns1461|SAmUaTqU|accn1461|bearer cheque|5208|2022-03-24
trns1462|owccsEtP|accn1462|personal cheque|6542|2022-03-24
trns1463|uyXCtvEU|accn1463|personal cheque|2291|2022-03-24
trns1464|nrhxGIsP|accn1464|personal cheque|6778|2022-03-24
trns1465|kjdJFrTv|accn1465|bearer cheque|9830|2022-03-24
trns1466|iegobwyd|accn1466|personal cheque|2612|2022-03-24
trns1467|nNWnPHPT|accn1467|bearer cheque|599|2022-03-24
trns1468|UXhrKUSL|accn1468|personal cheque|3088|2022-03-24
trns1469|ZQSyVToX|accn1469|bearer cheque|3440|2022-03-24
trns1470|sSjYPtSP|accn1470|bearer cheque|8277|2022-03-24
trns1471|QzIDEtow|accn1471|personal cheque|6507|2022-03-24
trns1472|tYkUjbAa|accn1472|personal cheque|3117|2022-03-24
trns1473|jBJpiWDl|accn1473|bearer cheque|8462|2022-03-24
trns1474|ZUwYsFmA|accn1474|bearer cheque|7336|2022-03-24
trns1475|nGYHvuMN|accn1475|personal cheque|926|2022-03-24
trns1476|vTrHYRlO|accn1476|personal cheque|2679|2022-03-24
trns1477|zuwImVnd|accn1477|personal cheque|894|2022-03-24
trns1478|tEklrTnL|accn1478|personal cheque|4119|2022-03-24
trns1479|uITjYpdp|accn1479|bearer cheque|9085|2022-03-24
trns1480|BzKATIIh|accn1480|bearer cheque|6653|2022-03-24
trns1481|zPJvPTYc|accn1481|bearer cheque|5673|2022-03-24
trns1482|RsphTNHc|accn1482|personal cheque|6738|2022-03-24
trns1483|riyKsrKU|accn1483|bearer cheque|4550|2022-03-24
trns1484|hrRPUryk|accn1484|bearer cheque|6126|2022-03-24
trns1485|TlDSFxrg|accn1485|personal cheque|8079|2022-03-24
trns1486|rlywICAu|accn1486|bearer cheque|3930|2022-03-24
trns1487|tVrTXasb|accn1487|bearer cheque|1448|2022-03-24
trns1488|ssCIaXKj|accn1488|bearer cheque|6430|2022-03-24
trns1489|WUhPaXjO|accn1489|bearer cheque|6031|2022-03-24
trns1490|uAAQuPWa|accn1490|personal cheque|4987|2022-03-24
trns1491|rmOnnnMc|accn1491|personal cheque|4658|2022-03-24
trns1492|rOQZVZnA|accn1492|bearer cheque|3724|2022-03-24
trns1493|sgjWPzvT|accn1493|bearer cheque|2984|2022-03-24
trns1494|kvqzUoyU|accn1494|personal cheque|6341|2022-03-24
trns1495|riQqoils|accn1495|personal cheque|7362|2022-03-24
trns1496|ncmiYMLs|accn1496|personal cheque|7626|2022-03-24
trns1497|ajgDHprQ|accn1497|personal cheque|2227|2022-03-24
trns1498|bqdPYAWn|accn1498|personal cheque|6671|2022-03-24
trns1499|jQWXpTeI|accn1499|bearer cheque|4385|2022-03-24
trns1500|YzZDEhhN|accn1500|personal cheque|9546|2022-03-24
trns1501|gOqOquyf|accn1501|personal cheque|1097|2022-03-24
trns1502|bRnjMzjX|accn1502|personal cheque|9328|2022-03-24
trns1503|eJAUoWrP|accn1503|bearer cheque|7657|2022-03-24
trns1504|aFIXMFbB|accn1504|bearer cheque|5323|2022-03-24
trns1505|twGJbPwS|accn1505|bearer cheque|345|2022-03-24
trns1506|VXTisKHI|accn1506|bearer cheque|4041|2022-03-24
trns1507|xkExhFXh|accn1507|personal cheque|6227|2022-03-24
trns1508|zilVdPJX|accn1508|bearer cheque|1239|2022-03-24
trns1509|mBbxeuDY|accn1509|personal cheque|8375|2022-03-24
trns1510|nsLutTxi|accn1510|personal cheque|1515|2022-03-24
trns1511|ndMFfFNx|accn1511|personal cheque|2520|2022-03-24
trns1512|yHfOsoCw|accn1512|personal cheque|42|2022-03-24
trns1513|ZOuOWrIL|accn1513|personal cheque|2636|2022-03-24
trns1514|TahyMiSc|accn1514|personal cheque|6487|2022-03-24
trns1515|LeMFcpzz|accn1515|bearer cheque|4220|2022-03-24
trns1516|VZspLSbV|accn1516|personal cheque|9706|2022-03-24
trns1517|kKdHdvpH|accn1517|bearer cheque|4195|2022-03-24
trns1518|AwavAKJH|accn1518|personal cheque|9248|2022-03-24
trns1519|xIlgTIdg|accn1519|bearer cheque|776|2022-03-24
trns1520|jXDNiNsP|accn1520|personal cheque|9006|2022-03-24
trns1521|IINQRgSj|accn1521|bearer cheque|154|2022-03-24
trns1522|HMKXqxMK|accn1522|bearer cheque|9326|2022-03-24
trns1523|DiRdluPS|accn1523|personal cheque|7899|2022-03-24
trns1524|DNtjjtkd|accn1524|bearer cheque|8913|2022-03-24
trns1525|WPYCfUBJ|accn1525|personal cheque|3929|2022-03-24
trns1526|NLabnAaf|accn1526|bearer cheque|2924|2022-03-24
trns1527|mVnRFKda|accn1527|bearer cheque|8317|2022-03-24
trns1528|OWNEcAsO|accn1528|bearer cheque|9719|2022-03-24
trns1529|NZeYikSJ|accn1529|bearer cheque|6486|2022-03-24
trns1530|KQLrNarA|accn1530|personal cheque|2234|2022-03-24
trns1531|xLNShMFA|accn1531|bearer cheque|7427|2022-03-24
trns1532|GSYIHTHK|accn1532|bearer cheque|8906|2022-03-24
trns1533|DroBvYBz|accn1533|bearer cheque|9413|2022-03-24
trns1534|bRXIjpnG|accn1534|bearer cheque|8370|2022-03-24
trns1535|VQNTEPVY|accn1535|personal cheque|5070|2022-03-24
trns1536|KqAjDnbi|accn1536|personal cheque|4138|2022-03-24
trns1537|lDzPkFhz|accn1537|personal cheque|5641|2022-03-24
trns1538|VURYDhXa|accn1538|personal cheque|9232|2022-03-24
trns1539|LlKqnDHr|accn1539|personal cheque|495|2022-03-24
trns1540|JleXfcBC|accn1540|bearer cheque|6687|2022-03-24
trns1541|BYLRNsmV|accn1541|personal cheque|7185|2022-03-24
trns1542|nBPDlJou|accn1542|personal cheque|4106|2022-03-24
trns1543|CuJmkvRH|accn1543|personal cheque|7055|2022-03-24
trns1544|RRlvhald|accn1544|personal cheque|2905|2022-03-24
trns1545|qoHQJfMu|accn1545|personal cheque|2252|2022-03-24
trns1546|cklQOfAe|accn1546|personal cheque|2450|2022-03-24
trns1547|faPruPst|accn1547|personal cheque|2150|2022-03-24
trns1548|tdKJHRgp|accn1548|bearer cheque|6011|2022-03-24
trns1549|cQMRacOz|accn1549|bearer cheque|4996|2022-03-24
trns1550|reqUhvkd|accn1550|bearer cheque|1483|2022-03-24
trns1551|xpMRnwrS|accn1551|personal cheque|3814|2022-03-24
trns1552|gLiNCOhb|accn1552|personal cheque|9577|2022-03-24
trns1553|iGukoCWS|accn1553|bearer cheque|2316|2022-03-24
trns1554|QFmRaHPv|accn1554|bearer cheque|9041|2022-03-24
trns1555|yZtuBzFG|accn1555|personal cheque|3504|2022-03-24
trns1556|paekUSfy|accn1556|bearer cheque|6781|2022-03-24
trns1557|JhUMkDdA|accn1557|personal cheque|4569|2022-03-24
trns1558|xMAGCFUQ|accn1558|bearer cheque|5413|2022-03-24
trns1559|kAYGTgZf|accn1559|bearer cheque|1248|2022-03-24
trns1560|KFyHvhEY|accn1560|personal cheque|817|2022-03-24
trns1561|ywfVOszQ|accn1561|personal cheque|937|2022-03-24
trns1562|hBRRNCKR|accn1562|personal cheque|765|2022-03-24
trns1563|KQGvniSr|accn1563|bearer cheque|2226|2022-03-24
trns1564|BRugEyYe|accn1564|bearer cheque|4176|2022-03-24
trns1565|zntFannS|accn1565|bearer cheque|9098|2022-03-24
trns1566|kSNmucpS|accn1566|personal cheque|8240|2022-03-24
trns1567|yVJiwXrq|accn1567|bearer cheque|5394|2022-03-24
trns1568|sJjFPoyR|accn1568|bearer cheque|1184|2022-03-24
trns1569|jAvbPOsa|accn1569|personal cheque|9731|2022-03-24
trns1570|cawRJHGR|accn1570|bearer cheque|2243|2022-03-24
trns1571|dmABEZEi|accn1571|bearer cheque|3826|2022-03-24
trns1572|kdJvdchU|accn1572|bearer cheque|1193|2022-03-24
trns1573|raZwPibr|accn1573|bearer cheque|2931|2022-03-24
trns1574|liqlIZxh|accn1574|personal cheque|6266|2022-03-24
trns1575|MiDgrZlh|accn1575|bearer cheque|7543|2022-03-24
trns1576|AmGzcpHo|accn1576|bearer cheque|1924|2022-03-24
trns1577|cnePRFpH|accn1577|bearer cheque|1634|2022-03-24
trns1578|HnVaYqVv|accn1578|personal cheque|6721|2022-03-24
trns1579|dsrWdkGG|accn1579|personal cheque|687|2022-03-24
trns1580|yUUQjohN|accn1580|personal cheque|3895|2022-03-24
trns1581|VQXfpBei|accn1581|bearer cheque|909|2022-03-24
trns1582|STRUyAAr|accn1582|bearer cheque|4485|2022-03-24
trns1583|CANtPKTr|accn1583|personal cheque|2871|2022-03-24
trns1584|pRaQRJPD|accn1584|personal cheque|6244|2022-03-24
trns1585|RzcRMPcm|accn1585|bearer cheque|8135|2022-03-24
trns1586|ohcjloAC|accn1586|bearer cheque|2453|2022-03-24
trns1587|wVseKAmr|accn1587|bearer cheque|3164|2022-03-24
trns1588|raYvoGoV|accn1588|bearer cheque|6879|2022-03-24
trns1589|chxzbUFr|accn1589|bearer cheque|6320|2022-03-24
trns1590|FDtoSaUv|accn1590|personal cheque|1888|2022-03-24
trns1591|zJWZdqKm|accn1591|personal cheque|8778|2022-03-24
trns1592|BTlLZMbG|accn1592|bearer cheque|5150|2022-03-24
trns1593|yzJZAnXH|accn1593|bearer cheque|6766|2022-03-24
trns1594|RdQIxjgl|accn1594|personal cheque|497|2022-03-24
trns1595|LgcHtfyb|accn1595|bearer cheque|1814|2022-03-24
trns1596|eJctJlgc|accn1596|bearer cheque|7420|2022-03-24
trns1597|sxMYtpVP|accn1597|bearer cheque|3921|2022-03-24
trns1598|QIohRqOM|accn1598|bearer cheque|1798|2022-03-24
trns1599|hyuxSGAU|accn1599|personal cheque|5977|2022-03-24
trns1600|TgzmccEJ|accn1600|personal cheque|622|2022-03-24
trns1601|udoxlVqN|accn1601|bearer cheque|1819|2022-03-24
trns1602|oyEdfNjR|accn1602|bearer cheque|2503|2022-03-24
trns1603|BcLnOPmm|accn1603|personal cheque|2992|2022-03-24
trns1604|AjShmEYQ|accn1604|personal cheque|9549|2022-03-24
trns1605|UnkdaBGe|accn1605|bearer cheque|8364|2022-03-24
trns1606|gTBRDhOT|accn1606|bearer cheque|4268|2022-03-24
trns1607|vnErPrpN|accn1607|personal cheque|8371|2022-03-24
trns1608|noCFdJlV|accn1608|personal cheque|5617|2022-03-24
trns1609|jmHkAZCF|accn1609|bearer cheque|4815|2022-03-24
trns1610|VtHzToex|accn1610|personal cheque|115|2022-03-24
trns1611|lsUSGHlx|accn1611|personal cheque|9939|2022-03-24
trns1612|TLKdgImd|accn1612|personal cheque|1845|2022-03-24
trns1613|PiBxIceg|accn1613|bearer cheque|8709|2022-03-24
trns1614|qXakCais|accn1614|personal cheque|9683|2022-03-24
trns1615|VufnRsEg|accn1615|bearer cheque|7247|2022-03-24
trns1616|jLfQKrhm|accn1616|personal cheque|7912|2022-03-24
trns1617|PNyGIXXY|accn1617|personal cheque|2778|2022-03-24
trns1618|jSfBIfos|accn1618|personal cheque|9296|2022-03-24
trns1619|dpHMyTaL|accn1619|bearer cheque|295|2022-03-24
trns1620|cFWGdbPZ|accn1620|personal cheque|5641|2022-03-24
trns1621|BAPxnhnB|accn1621|personal cheque|4219|2022-03-24
trns1622|gRmgESTp|accn1622|bearer cheque|1072|2022-03-24
trns1623|YVtopUaN|accn1623|personal cheque|6064|2022-03-24
trns1624|qklLJioZ|accn1624|personal cheque|578|2022-03-24
trns1625|tKVpsniz|accn1625|personal cheque|8199|2022-03-24
trns1626|VoDlOrGN|accn1626|bearer cheque|6898|2022-03-24
trns1627|GcsfViIB|accn1627|personal cheque|1241|2022-03-24
trns1628|yqNdWdkh|accn1628|bearer cheque|3400|2022-03-24
trns1629|mGFFCbym|accn1629|bearer cheque|9656|2022-03-24
trns1630|xNDSUbrT|accn1630|bearer cheque|1985|2022-03-24
trns1631|VDIFCqUx|accn1631|bearer cheque|2438|2022-03-24
trns1632|bLBlrNJh|accn1632|bearer cheque|9654|2022-03-24
trns1633|ierZlcUa|accn1633|personal cheque|6008|2022-03-24
trns1634|ljnDvLQa|accn1634|personal cheque|7713|2022-03-24
trns1635|Fouvdzyk|accn1635|bearer cheque|229|2022-03-24
trns1636|hyUQuERX|accn1636|bearer cheque|8220|2022-03-24
trns1637|xKpThBjF|accn1637|personal cheque|5420|2022-03-24
trns1638|UshtkjQn|accn1638|bearer cheque|7139|2022-03-24
trns1639|OwLcMCHQ|accn1639|bearer cheque|1119|2022-03-24
trns1640|ZiHIDyCT|accn1640|personal cheque|7089|2022-03-24
trns1641|VoUdwFde|accn1641|personal cheque|3542|2022-03-24
trns1642|ObPAGSiw|accn1642|bearer cheque|9388|2022-03-24
trns1643|rGonjVJp|accn1643|personal cheque|6918|2022-03-24
trns1644|DQNdlUuy|accn1644|bearer cheque|5454|2022-03-24
trns1645|YQPGhaFp|accn1645|bearer cheque|8888|2022-03-24
trns1646|igBNLASJ|accn1646|bearer cheque|7107|2022-03-24
trns1647|kQZdUyKI|accn1647|personal cheque|186|2022-03-24
trns1648|oGAqpAyS|accn1648|bearer cheque|7714|2022-03-24
trns1649|JmMEFMTc|accn1649|personal cheque|20|2022-03-24
trns1650|eiSOMIHa|accn1650|personal cheque|2298|2022-03-24
trns1651|HIGWgtxe|accn1651|bearer cheque|7935|2022-03-24
trns1652|SIJYHBpF|accn1652|personal cheque|6589|2022-03-24
trns1653|NkZuPDEj|accn1653|personal cheque|4220|2022-03-24
trns1654|kiigTQvp|accn1654|personal cheque|8684|2022-03-24
trns1655|JbAhiFgr|accn1655|bearer cheque|1038|2022-03-24
trns1656|cVARLFqm|accn1656|personal cheque|9904|2022-03-24
trns1657|SvgspOVR|accn1657|bearer cheque|5566|2022-03-24
trns1658|XgzRXynB|accn1658|bearer cheque|8048|2022-03-24
trns1659|SYbHfmvk|accn1659|bearer cheque|1704|2022-03-24
trns1660|YDdNaBQR|accn1660|personal cheque|7068|2022-03-24
trns1661|GbalUkIW|accn1661|personal cheque|648|2022-03-24
trns1662|zphBIfny|accn1662|personal cheque|9529|2022-03-24
trns1663|hqFROhQS|accn1663|personal cheque|8065|2022-03-24
trns1664|DtvjfPOt|accn1664|bearer cheque|3757|2022-03-24
trns1665|vWRSnetU|accn1665|personal cheque|9724|2022-03-24
trns1666|ZmATvXpu|accn1666|bearer cheque|6452|2022-03-24
trns1667|RwkIhGTK|accn1667|personal cheque|4212|2022-03-24
trns1668|lKXkJXcr|accn1668|personal cheque|1051|2022-03-24
trns1669|cHmacbkC|accn1669|personal cheque|3373|2022-03-24
trns1670|KqjPQypG|accn1670|bearer cheque|4787|2022-03-24
trns1671|KSiqFkqj|accn1671|bearer cheque|6871|2022-03-24
trns1672|zZWWtRLJ|accn1672|bearer cheque|1986|2022-03-24
trns1673|rEYSRDiB|accn1673|bearer cheque|8638|2022-03-24
trns1674|BXTmSStM|accn1674|bearer cheque|4771|2022-03-24
trns1675|wejrWZFD|accn1675|bearer cheque|9338|2022-03-24
trns1676|TeTkJPcd|accn1676|bearer cheque|1632|2022-03-24
trns1677|reAmtmOI|accn1677|bearer cheque|8086|2022-03-24
trns1678|LIBvBlat|accn1678|bearer cheque|3315|2022-03-24
trns1679|hdjjnARt|accn1679|bearer cheque|484|2022-03-24
trns1680|duxCMsLv|accn1680|bearer cheque|8912|2022-03-24
trns1681|EWsesJjB|accn1681|bearer cheque|2091|2022-03-24
trns1682|RPQdSDdg|accn1682|bearer cheque|2355|2022-03-24
trns1683|ByvlmaxH|accn1683|personal cheque|7367|2022-03-24
trns1684|NKSjjHEO|accn1684|personal cheque|7060|2022-03-24
trns1685|ABoQqtWB|accn1685|personal cheque|604|2022-03-24
trns1686|FMaIOBrn|accn1686|personal cheque|1686|2022-03-24
trns1687|FFvHSxBs|accn1687|personal cheque|564|2022-03-24
trns1688|JYxjKnUD|accn1688|personal cheque|3663|2022-03-24
trns1689|kOurZYYr|accn1689|personal cheque|2061|2022-03-24
trns1690|dgjEHuZV|accn1690|bearer cheque|5851|2022-03-24
trns1691|VKBLOkMz|accn1691|personal cheque|9162|2022-03-24
trns1692|ExQPkkAX|accn1692|bearer cheque|2356|2022-03-24
trns1693|hvhcYDHj|accn1693|bearer cheque|4960|2022-03-24
trns1694|stSOxbqo|accn1694|personal cheque|4872|2022-03-24
trns1695|iarrgIoY|accn1695|personal cheque|3881|2022-03-24
trns1696|mNtFxdhq|accn1696|personal cheque|1517|2022-03-24
trns1697|ZInGwdHb|accn1697|bearer cheque|3693|2022-03-24
trns1698|kdiBLoYJ|accn1698|bearer cheque|6747|2022-03-24
trns1699|MhsXhYBy|accn1699|bearer cheque|7513|2022-03-24
trns1700|LULryZtL|accn1700|bearer cheque|769|2022-03-24
trns1701|oIuKQgdc|accn1701|bearer cheque|7515|2022-03-24
trns1702|cdDkijuM|accn1702|bearer cheque|6393|2022-03-24
trns1703|bDZGabqJ|accn1703|personal cheque|5107|2022-03-24
trns1704|jiUQYTlc|accn1704|bearer cheque|9249|2022-03-24
trns1705|AJMERIOt|accn1705|bearer cheque|3887|2022-03-24
trns1706|NoKBfOBf|accn1706|personal cheque|4221|2022-03-24
trns1707|LKdKllfp|accn1707|personal cheque|2912|2022-03-24
trns1708|PlCoLmxD|accn1708|personal cheque|130|2022-03-24
trns1709|xStZBnqd|accn1709|personal cheque|4935|2022-03-24
trns1710|sWvBfEvr|accn1710|personal cheque|2087|2022-03-24
trns1711|hpHubztK|accn1711|personal cheque|6451|2022-03-24
trns1712|ZYvcJHmA|accn1712|personal cheque|6599|2022-03-24
trns1713|grWsDVex|accn1713|bearer cheque|5163|2022-03-24
trns1714|ebIskbna|accn1714|personal cheque|619|2022-03-24
trns1715|EPjTGMXt|accn1715|personal cheque|533|2022-03-24
trns1716|AdTVpqxN|accn1716|personal cheque|4431|2022-03-24
trns1717|UqpUFsjQ|accn1717|personal cheque|6750|2022-03-24
trns1718|jupEoGiV|accn1718|personal cheque|1251|2022-03-24
trns1719|cxnNXlKY|accn1719|personal cheque|7093|2022-03-24
trns1720|sDEqubTK|accn1720|personal cheque|5613|2022-03-24
trns1721|xWGshVdQ|accn1721|personal cheque|5262|2022-03-24
trns1722|CfKFvKGJ|accn1722|bearer cheque|3436|2022-03-24
trns1723|RTCRjoev|accn1723|personal cheque|8514|2022-03-24
trns1724|MBdcfpny|accn1724|personal cheque|9277|2022-03-24
trns1725|ikALVkhO|accn1725|bearer cheque|2938|2022-03-24
trns1726|hyxAKWPU|accn1726|bearer cheque|3861|2022-03-24
trns1727|ONCbUfKa|accn1727|personal cheque|21|2022-03-24
trns1728|JgQmoKwm|accn1728|bearer cheque|7777|2022-03-24
trns1729|jRXvCVbB|accn1729|bearer cheque|1056|2022-03-24
trns1730|WrSUPCLj|accn1730|bearer cheque|7595|2022-03-24
trns1731|AQXggIxS|accn1731|bearer cheque|6954|2022-03-24
trns1732|mJEapjPd|accn1732|personal cheque|4506|2022-03-24
trns1733|UwlYiQmq|accn1733|bearer cheque|9400|2022-03-24
trns1734|vBQbCTBF|accn1734|bearer cheque|7149|2022-03-24
trns1735|TcEzWoYv|accn1735|personal cheque|3970|2022-03-24
trns1736|YadMCYsp|accn1736|bearer cheque|8730|2022-03-24
trns1737|NVXRXzIw|accn1737|personal cheque|9537|2022-03-24
trns1738|YaWMDQIS|accn1738|bearer cheque|4146|2022-03-24
trns1739|dqigZDBP|accn1739|personal cheque|5281|2022-03-24
trns1740|UjiMQFeM|accn1740|bearer cheque|8092|2022-03-24
trns1741|oWaFIIKA|accn1741|personal cheque|5519|2022-03-24
trns1742|QTdRGjew|accn1742|bearer cheque|2575|2022-03-24
trns1743|hEcJUEcX|accn1743|personal cheque|8784|2022-03-24
trns1744|QHiVldwg|accn1744|personal cheque|9246|2022-03-24
trns1745|gxczgiqp|accn1745|personal cheque|8182|2022-03-24
trns1746|KvdCjPRU|accn1746|personal cheque|271|2022-03-24
trns1747|rnBhUbpl|accn1747|personal cheque|3924|2022-03-24
trns1748|IfjkMniZ|accn1748|personal cheque|4576|2022-03-24
trns1749|ixEYHcjD|accn1749|personal cheque|4218|2022-03-24
trns1750|gRdICUTJ|accn1750|personal cheque|1749|2022-03-24
trns1751|flHJBEhs|accn1751|personal cheque|4599|2022-03-24
trns1752|sMYhMGOM|accn1752|personal cheque|9065|2022-03-24
trns1753|LGiZUotZ|accn1753|personal cheque|3242|2022-03-24
trns1754|iDZgRkxG|accn1754|bearer cheque|1273|2022-03-24
trns1755|oepavQwI|accn1755|bearer cheque|1791|2022-03-24
trns1756|xHSxlkdD|accn1756|personal cheque|6541|2022-03-24
trns1757|zrZAcdIa|accn1757|personal cheque|4226|2022-03-24
trns1758|kZIAoKtc|accn1758|bearer cheque|8546|2022-03-24
trns1759|IrBEjyJY|accn1759|bearer cheque|8364|2022-03-24
trns1760|IWzXJjtS|accn1760|personal cheque|5317|2022-03-24
trns1761|IFUMNJZD|accn1761|bearer cheque|3080|2022-03-24
trns1762|TLZyPYga|accn1762|personal cheque|577|2022-03-24
trns1763|mEWWZiTA|accn1763|personal cheque|5922|2022-03-24
trns1764|RYhOuwqP|accn1764|personal cheque|6422|2022-03-24
trns1765|twDDVCfr|accn1765|bearer cheque|6153|2022-03-24
trns1766|TgQDYJQe|accn1766|bearer cheque|5377|2022-03-24
trns1767|zuDDHlge|accn1767|personal cheque|2021|2022-03-24
trns1768|dwAqjzEw|accn1768|personal cheque|5039|2022-03-24
trns1769|BeUgyLqB|accn1769|personal cheque|4022|2022-03-24
trns1770|sjHuTIcf|accn1770|bearer cheque|6997|2022-03-24
trns1771|hmrAiKfK|accn1771|personal cheque|2831|2022-03-24
trns1772|MxrHeXFb|accn1772|personal cheque|3189|2022-03-24
trns1773|nuxLVKid|accn1773|personal cheque|8473|2022-03-24
trns1774|HzwkCvaL|accn1774|bearer cheque|7155|2022-03-24
trns1775|DASZKjmV|accn1775|bearer cheque|7165|2022-03-24
trns1776|ghtdFlwI|accn1776|personal cheque|4532|2022-03-24
trns1777|KmaNEhHv|accn1777|personal cheque|3234|2022-03-24
trns1778|joupsNWG|accn1778|personal cheque|7729|2022-03-24
trns1779|KUGpWJgM|accn1779|bearer cheque|6679|2022-03-24
trns1780|dDiYBDMH|accn1780|bearer cheque|2789|2022-03-24
trns1781|VagpoMgQ|accn1781|personal cheque|324|2022-03-24
trns1782|MypPWkWG|accn1782|personal cheque|7975|2022-03-24
trns1783|SGFRtIsE|accn1783|personal cheque|9821|2022-03-24
trns1784|nTWudJCq|accn1784|bearer cheque|3985|2022-03-24
trns1785|iBFUOYXI|accn1785|personal cheque|1997|2022-03-24
trns1786|xGpUhUxL|accn1786|personal cheque|2590|2022-03-24
trns1787|fFuLZgOI|accn1787|personal cheque|4447|2022-03-24
trns1788|RvJwhbVB|accn1788|bearer cheque|7146|2022-03-24
trns1789|LBTASTXs|accn1789|bearer cheque|1824|2022-03-24
trns1790|BQDNhuGy|accn1790|personal cheque|7848|2022-03-24
trns1791|YJdTIiBQ|accn1791|personal cheque|4302|2022-03-24
trns1792|rxGMwrDb|accn1792|personal cheque|7612|2022-03-24
trns1793|DBOsHiwq|accn1793|bearer cheque|1136|2022-03-24
trns1794|eZnLPYZR|accn1794|bearer cheque|6497|2022-03-24
trns1795|FiXltFYn|accn1795|bearer cheque|8517|2022-03-24
trns1796|TFDyxaWE|accn1796|personal cheque|806|2022-03-24
trns1797|kNCQfUYK|accn1797|personal cheque|2627|2022-03-24
trns1798|DSzEekPp|accn1798|personal cheque|1830|2022-03-24
trns1799|rmBPKqlu|accn1799|bearer cheque|9926|2022-03-24
trns1800|kzCpVejp|accn1800|bearer cheque|7934|2022-03-24
trns1801|KvJDRejc|accn1801|bearer cheque|2708|2022-03-24
trns1802|vxwvUjSD|accn1802|bearer cheque|1582|2022-03-24
trns1803|XbXRVtVR|accn1803|bearer cheque|3431|2022-03-24
trns1804|zmQngrDR|accn1804|personal cheque|307|2022-03-24
trns1805|ZMEyBoYk|accn1805|personal cheque|1790|2022-03-24
trns1806|aRuXwjkc|accn1806|personal cheque|8869|2022-03-24
trns1807|mGSIKIXk|accn1807|personal cheque|5977|2022-03-24
trns1808|RDtHJbUf|accn1808|bearer cheque|1939|2022-03-24
trns1809|RIaihOJl|accn1809|personal cheque|1602|2022-03-24
trns1810|vmxXycRR|accn1810|bearer cheque|5859|2022-03-24
trns1811|JrFDvkxC|accn1811|bearer cheque|7169|2022-03-24
trns1812|QeGBhjey|accn1812|bearer cheque|8610|2022-03-24
trns1813|hVqvbSDL|accn1813|personal cheque|4049|2022-03-24
trns1814|bbBWYWnq|accn1814|bearer cheque|2633|2022-03-24
trns1815|aZYiyAKF|accn1815|personal cheque|1686|2022-03-24
trns1816|EwLoslmr|accn1816|bearer cheque|2154|2022-03-24
trns1817|mBSnJdVN|accn1817|bearer cheque|1300|2022-03-24
trns1818|vmiCghZz|accn1818|bearer cheque|5059|2022-03-24
trns1819|bUkpoUXq|accn1819|bearer cheque|7654|2022-03-24
trns1820|FHilDrdr|accn1820|bearer cheque|1231|2022-03-24
trns1821|TELwLQnO|accn1821|personal cheque|2715|2022-03-24
trns1822|xiVMrCJj|accn1822|bearer cheque|2182|2022-03-24
trns1823|iIefSGro|accn1823|bearer cheque|4829|2022-03-24
trns1824|lxsZYTOX|accn1824|personal cheque|6924|2022-03-24
trns1825|ZKKHwhdT|accn1825|personal cheque|3764|2022-03-24
trns1826|mLmWtsOd|accn1826|bearer cheque|7772|2022-03-24
trns1827|BZVWKYSO|accn1827|bearer cheque|534|2022-03-24
trns1828|qdOWLffn|accn1828|bearer cheque|6289|2022-03-24
trns1829|hWtslbWu|accn1829|bearer cheque|1628|2022-03-24
trns1830|EPiIhduF|accn1830|bearer cheque|9020|2022-03-24
trns1831|RuWJSRkD|accn1831|personal cheque|3036|2022-03-24
trns1832|FSERKDdZ|accn1832|bearer cheque|2940|2022-03-24
trns1833|gzaWUCNT|accn1833|bearer cheque|6106|2022-03-24
trns1834|JUjiyEmX|accn1834|personal cheque|8621|2022-03-24
trns1835|iWBGqmrE|accn1835|personal cheque|4323|2022-03-24
trns1836|HgWZsfOF|accn1836|personal cheque|6681|2022-03-24
trns1837|KvgdLJqC|accn1837|personal cheque|2228|2022-03-24
trns1838|KRczkRAd|accn1838|personal cheque|293|2022-03-24
trns1839|jzhNqlVp|accn1839|personal cheque|5932|2022-03-24
trns1840|nvCIycSI|accn1840|personal cheque|702|2022-03-24
trns1841|BNzMUhrv|accn1841|personal cheque|5340|2022-03-24
trns1842|CFKNVxqT|accn1842|bearer cheque|2017|2022-03-24
trns1843|hvVJMdHD|accn1843|personal cheque|1963|2022-03-24
trns1844|vjEnlmTA|accn1844|bearer cheque|8309|2022-03-24
trns1845|dyGKQVbq|accn1845|bearer cheque|3291|2022-03-24
trns1846|QXCitvxd|accn1846|bearer cheque|5359|2022-03-24
trns1847|XrkMEuLa|accn1847|bearer cheque|2173|2022-03-24
trns1848|TyGWDLXR|accn1848|bearer cheque|6451|2022-03-24
trns1849|JMgiyLsP|accn1849|personal cheque|1650|2022-03-24
trns1850|IEdyITtQ|accn1850|personal cheque|5701|2022-03-24
trns1851|lrUctRrJ|accn1851|bearer cheque|1644|2022-03-24
trns1852|YARhRikd|accn1852|bearer cheque|6490|2022-03-24
trns1853|hvCLFPkc|accn1853|personal cheque|5348|2022-03-24
trns1854|eTjcDXTG|accn1854|personal cheque|8374|2022-03-24
trns1855|CsjwpktB|accn1855|bearer cheque|8135|2022-03-24
trns1856|DeAIdpvY|accn1856|bearer cheque|4159|2022-03-24
trns1857|EOgDOlUm|accn1857|bearer cheque|4081|2022-03-24
trns1858|BmdysFSl|accn1858|bearer cheque|4869|2022-03-24
trns1859|WtrSEMCh|accn1859|bearer cheque|5760|2022-03-24
trns1860|RIWOyHJd|accn1860|personal cheque|6892|2022-03-24
trns1861|ubRtrubX|accn1861|personal cheque|6339|2022-03-24
trns1862|bgZrqoou|accn1862|bearer cheque|4055|2022-03-24
trns1863|YzchkaWi|accn1863|bearer cheque|7097|2022-03-24
trns1864|DJKNYNxV|accn1864|personal cheque|6941|2022-03-24
trns1865|ZYEyRtHi|accn1865|bearer cheque|530|2022-03-24
trns1866|ZiMvRSfG|accn1866|personal cheque|6366|2022-03-24
trns1867|eYEbmNbN|accn1867|personal cheque|6669|2022-03-24
trns1868|kKrPGMKF|accn1868|bearer cheque|4489|2022-03-24
trns1869|bOmfbTaS|accn1869|bearer cheque|2334|2022-03-24
trns1870|jakFIIRQ|accn1870|bearer cheque|6502|2022-03-24
trns1871|vNsErPTj|accn1871|bearer cheque|9335|2022-03-24
trns1872|AtueHRkk|accn1872|personal cheque|7384|2022-03-24
trns1873|IOPBACsB|accn1873|personal cheque|9963|2022-03-24
trns1874|dweqwTHp|accn1874|bearer cheque|4978|2022-03-24
trns1875|afnuCXgT|accn1875|personal cheque|1030|2022-03-24
trns1876|emTaBqyP|accn1876|personal cheque|4856|2022-03-24
trns1877|BaTeWnjM|accn1877|personal cheque|3574|2022-03-24
trns1878|CalVemeA|accn1878|bearer cheque|5510|2022-03-24
trns1879|wIzATmCZ|accn1879|bearer cheque|9988|2022-03-24
trns1880|TvwLoRSh|accn1880|bearer cheque|1619|2022-03-24
trns1881|bZoWThuI|accn1881|bearer cheque|1750|2022-03-24
trns1882|qthofJgA|accn1882|personal cheque|1643|2022-03-24
trns1883|FpbrgYty|accn1883|personal cheque|8681|2022-03-24
trns1884|VynoZDXU|accn1884|bearer cheque|5791|2022-03-24
trns1885|rApiCqwF|accn1885|bearer cheque|4520|2022-03-24
trns1886|MGSlzGqc|accn1886|bearer cheque|1159|2022-03-24
trns1887|UJAJdRZk|accn1887|personal cheque|6440|2022-03-24
trns1888|frSjKEct|accn1888|bearer cheque|9306|2022-03-24
trns1889|kIPCjdrR|accn1889|personal cheque|453|2022-03-24
trns1890|nxmGhgnS|accn1890|bearer cheque|6821|2022-03-24
trns1891|SvgCLGPj|accn1891|bearer cheque|7986|2022-03-24
trns1892|uYyiOewr|accn1892|bearer cheque|4785|2022-03-24
trns1893|nlfuzrdm|accn1893|bearer cheque|9042|2022-03-24
trns1894|MIdqTQnd|accn1894|personal cheque|3339|2022-03-24
trns1895|YZdXzenM|accn1895|bearer cheque|461|2022-03-24
trns1896|DtMqsIly|accn1896|personal cheque|4036|2022-03-24
trns1897|VwBDZwYu|accn1897|personal cheque|4500|2022-03-24
trns1898|yBjbpjcs|accn1898|personal cheque|4350|2022-03-24
trns1899|CgrYoaqe|accn1899|bearer cheque|3047|2022-03-24
trns1900|eMdLEzPu|accn1900|personal cheque|4231|2022-03-24
trns1901|onGVFjQu|accn1901|personal cheque|7851|2022-03-24
trns1902|PQVwZhqT|accn1902|bearer cheque|6805|2022-03-24
trns1903|aFUikKRh|accn1903|bearer cheque|957|2022-03-24
trns1904|SCELfXfJ|accn1904|personal cheque|1431|2022-03-24
trns1905|yjZSrZAJ|accn1905|personal cheque|9735|2022-03-24
trns1906|bBlhLfLq|accn1906|bearer cheque|7135|2022-03-24
trns1907|JgxxghXZ|accn1907|bearer cheque|5981|2022-03-24
trns1908|htMcCRwQ|accn1908|bearer cheque|9142|2022-03-24
trns1909|BRmiHIHj|accn1909|personal cheque|3225|2022-03-24
trns1910|PWfQhOEl|accn1910|bearer cheque|7215|2022-03-24
trns1911|oZjyfiQv|accn1911|bearer cheque|7725|2022-03-24
trns1912|NXxgldSG|accn1912|personal cheque|7778|2022-03-24
trns1913|uraIjHjL|accn1913|bearer cheque|7526|2022-03-24
trns1914|lczIkyCk|accn1914|personal cheque|8847|2022-03-24
trns1915|sMlNWotD|accn1915|personal cheque|1743|2022-03-24
trns1916|aZYJOAFX|accn1916|personal cheque|4942|2022-03-24
trns1917|GXXgrOZw|accn1917|bearer cheque|2661|2022-03-24
trns1918|PAlcJtUh|accn1918|bearer cheque|6684|2022-03-24
trns1919|iPcBFljv|accn1919|personal cheque|8043|2022-03-24
trns1920|LhcWYfPW|accn1920|bearer cheque|9462|2022-03-24
trns1921|viIESzlE|accn1921|bearer cheque|5631|2022-03-24
trns1922|HmhfEnBC|accn1922|personal cheque|8561|2022-03-24
trns1923|LzFBbLtT|accn1923|personal cheque|7336|2022-03-24
trns1924|KIYfMUTW|accn1924|bearer cheque|1520|2022-03-24
trns1925|nACXljiq|accn1925|bearer cheque|3652|2022-03-24
trns1926|coAwcUvr|accn1926|bearer cheque|7994|2022-03-24
trns1927|yhiSWUrI|accn1927|personal cheque|3313|2022-03-24
trns1928|OLUDUQwC|accn1928|bearer cheque|4302|2022-03-24
trns1929|qynluPVh|accn1929|personal cheque|1458|2022-03-24
trns1930|GkHXwYFo|accn1930|personal cheque|7957|2022-03-24
trns1931|UfFdOool|accn1931|bearer cheque|1262|2022-03-24
trns1932|YQTtnQVl|accn1932|personal cheque|2662|2022-03-24
trns1933|FoiuNFuY|accn1933|bearer cheque|6484|2022-03-24
trns1934|aFwfgSlL|accn1934|personal cheque|8573|2022-03-24
trns1935|FpJrjvIz|accn1935|bearer cheque|3360|2022-03-24
trns1936|ZkmsvSbN|accn1936|personal cheque|2970|2022-03-24
trns1937|FrWxgXpX|accn1937|personal cheque|5112|2022-03-24
trns1938|BYitoHkv|accn1938|personal cheque|7909|2022-03-24
trns1939|UsWsjEAo|accn1939|bearer cheque|79|2022-03-24
trns1940|DnsydVzw|accn1940|bearer cheque|1760|2022-03-24
trns1941|hYTlATbZ|accn1941|bearer cheque|6524|2022-03-24
trns1942|RQTHaxvN|accn1942|personal cheque|8341|2022-03-24
trns1943|GEFRfXpB|accn1943|bearer cheque|8292|2022-03-24
trns1944|PlcrAoes|accn1944|personal cheque|1530|2022-03-24
trns1945|oiehFJSV|accn1945|personal cheque|4714|2022-03-24
trns1946|OnVVpaUi|accn1946|personal cheque|6995|2022-03-24
trns1947|KiXgoJFl|accn1947|personal cheque|5350|2022-03-24
trns1948|VhqOuczo|accn1948|personal cheque|2907|2022-03-24
trns1949|uxdhFmjo|accn1949|bearer cheque|7737|2022-03-24
trns1950|XFymQqIg|accn1950|bearer cheque|1779|2022-03-24
trns1951|SEmnozXp|accn1951|personal cheque|7658|2022-03-24
trns1952|ZMZLGZZN|accn1952|personal cheque|697|2022-03-24
trns1953|qryGzlWz|accn1953|personal cheque|5404|2022-03-24
trns1954|YySFfEnb|accn1954|personal cheque|3404|2022-03-24
trns1955|sXklyrQN|accn1955|personal cheque|6674|2022-03-24
trns1956|MrckbsVx|accn1956|bearer cheque|4842|2022-03-24
trns1957|doDXUQph|accn1957|bearer cheque|667|2022-03-24
trns1958|jThSEdjf|accn1958|personal cheque|8910|2022-03-24
trns1959|LucSGVAN|accn1959|bearer cheque|1772|2022-03-24
trns1960|QkycnfvN|accn1960|bearer cheque|1306|2022-03-24
trns1961|OvAAOsgp|accn1961|bearer cheque|3655|2022-03-24
trns1962|LpfTSlWG|accn1962|bearer cheque|8874|2022-03-24
trns1963|tPgnnVQm|accn1963|bearer cheque|172|2022-03-24
trns1964|KqKEdldc|accn1964|bearer cheque|1074|2022-03-24
trns1965|FVlQgJet|accn1965|personal cheque|8407|2022-03-24
trns1966|PsCHCtlE|accn1966|personal cheque|6211|2022-03-24
trns1967|bsESeLNb|accn1967|personal cheque|8646|2022-03-24
trns1968|mxcQLhlu|accn1968|bearer cheque|7755|2022-03-24
trns1969|yzxmJLhz|accn1969|personal cheque|2816|2022-03-24
trns1970|YsTOTtDm|accn1970|bearer cheque|3344|2022-03-24
trns1971|WNifGRIv|accn1971|personal cheque|4711|2022-03-24
trns1972|swBkmMEh|accn1972|personal cheque|4718|2022-03-24
trns1973|opYFayTO|accn1973|bearer cheque|3985|2022-03-24
trns1974|aMjWPpyt|accn1974|personal cheque|2549|2022-03-24
trns1975|baSyybqa|accn1975|personal cheque|9490|2022-03-24
trns1976|HSKpDFHR|accn1976|bearer cheque|9796|2022-03-24
trns1977|mpgeyuAq|accn1977|personal cheque|2229|2022-03-24
trns1978|lIHLsxrA|accn1978|bearer cheque|7007|2022-03-24
trns1979|hIuRotxu|accn1979|bearer cheque|6031|2022-03-24
trns1980|BZZJAXHh|accn1980|bearer cheque|6064|2022-03-24
trns1981|GOXUeFlU|accn1981|personal cheque|5819|2022-03-24
trns1982|zibtjMao|accn1982|bearer cheque|615|2022-03-24
trns1983|vMBOTqfC|accn1983|bearer cheque|9637|2022-03-24
trns1984|IzNMYGWB|accn1984|bearer cheque|6370|2022-03-24
trns1985|SujwpLJz|accn1985|bearer cheque|7927|2022-03-24
trns1986|pZswSJWU|accn1986|bearer cheque|4581|2022-03-24
trns1987|YUFYFjIB|accn1987|personal cheque|5511|2022-03-24
trns1988|WeoFpQyE|accn1988|personal cheque|7889|2022-03-24
trns1989|oUDMqHaq|accn1989|bearer cheque|6521|2022-03-24
trns1990|OuouvsVi|accn1990|bearer cheque|9374|2022-03-24
trns1991|OhvUoXIu|accn1991|bearer cheque|2944|2022-03-24
trns1992|foKVSkvm|accn1992|personal cheque|8686|2022-03-24
trns1993|qjnwNpGR|accn1993|personal cheque|1085|2022-03-24
trns1994|vgmBnKFU|accn1994|personal cheque|1688|2022-03-24
trns1995|fgeCjeXO|accn1995|personal cheque|9964|2022-03-24
trns1996|NGPzTAqW|accn1996|personal cheque|7368|2022-03-24
trns1997|XZyNUnsA|accn1997|personal cheque|8789|2022-03-24
trns1998|DcvTapGQ|accn1998|bearer cheque|7247|2022-03-24
trns1999|FGXXydYl|accn1999|bearer cheque|6098|2022-03-24
trns2000|hRXhTnzO|accn2000|personal cheque|1914|2022-03-24
